theme	top_25_tweets
GreenEnergySupportsCommunities	Birds need your help. Join Audubon as we fight to stop massive giveaway of public lands in Alaska that are home to three national parks and five wildlife refuges. We need to preserve traditional land uses and conserve wildlife habitat, not destroy it.
BellbrookWokeRadicals	The plan for a government-takeover of Maine’s power grid would cost $13.5 billion. That’s more than $17,000 in debt for average customer. What do you think of the plan? Take our poll: https://bit.ly/31N2eg2. 
ClimateChangeMovements	What happens when academics lose objectivity over climate change science?
ClimateChangeMovements	California Department of Water Resources Drought Manager, Jeanine Jones, answers questions on recent storm.
AbandonedWells	Question 1 gives politicians the power to create retroactive laws and sets a dangerous precedent for Maine.
RestoreVirginia	Support an organization making a tangible, lasting impact on world hunger: Last year Mercy Corps reached over 3.7 million people through our food security work that goes far beyond handing out food. Mercy Corps works to resolve underlying causes of hunger, from environmental disaster to the economic crisis caused by COVID-19. Support our work alongside people across the world—donate now.
BuildBackBetterActPassed	Take it from the President of Duke Energy: diverse energy sources are critical to keeping Indiana running. Vermillion County has the opportunity to play a critical role in Indiana’s clean energy future.
OilAndGasSupportJobs	Meet Owen! Thanks to the Friends of Coal Scholarship, he has been able to continue his Mining Engineering degree at the University of Kentucky. This scholarship is made possible because of the Friends of Coal license plate. Show these students and their families your support by purchasing a license plate today!
GoBold	Heavy Duty Hydrogen: Hyundai is aiming to put hydrogen fuel cell powered heavy duty trucks on US roads before the end of 2021. These zero emission trucks were part of a trial in Switzerland & have an estimated total range of about 250 miles. Learn more - https://www.motorauthority.com/news/1132404_hyundai-hydrogen-electric-semi-to-hit-us-roads-in-2021. 
GreenEnergyCreatesJobs	"⚡Commercial operations have begun at EDP Renewables North America’s (EDPR NA) 104-megawatt (MW) Crossing Trails Wind Farm, the first of eight new renewable energy projects announced in Tri-State’s Responsible Energy Plan. The project is Tri-State’s fifth wind project.  Learn more here: https://tristate.coop/crossing-trails-wind-farm-achieves-commercial-operation
 
💨Tri-State receives all of the power from the wind farm, which is located 20 miles south of Seibert, Colo., within Kit Carson and Cheyenne counties and the service territory of Tri-State member K.C. Electric Association.
 
💨Crossing Trails consists of 20 Vestas V150 4.3 MW and five Vestas V136 3.6 MW wind turbines, and will produce enough electricity to annually power the equivalent of approximately 45,000 average homes.
 
💨With blades stretching more than 240 feet, the 4.3 MW wind turbines are among the largest and most advanced turbines installed in Colorado to-date, and boast increased efficiency and cost-effectiveness.
 
💨Various components of these wind turbines were constructed at Vestas facilities and within Tri-State member cooperatives’ service territories, including Poudre Valley REA, United Power, and San Isabel Electric Association.

Duane D. Highley. "
RestoreVirginia	How to talk to kids about climate change.
ClimateChangeMovements	It's the problem that won't go away. Over the last 10 years, the lesser prairie chicken has been the subject of controversy and litigation. The oil and natural gas industry has willingly enrolled in conservation measures to minimize the impact of exploration and development on the land lesser prairie chickens call home. $60 million later... those efforts STILL aren't good enough for far-left environmental activists who are actively trying to stop production of oil and gas. We remain willing to work with the U.S. Fish and Wildlife Service to minimize negative impacts on oil and natural gas developments while still protecting the efforts to increase prairie chicken populations.
NuclearPowerEconomicBenefits	"""Supporters of fossil fuel powered plants are pushing for a system of offsets in which the facilities could close their carbon-emissions gap by, for example, planting trees. But no other state with a 100% zero carbon requirement allows offsets in the power sector. The offsets have a spotty record of long-term enforcement and may not last over time. Some of the trees destroyed in California fires, for example, were planted as offsets."". "
ClimateChangeDonations	As extreme weather picks up this summer, Americans across the country can depend on #natgas to provide a reliable source of #energy for hot showers and warm meals. Watch below ⬇. 
OilAndGasSupportJobs	"“If this is the sunset time for oil and gas, someone forgot to tell consumers."" Read what experts say about demand for refined products:. "
GoBold	NEW POLLING shows a majority of voters in key swing districts believe we need additional action beyond the Bipartisan Infrastructure Deal to address climate change and reduce pollution.
AbandonedWells	Oil Search switched its plans for the Pikka development to a phased approach, which it believes will ultimately allow for increased production at a reduced cost.
RenewableEnergyPromotionAndGrowth	"The U.S. became the world’s No. 1 exporter of liquefied natural gas for the first time ever last month, as deliveries surged to energy-starved Europe.

https://www.bloomberg.com/news/articles/2022-01-04/u-s-lng-exports-top-rivals-for-first-time-on-shale-revolution. "
ClimateChangeMovements	Celebrate community power by thanking your electric co-op in the comments below!
AbandonedWells	Some Lawmakers are proposing expansion of video gaming terminals or VGTs to gas stations, convenience stores and pizza parlors. They are impossible to regulate and unsafe for our kids and communities.
RenewableEnergyPromotionAndGrowth	Did you know that heavy transport like ships & trucks are harder to electrify than cars? The good news is zero-carbon fuels like hydrogen and ammonia can do the job instead.
ClimateChangeMovements	"New regulation was recently passed, by the Arizona Corporation Commission, limiting access to solar!

While this is unwelcome news for SunSolar Solutions, and homeowners, there’s still time for most Arizona homeowners to receive their solar estimates, without any hassle!

Unfortunately, information has not yet been released to the public regarding how close 85383 is to reaching its limit, and it could be reached at any time.
 
So don’t miss out! Join over 7,000 of your neighbors that have requested estimates, from SunSolar Solutions, by clicking “Get Quote” today!"
ClimateChangeMovements	"House Federal Democrats gave quorum busting Texas House Democrat Caucus members, a ""hearing"" in the House Oversite Committee on SB 1. Did anyone else find this ironic at best, to have a Texas Voter Intergrity bill debated in DC by a bunch of House Democrats that walked off the Job back in Texas! Fortunately, former Texas Senator Pat Fallon, who sat next to me on the Senate Floor was one of the committee members and see him use the information supplied by multiple Senate offices to set the record straight from statements made at this ""show"" Hearing.  (bit.ly/3zRYyoN)

Congressman Fallon, pointed out rightly that Harris County used 9/10 drive thru locations in or very near super majority minority area Commissioner Pct 1 - Rodney Ellis.

Pat mentioned the local vote count of drive thru voting and was about to get to the hard error rate of 1.5%, or 1884 votes using the complaint filed at the Texas SOS of more voters than names on the County Voter Roster.

He was interrupted by Rep Thompson's very long response to a simple question after she had earlier made a ""diatribe"" about paying a poll tax in her youth in the 1960's. She did to a Democrat Tax Assessor Collector that was my elected predecessor as I was the first County Republican elected to that job since Reconstruction in 1998!

Congressman Fallon, in a not to be missed exchange, describes himself as person of color, ""pinkish"", and their exchange is pretty Humorous! LOL. So watch and see how poorly the Texas Democrats fared regardless of what the National Media ""reported""... 

And Per Congressman Fallon Texas House Democrats, and specifically their membership of color, have 10 of 34 committee chairmanship and that fact is never mentioned by the National media. Regardless of what anyone looks like, if you do not show up to work then you shouldn't have the job. Texans expect that from all their elected representatives."
ClimateChangeMovements	"It’s World Green Building Week, a campaign to accelerate sustainable, energy efficient buildings. 

The industry is dedicated to providing building materials that will help mitigate climate change. #BuildingResilience 

Learn more: shapedbycocncrete.com."
OilAndGasBoostEconomy	"""The caucus’s core principles around climate change are clear and accessible: It’s real. It’s global. Economic freedom is the answer. And an 'all of the above' energy approach rooted in free enterprise is better than an “everything but fossil fuel” policy."" -- C3 Solutions Co-Founder John Hart. "
AbandonedWells	"Ever wonder what's actually in hydraulic fracturing fluid, aka ""fracking"" fluid? There is nothing scary or secret about it! As Franklin Well Services technical manager Jerry Robinson demonstrates in this IPRB educational video, Illinois Basin frac fluid is at least 99 percent water and sand, with the remaining one percent or less composed of harmless additives, most prominently guar beans (most commonly used in ice cream) and borax (soap)."
RightWingCampaigns	Ned Lamont wants to continue his Emergency Power and his reign as king. Sign the petition today to stop him! >>. 
CleanEnergyPromotion	As part of our #ResponsibleEnergyPlan announced in January 2020, our clean energy transition also includes lowering our wholesale rates. Today, we announced an immediate 2% wholesale rate decrease for our utility members, with another 2% wholesale rate decrease in 2022. The wholesale rate decrease was included as part of our processes with our rate regulator, the Federal Energy Regulatory Commission, and requires its approval. Read more at https://tristate.coop/tri-state-reduce-wholesale-rates-ferc-settlement. 
ClimateChangeMovements	#GasLeaks strike a nasty blow again. An elderly couple was badly injured in Cleveland, Ohio from a natural gas explosion. https://youtu.be/C-e3TI-KCF0. 
GreenEnergyIsCostEffective	Electric pumps move fluid through pipelines with no greenhouse gas emissions. Sensors monitor for 24/7 safe operation.
VirginiaConservatives	As a drought exacerbated by climate change continues to inhale rivers, lakes and groundwater aquifers here in the West, the issue of environmental contamination will become ever more conspicuous.
BellbrookWokeRadicals	"Biden’s First 100 Days?!? By Saul Anuzis  May 23, 2021 

For all my liberal, Trump hating friends and family:

Just look what has happened in the past 100 days.

For those who voted for this jackass... are you feeling any buyer’s remorse yet? Is dealing with this really better than dealing with President Trump who may put up a tweet that hurts your feelings, but actually ran our country properly? 

So.....Russia is massing troops on the border with Ukraine. Ukraine is threatening to take Crimea back by force. China is threatening Taiwan and its neighbors while also threatening our ships and Navy. N Korea is testing missiles again and restarting their nuclear weapons program. Iran has been emboldened and is making more than their normal threats. 

 Our southern border is a humanitarian disaster caused directly by this administration, and the administration that promised transparency is hiding it and not letting the media have access. Ford is closing a plant and moving it to Mexico after just bringing it back from Mexico because of the current Administration’s plan for increased taxes.

Price of steel up 145% 
Lumber 126%
Wheat up 25% 
Food index up 25% 
Cotton 35% 
Silver 38% 
Copper 50% 
Soybeans 71% 
Oil 80%
 
Pipeline jobs lost
Wall construction jobs lost

1.9 trillion in stimulus that funds the administrations pet projects and only paid a fraction to the people. 
29 trillion in debt with 4.8 trillion projected 2021 deficit before the 2 trillion dollar stimulus proposed today for the new green deal. 

9+% unemployment with millions of job openings that can’t be filled because federal unemployment assistance makes it more advantageous for people to stay home than work.
  
All in the first 70 days. The current president is a disaster! Hold on tight, the next 4 years are going to be a rough ride. All I'm saying is...you Biden supporters aren’t posting very much about the great things he’s doing.

-Saul Anuzis

Do you miss him yet? Democrats who have finally had enough can leave the party that has left them and join the party working 24/7 to Make America Great Again! Dems can make the switch at their Supervisor of Elections Office or online at the State of Florida website https://registertovoteflorida.gov/home. "
ClimateChangeMovements	"On July 18, one of our drivers reported #oiltheft at Reddi Rooster in Stamford, CT, where this Buffalo Biodiesel vat had been broken into and robbed, one of two oil thefts reported in Stamford that same day. Buffalo Biodiesel recycles the used cooking oil to make environmentally sustainable biofuel—instead, it’s being targeted by interstate organized crime. Please report any relevant information to Stamford Police Department CT and help us stop these criminals. 
News 12 Connecticut  NBC Connecticut  WFSB - Channel 3 Eyewitness News  Stamford Advocate  Stamford Patch  Daily Voice Gold Coast  The News-Times. "
RenewableEnergyPromotionAndGrowth	Deck the halls with lots of holiday lights – and lots and lots of clean, kWh wind energy to keep them bright! Happy Holidays from Apex Ohio!
BellbrookWokeRadicals	"The left is currently trying to enact legislation that would make Washington D.C. a state. This would give them two Senators as well as votes in the electoral college. With D.C. being almost 100% liberal, this would not be good for the Republican Party. 

Is the left allowed to do this? NO! What Democrats are trying to do is UNCONSTITUTIONAL. They are trying to do anything in their power to make sure that Republicans NEVER have control again. DONATE to the North Carolina Republican Party TODAY and you can help put a stop to D.C. statehood! #NCGOP #Republican ⬇️ ⬇️ ⬇️. "
CallToActionAgainstOilAndGasIndustries	🇺🇸🇮🇱 Drilling Now for Israel's Energy Independence. Inspired by Scripture (Gen 45 & Deut 33) and Informed by Science. 
OilAndGasBoostEconomy	"A handful of politicians want to spend $13.5 billion to take over Maine's power grid, putting costs and reliability in the hands of government. 

Find out more: www.maineaffordableenergy.org. "
VirginiaConservatives	"Nobody knows your community better than you, so make sure your voice is heard as we work to create fair representation for all Virginians! 🗣

Get involved in the redistricting process and advocate for your community. Now that the people have the power, every Virginian can be a part of the process by drawing their own community map. 

Learn more & draw your map here  >> https://www.onevirginia2021foundation.org/community-mapping. "
CarbonEmissionReduction	"The Coca-Cola Company is committed to creating more sustainable communities. Our climate goals recognize we must do our part to reduce our carbon output and build resilience in the communities in which we operate. Packaging initiatives, like the Universal Bottle, bring us closer to the circular economy we aspire to see. 

Learn more about the steps we are taking to create a #WorldWithoutWaste: cokeurl.com/kjamrx. "
RenewableEnergyPromotionAndGrowth	"The Coca-Cola Company is unveiling our first-ever beverage bottle made from 100% plant-based plastic, excluding the cap and label, made using technologies that are ready to be commercially scaled. 

As part of our #WorldWithoutWaste vision, Coca-Cola is decarbonizing our packaging by including more recycled and renewable content while creating a circular economy for our packaging so that it gets collected and recycled. This innovation supports the World Without Waste vision, specifically the recently announced target to use 3 million fewer tons of virgin plastic from oil-based sources by 2025. A limited run of approximately 900 of the prototype plant-based bottles have been produced.

Read the full story here: cokeurl.com/sbk5c8. "
BuildBackBetterActCampaign	"Liberals want Washington D.C. to become a state so they can gain more power and control.

Sign your name if you agree!"
NuclearEnergyProvidesTaxRevenue	"WATCH: Check out this interview with Katie Tubb, a senior policy analyst for energy and environmental issues in the Thomas A. Roe Institute for Economic Policy Studies at The Heritage Foundation. 

Katie researches and writes on subjects such as nuclear energy, climate change policies, and the benefits of free market environmentalism.
This is our fourth interview in a series for National Nuclear Science Week!"
ClimateChangeMovements	"What do women of color need to succeed as they step into positions of power? 

Our very own ED Karundi Williams talks with Poder NC Action's Irene Godinez and West Virginia Danielle about what it's like to be the first BIPOC women in their positions.

https://forgeorganizing.org/article/being-first. "
BellbrookWokeRadicals	Even when we are mandated to do something because of “the science,” or when we experience a tidal wave of public opinion in favor of some scientific consensus, just a little bit of knowledge of the issue will help us to respond appropriately. For instance, knowing how viruses and other disease-causing organisms are transmitted from person to person helps one decide when wearing a mask is most appropriate and when it will not make one bit of difference. Understanding weather systems helps one know if the latest natural disaster has historical precedent or might be the new climate change normal. But like real science, this takes work.
VirginiaConservatives	"“Angel at my table”
Look at this painting.
This painting captures the essence of why the VOTE NO movement fought so hard to protect our communities greatest asset, our Senior citizens.

Jim Renacci will protect our Senior citizens if elected Ohio’s next Governor.

Jim listened and implemented into his platform, what the supporters of the VOTE NO movement were trying to protect. 

If elected he will stop 🛑 all personal property taxes on all Senior citizens in Ohio!

I am asking every VOTE NO supporter to help elect Jim our next Governor.

""An Angel At My Table"" 
(portrait of artist's mother)
Miriam Escofet(b.1967,Barcelona)
Oil on linen over panel, 100 x 70 cm. "
AbandonedWells	It doesn't matter who owns the oil well. How will you make sure it is cleaned up?
NuclearEnergyProvidesTaxRevenue	The #natgas industry has proven time and time again how we come together, work hard, innovate and get things done. Hear more from AGA CEO Karen Harbert and AGA Chair and NW Natural CEO David Anderson on how America’s natural gas utilities will continue to play an important role in the nation’s energy mix via POWER magazine:. 
ClimateChangeMovements	Join CBWPA on March 20 from 12-2 as we come together with Black women’s  organizations to network and get active together! We welcome Dr. Clenora Hudson-Weems who will discuss Africana Womanism and how we use our collective power to force change in our communities! Wear your big hat!
DemandClimateActionFromLeaders	"The White House needs to stop abusing its power and working with social media companies like Facebook to censor Republicans. 

Our First Amendment protects all Americans’ right to free speech without government intervention. Americans deserve to know what the executive branch is doing with these companies.

Read the letter below from myself and my Republican colleagues on the House Oversight and Reform Committee to the U.S. Surgeon General requesting all documented communication between their office and companies like Facebook and Twitter."
CallToActionAgainstOilAndGasIndustries	Democrats are worried about the 2022 elections, and they should be.  A recent poll shows 46% of voters say they would vote for a Republican congressional candidate over a Democrat.  People have had enough of the wasteful government spending, out of control illegal immigration, and the drastic increase in food and gas prices.  Let's flip the House RED in 2022.  Please donate to support my campaign!
RightWingCampaigns	"TPUSA LIVE is the unfiltered, grassroots alternative to mainstream media. Watch daily shows, live in-studio content from TPUSA HQ and weekly shows covering politics, pop-culture, sports and everything in-between. Tune in every weekday starting at 5 PM ET / 2 PM PT.

Check out today’s show! 

Human Events Daily host Jack Posobiec has never-before-seen footage from the Kyle Rittenhouse shooting, gives an update on the Taliban, NYC firefighters & more!

The TPUSA LIVE team is joined by host, Jon Root, and special guests Isabel Brown, Rachelle Hernandez, & Congresswoman Lauren Boebert who will talk about the 2nd Amendment, the border, Colin Kaepernick & more!

RELOADED host Paige Roux covers all things rifles and watch Breakaway with Jon Root as he sits down with Super Bowl Champion, Steve Weatherford. 

We will wrap up the show with POPlitics with Alex Clark as she dives into Kim Kardashian & Pete Davidson, Melania's fashion breakdown & Hot Take Tuesday."
CelebrateBuildBackBetter	Thank Senators Stabenow and Peters for fighting for farm families and a healthier environment for birds and people. The Growing Climate Solutions Act is the first step toward raising farmer income while reducing carbon emissions. Sign up today to show your support!
GreenEnergyCapacity	"“SunZia is one of several big transmission lines geared to open renewables development in the Desert Southwest to help bring power to markets farther west. With a capacity of 3,000 megawatts, SunZia would be a critical link for Pattern Energy's 2,200-megawatt Corona Wind development, a suite of projects approved by New Mexico regulators in 2018.”

Read more about SunZia and transmission in New Mexico. Link in Bio."
ClimateChangeDonations	"""After the Russian action concerning gas, the creators and advocates of this Fit for 55 have, to put it mildly, made themselves look ridiculous. Energy prices have hit many EU countries with such force that their citizens simply will not agree to raise them further in the name of some unproven theories,"" he said."
ClimateChangeMovements	Have you had to pay more for gas, groceries, or other essential goods and services due to inflation?
ClimateChangeMovements	"⚠️ 𝐒𝐨𝐫𝐫𝐲 𝐭𝐨 𝐬𝐭𝐨𝐩 𝐲𝐨𝐮𝐫 𝐬𝐜𝐫𝐨𝐥𝐥𝐢𝐧𝐠 – 𝐭𝐡𝐢𝐬 𝐢𝐬 𝐚𝐧 𝐞𝐦𝐞𝐫𝐠𝐞𝐧𝐜𝐲. ⚠️

From hurricanes to heat waves, the climate crisis is upon us – and if we don’t act NOW, our future is on the line. 

That’s why, right now, a generous donor is DOUBLING all donations to fight climate change up to our $25,000 goal – so your gift will go TWICE AS FAR to protect the earth for generations to come. 

𝐆𝐢𝐯𝐞 𝐍𝐎𝐖 𝐚𝐧𝐝 𝐡𝐞𝐥𝐩 𝐮𝐬 𝐬𝐚𝐯𝐞 𝐨𝐮𝐫 𝐜𝐥𝐢𝐦𝐚𝐭𝐞 𝐛𝐞𝐟𝐨𝐫𝐞 𝐢𝐭’𝐬 𝐭𝐨𝐨 𝐥𝐚𝐭𝐞:. "
ClimateChangeMovements	Celebrating the opening of our new #renewablenaturalgas (RNG) fueling station in #Menifee. In CA, as #RNG usage continues to increase, it is important to provide drivers & fleet operators more locations to fuel up. RNG is an affordable way to eliminate air pollution and emissions linked to climate change - link in bio.
AntiFossilFuelInfrastructure	Why should Democrats support Emergency Powers Reform? For the same reason Republicans and everyone else should. What you need to know is in this quick video! #EmergencyPowers. 
RestoreVirginia	Christopher Columbus, the most famous explorer in history, was once a celebrated hero. Now, many consider him a villain, a despoiler of paradise. So which version of Columbus is true?
OilAndGasTaxesBad	"First, DC liberals spent trillions of our dollars. Now, Americans are facing record inflation and are paying more for gas and groceries. Their plan now: Nancy Pelosi and her liberal allies are pushing for new tax hikes and another socialist healthcare plan.
 
Click below and sign up to tell Kim Schrier enough is enough."
BuildBackBetterActCampaign	More than 450 scientists are calling on major advertising and PR firms to stop the spread of climate change misinformation.
LawmakersAndOilAndGas	"The White House needs to stop abusing its power and working with social media companies like Facebook to censor Republicans. 

Our First Amendment protects all Americans’ right to free speech without government intervention. Americans deserve to know what the executive branch is doing with these companies.

Read the letter below from myself and my Republican colleagues on the House Oversight and Reform Committee to the U.S. Surgeon General requesting all documented communication between their office and companies like Facebook and Twitter."
GreenEnergyCreatesJobs	Take it from the President of Duke Energy: diverse energy sources are critical to keeping Indiana running. Vermillion County has the opportunity to play a critical role in Indiana’s clean energy future.
PublicLandExploitation	🤯 $36 billion | The est. total cost to taxpayers and consumers of subsidies going to renewable energy operators in Texas from 2006 to 2029.
OilAndGasBoostEconomy	"Last month, SoCalGas received the 2021 NGV America Achievement Award in the Utility Leadership category.

This award recognizes outstanding contributions to the advancement of natural gas as a transportation fuel.

We are proud of our team for their work in helping reduce emissions from the transportation sector.

Read More: https://bit.ly/3nr3v3e. "
GreenEnergyCreatesJobs	With winter on the horizon, are you prepared? Schedule a Quick Home Energy Check-up and ensure your heating system is running efficiently and doors and windows are sealed properly, to lower your energy bills. Sign up at bgesmartenergy.com/QHEC.
BellbrookWokeRadicals	Have you had to pay more for gas, groceries, or other essential goods and services due to inflation?
BellbrookWokeRadicals	"Dems call everyone racist except themselves.  Looks like it's more about maintaining their power than equity.

https://www.youtube.com/watch?v=L__co5jX3WU&ab_channel=GlennYoungkin. "
GoBold	"𝐀𝐂𝐓𝐈𝐎𝐍 𝐑𝐄𝐐𝐔𝐄𝐒𝐓𝐄𝐃: 𝐖𝐢𝐥𝐥 𝐲𝐨𝐮 𝐬𝐢𝐠𝐧 𝐨𝐮𝐫 𝐩𝐞𝐭𝐢𝐭𝐢𝐨𝐧 𝐭𝐨 𝐩𝐫𝐨𝐭𝐞𝐜𝐭 𝐰𝐡𝐚𝐥𝐞𝐬?
 
Plastic debris kills more than 100,000 marine mammals like whales each year — and 99% of plastic production is powered by the fossil fuel industry. We’re calling for immediate action to demand the plastic and fossil fuel industries stop putting profits before the health of our oceans and the wildlife and communities that rely on them, but we still need 2,160 more people to sign our petition before midnight. Please add your name >>. "
CelebrateBuildBackBetter	"""Climate change is not just a future to contend with. It is an immediate reality that is shaping major life decisions for Maine people from all walks of life,"" said Josh Caldwell with Natural Resources Council of Maine

That's why we need to #BuildBackBetter and pass bold climate solutions! https://bit.ly/30gDxHY. "
ClimateChangeMovements	"""STORYTELLING""
Meredith Brinegar has crafted a fine-tuned, well-run campaign for Bellbrook City Council, but it's a STORY of Fiction.

Brinegar's campaign is designed to deceive/hide from the Voters of her ""Woke Progressive"" agenda and gloss over her past FB postings attacking anyone who was against the School ley.

Meredith is not like you and me.
She is not so nice, as the video propaganda narrative leads you to believe. 

Her media experts are ""spinning a tall tale,"" trying to get you to believe this Video work of fiction they are selling.

It's like the ""snake oil salesman"" has come to Bellbrook, selling a product to the uninformed and gullible. 

The problem is, the fine citizens of Bellbrook are neither uninformed nor gullible. They see through this finely crafted campaign of smoke and mirrors.

She is different. She thinks differently. 
She has values different than the majority of the Bellbrook Community. 

Brinegar is a die-hard WOKE Progressive, whose goal is to implement her socialist values and worldview through the power of the office she seeks.

Look at who she is supporting and who supports her.  Kim McCarthy, Josh Pressnell, Sara Williamson all part of the PROGRESSIVE Group seeking to change our community.

Meredith Brinegar is one of the main leaders of these progressive socialists. Do not let her slick ""pony-show"" fool you.

Attached is her ""soft-sell"" Socialist Progressive FB page, she set up. Meredith Brinegar wants to change Bellbrook and she will do it through the power of the office she seeks.

DO NOT GIVE her the power over your family and our community.

There are far better choices.

Vote for ""Katherine Cyphers"" and ""Forest Greenwood"" for Bellbrook City Council."
VirginiaConservatives	"During a major outage, the Schofield Generating Station will be able to power up our microgrid consisting of three U.S. Army installations in Central Oahu. That’s what a joint exercise with the U.S. Army determined last week – just in time for hurricane season.

The inaugural test of the Schofield Generating Station’s microgrid capabilities affirmed that if power is lost at Schofield Barracks, Wheeler Army Airfield and Field Station Kunia – all critical lifelines during an emergency – the three installations can be islanded and powered with 100% renewable energy from the Schofield-based power plant. The Hawaiian Electric-U.S. Army effort helps advance energy resilience and security for the Army. Learn more: http://hwnelec.co/bsFv50F4X3e.

Photos courtesy of U.S. Army Garrison Hawaii. "
OilAndGasSupportJobs	The Illinois Petroleum Resources Board (IPRB) provides public outreach and educational materials to increase awareness about the importance of the Illinois oil production industry and oil and natural gas to everyday life. Check out our latest newsletter for a roundup of our efforts in 2021!
GreenEnergyCreatesJobs	"🚲Thinking about buying an electric bike? The features and benefits they provide make them an enticing option for college students, local commuters, and anyone who wants exercise while getting from point A to B. Not to mention it’s a cost-effective and eco-friendly solution to fossil fuel-powered vehicles. Lean more here: https://www.tristate.coop/7-great-benefits-electric-bikes
#MotivationMonday #ElectricBikes #EBikes. "
DemandClimateActionFromLeaders	"President Joe Biden has said it himself: He doesn’t want to ban fracking. That’s just one of many misguided statements he’s made around climate, and we’ve got receipts of them all. ⬇️ 

We’ll keep holding his administration accountable to provide REAL climate leadership, not just false promises! https://fwwat.ch/3AEI5p2. "
VirginiaConservatives	We’re building toward a future where all people in Arizona have the power, resources, and support we need to get abortion care! We need you to join the fight today - add your name!
GreenEnergyCreatesJobs	Renewable resources not only help reduce climate change, but also provide a brighter future for generations to come. We believe that by taking care of Unci' Maka (Grandmother Earth) she will take care of our children and the generations to come.
BellbrookWokeRadicals	Being a Friend of Coal shows your love for Kentucky. We’re a volunteer organization dedicated to informing and educating you about the coal industry and its vital role in our state’s future.
GoBold	Increasing greenhouse gases are the LEADING CAUSE OF GLACIAL RETREAT over the past 50 years. Replacing single-pane windows with energy-efficient ones could reduce a home's carbon footprint by up to 3 TONS OF CO2 a year. #WeCanDoBetter MORE: http://bit.ly/35k2Jdp. 
ClimateEmergency	Climate justice must include gender equality.
GoBold	"""The NECEC does not threaten Maine’s environment, the warming climate does. The NECEC is exactly the kind of project that environmentalists should embrace. If you are serious about addressing climate change and taking steps to reduce carbon emissions join me in voting NO on Question 1,"" writes Dan Lawson from Winthrop."
TellRepToNotRaiseOilGasTaxes	"Enter for your FREE chance to win $200 for gas. 

Gas is expensive and summer trips are coming up. While we can't fix the prices, we can help you pay for it. We’re giving away $200 gas gift cards to FIVE lucky winners – and one of those could be you. 

Don’t miss this chance – sign up to enter for a chance to win a $200 gas gift card!"
ClimateChangeMovements	"The National Weather Service has reported that Henri has now intensified to a Category 1 Hurricane. It is predicted to strike Long Island directly in the next 24 hours. 

Please note that forecasters are cautioning that the impacts from Henri will be significant and preparations ahead of the storm must be taken very seriously. I urge you to track the storm and take preparedness measures as soon as possible. 

In the event of a power outage, you can text PSEG Long Island at (773454) or call 1 (800)-490-0075. To report a downed power line, call 1-800-490-0075 or 1-631-755-6900. For further information, please visit the Red Cross website, the National Hurricane Center website, the FEMA website, and tune into the media’s live tracking devices online. 

We must hope for the best but be prepared for the worst. Remain vigilant and stay safe."
ClimateChangeMovements	"This ""Guest View"" was submitted to the Portsmouth Herald.

GOODBYE, “CITY OF THE OPEN DOOR?”

For over half a century Portsmouth has taken pride in calling itself the “City of the Open Door.” After living in the city for almost four decades, I worry that that sentiment is being eroded. Mayor Becksted’s recent political and ideological appointee to the Zoning Board of Adjustment, David MacDonald, said during a meeting in July: “I think there are enough places to live for the people of the city to live here. It's people who aren't here, who wish they were, who are who are sensing a shortage of housing. I don't think there's a shortage of housing.” I’m sure MacDonald was sincere, but that’s the problem: he clearly does want to pull up the drawbridge and keep others out. He is comfortably settled here himself but not comfortable with building more homes for others who’d also like to live and work in Portsmouth. 

There’s an ad circulating currently on social media — paid for by a group called “Preserve Portsmouth” — that features an unattractively composed photo of an unfinished section of housing in the West End Yards project and asks people: “Do you want to turn Portsmouth into this?” The “this” happens to be the homes of people who have moved or are moving into town. More than likely these newcomers are very happy to be here and have a place like Portsmouth to call home. The ad supports the re-election of Mayor Becksted, councilors Huda, Kennedy, Trace, and Whelan, as well as first-time candidate Greg Mahanna. It is hard for me to believe they signed off on that message, but their names are there. This is not the voice of the “City of the Open Door.” It’s the opposite of the welcome mat. We have a real housing crisis in our city. We need housing for all. More than ever, our wildly attractive city needs a comprehensive policy framework, including reformed zoning ordinances, that is pro-housing and manages growth through smart land use.

Four years ago during a public session to consider the final phase of development in the North End business, residential, and hotel district, our mayor — then prospective councilor Rick Becksted — stated that he thought “our beautiful city [had] disappeared.” I have no doubt at all that in conveying a sense of loss his comment was heartfelt. But if he’s talking about the city’s physical landscape, he’s been living in a different city than I have. What I’ve seen disappear are large tracts of asphalt parking lots left behind by urban renewal and open weed-covered lots. We can have different ideas about the importance of building height being two, three, or four stories. We can argue about aesthetics. But to my knowledge we haven’t sacrificed a single historic building to new projects. In fact, our stock of historic buildings has probably never been in better shape, often renovated by newcomers and insulated for the 21st century. The changes have also added to our tax base during a time when we lost over $90 million of taxable value when the Schiller Power Station was deregulated and sold. You may think your taxes are high now, they would be higher still without the revenues created by new projects.

Combined, the sentiments of Mayor Becksted and MacDonald provide an insight into the mindset of the mayor’s majority voting bloc on the current council. It also explains the motivation for many of the mayor’s recent ideological appointments to the land use boards, all supported by his voting bloc consisting of Councilors Huda, Kennedy, Whelan, and Trace. They haven’t given the housing issue priority. In fact, since they took office, there’s been a proposed moratorium on housing development, some of them have tried to delay (at the expense of the city’s largest nonprofit) a much-needed affordable public housing project, and they’ve intervened in land use processes — speaking “as residents” — to stall or block specific projects that would provide housing. Pro-housing policy-making should have been the first order of business when the current council term began.

Portsmouth is of course far more than its buildings; it has character and a social fabric. It has a collective way of life, a quilt made up of unique neighborhoods, each with its own personality. And the city has a larger identity that is constantly evolving, something I’ve witnessed in my time here. For some residents, like the mayor, the rate of rapid change has brought with it a sense of something lost. And it’s true that the old social fabric has in some cases grown thinner -- new buildings have appeared and new people have moved into the neighborhoods. While residents may be happy with the increase they’ve seen in the value of their homes, it’s also easy to imagine how change could create fault lines and disorientation in the community. It’s not difficult to see how gentrification rubs both ways: older homes are renovated and streets improved, but something older and familiar has gone. Maybe that’s what the mayor meant. We all have to respect that sentiment but it shouldn’t derail us from creating a different vision. We can’t stop the march of time. A new identity is emerging and we have the chance to shape it with intention.

The coming election is especially important because the city again finds itself again at a significant  crossroads. The mayor and MacDonald want the city to retrench. Many others, including the younger generations, families, long-term residents who embrace change, and newcomers, accept the inevitability of future growth, and are not afraid of it. In fact, the challenge is one of how best to manage it to the benefit of the entire community. With skilled leaders and a clear vision of what we want to become, it is possible to balance growth with quality of life. Voters have an opportunity in a few days to elect some new leaders with knowledge and imagination who can help get us there. At the very least we need to establish a shared understanding of this moment in history and then move forward. On November 2  the voters get to choose leaders who will respect history, while moving the city forward.

Gerald Duffy
October 20, 2021. "
BuildBackBetterActCampaign	Come learn about solar and renewable energy at our free Solar 101 class. Event will be located at the Moore Public Library in Meeting Room A. This library is a part of the Pioneer Library System. Dinner will be provided from Chick-fil-a!
ClimateChangeMovements	"""if trouble must come, let it come in my time so that my children can live in peace.""

The time is now for parents to stand up for their God-given rights as American Citizens. No one ever agreed to  ""Co-Parent with this Government or our power-hungry, School board President David Carpenter,  or with our arrogant Million-Dollar Superintendent Doug  Cozad.

When was the teachers union appointed to be put in charge of overseeing/dictating to parents what to was best for their children's health?

Every Parent needs to heed the call to action.

Election Watch 21."
GoBold	Lake Mead provides water for 25 million people. Its water level has dropped 140 feet since 2000.
CleanOilAndGas	"""Notice how our policy-makers never tell us how much they think each new policy will reduce year 2100 global temperature or raise year 2100 GDP. The reason is that the numbers are tiny."" The gigantic numbers concern the resources we will squander until we follow numbers rather than fashions. "". "
BuildBackBetterActCampaign	Lake Mead provides water for 25 million people. Its water level has dropped 140 feet since 2000.
NuclearEnergyProvidesTaxRevenue	Pop quiz: what energy source provides crucial economic support through high-paying jobs and tax revenue, in addition to the zero-carbon energy it produces to empower local communities? Answer: Nuclear carbon-free power. https://bit.ly/3vvcfsM. 
PublicLandExploitation	Puerto Rico's history  colonial exploitation has kept its residents tethered to offshore fossil fuel companies.
AbandonedWells	Wildlife is severely affected by reduction of rainfall and a lack of water. Click here to learn more. #ProtectWater #NMpol. 
ClimateChangeMovements	President Biden: Shut down Line 5 and protect Wisconsin from being the next victim of a catastrophic oil spill.
AbandonedWells	Rittenhouse’s constitutional rights were upheld because Wisconsin courts, like Tennessee courts, still allow a balance of power between the judge and the prosecutor. 👇. 
RestoreVirginia	Our 2021 Innovation Fund winners are building innovations that center on the needs of all workers. To help their ideas succeed and flourish, each winner receives $150,000, mentorship, training, and organizational support. Learn how their ideas are driving systemic change:. 
AntiFossilFuelInfrastructure	"THE TEACHERS UNION EMBRACES CRITICAL RACE THEORY.

FIRST REMEMBER, THE NEA DOES NOT CARE ABOUT YOUR CHILDREN. THEY ONLY CARE ABOUT THE DUES THEY COLLECT AND USING THAT MONEY TO PAY THEMSELVES BIG SALARIES AND TO  CONTROL STATE AND LOCAL GOVERNMENTS TO GARNER EVEN MORE MONEY FROM TAXPAYERS.

For the past year the teachers union has been denying that they are using critical race training in our schools. They have attacked opponents to this poisonous ideology and attempted to hide their divisive actions. 

But now they have finally come clean and are openly endorsing what we have known all along. The unions, and many in their ranks, are indoctrinating our children using race as the defining characteristic. They want to divide Americans by the color of their skin.  How convenient for them.

The unions have pursued an agenda in our inner cities that has lead to extremely poor outcomes for our children. When children graduate after 12 years of schooling without the basic reading, writing and math skills to get and keep an entry level job, we have to examine the schools themselves.

For years the unions and their supporters have tried to shift the focus from their failures to the children themselves.  They claim that because the students are poor, their parents don't support them, they don't have a quiet place to study. etc. , teachers are powerless to help them to learn.  Sadly, teachers unions have done little to accommodate those issues by using new methods and strategies.  Instead they have hired more layers of ineffective dues paying administrators. And the low educational outcomes of children has continued.

Now the unions are conveniently blaming educational disparities on race.  Sure gets them and the Democrats they have helped get elected off the hook! 

They use CRT to hide their failures to provide teachers with strong skills and a responsive teaching framework.   It's their contracts that protect poor teachers, fail to reign in excessive absences, disallow mandatory after school peer development among teachers and load the roster with adults who do not enhance learning.   For union leaders it's so much easier to blame racism than to negotiate contracts that really attack the issue of poor student outcomes.  They may lose dues if they do that. So our children 's futures are sacrificed. 

Lets' not forget that CRT will allow them to hire a whole new level of 'teachers' to promulgate directives on Diversity, Equity and Inclusion.  DEI personnel equal more dues!

Of course, Democrat politicians are more than happy to climb on the racism bandwagon.  That makes parents forget the sanctuary city policies they have adopted.  

The Boston Globe recently reported that RI Democrat politicians and their operatives searched out an additional 40,000 illegal immigrants for the census in order to protect our 2 congressional seats.   That allows them to consolidate and hold on to their power, but has it been good for the immigrants who have come here legally? 

 Is it good for our schools to have the constant disruption of children who speak poor English or have little prior schooling?  It is good for legal immigrants to compete with illegals for jobs? All those extra children increase the costs of schooling, that leads to higher property taxes and higher rents...does that help our schools? 
But union officials and their Democrat politicians don't want anyone connecting those dots...so they blame their bad policies and their bad leadership on racism.  They are intent on indoctrinating a whole generation of our children into their poisonous ideology.  

The NEA has gone from denying Critical Race Training to openly embracing it.   This is bad for our children and our country.   

Parents and concerned community members must step up and take control of their town councils and school committees.  The future is at stake.  

https://www.dailywire.com/news/nations-largest-teachers-union-says-it-will-teach-critical-race-theory-in-all-50-states-1400-school-districts?utm_campaign=dw_newsletter&utm_medium=email&utm_source=housefile&utm_content=non_member. "
BuildBackBetterActCampaign	"NYGOP Chairman Nick Langworthy Takes “Just Say No” Tour to Suffolk County Highlighting the Party’s Opposition to November Ballot Proposals Threatening Election Integrity #JustSayNoNY

Suffolk County Republican Committee. "
RightWingCampaigns	"President Joe Biden referred to FDR’s packing of the court as a “bonehead idea” when he was a Senator back in 1983. However, he supports packing the court today. Why is this? 

🚨 The radical left is using President Biden as a puppet to get whatever their liberal agenda wants! Our nation was founded upon a system of checks and balances. The democrats are actively trying to do everything in their power so they have TOTAL control. Let’s put a STOP to this! Join the North Carolina Republican Party today if you support a system of checks and balances! #NCGOP #Republican ⬇️ ⬇️ ⬇️. "
ClimateChangeMovements	"“Working people can always find hope and opportunity within the labor movement.” - Liz Shuler, AFL-CIO President ✊🏻✊🏼✊🏽✊🏾✊🏿
There's just a little over a week left to hear the rest of Liz Shuler's remarks to UWUA members during the 2021 Power for America conference (as well as from many other labor and industry leaders) by going to https://www.p4atraininginaction2021.com/ and using the code ""UWUA2021"". "
OilAndGasTaxesBad	Memphis City Council is proposing a new ordinance that would effectively prevent Memphis gas stations, airports, and local  businesses from operating and maintaining underground infrastructure, hurting the economy and costing Memphis jobs. Tell the city council to vote NO on this Ordinance 5782. https://bit.ly/2QL5gfc. 
PropertyTaxCampaign	"High gas taxes/fees = high gas prices.

Regular gas costs $4.71 on average in California. With an immediate halt of taxes and fees, the price drops to $3.53.

I’ve been calling for a gas tax holiday since summer. Senate Democrats shot down the idea.

CA is expecting a $31 billion surplus next year. We should use this extra cash to supplement the $1.18 in taxes/fees at the pump and bring immediate financial relief to Californians."
ClimateChangeMovements	"Human impacts including climate change have driven Yellowstone’s iconic grizzly bear to the brink of extinction.
 
🐻Despite this, the Trump administration in 2017 stripped grizzlies of their protections under the Endangered Species Act. This move gave license to foolish plans to hunt the bears for pure trophy.
 
🐻Earthjustice acted on behalf of conservation groups, using the government’s own science to repudiate the administration.
 
🐻After two more years in the courts — including a nail-biting race against the clock and an 11th-hour reprieve only days before scheduled grizzly hunts in Wyoming and Idaho — our work paid off, when a Ninth Circuit judge affirmed that the Trump administration’s actions were illegal and restored full protections for the grizzly bear.
 
🐻We are also challenging the Trump administration’s weakening of the Endangered Species Act itself through court action or a rulemaking process.
 
🐻In the meantime, wins like the grizzly case shore up specific species’ chances at avoiding unrecoverable population losses.

📷: Chase Dekker Wild-Life Images / Getty Images. "
CelebrateBuildBackBetter	"President Biden's Build Back Better plan is our once-in-a-generation opportunity to fight climate change and secure middle class tax cuts, create clean energy jobs, and lower costs for working families.

Call Rep. Gottheimer and tell him we must seize this moment: (202) 225-4465. "
AbandonedWells	"Qualifications:

• High school or equivalent (Preferred)
• Customer Service: 2 years (Preferred)
• Computer Skills: 2 years (Preferred)

Full Job Description:

We are looking for a reliable, positive personality, positive energy, customer oriented Front Desk Associate for our growing solar energy company. Starting pay can vary from $25,000 to $35,000/yr. depending on experience and skills. We are looking for someone that is well-presented, is patient with customers, and will go above and beyond to get the job done. 40 hr. work week.

Here is what we are looking for:

1. Personable and Energetic
2. Dependable and on time!
3. Able to work well with others
4. Organized and Trainable
5. Loves to help people

What the job entails:

1. Daily opening office processes
2. Working one on one with customers
3. Scheduling appointments for customers
4. Calling permitting and utility entities for information
5. Answering phones and filing, including digital filing
6. General office cleaning
7. General office tasks, (faxing, mailing, emails, etc.)
8. Daily closing office procedures.

This position also will include applying for building/electrical permits and utility applications for solar compatibility.

Job Type: Full-time, 9 AM to 5 PM, Monday to Friday.

Pay: $25,000 to $35,000/yr. DOE

Education:
• High school or equivalent (Preferred)

Experience:
• Customer Service: 2 years (Preferred)
• Computer Skills: 2 years (Preferred)

Work Location:
• One location

Work Remotely:
• No. "
BellbrookWokeRadicals	FREE COVID-19 VACINATION CLINIC! AND FOOD PACKAGES, DIAPERS FOR THE COMMUNITY! NEED HELP WITH RENT OR EDD/UNEMPLOYMENT INSURANCE (UI) COME ON BY TO THIS EMPLOYEE RIGHTS CENTER EVENT!  4265 FAIRMOUNT AVENUE (Next to the gas station, corner of El Cajon Blvd and Fairmount Avenue) If you have questions, please call 619-995-8973.
GreenEnergyCapacity	ConocoPhillips is committed to detecting and reducing GHG emissions, using technology such as optical gas imaging cameras. Addressing climate issues to sustain a healthy environment is a key priority for us. Learn more here: https://bit.ly/33zGuSa. 
HazardsOfWells	"Today, we celebrate Constitution Day. It commemorates the formation and signing of the U.S. Constitution on September 17th, 1787.  

Our founding fathers realized first-hand what life was like under tyranny. It is the whole reason they came to this land. They wanted freedom.

Our constitution was created with the intention to protect the people from its government. It gives power to the individual and places limits on the government. It is unlike anything else in the world and is fundamental to preserving our values. 

It seems like many have forgotten that over the last last 20 years. Concepts like free speech are punished on college campuses. Freedom of the press is censored on social media. State and individual rights are encroached upon daily by federal agencies. And even this week, President Biden completely overstepped his power with vaccine mandates. 

We the People of the United States of America need to defend our freedom, our rights, and the constitution. Our children must learn about it in school. If they aren’t aware, they will naively give it away to those who seek to abuse their power.

For a citizen government to be successful, we all need to be engaged every day. It is essential to elect conservatives at all levels of local, state, and federal government. We must hold our elected leaders accountable.

Today, let’s celebrate those God-given freedoms we cherish. Let’s honor our founding fathers by protecting what they entrusted us with. It is not just a piece of paper. It is our values, our ideals, our way of life. It is America.

If we don’t, as Ronald Regan said, “our freedom is only one generation away from extinction.”

Idaho Young Republicans stands resolute in protecting our constitution. We ask you to join us at www.idahoyr.com/join.

God Bless Idaho and God Bless the United States of America!"
TellRepToNotRaiseOilGasTaxes	"First, DC liberals spent trillions of our dollars. Now, Americans are facing record inflation and are paying more for gas and groceries. Their plan now: Nancy Pelosi and her liberal allies are pushing for new tax hikes and another socialist healthcare plan.
 
Click below and sign up to tell Sharice Davids enough is enough."
RestoreVirginia	As part of our ongoing commitment to update the community, we’ve released our latest Ventura Compressor Project Newsletter. Read about our upcoming Community Town Halls (10/12, 10/14 or 10/16) and meet our local public affairs manager: socalgas.com/venturanewsletter. 
CleanEnergyPromotion	"TPUSA LIVE is the unfiltered, grassroots alternative to mainstream media. Watch daily shows, live in-studio content from TPUSA HQ and weekly shows covering politics, pop-culture, sports and everything in-between. Tune in every weekday starting at 5 PM ET / 2 PM PT.

Check out today’s show! 

Human Events Daily host Jack Posobiec discusses the supply chain disaster, Joe Rogan confronting CNN & more!

The TPUSA LIVE team is joined by host, Jon Root, and special guests Jonathan Koeppel, Morgan Zegers, and Isabel Brown who will talk about immigration, TPUSA's schoolboard watchlist, play 'Law or Nah' & more!

Real America host Graham Allen covers leftists deciding to have a ""sex strike"" and watch Benny on the Block with Benny Johnson as he talks about human trafficking at the border. 

We will wrap up the show with POPlitics with Alex Clark as she dives into country music being dead, news at Bravo, a pop culture rewind, and more!"
RenewableEnergyEconomicBenefits	"Residents of Addison County are going to want to take advantage of this unique opportunity 👀

For a limited time we are offering $500 cash to eligible households just for switching to natural gas 💵 💵 💵

How do you get your $500?
✅ Click [Learn More]
✅ Review the Coverage Map
✅ Sign up for a free estimate
✅ Receive $500 cash once the conversion is complete

In order to receive $500 you must...
✔️ Sign up before 03/31/22
✔️ Turn on your meter before 09/30/22

So don't wait, sign up for a free estimate today!"
GoBold	Building offshore wind projects will help bring American mariners back into the workforce in a new, renewable energy industry.
OilAndGasTaxesBad	Gas prices are set from a number of costs incurred by refiners – the biggest of which being crude oil. Learn about how prices at the pump are determined:. 
RenewableEnergyPromotionAndGrowth	As we move through the 2021 hurricane season, preparation, conservation and patience after a storm will be central to our collective success. #HurricaneReady. 
OilAndGasBoostEconomy	TAKE ACTION: Sen. Pfaff supports legislation that would raise our electricity rates in Western Wisconsin and give more power to transmission line companies.
RenewableEnergyPromotionAndGrowth	Charlotte residents can breathe easier knowing that their transit buses are going electric. 🙌🏾  Here's how Charlotte leaders are cleaning their region’s air one electric bus at a time. 🚌 #USClimateCities. 
RenewableEnergyPromotionAndGrowth	"Building a meat processing facility on the Blackfeet Nation Reservation will help the community:

✔️Address food access issues
✔️Create jobs and generate income for local ranchers
✔️Conserve Indigenous practices
✔️Protect the environment and address impacts of climate change
✔️Create a pathway to food sovereignty

Learn more about the plan and its impact👇. "
PublicLandExploitation	Why do Wall Street and Houston based oil companies funnel so much money in New Mexico politics? It's up to us to cut them off.
RenewableEnergyPromotionAndGrowth	"Industry is utilizing partnerships to secure the latest technologies to help enhance and stabilize Louisiana’s shorelines. 

Over the past eight years, ConocoPhillips and Ducks Unlimited have enhanced over 800 acres in the Greater Golden Meadow area. This work provides shoreline protection, marsh enrichment and terracing that increase the resilience of the levee system and protect the surrounding communities.  Natrx, A Shell GameChanger company, recently utilized its intelligent, adaptive infrastructure platform to create and install custom reef modules, known as “Cajun Coral,” to stabilize 750 feet of a newly completed marsh creation project. With the help of danos , the reef modules were installed along with 620 feet of ultralight oyster stakes. Learn more about the world’s first Cajun Corral installation.

#ForLAsFuture. "
ClimateChangeDonations	"🚨 Sign this petition to tell Nancy Pelosi and Rita Hart for Iowa  to stop their attempt to steal #IA02!

This attempt to overturn a certified election is desperate and should be called out for what it is - a partisan power grab."
BuildBackBetterActCampaign	Michigan has made a major move toward funding its public colleges fairly. For too long, the amount any particular university received from the state depended on considerations of political power rather than on its performance or need. But a legislative appropriations subcommittee has unanimously approved a bill that would do away with the current arbitrary spending method. Instead, it would set a standard per-pupil allotment, and colleges would receive funding based on how many students they enroll. This is a much more equitable system, and a long-time Mackinac Center recommendation.
GreenEnergyCreatesJobs	The truth is electric vehicles would have provided essential benefits to those drivers stuck in traffic by using less power when idling and they offer a real opportunity to clean up our air, create thousands of good paying jobs and tackle the climate crisis. https://bit.ly/3q6nmXS. 
AbandonedWells	Pipelines are monitored 24 hours a day, 7 days a week by specially trained personnel, using advanced technology to verify line safety.
OilAndGasTaxesBad	There are no laws punishing producers for oil and fracking related spills even when most are preventable.
VirginiaConservatives	"Andrea and Orlando speak with two candidates running for office in the Primary Election March 1st. Retired Navy Captain Mike Monreal is a candidate for Texas State House District 31 and Phil Covarrubias, a Marine and oil and gas worker, is running for US Congress in District 38.

TLC Live! airs every Wednesday at 11 AM (mas a meno) on TLC's Facebook (https://www.facebook.com/TLCforTexas) and YouTube (https://www.youtube.com/channel/UCTi1LGIYZDNRyEL08eYm90Q) Channels. Join us live or watch us later for great conversations about the issues that affect you!"
OilAndGasBoostEconomy	Homeowners need a reliable #energy source 24/7, 365 days a year. Learn more about why #natgas is the most reliable energy option on the market. #NationalHomeownershipMonth. 
BellbrookWokeRadicals	"Our New Year's resolutions are simple: 

- More Rigs ✅ 
- More Jobs ✅ 
- Less Imported Oil ✅ 

Think we should send our resolutions in a letter to the White House? 😏 Happy New Year, everyone!"
BuildBackBetterActCampaign	Government Controlled Power means private assets would be seized through eminent domain - at a cost of $13.5 billion.
LawmakersAndOilAndGas	"Leader McCarthy said it best.

“This is not Pelosi’s House, this is the People’s House.” 

I am proud to stand with my Republican colleagues to highlight the misuse of power by the Democrats. 

We are fighting every day to combat the far-left’s agenda that has caused American businesses to close, prices of groceries to rise, and crime to skyrocket. It’s time to end this crisis."
OilAndGasTaxesBad	Our electricity bills should not be an avenue for padding the profits of Dominion Energy executives and shareholders. Virginia families already pay more than they should to power their homes, and Dominion Energy does not deserve a profit increase.
ClimateEmergency	In North Carolina, the costs of severe weather events surged from $590 million in 1980 to $1.7 billion last year. Climate change is driving more frequent and stronger storms -- and it will only get worse without urgent action to limit climate-warming pollution. https://bit.ly/3h7JXyo. 
CarbonEmissionReduction	Oil prices jumped again Monday after OPEC decided not to boost production. Now is more important than ever to diversify our power sources. Vote NO on Question 1 and reduce Maine’s dependence on dirty, expensive fossil fuels.
GreenEnergySupportsCommunities	As the winter months begin to roll in, it’s understandable to wonder if solar power will be able to withstand the effects of winter weather. Solar panels are still productive in snowy and winter conditions. Oftentimes panels are tilted to ensure snow piles will easily slide off to continue full energy output, but even if snow only partially slips off the panel it will still produce electricity. Additionally, snow can be beneficial for cleaning panels, washing away dirt and debris.
OilAndGasTaxesBad	"Oil producers are required to properly plug their wells when they are finished producing. But that's not what's been happening.

Read more about California's orphan oil wells that can leak methane, contaminate communities, and create an explosion hazard. And find out how you can help."
BuildBackBetterActPassed	Join us for an Earth Week celebration of the grassroots efforts that have helped protect the Arctic Refuge from drilling for the past 25+ years.
ClimateChangeMovements	Birds need your help. Join Audubon as we fight to stop massive giveaway of public lands in Alaska that are home to three national parks and five wildlife refuges. We need to preserve traditional land uses and conserve wildlife habitat, not destroy it.
CleanEnergyPromotion	SCP, the public power provider for Sonoma & Mendocino Counties, makes renewable energy accessible to residents and businesses with competitive rates and big community benefits.
OilAndGasBoostEconomy	"In its annual letter, the world's largest wealth manager offered an unserious take on the world’s greatest challenges — in fact, it ignored them entirely — and instead signaled a continued commitment to anti-fossil fuel political activism that will jeopardize the future of more than just its clients.

Fmr. Rep. Jason Isaac shares the problem with so-called ESG investing and how Wall Street's fixation on decarbonization will hurt all of us, but especially the poor, in The Epoch Times:. "
ClimateChangeMovements	"Orphan wells are a threat to our environment & communities. With the #REGROWAct, Congress will invest nearly $5 billion in plugging and cleaning up these wells. For more information & to see maps of these wells, check out the piece in The Washington Post.

https://www.washingtonpost.com/politics/2021/10/15/abandoned-wells-are-huge-climate-problem/. "
RestoreVirginia	"We had a lot of fun at Oak Tree Country Club celebrating the Alliance Open Golf Tournament! We want to thank all the teams who came out to play, the Oak Tree staff for being so welcoming and ALL our sponsors for supporting the oil & natural gas industry! 

TITLE SPONSOR
• INSURICA

EXCLUSIVE SPONSORS
• amshot
• Beer Distributors of Oklahoma
• BITCO Insurance Companies
• Cimarex Energy
• Continental Resources
• Devon Energy
• Enable Midstream
• EOG Resources
• Knight Energy Services
• M&M Supply Co.
• Marathon Oil
• Merit Auto Group
• Ovintiv
• Reign Capital Holdings
• Tapstone Energy

GENERAL SPONSORS
• BK Equipment
• Chesapeake Energy Corporation
• The Chickasaw Nation
• CVR Refining
• Gore Nitrogen
• Halliburton
• Healthcare Highways
• J. Price Energy Services, LLC
• Lagoon Water Midstream
• Messer-Bowers Insurance
• Mewbourne Oil Company
• NFP Corporate Benefits
• Phillips 66
• Pinnacle Energy Services
• Pontotoc Sand & Stone
• Purple Wave Auction
• Red Bluff Resources
• Select Energy Services
• SPN Well Services
• US Fleet Tracking

COOKERS 
• Flex-Chem
• Knight Oil Tools
• M&M Supply Co.

HOLE SPONSORS
• amshot
• Baseline Minerals, LLC
• BITCO Insurance Companies
• BK Equipment
• CVR Refining
• Flex-Chem
• Grant Thornton
• Gore Nitrogen Pumping Service, LLC
• Healthcare Highways
• J. Price Energy Services
• LuGreg Trucking
• Merit Auto Group
• NFP
• Pinnacle Energy Services
• Power Rig, LLC 
• Purple Wave Auction
• TeamOne Logistics
• Ulterra Drilling Technologies. "
GreenEnergyCapacity	It’s #NationalGrillingMonth! The quick heat and temperature control of a #natgas grill are perfect for your summer cookouts. Leave a comment and tell us what’s on your menu.  🍽. 
RestoreVirginia	"November is Native American Heritage Month, and while we believe that the rigorous and diverse study of history should be a yearlong/lifelong pursuit in order to be a balanced citizen, we would like to offer this as an opportunity to inspire you and your neighbors to learn more about our people. We have a few books that will start you off in the right direction:

'Waterlily' by Ella Cara Deloria
'Our History is the Future' by Nick Estes
'The Heartbeat of Wounded Knee' by David Treuer

#NativeAmericanHeritageMonth #Indigenous #StandingRock. "
ClimateEmergency	"𝗬𝗼𝘂𝗿 𝗯𝗶𝗿𝘁𝗵𝗱𝗮𝘆 𝗶𝘀 𝗰𝗼𝗺𝗶𝗻𝗴 𝘂𝗽 𝘀𝗼𝗼𝗻! 🎉🎈 Now is the perfect time to ask your friends and family to give in honor of your special day – and make a BIG impact in the fight to make sure everyone has clean water, safe food and a livable future.

Click the button below and search for “Food & Water Watch” to create a Facebook Fundraiser for your birthday today. Together, we can stop climate change and protect our planet!"
ClimateChangeMovements	"These are the faces of three of our school board members who are actively trying to redistribute your wealth and tax your homes.

They firmly and foolishly believe, stating publicly that the community “just needs to get used to a new property tax levy every 4-5 years on their homes, it’s just how schools are financed.”

They have no new ideas or solutions to this self-inflicted financial crisis, except to tax your homes.

They have ZERO experience running or starting a multi-million dollar organization, they have always worked for organizations that make the hard decisions for them. 

Carpenter, Price, and Dorn support endorse, and encourage, Doug Cozad, our Million dollar superintendent, and his yes PAC purple 👚 shirt thugs, who have terrorized and divided our community into “haves and have nots.”

Carpenter, Price, and Dorn have remained silent as the Yes PAC thugs have told our Seniors to move out or die! 

Not once have these selfish, self-centered, greedy, out-of-touch board members EVER ISSUED a public statement to stop such vile and dangerous behavior. 

Their silence, while these constant attacks have taken place, proves beyond a doubt their support.

When I heard about the teachers making fun of the Pressnell’s children, I ☎️ called them. Even though I was told I was a liar, I did what was right.

It’s been the same though-out the last two years. I will never stoop to the level this school board has.

When a board member died recently, I offered my prayers and condolences to the family. However, when my brother died last year, at the exact times of his funeral, the yes PAC was posting memes making fun of his death, in an attempt to hurt and humiliate me and my family. 

How twisted does someone have to be to make fun and seek enjoyment over the death of someone’s loved one?

This is what the yes Pac represents, pure hate, and evil.  These are the very people who were appointed by this school board.

If anyone had done, what Cozad and his Purple shirt 👚 thug have done over the last two years, I would have personally issued a statement denouncing it and intervening to stop it!

It’s called integrity.

These are the faces of hate and Intolerance in our community, sitting 🪑 on our school board. 

In November it will be time to get rid of the appointed Price and Dorn and end their short-lived power hate trip.

These are the people pushing the “gentrification of our community,” actively seeking to push our Senior citizens and families who are struggling through these never-ending Property Tax Levies.

Please join the Property Tax Revolt and help defeat this $22,540,000.00 property tax levy."
VirginiaConservatives	Drill rigs power the oil and gas industry. Companies like Alliance members Doyon Drilling and Nordic Calista make sure they run smoothly.
BuildBackBetterActCampaign	"We’re seeking Mercy Corps donors who are ready to commit a monthly gift to sustain our life-changing work in 2022. Start your monthly donation to help provide steady support for 5,400 team members who are making life safer, healthier, and more prosperous for millions of people worldwide.

Stephen, age 30, provides for his five children through farming, which is becoming increasingly difficult in Uganda by climate-driven drought and flooding. After training with Mercy Corps to learn drought-resistant farming techniques, Stephen and his neighbors worked together to grow maize, increase their yields, and strengthen their ability to manage the impacts of climate change on their livelihoods."
OilAndGasBoostEconomy	The cost of natural gas is rising across New England and it’s affecting your electric bill. CMP and Versant have no control over those costs and make no money from the increased cost. Find out how it works.
ClimateChangeDonations	"'click' is the scariest sound you will ever hear and running out of ammunition means you lose in both politics and gun fights.

The Anti-Gun Nuts must be stopped in November.

The Radical Far-Left Gun Grabbers make no bones about it...they want your guns.

And unless you act, the 2nd Amendment will be gutted in Virginia.

The Virginia Gun Rights Task Force is working hard to rip the Richmond Radicals from power, will you arm us for the fight?

We have many candidates lined up for the 2021 State Election, and with your ammunition we will win.

Will you donate $100, $50 or even $25 to help our election efforts?

If so please click here to stop the march of the gun grabbers.

https://donorbox.org/virginia-gun-rights. "
RenewableEnergyPromotionAndGrowth	We count on our affordable, reliable co-op power. Don’t let politics and special interests get in the way.
ClimateChangeMovements	"TAKE ACTION: Every day, millions of children ride school buses that run on dirty diesel engines. Pollution from diesel buses makes climate change worse. It can also cause a wide range of health issues, including asthma attacks and cancer.

Please tell your Member of Congress to support the Clean School Bus Act."
ClimateChangeMovements	Solar and wind are already providing emissions-free, reliable power. Renewable energy now accounts for over 25 percent of electric power in the United States, and solar is set to overtake nuclear power over the next few years.
ClimateChangeMovements	"Former Lt. Governor Kim Guadagno endorses Assemblywoman Serena DiMaso for Re-Election  
                                                                                                                      
In a letter to Republican County Committee Members, former Lt Governor Kim Guadagno states ""I have had the honor, as the former Lt. Governor, the 75th Sheriff of Monmouth County and a
Commissioner of Monmouth Beach, of observing thousands of public servants in my career. None have been as deserving of our support than my friend and my own Assemblywoman, Serena DiMaso.""                                                                    
 Assemblywoman DiMaso is seeking re election in the 13th Legislative district.  
                                                           
Lt. Governor Guadagno further notes that ""Finally, last but certainly not least, Serena is a two-term Assemblywoman who has earned a third term. If nothing else, Trenton is a place where negotiation, reason, and advocacy often win the day. Experience in lawmaking is priceless and, as the minority party, it is critical that our
representatives understand the system in Trenton in order to get anything done for us. Serena’s record of successfully representing us speaks for itself. These are not the days for learning on the job.
These are not the days of blindly following the tune of those that have never been to Trenton and simply have no idea how it works. These are not the days for people who put petty politics above the
needs of the people of the 13th. Certainly, my years in Trenton— and my time as your Sheriff— have
taught me to speak truth to power when that power no longer reflects our values. Serena has been that voice for you and will continue to be that voice""  

                                      #standwithserena. "
ClimateEmergency	"NRDC is actively fighting to: 
☑️ Combat climate change
☑️ Permanently protect the Arctic Refuge from drilling
☑️ Defend frontline communities from climate impacts
☑️ Shift to a 100% clean energy economy
☑️ Stand up for nature, wildlife, and ecosystems

There is still time to help. Your donation will help NRDC protect the environment, wildlife, and frontline communities."
GreenEnergyCreatesJobs	“Some [refineries] spend more on compliance and RINs credits than on payroll, electricity, and utilities… The ethanol mandate is adding about 30 cents a gallon to the wholesale cost of gas on average.”. 
AntiFossilFuelInfrastructure	FACT CHECK: No, the Texas blackouts aren't because of wind turbines. Wind farms in Illinois and Minnesota do just fine when the temperature gets down below zero. Watch our new video:. 
BuildBackBetterActCampaign	"Government doesn’t create prosperity. People do. We all benefit when people are free to use their skills, knowledge and resources in the best way possible.

The Mackinac Center for Public Policy is a research and educational institute that advances the principles of free markets and limited government. Through our research and education programs, we challenge government overreach and advocate for free-market approaches to public policy that free people to realize their potential and their dreams.

We reject the idea that government is the solution to all problems. In our research and educational programs, we consider:

All People. Our research recognizes the diversity of all people and treats them as individuals with unique backgrounds, situations and goals. People know how to allocate their resources better than government ever could.

All Institutions. Voluntary associations, businesses, communities and families all play important roles in a prosperous state and nation, as well as government.

All Disciplines. Mackinac Center research incorporates the best understanding of economics, science, law, history and morality — moving beyond mere cost/benefit analyses.

All Times. We evaluate long-term consequences of policy decisions on all people, not simply short-term impact on a few.

Learn more and become a supporter at www.mackinac.org/give. "
ClimateChangeMovements	I don't know who needs to hear this, but our relationship with gas doesn't pass the vibe check.
BuildBackBetterActCampaign	We’re live here in Toms River NJ at NJOP member Eileen Palazza’s house holding a roundtable discussion with Congressman Kim and allies on what’s at stake for our communities amid the overdose crisis and what we need to end preventable deaths and expand access to care for people who need it most. Join us in the comments with your questions and stories!
RenewableEnergyPromotionAndGrowth	"We are looking for few new Solar Advisors. 

Solar Advisor Position     

Solar Power of Oklahoma (SPO) is looking to add 4 more highly trained professional Solar Advisors.  These Solar Advisors will help to facilitate the tremendous growth of the Oklahoma solar industry as well as that of SPO.  Candidates for the position must be highly motivated, extremely organized, enjoy meeting with people and be able to learn all of the technical side of a solar energy generation system. 

The Solar Advisor position is a straight commission position with a fixed weekly minimum as well as a very attractive bonus structure.  Compensation will range from $2,000 to $16,000 per month, but the average Solar Advisor makes in the six-figures.  

SPO is looking for honest, hardworking individuals that want to join our Team and be a part of the quickly expanding solar industry.  At SPO we feel that it is not a question of if people go solar, but when people GO SOLAR! 

If interested, email your resume to jwpeters@solarpowerok.com. "
BuildBackBetterActCampaign	"If you are waiting on a politician to save you, you have already lost.

 Join the fastest growing grassroots group in Virginia.  In 2020 we defeated Northam's Gun Ban...in 2021 we defeated the homemade gun ban...and now we are fighting to rip the Richmond Radicals from power and Restore Virginia!"
NuclearEnergyProvidesTaxRevenue	Maryland’s economy continually outperforms the rest of the nation, thanks in part to nuclear power. Follow our page today to learn more about the surprising industry that’s strengthening the state’s economy.
RestoreVirginia	Chispa is a grassroots community organizing program building the power of Latinos and communities of color in the fight for climate justice. ⚡️🌿. 
CarbonEmissionReduction	It wasn’t until she was in high school that Hernandez started to learn about the possible connections between the nosebleeds, the cancer, the asthma, the undrinkable water, and the oil.
ClimateEmergency	DID YOU KNOW? Nearly 7 in 10 voters believe Congress should pass President Biden’s American Jobs Plan, which will create millions of good-paying clean energy jobs, tackle the climate crisis, and build a more fair and just economy. Sign on if you support President Biden's plan to invest in clean energy and want him to work with Congress to get the job done this summer!
ClimateChangeMovements	This 5th grader thinks nuclear power is essential in Illinois for one BIG reason. Click to find out what it is!
ClimateChangeMovements	Climate events such as heat waves will continue to rise in frequency, intensity and duration, scientists say.
OilAndGasBoostEconomy	"The proposed referendum to create a consumer owned electric utility is a bad deal for Maine consumers. – Barbara Alexander, Former Maine Public Utilities Director

https://www.pressherald.com/2021/12/19/maine-voices-public-power-a-bad-deal-for-maine/. "
CallToActionAgainstOilAndGasIndustries	"The biggest issue with grease theft isn't the money lost—it's the safety risks involved when criminals target businesses. Lenin Sepulveda, arrested last week for trying to steal used cooking oil in the Albany area, had been arrested at least four times in the past year or so for the same crime. He was also charged with assault after he ""was caught stealing used cooking oil by a local restaurant owner and hit the restaurant owner with his vehicle while fleeing the scene.""
Read more here: https://www.news10.com/news/albany-county/orange-co-man-arrested-for-attempting-to-steal-used-cooking-oil/. "
OilAndGasSupportJobs	"Reactor engineer Taylor Copeland at Byron Station is proud to be part of an industry that supports so many Illinois jobs.  

She knows these jobs and nuclear power is a vital energy resource in Illinois."
ClimateChangeMovements	Nevada and Arizona will face first-ever cuts to their Colorado River supplies next year, federal officials reported. 
BellbrookWokeRadicals	The headlines heralded GM's ambitious pledge to phase out all gas and diesel powered cars to only sell all-electric vehicles by 2035. But looking closer, we have a slightly different view -- and are ready to hold them accountable.
CallToActionAgainstOilAndGasIndustries	"Ron Johnson is bad for America because he doesn't care about Americans. That's why Ron Johnson has got to go. And it is not too early to build a coalition aimed at defeating him in the next election.

Ron Johnson and his GOP billionaire buddies have an unjust stranglehold on life and policy in the U.S. Through gerrymandering, court packing, and brazen voter suppression, the Republican Party has stolen power in local, state, and federal government, suppressing candidates and policies supported by the majority. Their policies prop up corporations and the ultra-rich, leaving everyday Americans to fight for scraps.

We are going after Ron Johnson's job, inspiring voters across the country to support his opponent, and we need your help.

Contribute today and help push America left.

https://secure.actblue.com/donate/push-left?refcode=fbad-rojo&amount=25. "
BuildBackBetterActCampaign	"Halloween is just around the corner and we are celebrating with a spooktacular giveaway! 🎃 Enter for a chance to win a family gift pack including a $100 Texaco gas card & four Ama pizzas. The rules are simple:
 
👻 Follow us on Facebook
👻 Comment below with a photo of you (or your keiki) in a Halloween costume!
 
That’s it! 🎉 Winners will be contacted and announced on Monday, November 1. This giveaway is not sponsored, endorsed by, or associated with Facebook."
BellbrookWokeRadicals	"The U.S. became the world’s No. 1 exporter of liquefied natural gas for the first time ever last month, as deliveries surged to energy-starved Europe.

https://www.bloomberg.com/news/articles/2022-01-04/u-s-lng-exports-top-rivals-for-first-time-on-shale-revolution. "
CallToActionAgainstOilAndGasIndustries	"𝐔𝐑𝐆𝐄𝐍𝐓 𝐃𝐄𝐀𝐃𝐋𝐈𝐍𝐄 𝐓𝐎 𝐅𝐈𝐆𝐇𝐓 𝐂𝐀𝐓𝐀𝐒𝐓𝐑𝐎𝐏𝐇𝐈𝐂 𝐂𝐋𝐈𝐌𝐀𝐓𝐄 𝐂𝐇𝐀𝐍𝐆𝐄: 
We need to raise $500,000 to defend our food, water and climate in the year ahead — and right now a group of generous donors is matching every end-of-year donation to protect the planet, but ONLY until midnight on Dec. 31! Will you make your tax-deductible donation to help Food & Water Watch solve the most pressing food, water, and climate problems of our time before this $4-to-$1 match opportunity expires?"
RestoreVirginia	Along with renewable energy, the Clean Energy Corridor will also bring broadband access to thousands living in rural Maine, resulting in expanded access, more reliable connections, and faster internet speeds. Click the link to learn more👇. 
GreenEnergyCreatesJobs	This is huge, right? GM earlier made headlines for its promise to phase out all gas and diesel powered cars by 2035. But let's rewind a bit and take a closer look...
CallToActionAgainstOilAndGasIndustries	"Warning 🛑
Socialism Goes Local: Progressive Candidates Are trying to get elected in our community.

Meredith Brinegar, Kim McCarthy, and Josh Pressnell. It’s the progressive “Trifecta of socialism.”

Bad news for our community, here is why. 

Nowhere is that more obvious than our local angry radical, Kim McCarthy. Her well-documented protests, include protesting at the residence of our congressman. Refusing to stand for our great Flag and recite the Pledge of Allegiance.

With her is Meredith Brinegar from Bellbrook whose campaign appears to be copied from  McCarthy (and is an open ally of hers) and a vocal supporter.

Meredith appears all “sugar and spice and everything nice” but in reality, she is a socialist wolf in sheep’s clothing.

Brinegar spoke apologetically for being a white, heterosexual, female. Really she did! 

She has taken a page out of the national progressive playbook trying to shame people for something they have no control over.
 
Apologize for being white, is like apologizing for being black, being brown, being female, being male, being short, tall, having brown hair, red hair, all things no one has any control over but God.

She is ashamed for being white, but not ashamed of the vile actions of her fellow Yes PAC supporters over the last two years.

Brinegar was silent when yes Pac members attacked our senior citizens, telling them to move or die. No outrage from her.

She was also silent when the girl's basketball coach was exposed for his racist and sexual comments directed at the Black players. 

Where was her apology to the Seniors Citizens and girl basketball players? She was silent because the offenders were people she supported. They were her people.

Where was her outrage, her standing up and speaking out, there was none? 

If you have something to say, Binegar will not listen. She is covered up in her self shame, and progressive ideology.

And then we have Josh Pressnell. He is the face of super-rich entitlement. 

The Daddy Warbucks of this socialist tribe. 

He has led the yes PAC of hate, which has divided our community into “haves and has not's.” 

Pressnell wants to set policy for local schools, yet sends his children to expensive private schools.

When the Miami Vally school is described as expensive, they are not kidding. This school is for the rich, spoiled, and privileged, costing $24,000.00 per year, per child.

Mere pocket change for Josh Pressnell.

It is so hypocritical. 
So spoiled. So entitled.
It is what it is. 

Don't be fooled with a smile. 

These three candidates draw strength from each other. United under progressives goal of changing the values of our community. 

It is through the power of the elected offices they seek, is how they plan to implement and accomplish their shared radical goal.

Power our community should never grant them.

Across the country, socialists are coming more than ever into local elections. 

When you are focused over there worried about the Governor or Presidential races, they are over here taking over seats on school boards and town councils, and townships.

Just because they are running doesn't mean they are qualified. Nor does it mean they share your values and beliefs.

There are better choices, more qualified candidates, than this socialist trio of radicals.

Election Watch 21. "
CleanEnergyPromotion	"Andrea and Orlando welcome Bobby Eberle, Conservative Political Strategist, talk show host (13 minute News Hour), commentator, LeadershipLATINO instructor, and owner of GOPUSA.com and Julio Rojas-Aguilar, Manager of Donor Relations for the Institue of Humane Studies. Bobby brings us up to date on his work and travels around the state and country. Julio, a native of Peru, discusses his introduction to the ideas and benefits of free markets and free societies by his high school history teacher and the influence this has had on his life and career.

More about Bobby Eberle:
https://bobbyeberle.com/
https://bobbyeberle.com/13-minute-news-hour/
https://www.gopusa.com/

More about Julio Rojas-Aguilar:
https://theihs.org/people/julio-rojas-aguilar/
https://www.facebook.com/InstituteforHumaneStudies

Watch TLC Live! On Facebook (https://www.facebook.com/TLCforTexas) or on YouTube (https://www.youtube.com/channel/UCTi1LGIYZDNRyEL08eYm90Q), and Comment Live on Facebook Every Wednesday at 11 AM!"
TellRepToNotRaiseOilGasTaxes	"The average price for a gallon of regular in Connecticut was $3.54, an increase of 25 cents in the last month...

Meanwhile, CT Democrats are still pushing for even HIGHER gas prices with a new ""TCI"" gas tax. Sign the petition StopTheGasTaxCT.com."
RestoreVirginia	"TPUSA LIVE is the unfiltered, grassroots alternative to mainstream media. Watch daily shows, live in-studio content from TPUSA HQ and weekly shows covering politics, pop-culture, sports and everything in-between. Tune in every weekday starting at 5 PM ET / 2 PM PT.

Check out today’s show! 

Human Events Daily host Jack Posobiec discusses the CNN producers involved with child sex crimes, foreign relationships, and more!

The TPUSA LIVE team is joined by host, Jon Root, and special guests Alex Clark & Jobob who will talk about anarchy in America, media distrust, Rittenhouse interview with Charlie Kirk, and more!

Benny on the Block host Benny Johnson takes a trip to both Florida and New York to find out where Americans would rather live.

We will wrap up the show with POPlitics with Alex Clark as she dives into Billie Eilish talking to Howard Stern about porn, Ben Affleck and Jennifer Garner’s marriage drama, President Trump on the Candace show, and more!"
DemandClimateActionFromLeaders	The costs of climate change are enormous, and taxpayers foot the bill.
BuildBackBetterActCampaign	Once You Give The Government Power Over Anything, They Will NEVER Willingly Give That Power Back! #BigGovSucks. 
VirginiaConservatives	"America’s cement manufacturers are committed to reaching carbon neutrality across the value chain – starting at the cement plant and extending through concrete’s life cycle. 

Check out how our industry will achieve sustainability goals at World of Concrete and visit shapedbyconcrete.com."
CleanOilAndGas	We count on our affordable, reliable co-op power. Don’t let politics and special interests get in the way.
ClimateChangeMovements	"“Advice to the well-meaning citizens. You may not be on the right road”

When comparing Ohio to the progressive utopia of California, embracing the new, and seemingly exciting energy of it all probably seems exciting. 

After all, Ohio is the midwest, and brown shoes sensible, and boring to many.  It's the thrill of the hunt, chasing down social evils where they do not exist. 

Recently playing on people's emotions to the point where the Bellbrook police are arresting supporters, who were unable to control themselves, for disorderly conduct. 

Turning civic events at the library into embarrassing situations for the community. 

The moral is to be careful what you wish for. 

Be careful not to allow yourself to be used by those who claim to be righteous, the smartest,  the research angels with all the right answers, and are anything but. 

Those looking at everyone's sins but their own. 

Well-meaning is good. 
Everyone wants the best. 

Being manipulated by your emotions to the point of acting out inappropriately is bad. 

Those who refuse to seek common ground based on common sense are a path to destruction to building a community that is reflective of everyone. 

They won the tax issue yet they act with aggression to a large part of the community. 

California types who want their unvoted version of utopia imposed on a conservative Sugarcreek are anything but nice.

Don't forget that they refuse to give up power and influence because not out of strength but weakness. 

At the end of the day for some, it's a political power grab, and they are undermining what they claim to support. 

Don't let them use you. Just think about it.
Make today a great day."
GreenEnergyCreatesJobs	Happy #MothersDay to everyone shaping the next generation of climate leaders! Hear from EDF’s Executive Vice President, Amanda Leland, about why this Mother’s Day is so special to her.
RenewableEnergyPromotionAndGrowth	Renewable resources not only help reduce climate change, but also provide a brighter future for generations to come. We believe that by taking care of Unci' Maka (Grandmother Earth) she will take care of our children and the generations to come.
GreenEnergyCreatesJobs	LA County is projected to have 40% job growth by 2050, but green jobs will grow almost 80% in the same time frame, per H&A Advisors. 
AbandonedWells	The San Juan College School of Energy continues developing new programs to train students for new jobs in natural gas production, and is seeking state grants that were established to train workers transitioning away from jobs in another, dying fossil fuel industry — coal.
CelebrateBuildBackBetter	Nuclear energy can bring reliable power and new clean energy jobs to Alaska. Show your support by liking our page today.
RenewableEnergyPromotionAndGrowth	"Honua Ola’s appeal to the Hawaii Supreme Court seeks to set aside the July 9 decision of the Public Utilities Commission to shut down our new, state-of-the-art facility that is 99% complete and currently employs more than 60 workers. An additional 160-plus jobs in other industries will also be supported by our facility's operation.
 
Listen in on the stories of our employees on why Honua Ola is vital to the Big Island’s environment, supports their careers and families, and allows them to live and work in their hometown communities along the Hamakua Coast."
GoBold	"At Save Our Earth, we are on a mission to remove 400 lbs of CO2 from the atmosphere with each and every bottle of hand sanitizer we give away!

And we aren't doing it alone...

Thousands of you believe in safe products for a safe environment.

You want to leave this planet in a better shape than when you found it and so do we!

And... we also want to protect our hands with all-natural, anti-crack hand sanitizer at the same time, but who says we can't have it all? 😁. "
CleanOilAndGas	What is the Clean Energy Connection, and how can it help make your upcoming home improvement project go as smoothly as possible? Learn how to find a trusted contractor with the Clean Energy Connection.
GreenEnergyCreatesJobs	"We want to send you a FREE bottle of our Environmentally Safe Hand Sanitizer with our 'Anti-Crack' Formula - if you'll help us cover the shipping costs.

Our bottle will not only protect your hands, but also help us remove 400 lbs of CO2 from the atmosphere!

-It’s all-natural
-It’s alcohol-free
-It won’t dry your hands out

We'll soon be selling our bottle at full price, but for a limited time, you can claim this product launch offer.

People who really care about the environment all over the country are leveraging this opportunity to make a small change that can have a huge impact on the planet. 

We dare you to try our hand sanitizer for FREE (just pay shipping) and see if it’s not every bit as good as what you buy at the supermarket.

Click or tap below to claim your bottle while supplies last. 👇

P.S. At checkout, you'll be asked if you want to round up to $20. For every extra donation, we will remove 400 lbs of CO2 from the atmosphere!"
VirginiaConservatives	"We are looking to add 2-3 more experienced electricians with their blue card to our growing team in Tulsa, OK. You must be licensed in the State of Oklahoma. Solar and/or renewable experience is a plus but it is not required. Applicants must be trustworthy, detail oriented and enjoy working in a team environment.  

The position comes with an attractive base pay as well as weekly performance pay.  Medical, dental and vision are available.  

Join a growing industry with the premier solar energy company in Oklahoma."
VirginiaConservatives	"Writer Eyal Press is most interested in documenting a kind of hazard that is not typically accounted for in government safety reports: what he calls “moral injury.” It describes the impact of having to carry out tasks that violate a person’s core sense of self — think drone operators, prison guards, poultry plant workers, and oil riggers. 

These are the workers we won’t see politicians sidling up to for photo ops this Labor Day."
GreenEnergyCapacity	"The Coca-Cola Company is committed to creating more sustainable communities. Our climate goals recognize we must do our part to reduce our carbon output and build resilience in the communities in which we operate. Packaging initiatives, like the Universal Bottle, bring us closer to the circular economy we aspire to see. 

Learn more about the steps we are taking to create a #WorldWithoutWaste: cokeurl.com/kjamrx. "
GreenEnergySupportsCommunities	Climate change threatens the birds we love. Sign up and we'll alert you to actions you can take to protect birds and the habitat that sustains us all.
CallToActionAgainstOilAndGasIndustries	"We are currently seeking a Site Surveyor to join our team on a part-time basis. If you are looking for a place to learn more about solar and make some extra money please read below and see if this role is a match for you.
 
The Site Surveyor will focus on surveying homes for future install sites for solar installations. This person's primary job will be surveying, taking pictures of, and documenting homes around the state of Oklahoma. The ideal candidate for this position needs to have a reliable means of transportation, be extremely reliable, and have the ability to take pictures with their smartphone and upload those pictures to our CRM application.

Skills and Requirements include but are not limited to:
- Conduct site surveys across the state of Oklahoma
- Take detailed notes and input notes into our CRM application
- Be professional and communicative with any homeowners
- Work with internal employees on completion of reports
- Complete reports in a timely manner
 
Travel Requirements:
- Travel away from home for several hours
- Ability to travel with little notice
- Reliable vehicle with a valid Oklahoma driver’s license
 
Physical Demands
- Ability to lift a minimum of 35 lbs
- Ability to work outdoors, on ladders, and in confined spaces
- Ability to work with/around electrical wires
- Ability to work remotely at construction or installation sites

Education and Experience Required
High school diploma or GED. "
CelebrateBuildBackBetter	Industrial manufacturers are key to reducing our emissions as a nation, and many of them are stepping up to bring their carbon footprint down. Read more:. 
OilAndGasTaxesBad	"The Lignite Council recently recognized legislative leaders for their work during the 2021 North Dakota legislative session. Five legislators received the Lignite Luminary distinction for sponsoring two or more priority bills to support the coal industry. More than 100 legislators were recognized as Lignite Champions for voting in favor of all of the priority bills.
 
The 2021 Lignite Luminaries are:

Senator Jessica Bell (R-33) Beulah
Senator Rich Wardner (R-37) Dickinson
Representative Jeff Delzer (R-8) Underwood
Representative Chet Pollert (R-29) Carrington
Representative Craig Headland (R-29) Montpelier
 
Read more about the recognition program at: 

https://lignite.com/uncategorized/legislative-champions-of-the-lignite-industry-recognized/. "
CleanOilAndGas	"Breathing is supposed to keep us alive, not kill us. Yet tens of thousands of Americans die every year because of dirty air. 

Earthjustice is wielding the power of the Clean Air Act to clean up air and to hold industry accountable for its pollution, so people can live full lives with lower risks of cancer, and fewer heart attacks and debilitating asthma episodes."
BuildBackBetterActCampaign	Rittenhouse’s constitutional rights were upheld because Wisconsin courts, like Tennessee courts, still allow a balance of power between the judge and the prosecutor. 👇. 
CallToActionAgainstOilAndGasIndustries	"New York Republican Chairman Nick Langworthy will continue his statewide “Just Say No” tour to Saratoga to highlight the Party’s opposition to the November election ballot propositions. #JustSayNoNY 

Saratoga County Republican Committee. "
OilAndGasSupportJobs	"""There's ""no chance that North Face could exist as a company or an organization without oil and gas,"" Wright told Fox Business Thursday. 

Fossil fuels are needed to make the petrochemicals that are used in the plastics, nylon, climbing ropes and more that North Face sells, Wright says. Oil and gas products fuel the factories that manufacture the goods. And fossil fuels are the backbone for shipping North Face products around the world. "". "
ClimateEmergency	A Conversation with the Four Living Standing Rock Sioux Tribe Chairmen. 
GreenEnergyCreatesJobs	"World’s Best Wednesday🏆enjoy your cup of coffee☕️ this morning with a good laugh! 

#memes😂 #officememe #officememes #michealscott #wednesday #gabelewis #energy #environment #sustainability #gop #kellykapoor #stanleyhudson #dwightschrute #climate #change #kevinmalone #worldsbestboss. "
DemandClimateActionFromLeaders	"ICYMI: While most politicians are busy pointing fingers at one another over rising costs of essentials like gas, Senator Sue Serino is pushing for the state to take real action to provide immediate relief to hardworking New Yorkers. 

Sue wants the state to suspend its gas tax—a move that would save residents almost 50 cents per gallon! LIKE if you agree that New York should suspend the gas tax today! 

https://westchester.news12.com/sen-serino-helps-lead-the-effort-to-trash-the-gas-tax. "
CallToActionAgainstOilAndGasIndustries	"#BREAKING: Speaker Announcement! Joining us at CCR Convention 2021... Ambassador Richard Grenell! 🔥 

Amb. Grenell served as Ambassador to Germany and Acting Director of National Intelligence during the Trump Administration. He has been an advocate for many of the Trump admin policies, the MAGA movement, and the need to oust Governor Gavin Newsom! We look forward to him joining us on July 10th. 🇺🇸 Tickets (public can watch on zoom!) 👉 cacollegegop.com/convention

For more background on Ambassador Grenell:

Richard A. Grenell was confirmed by the United States Senate as United States Ambassador to Germany on April 26, 2018 and served until May of 2020. Grenell was appointed Presidential Envoy for Kosovo-Serbia Negotiations in 2019, and as Acting Director of National Intelligence in 2020. Grenell also led the U.S. government’s initiative to Decriminalize Homosexuality in more than 70 countries around the world. 
 
Grenell started his tenure in Berlin by successfully negotiating with German businesses to sever their ties with the Islamic Regime in Iran and getting the German government to accept the return of former Nazi prison guard Jakiw Palij. He also successfully pressured the German government to increase its defense spending, ban Hezbollah in Germany, and shut down the North Korean Youth Hostel in Berlin. Grenell also focused on stopping the Nord Stream 2 Russian gas pipeline, combating anti-Semitism, and growing German companies’ investment in the U.S.     
 
As Acting Director of National Intelligence, Grenell streamlined the intelligence community, implemented $19 million in budget savings, and declassified documents related to the Russian investigation that had been previously unreleased.  
 
Grenell was the longest-serving U.S. Spokesman at the U.N. serving from 2001 to 2008 and advising four U.S. Ambassadors.  In 2004, he was appointed as Alternative Representative to the U.N. Security Council with full voting rights and privileges.   
 
He has served as the primary communications adviser for public officials at the local, state, federal, and international levels.  In 2012, he briefly served as National Security and Foreign Affairs Spokesman for Presidential Candidate Mitt Romney, making him the first openly gay spokesman for a Republican Presidential candidate. Grenell is also the first openly gay U.S. Government Cabinet official. 
 
Grenell previously taught at the University of Southern California's Annenberg School of Communications and is currently a Fellow at Carnegie Mellon University. He received his Master's Degree in Public Administration from Harvard University's John F. Kennedy School of Management and his Bachelor's Degree in Government and Public Administration from Evangel University."
GreenEnergyCreatesJobs	"America’s cement manufacturers are committed to reaching carbon neutrality across the cement and concrete value chain by 2050. 
 
Find out more about the industry’s plan at shapedbyconcrete.com."
RenewableEnergyPromotionAndGrowth	"SoCalGas is empowering hydrogen development for California’s homes and businesses, because we believe in clean, safe, and reliable energy for tomorrow. 

Watch to learn how this innovative fuel is powering our world to #NetZero future.

#CleanEnergyWeek. "
RenewableEnergyPromotionAndGrowth	Come learn about solar and renewable energy at our free Solar 101 class. Event will be located at the Mabel C. Fry Public Library in Room B.Dinner will be provided from Chick-fil-a!
GreenEnergyCreatesJobs	Iowa scientists: Climate change will bring floods, drought and supercharged ragweed. 
ClimateEmergency	Home appliances that run on fossil fuels are contributing to the climate crisis and harming our health. NOW is the time for Congress to help more people run their homes on clean electricity!
OilAndGasBoostEconomy	With summer storms approaching, #natgas will help keep your hot showers and warm meals flowing.
DemandClimateActionFromLeaders	"“Let’s protect beautiful Arizona.” 
“Let’s protect the Arizona Trail.”
Please urge our Senators to vote to Build Back Better. 
Senator Sinema (602) 598-7327 
Senator Kelly (602) 671-7901

The Build Back Better budget proposed by President Biden is supported by nearly two-thirds of Arizona voters (https://www.filesforprogress.org/memos/bbb-az.pdf). It would fight climate change by moving our country toward renewable energy in electricity and new vehicles. It would also help prevent drought and wildfires, while reducing their impacts on recreational resources like the Arizona National Scenic Trail. 

A recent survey of Arizona Trail Association members identified the greatest biggest threats to the Trail as wildfires, drought and climate change. 

“The effects of heat, drought and wildfire are exponential over the past decade,” said Michael Chappell, an Iraq War veteran and veterans outreach specialist. “We can cut the pollution that causes climate change. Senator Kyrsten Sinema and Senator Mark Kelly, we are counting on you.” 

The Arizona National Scenic Trail is a complete non-motorized path, stretching 800 diverse miles across Arizona from Mexico to Utah. It links deserts, mountains, canyons, forests, history, communities and people. The Arizona Trail Association’s mission is to protect, maintain, enhance, promote and sustain the Arizona Trail as a unique encounter with the land. Learn more at www.aztrail.org."
RenewableEnergyEconomicBenefits	Not all electricity providers are the same. Electric co-ops power businesses, homes, schools and farms across the country and support more than 600,000 jobs. Learn how co-ops do more than just keep the lights on. #CooperativeDifference #Voices4CoopPower. 
ClimateChangeMovements	UMaine Farmington Physics Professor, Paul Stancioff, PhD., and Maine nature-lover, Cynthia Stancioff, detail out the math comparing fossil fuel and hydro emissions. Especially in colder regions like Quebec, CO2 emissions from hydro are far below that of either coal or natural gas.
ClimateChangeMovements	Coal-based electricity has been a low-cost and resilient source of electricity for several decades, but as homeowners worry about rising costs of energy, coal is being attacked.
GoBold	"Atlanta Residents: Duke Energy isn’t switching from dirty fossil fuels​ to clean energy fast enough. It’s worsening the climate crisis, and costing us our planet. 

Expose the cost of its dirty power at https://sc.org/Dirty-Truth. "
AbandonedWells	The world’s thirst for oil will exceed pre-pandemic levels next year, with improving vaccination rates and increasing public confidence in governments’ management of Covid-19 spurring a recovery in travel, the Organization of the Petroleum Exporting Countries said Monday.
OilAndGasBoostEconomy	A non-profit trade association primarily engaged in the exploration, production, development, transportation and distribution of natural gas and oil in VA.
GreenEnergyCreatesJobs	Biofuels are the future of renewable energy. Follow along →. 
RenewableEnergyPromotionAndGrowth	Did you know that Bioheat® fuel supports local businesses in your community and is a cleaner heating fuel? Bioheat® fuel is delivered by people who live in your neighborhood. Call your local fuel provider today and ask for Bioheat® fuel. #bioheat. 
RestoreVirginia	There’s nothing more important than a safe home. #UltimateSafetyTest. 
CutMethane	Williams is committed to being the leader in providing infrastructure that safely delivers natural gas to reliably fuel the clean energy economy.
RenewableEnergyPromotionAndGrowth	If the Flexible Financing for Rural America Act is passed, the average co-op with typical RUS debt could save $2 million per year in interest payments – money that can be returned to consumers-members by investing  in co-op and community development. Learn more here: https://bit.ly/3xreNrU #Voices4CoopPower #RepriceRUSRates. 
TellRepToNotRaiseOilGasTaxes	"Marjorie Taylor Greene is panicked.

Last year, Rep. Marjorie Taylor Greene didn’t have a Democratic opponent. Now, thanks to 76,000 of you who donated, we just matched her in fundraising this quarter, bringing in over $1.5 million.

Next November, WE WILL UNSEAT HER. Help us step on the gas with a $5 donation NOW!"
CelebrateBuildBackBetter	Thank Senator Fischer for supporting smart, practical, bipartisan policies that promote conservation by helping reduce carbon emissions. The Growing Climate Solutions Act is the first step toward rewarding farmers, ranchers, and foresters for protecting birds and all wildlife for future generations. Sign up today to show your support!
GreenEnergyCreatesJobs	"WE ARE HIRING! 
 
Solar Power of Oklahoma is looking to IMMEDATLY hire several new Solar Installation Technicians. 
 
Do you pride yourself as being a Hardworking, No-Nonsense, ""Get Stuff Done"" type of person that wants to feel accomplished when your head hits the pillow, all while making great pay and earning your spot on the SPO TEAM? If so, you need to apply for this position. 
 
Join the LARGEST and FASTEST GROWING Solar company in Oklahoma, Solar Power of Oklahoma!
 
Give us a call at 405-608-0095 or come see us at 7801 N. Robinson Ave., J-8, Oklahoma City, OK 73116."
GreenEnergyCreatesJobs	"#ICYMI: ""With Oklahoma's abundant wind energy resources, the data center in Pryor has nearly reached the company's ultimate goal. Google announced last week that five of its data center sites — in Oklahoma, Denmark, Finland, Iowa and Oregon — are now operating at or near 90% carbon-free energy."" via The Oklahoman. "
BellbrookWokeRadicals	"HUD is charging the husband-and-wife owners of apartments in Oil City, Pennsylvania, with sexual harassment and retaliation against a female resident. HUD’s charge alleges that the husband groped and tried to forcibly kiss the woman when he was in her unit to perform electrical repairs. The charge also alleges that when the female tenant told the wife about the harassment, the wife texted her: “You are out,” “You got 10 days,” and “You are a liar.”  The female tenant and her child were subsequently evicted and charged for unpaid rent and legal fees. The complainant is represented by Southwestern Pennsylvania Legal Aid's Fair Housing Law Center through HUD's Fair Housing Initiatives Program. 

To report sexual harassment, please contact the Fair Housing Law Center at 877.725.4472 or visit fhlaw.org/report-housing-discrimination."
ClimateChangeMovements	One city wants to ban all fossil fuels including gas stations, gas appliances and gas-powered lawn tools.
AbandonedWells	Storm season is always a big deal in Michigan, and this year is no exception as recent summer storms have escalated into tornadoes in some parts of the state. Here are 5 things you should know about Michigan storm season, how to stay safe and prepared, and why it’s so important to maintain a strong, resilient grid during these times. https://bit.ly/2UHmj49. 
OilAndGasBoostEconomy	Alliance CEO Rebecca Logan spoke to Fox News recently about the Biden administration's decisions regarding Alaskan oil-drilling leases and its defense of ConocoPhillips' Willow project.
AntiFossilFuelInfrastructure	"It's #WorldOceansDay and here at Earthjustice, we know that ALL water and ALL people on this planet are connected. Here are some ways we are working on transforming our approach to saving our oceans with the power of the law:

🐠Ending illegal seafood imports - Illegal fishing devastates our ocean by catching unsustainable levels of fish using destructive gear in sensitive habitats. It also relies heavily on forced labor and slavery, and it plunders the fish that coastal communities around the world rely on. 

That is why Earthjustice is working to end illegal fishing around the world, starting with U.S. imports.

🦈Protecting the sea floor from mining - Alarmingly, some companies are claiming that mining the deep sea floor is the only way we can get the minerals we need to fuel our economy. This twisted logic threatens irreparable harm to the entire ocean in nominal pursuit of progress. Serious reform is needed to safely mine on land, and we can remove a lot of pressure on terrestrial ecosystems by more efficiently using and recycling the minerals we already have.
 
That is why Earthjustice is helping to build a sustainable economy that advances environmental justice and meets our clean energy goals while safeguarding our environment and minimizing risk of harm. 

🐟Keeping sewage contained - Raw sewage wreaks havoc on ocean ecosystems by sending oxygen levels plummeting, feeding harmful algal blooms, poisoning fish, and suffocating corals. Wastewater also threats communities whose yards flood with fecal matter, whose drinking water is unsafe for days at a time, and whose swimming areas are dangerous and unusable. 

That is why Earthjustice has joined the Ocean Sewage Alliance in taking an interdisciplinary approach to this systemic problem that will grow as our population does. 
 
🌊On World Oceans Day, we look forward to working with advocates around the globe on our shared goal: a healthy one world ocean.

📷: tommcdow47/istockphoto. "
RestoreVirginia	Come learn about solar and renewable energy at our free Solar 101 class. Event will be located at the Mabel C. Fry Public Library in Room B.Dinner will be provided from Chick-fil-a!
BuildBackBetterActCampaign	The next generation of advanced carbon-free nuclear power is just around the corner. Interested in staying up-to-date? Give us a like.
RenewableEnergyPromotionAndGrowth	Two decades after the first wind farms came to Kansas, residents are looking back on their experiences with wind power in their communities. Landowners have successfully farmed around towers, school districts have completed much-needed construction projects without raising taxes on residents, and “most people around here don’t even notice [the turbines] anymore,” said Orville Williams of Gray County, Kansas. Keep reading:. 
RenewableEnergyPromotionAndGrowth	Ranking in the top 15 of all U.S. states in wind energy capacity, Michigan is a leader in American wind. Here in the upper midwest, Michigan is leading the pack, coming in second to South Dakota in installed wind capacity.
OilAndGasSupportJobs	"After postponing last year’s show – the first disruption since World War II – because of the COVID-19 pandemic, the Permian Basin International Oil Show will open its gates Oct. 19-21.

https://www.mrt.com/oilreport_specialedition/article/Oil-Show-organizers-ready-welcome-back-industry-16543654.php. "
RestoreVirginia	"Old windows are destroying the view. We can do better. Link in bio to find out how.
.
.
.
#wecandobetter #energy #conservation #energysaving #glacier #glaciers #climatechange #actonclimate #protectourwinters #personalaction #beautifulplanet. "
OilAndGasTaxesBad	Pipelines are designed to meet or exceed stringent federal and state regulations covering pipeline material, strength and thickness. The high-grade steel used helps to provide safe and reliable transportation for crude oil.
PublicLandExploitation	Republicans and Democrats agree: Government-controlled power is a bad idea for Maine. Tell us what you think: https://bit.ly/31N2eg2. 
ClimateChangeMovements	For former NFL safety and Super Bowl champion Sean Considine, the push to preserve Illinois’ nuclear power plants is personal.
CallToActionAgainstOilAndGasIndustries	"HUD is charging the husband-and-wife owners of apartments in Oil City, Pennsylvania, with sexual harassment and retaliation against a female resident. HUD’s charge alleges that the husband groped and tried to forcibly kiss the woman when he was in her unit to perform electrical repairs. The charge also alleges that when the female tenant told the wife about the harassment, the wife texted her: “You are out,” “You got 10 days,” and “You are a liar.”  The female tenant and her child were subsequently evicted and charged for unpaid rent and legal fees. The complainant is represented by Southwestern Pennsylvania Legal Aid's Fair Housing Law Center through HUD's Fair Housing Initiatives Program. 

To report sexual harassment, please contact the Fair Housing Law Center at 877.725.4472 or visit fhlaw.org/report-housing-discrimination."
BuildBackBetterActCampaign	Stephanie Bice is committed to the people of Oklahoma. She fights to lower taxes, help our veterans, end wasteful government spending, and for our oil & gas industry. Democrats want her out of Congress - she needs your help right now to stop their attacks. Rush in a donation now before the monthly deadline to support Oklahoma’s proven conservative leader!
ClimateChangeMovements	Communities across the Gulf Coast and New Orleans had little time to evacuate or prepare for the devastating impacts from Hurricane Ida. Surprising even weather and climate experts, this storm's growth warns of a new era of extreme weather unless we #ACTNow!
ClimateEmergency	Fly fishermen like Tom are concerned about warming waters impacting the habitat for trout. As an avid outdoorsman and conservationist, Tom knows that we are behind on acting on climate. Join Tom & others across the state in demanding climate action.
BuildBackBetterActCampaign	Electric co-ops were built to power to rural America. VCP was built to fight for them.
CallToActionAgainstOilAndGasIndustries	"TPUSA LIVE is the unfiltered, grassroots alternative to mainstream media. Watch daily shows, live in-studio content from TPUSA HQ and weekly shows covering politics, pop-culture, sports and everything in-between. Tune in every weekday starting at 5 PM ET / 2 PM PT.

Check out today’s show! 

Human Events Daily host Jack Posobiec discusses how the Rittenhouse trial is about the 2nd Amendment, CNN goes full White House shade war, illegal migrants, Pfizer CEO and more!

The TPUSA LIVE team is joined by host, Jon Root, and special guests Morgan Zegers, Alex Weber, Louis Uridel & Kendall Jones who will talk about Florida thriving, VP Harris' standing, Kyle Rittenhouse trial closing and more!

Freedom Papers host Morgan Zegers covers Federalist Paper #6 and dives into preventing hostilities between states on American soil.

We will wrap up the show with POPlitics with Alex Clark as she talks about Taylor Swift's new album, Scottsdale Schoolboard's parent dossier, Christmas cookie prices, and more!

#Rittenhouse. "
ClimateChangeDonations	A year after the Derecho, MidAmerican still has no plan to act on climate.
CallToActionAgainstOilAndGasIndustries	The resignation puts Oil Search's $4.1 billion Alaskan oil project in jeopardy.
CallToActionAgainstOilAndGasIndustries	"TPUSA LIVE is the unfiltered, grassroots alternative to mainstream media. Watch daily shows, live in-studio content from TPUSA HQ and weekly shows covering politics, pop-culture, sports and everything in-between. Tune in every weekday starting at 5 PM ET / 2 PM PT.

Check out today’s show! 

Human Events Daily host Jack Posobiec discusses President Biden's UN speech, protests breaking out in Australia, & the truth about Afghan refugees coming across the U.S border.

The TPUSA LIVE team talks about Vice President Harris’s address regarding pandemic preparedness, woke corporate culture in today's society, and Netflix’s new Britney Spears documentary coming out soon. 

Benny on the Block host Benny Johnson discusses our border crisis and then watch Real America with Graham Allen as he talks about vaccine mandates for our military, President Biden's foreign relations plans & more. 

Stick around for ""Debate Night"" where Charlie Kirk takes on Leftist, Rashad Richey from the Young Turks debating whether kids should be masked in schools. You don't want to miss that! 

We will wrap up the show with POPlitics with Alex Clark as she dives into Uma Thurman's deepest, darkest secret, Halloween costume ideas, & a Pop-Culture Rewind."
ClimateEmergency	"🚘 Transportation is the single largest source of carbon pollution in the United States, and Colorado recently had the worst air quality in the world.

𝐀𝐝𝐝 𝐲𝐨𝐮𝐫 𝐧𝐚𝐦𝐞 𝐭𝐨 𝐝𝐞𝐦𝐚𝐧𝐝 𝐜𝐥𝐞𝐚𝐧𝐞𝐫 𝐭𝐫𝐚𝐧𝐬𝐩𝐨𝐫𝐭𝐚𝐭𝐢𝐨𝐧 𝐜𝐡𝐨𝐢𝐜𝐞𝐬 𝐭𝐨 𝐩𝐫𝐨𝐭𝐞𝐜𝐭 𝐨𝐮𝐫 𝐡𝐞𝐚𝐥𝐭𝐡 𝐚𝐧𝐝 𝐞𝐧𝐯𝐢𝐫𝐨𝐧𝐦𝐞𝐧𝐭 >>. "
BellbrookWokeRadicals	"President Joe Biden referred to FDR’s packing of the court as a “bonehead idea” when he was a Senator back in 1983. However, he supports packing the court today. Why is this? 

🚨 The radical left is using President Biden as a puppet to get whatever their liberal agenda wants! Our nation was founded upon a system of checks and balances. The democrats are actively trying to do everything in their power so they have TOTAL control. Let’s put a STOP to this! Join the North Carolina Republican Party today if you support a system of checks and balances! #NCGOP #Republican ⬇️ ⬇️ ⬇️. "
GreenEnergyCapacity	Williams is excited to join Greentown Labs as the first midstream corporate partner to support cleantech entrepreneurship that will accelerate the transition to a low-carbon future.
ClimateChangeMovements	"Virginians’ energy bills are the 6th highest in the country*, but that’s not what Dominion Energy is telling people. Dominion doesn’t want you to know the truth — it is overcharging Virginians like you by hundreds of millions of dollars each year.
 
Are you tired of Dominion’s antics? Join the movement here --->
CleanVirginia.org/Join-The-Movement
 
*Source: U.S. Energy Information Administration, Annual Electric Power Industry Report, Released October 2020."
CutMethane	"If we don’t make drastic changes nearly half of the world’s species could disappear by the end of the century. Donate now so we can take the fossil fuel industry to court and protect biodiversity before it’s too late.

Until midnight on June 30th, all gifts will be TRIPLED to help take on the critical environmental legal battles ahead."
CelebrateBuildBackBetter	"Addressing the climate crisis means finding solutions for everyone: from care workers on the front lines to the working people who will rebuild our infrastructure. We can’t afford half measures. 

Join us in thanking Representative Jayapal for championing the Build Back Better agenda."
CarbonEmissionReduction	Concern for community is at the core of everything co-ops do! So, when Ralls County Electric Cooperative learned their neighbors need access to reliable, affordable broadband they decided to rise to the challenge. https://bit.ly/2WBifTl #RuralBroadband #ConcernForCommunity. 
GoBold	If you truly want to save the planet from global warming, there’s one energy source that can do it. It’s not wind or solar. So what is it?
GoBold	Do you think the electricity we use should come from carbon-free sources? We do, too.
RestoreVirginia	"Juan Carlos Cerda, Director of the Texas Business Immigration Coalition (TBIC), joins Orlando and Andrea on TLC Live!. Listen to a fascinating conversation about immigration policy and dreamers.

For more information about Juan Carlos and the American Business Immigration Coalition, visit http://abic.us/. or https://www.texasbic.biz."
CutMethane	A vast majority of Illinois oil producers not only live in the southern Illinois communities where they operate but do good work in those communities as well. A prime example is the Podolsky family in Wayne County. Check out the following IPRB blog post to find out more. https://iprb.org/blog/2019/trust-established-by-illinois-basin-icon-funds-d-c-trips-for-wayne-co-high-school-seniors/. 
ClimateChangeMovements	"We're reintroducing our SAGE board members because we've welcomed quite a few new followers here! First, we have Board Chair Fawn Wasin Zi (pronounced Washee Zee), and her Lakota name is Shun Hizi Ota Agli Win, which means She Brings Many Buckskin Horses.

Fawn spent 10 years in the Standing Rock Sioux Tribe (SRST) Land Management Department, Office of Land Operations and Energy Resources as the Energy and Mineral Manager. She currently serves as a STEM educator with the intention to inspire future generations about the possibilities and hope for their future. With a background in biology, she firmly believes it is her duty to speak for those, Unci Maka (Grandmother Earth) that cannot speak for themselves. She hopes one day we all live in a more sustainable way that is beneficial to mankind and Grandmother Earth."
BuildBackBetterActCampaign	"NYGOP Chairman Nick Langworthy Takes “Just Say No” Tour to Elmira. He is joined by Local Officials in Opposition to November Ballot Proposals Threatening Election Integrity. #JustSayNoNY

New York State Senator Tom O'Mara
Tom O'Mara for Senate
Assemblyman Chris Friend
Chemung County Republican Committee. "
CleanEnergyPromotion	Eric’s a liberal environmentalist. Daniel doesn’t believe in climate change. But they can both agree on a better way to heat and cool their homes.
CallToActionAgainstOilAndGasIndustries	"Shame on you, Rep. Herrell. New Mexico deserves better. Our families deserve someone who will fight for our future and our communities

For far too long, our communities and environment in the South have been sold out to big Oil and Gas - we must stop that!"
OilAndGasTaxesBad	"Will the school board ever grow up? They need the power to face unpleasant facts. 

The school district spending is out of control and is based on deceiving taxpayers into taxing themselves at ever-higher rates. 

“The chickens have come home to roost.”

The school district should be grateful for what it has got instead of constantly raising taxes every 4 to 5 years, for the last 50 years!

Bellbrook does not have a funding problem, it has a spending problem.

If the board members are as smart, as they say, they are, think they are, then why haven't they realized you can not keep ripping people off by taxing the homes 🏡 they live in?

Guilting taxpayers into paying more for the same is the tactic of the ill-informed and entitled. 

As even retired teachers have said, this is about supporting the lifestyles of, arguably overpaid, over benefited, public employees. 

It has to end, the well has run dry. There is no money 💰 tree 🌲 to harvest the cash needed to cover these lavish wages, Cadillac benefits, bonuses, sick days, pickups, and pensions.

All public employees need to respect the taxpayer and view them more than ATMs.

Say what you want, taxes are way too high and the largest most undisciplined, selfish spender,  is the school district. 

The board needs to get a grip and accept responsibility. The board needs to accept the outcome of the last 3-elections.

NO MEAND NO!

The unpleasant fact is they need to knock off the arrogance and get down to managing the $31,000,000.00million dollars they have to educate 2700 children.  

It's not as if the money isn't already there.

If they find themselves unable to deal with it, then they should step aside so others can step in, with fresh new ideas, and get the job done within the current generous budget.

The vote yes people have no special qualifications to tackle budgets, they are pretenders who can not be trusted. They only know how to spend more. They are not as smart as they think they are.

Be smart. Be thrifty like a farmer. VOTE NO on May4th! Please join the Bellbrook-Sugarcreek Property Tax Revolt of 2021.

Stop 🛑 taxing yourself, your friends, and your neighbor's 🏡 homes.

VOTING NO is the well-informed choice.

NO MEANS NO!"
DemandClimateActionFromLeaders	Did you know that getting renewable energy could be as simple as a phone call? If every parent made this pledge 👇, we could help protect your kids' future.
LawmakersAndOilAndGas	"Join us for an interview with Clay Sell, CEO of X-energy. 

He has a deep professional background across many sectors of the U.S. and international energy industry developed during his service in senior level positions in the private sector and government.

Clay completed a 14-year run in government as Deputy Secretary of Energy in the George W. Bush Administration from 2005-2008.

This interview is part of our interview series for Nuclear Science Week!"
RenewableEnergyPromotionAndGrowth	In partnership with the Jamestown S’Klallam Tribe, Washington Policy Center just released this new video showing the importance and sustainability of aquaculture.
DemandClimateActionFromLeaders	Smarter NY Energy was created to support efforts to address climate change while raising awareness of the implications of the Climate Leadership Community Protection Act (CLCPA) and the importance of taking a balanced approach to energy use. Follow us to help us take action!
DemandClimateActionFromLeaders	Tackling the world’s hunger crisis isn’t only about providing food in an emergency. Mercy Corps works with communities around the globe to address the root causes of hunger, including climate change, economic instability, and political conflict. Implementing long-term solutions takes significant resources, so we’re looking for your help in making this critical work possible in this crisis and many others. Will you donate $25, $50, or whatever you can, today?
RestoreVirginia	🚨NORTH CAROLINA, to make change we need your help🚨. 
ClimateChangeMovements	Support an organization making a tangible, lasting impact on world hunger: Last year Mercy Corps reached over 3.7 million people through our food security work that goes far beyond handing out food. Mercy Corps works to resolve underlying causes of hunger, from environmental disaster to the economic crisis caused by COVID-19. Support our work alongside people across the world—donate now.
RenewableEnergyPromotionAndGrowth	Have you heard about cleaner, greener Bioheat® fuel? This more sustainable fuel is made using ultra-low sulfur fuels and renewable biodiesel and it can be used in your existing heating system, no conversions needed. Check out this short video to learn more! And don't forget to ask your local heating company about Bioheat® fuel. #newyork #bioheat #bioheatfuel. 
RenewableEnergyPromotionAndGrowth	Protecting the American Bald Eagle = Protecting the Tongass National Forest.
BuildBackBetterActCampaign	Watch firsthand account of the battles faced by fishers and fish workers as they are faced with declining fish populations, increasingly common extreme weather events and disruptions due to climate change.
VirginiaConservatives	"It’s Wednesday, right⁉️😲

#memes #memesdaily #tuesday #ERCOT #texas #greenenergy #starwars #anakinskywalker #Padme #starwarsmemes #jedi #resource #development #electrical #grid #power #Reduce. "
RenewableEnergyPromotionAndGrowth	This is a game-changer: OpenET, a new online water data platform, lets farmers and water managers easily track how much water crops use. The tool makes critical data for water management widely available in 17 western states amid record drought.
BuildBackBetterActPassed	Landowners have a right to use their land as they see fit, and some are choosing to support their local tax base, diversify their sources of income, and help add new power to the grid by leasing land for solar and wind projects. Neither of these forms of development permanently remove land from agricultural use, so many farmers view them as a way to safeguard their land for the next generation of ag producers:. 
AntiFossilFuelInfrastructure	Who loves climate hysteria? China does! And so do American universities. Why, you ask? Because China is pumping billions of dollars into America’s elite academic institutions. A sizable portion of that cash goes to “research” into the “climate crisis” narrative. China gets stronger as the  presumed climate crisis encourages western nations to voluntarily make their energy infrastructure weaker. Along the way, universities are sent loads of cash tied to the Communist Chinese government. Aren’t you a little suspicious of CCP motives? Are universities?
VirginiaConservatives	The Western world has produced some of the most prosperous and most free civilizations on earth. What makes the West exceptional? Ben Shapiro, editor-in-chief of the Daily Wire, explains.
BellbrookWokeRadicals	"🇺🇸  🇮🇱 Ends Today: $250 Units with $0.25 Warrants

• Inspired by Scripture (Gen 49 & Deut 33)
Zion Oil & Gas, Inc. (OTCQX: ZNOG) envisions an Israel that is energy independent from onshore oil and gas finds that have been Biblically promised to Israel."
VirginiaConservatives	Did you know? 90 percent of Illinois' oil production occurs in the state’s top-15 producing counties — all of which are located in Southern Illinois and collectively have just 2.2% of the Land of Lincoln's overall population. All 15 (as well as three other producing counties) have recently passed Resolutions of Support for the Illinois oil production industry. Find out more about the importance of oil production to these counties here: https://iprb.org/industry-facts/illinois-economic-study/. 
LawmakersAndOilAndGas	What is recompression? It's a process we use to keep our natural gas in the pipeline during routine maintenance or repair. Here's how it works. wmb.link/qo4. 
ClimateChangeMovements	"Writer Eyal Press is most interested in documenting a kind of hazard that is not typically accounted for in government safety reports: what he calls “moral injury.” It describes the impact of having to carry out tasks that violate a person’s core sense of self — think drone operators, prison guards, poultry plant workers, and oil riggers. 

These are the workers we won’t see politicians sidling up to for photo ops this Labor Day."
AbandonedWells	How much with the Energy Master Plan cost the taxpayers of New Jersey? Learn more here: https://njaffordableenergy.com/trenton-energy-tax/. 
RenewableEnergyPromotionAndGrowth	"Join us at World of Concrete for updates on our Roadmap to carbon neutrality. 

Through collaboration, we can achieve this goal – learn more at shapedbyconcrete.com."
CarbonEmissionReduction	"Stop scrolling for a second – the planet depends on it!
 
🌎 𝐋𝐀𝐒𝐓 𝐂𝐇𝐀𝐍𝐂𝐄 𝐓𝐎 𝐅𝐔𝐄𝐋 𝐂𝐋𝐈𝐌𝐀𝐓𝐄 𝐀𝐂𝐓𝐈𝐎𝐍 𝐈𝐍 𝟐𝟎𝟐𝟏 | 𝐌𝐀𝐓𝐂𝐇 𝐄𝐗𝐏𝐈𝐑𝐈𝐍𝐆 
From more extreme wildfires and hurricanes to floods and droughts, the devastating impacts of the climate crisis are already here – and the point of no return isn’t far off. Either we act now, or we see the already dangerous effects of climate change become irreversible.
 
That’s why we need you to get your FINAL gift of the year in under the wire, before our generous match expires and it’s too late. 𝐏𝐥𝐞𝐚𝐬𝐞: 𝐃𝐨𝐧𝐚𝐭𝐞 𝐛𝐞𝐟𝐨𝐫𝐞 𝐲𝐨𝐮𝐫 𝐅𝐈𝐍𝐀𝐋 𝐂𝐇𝐀𝐍𝐂𝐄 𝐨𝐟 𝐭𝐡𝐞 𝐲𝐞𝐚𝐫 𝐚𝐧𝐝 𝐡𝐚𝐯𝐞 𝐞𝐯𝐞𝐫𝐲 𝐝𝐨𝐥𝐥𝐚𝐫 𝐝𝐨𝐮𝐛𝐥𝐞𝐝 𝐭𝐨 𝐩𝐨𝐰𝐞𝐫 𝐚 𝐰𝐢𝐧𝐧𝐢𝐧𝐠 𝐜𝐥𝐢𝐦𝐚𝐭𝐞 𝐦𝐨𝐯𝐞𝐦𝐞𝐧𝐭!"
AbandonedWells	"Mercy Corps teams are in Haiti assessing damage near the epicenter of the recent 7.2 magnitude earthquake. Make an emergency donation right now to help Mercy Corps support families recovering in places like Haiti and respond to natural disasters around the world.

This earthquake is another major setback in a country struggling with political instability, COVID-19, and food security. Mercy Corps teams are already on the ground where help is most needed. In Haiti alone, we have70 dedicated team members, ready to work when disaster strikes. All over the world, Mercy Corps works alongside communities to help families affected by disasters, conflict, and climate change.

Your gift today can help Mercy Corps meet the immediate needs of those facing crises like this earthquake currently affecting Haiti, and build a future where everyone can prosper."
BellbrookWokeRadicals	"""Floridians have enough to worry about from the winds of real hurricanes – they don’t need a massive financial storm created by the government. As Florida residents hope to avoid becoming this season’s hurricane victims, stopping the Hurricane Tax just as surely prevents them from becoming political victims, too."". "
RenewableEnergyPromotionAndGrowth	"Utility deregulation caused a disaster in Texas this year… With residents seeing a 10,000% increase in their electric bills. 📈

Tell Richmond not to let the same thing happen in Virginia. TAKE ACTION."
GoBold	The Regional Greenhouse Gas Initiative (RGGI) is critical for Virginia to successfully address its flood crisis. Learn more about how RGGI can help.
ClimateEmergency	Sign our emergency petition to fight back against Joe Biden's reckless power grab and FORCED Vaccine Mandates!
OilAndGasTaxesBad	"Registration is open for the 2022 Illinois Petroleum Resources Board (IPRB) Summer Math & Science Teachers Program! The event will be held June 27-June 30 at the Doubletree By Hilton in Mount Vernon. Illinois grades 3-12 science and math teachers who complete the summer program will earn 37 ½ professional development hours OR 7 ½ Professional Development hours and two graduate course credits from Illinois State University. 

Cost is just $100, with all registration fees going to fund IPRB’s annual scholarship to be awarded to an outstanding high school senior planning to pursue a STEM-focused oil and gas-industry related degree or certification. The $100 registration fee includes food and lodging for all four days of the program and hands-on curriculum, including grade-specific lesson plans and a lab/classroom activity kit. Be sure to register today!"
ClimateChangeMovements	Will you chip in $25 to support re:power alumni like, Nashville City Councilwoman Delishia Porterfield? As a progressive elected official, Delisha continues to use the tools and skills she learned at re:power.
ClimateChangeDonations	Please join the Heritage Wind team at the Lartz Building at the 2021 Orleans County Fair for the Wind Blade Challenge. We are looking for four teams of two to four students to work together to construct a model wind turbine out of simple materials that will be connected to a toy car.
GreenEnergyCreatesJobs	"In addition to sharing a border, the US and Canada share a common vision: to establish a prosperous and sustainable economy that will help protect the environment and health of communities across North America. As part of the upcoming Climate Summit, both countries are actively working together on strategies to reduce harmful emissions and mitigate the damage they create.

https://www.canada.ca/en/environment-climate-change/news/2021/04/joint-statement-by-the-us-environmental-protection-agency-and-environment-and-climate-change-canada-on-environment-and-climate-change.html. "
VirginiaConservatives	A carbon tax would raise the cost of energy, hurt our economy, and do little to reduce global emissions.
ClimateChangeMovements	"Democrats are pushing a bill that will the pack the Supreme Court with liberals who legislate from the bench. If Democrats and President Biden have their way, America’s judicial independence will be destroyed. 
 
We have to stop this dangerous power grab and protect the court."
ClimateEmergency	DID YOU KNOW? Nearly 7 in 10 voters believe Congress should invest in thousands of good-paying clean energy jobs, tackle the climate crisis, and build a more fair and just economy by passing the Build Back Better Act. Sign on if you agree!
RenewableEnergyPromotionAndGrowth	Hope in the fight against pollution.
RenewableEnergyEconomicBenefits	"Renewable Natural Gas (RNG) made here in Vermont 👍 🌎

RNG is created from methane produced from organic materials in landfills, wastewater treatment facilities, and farms!

Customers can simply sign up to purchase renewable attributes of RNG for a percentage of their natural gas usage 📈 📊

Use our RNG Adder Calculator to find the right percentage based on your budget & energy use 🏡

Visit our site to learn more about RNG and enroll in the VGS Renewable Natural Gas Program!"
CallToActionAgainstOilAndGasIndustries	"Today, the average price for a gallon of gas in Kansas is $3.10.

A year ago, the average price for a gallon of gas in Kansas was $1.88.

Thanks to President Biden's failing energy & economic policies, Kansans are paying the highest prices at the pump since the Obama Administration."
ClimateChangeMovements	Will you give $25 today to support re:power Progressive Governance Academy (PGA) alumni working on important issues across the country? The impact we make today will have lasting effects on public policy, electoral politics, and the entire political ecosystem in which we operate.
ClimateChangeMovements	Tropical Storm Fred dumped over 20 inches of rain in Western NC, resulting in over $20 million in infrastructure damages alone. Without urgent action to combat climate change, the costs from increasingly severe weather will continue to rise. https://bit.ly/3l3bXok. 
ClimateChangeDonations	Don’t let Dominion Energy potentially raise your bills even more to provide a bigger profit—money it could  turn around and use for more political power.
GreenEnergyCreatesJobs	"There's real progress in the detection and monitoring of methane gas emissions. Methane-detecting satellites are the front lines of climate change vs. this potent greenhouse gas, and latest research shows “ultra-emitter” events spewed 8-12% of global methane emissions in 2019-20. 

Our own Steven Hamburg calls new space monitoring systems a game-changer that will put more pressure on the fossil fuel industry. EDF will launch a satellite in around a year, which will help reveal the smaller events that make up roughly 90% of methane emissions.

https://n.pr/3LcoLoi. "
RenewableEnergyPromotionAndGrowth	Protect your affordable, reliable electricity. VCP can help.
GreenEnergyCreatesJobs	Louisiana Liftboat Cap’t Farrel Charpentier believes offshore wind will create Gulf Coast jobs for years to come. Hear his story.
OilAndGasBoostEconomy	We're putting a spotlight on Oklahoma's oil and natural gas employees — meet Roch Romanson, Business Development Manager - Oklahoma for @Halliburton. Here are a few things Roch loves: his family, his dogs, golf and the TV show Knight Rider (facts). Apparently, his favorite band growing up was U2. That's what we call Roch and Roll! 🤘 Click the link in our bio to learn more fun facts!
GreenEnergyCreatesJobs	The harmful emissions caused by transportation pollution contribute to climate change and poor air quality, which is damaging to our health. Clean car standards will reduce our emissions and clean up our air, all while increasing consumer choice.
RestoreVirginia	🚨NEVADA, to make change we need your help🚨. 
ClimateChangeDonations	Security cameras picked up this duo breaking into and robbing our vat around 8:45 AM today at Tre Colore Pizzeria & Trattoria in Middletown, New Jersey. In the last two years, our clean-energy business recycling used cooking oil for renewable biodiesel has been targeted by interstate theft rings that steal the oil and smuggle it illegally to black market buyers around the region. If you have any information concerning this crime, please contact the Middletown Township Police Department. If you witness or have information about another oil theft, please call 911 and then give us a call at 1-800-721-1427. Check out more videos of oil thieves caught on camera here: https://cookingoiltheft.wpcomstaging.com/oil-theft-videos/. 
GreenEnergyCreatesJobs	Switch your home to a 100% clean energy plan in minutes, help someone in critical need get access to clean drinking water. 
CommerceCityDemocrats	"Pour one out for the homie🧃after 22 seasons Arthur will officially be done. @arthur.pbs Today we honor our childhood friend💛

 #arthur #resourcedevelopment #greentecchnology #environment #memes #arthurmemes #climatechange #greendevelopment #greenenergy #green. "
BellbrookWokeRadicals	"CO2 emissions are on the rise and our planet is running out of time… 

The combination of rising toxic CO2 levels in our air and toxic chemicals in our waters is a recipe for a global crisis.

Worse:

The increased use and production of alcohol-based hand sanitizers has caused a massive amount of harmful and toxic chemicals being pumped into our waters.

In just 2 minutes and $20 is all it takes to help us stop and reverse both of these…

Here’s how it works…

Our team of environmentalists and scientists discovered that the byproducts in our eco-friendly hand sanitizer can be used as a way to build more solar ponds.

These solar ponds replace toxic energy sources with clean renewable energy that goes directly into our power grid.

Instead of dumping waste into our environment and further damaging our Earth, we’re using our eco-friendly byproducts to help heal her.

This is where we need your help in continuing our mission...

$20 is all it takes to make the same impact as three mature trees that take decades to grow.

This small number is equal to 400 lbs of toxic CO2 being removed from the atmosphere.

When you choose to do this one small act, we send you two bottles of this eco-friendly hand sanitizer- one for you and one for a friend.

Every time you use it, you will know that you helped get our planet one step closer to being carbon zero.

If you are ready to make an impact and join our mission to Save Our Earth, click below and make your mark now →. "
OilAndGasSupportJobs	"Oklahoma weather can be erratic — we know, that's probably the understatement of the year. One week it's sunny and warm, the next is filled with snow flurries and freezing temperatures. 
 
What's not fickle, though, is the reliability of natural gas and the men and women in our industry. Heating homes and saving lives through all of Oklahoma's ups and downs... natural gas is here when you need it most."
DemandClimateActionFromLeaders	Did you know that getting renewable energy could be as simple as a phone call?  Learn what you can do to protect your kids' future.
BuildBackBetterActCampaign	A 2016 study from the Obama Administration highlighted that the country’s greenhouse gas emissions wouldn’t be greatly impacted by leasing in the Gulf of Mexico. In fact, those emissions may be higher without Gulf of Mexico development.
CallToActionAgainstOilAndGasIndustries	"The Patriots of Bellbrook-Sugarcreek need to VOTE or the ""woke progressive socialists"" will get elected onto the Bellbrook City Council, as a Sugareek Trustee, and onto the Bellbrook school board.

These candidates will try and influence our community and indoctrinate our children, into their progressive worldview through the power of the office they are seeking.

Power, our community should never give them.

The battle for the values which has made Bellbrook-Sugarcreek great starts at the ballot box on October 5th.

Cast your vote for the Candidates who embraces the values you hold dear. 

God, Family, and County.

Election Watch 21

https://youtu.be/zkKb4Zt48x8. "
CallToActionAgainstOilAndGasIndustries	"We can do better. Link in bio to learn how.
.
.
.
#wecandobetter #energy #conservation #energysaving #smartcities #iot #lighting #safety #resourcefulness. "
ClimateEmergency	"𝐂𝐎𝐃𝐄 𝐑𝐄𝐃 𝐂𝐋𝐈𝐌𝐀𝐓𝐄 𝐌𝐎𝐌𝐄𝐍𝐓

Historic climate action can’t wait. 𝐓𝐇𝐈𝐒 𝐈𝐒 𝐎𝐔𝐑 𝐋𝐀𝐒𝐓 𝐁𝐄𝐒𝐓 𝐂𝐇𝐀𝐍𝐂𝐄 to tackle the climate crisis while creating good-paying jobs, investing in environmental justice and lowering costs for families. It’s time for Democrats to put their differences aside, get this economic package to the floor, and vote YES on the most significant climate bill in HISTORY: the Build Back Better Act!

We need 10,000 constituents to call their representative before midnight tonight, but they haven’t heard from you yet and we’re running out of time. Text 𝐇𝐈𝐒𝐓𝐎𝐑𝐘 to 𝟒𝟑𝟒-𝟐𝟔𝟔-𝟖𝟒𝟔𝟒* to demand Congress pass the bill immediately."
DemandClimateActionFromLeaders	What steps can we take right now to slow climate change? See what 5 things we can do to create a safer, more resilient world for all.
RestoreVirginia	Over the next few weeks, geotechnical work at the Scioto Farms Solar Project site will be kicking off. While it may look as if there is construction occurring, this work is actually part of the development process and is required by the Ohio Power Siting Board (OPSB). We’re excited to meet this milestone and continue making great strides toward bringing solar energy to Pickaway County.
RenewableEnergyPromotionAndGrowth	Can you spare three minutes for 3X the impact for our ocean? Our board and generous donors are tripling Giving Tuesday donations.
ClimateChangeMovements	"Are you looking to join the movement for social justice and fight against oppressive systems like police brutality and mass incarceration?

Texas has the second-highest number of killings by police officer including, the third highest number of killings of Black people. Meanwhile, officers responsible have little to no accountability. We are not dealing with a few “bad apple” cops,  rather, a police culture that is poisoned at the root. Black and Brown families have been torn apart for centuries, and the names of  lost loved ones barely make it into our newspapers. At Texas Organizing Project, we bring together Black and Latino Texans to fight for real change by investing our time and energy in causes relevant to our communities. We are tired of seeing police abuse their power and we want better for Dallas. 

Complete this form to join the movement."
RightWingCampaigns	NYGOP Chairman Langworthy Calls on Lieutenant Governor Hochul to Start Answering Questions. What Does She Know About Cuomo’s Numerous Scandals?
ClimateChangeDonations	Energy Security is a major factor in national and world security. When the USA (which is rich in Oil and Natural Gas and Oil supplies) can not support our allies they must turn to Russia as the cold of winter sets in.
ClimateChangeDonations	Abortion bans hold us back and harm our futures. Only you should hold the power to decide if and how to grow your family. Join us in the fight for a healthy, safe, and free future. Add your name.
PoliticalTraining	Join Us for Freedom Square powered by Turning Point USA—LIVE from Dream City Church in Phoenix, Arizona— empowering American Christian leaders and faithful with the resources, training, and knowledge they need to engage in civics to strengthen families, communities, and our nation!
CallToActionAgainstOilAndGasIndustries	"TPUSA LIVE is the unfiltered, grassroots alternative to mainstream media. Watch daily shows, live in-studio content from TPUSA HQ and weekly shows covering politics, pop-culture, sports and everything in-between. Tune in every weekday starting at 5 PM ET / 2 PM PT.

Check out today’s show! 

Human Events Daily host Jack Posobiec discusses everything you need to know about #FreedomFlu.

The TPUSA LIVE team is joined by host, Jon Root, and special guests Will Witt, Morgan Zegers, and Alex Clark who will talk about Southwest Airlines, bi-sexual superheros, and more!

RELOADED host Paige Roux dives into the mainstream media lying about mass shootings and watch Breakaway with Jon Root, as he sits down with former University of Arizona football player and law enforcement officer Brandon Tatum. 

We will wrap up the show with POPlitics with Alex Clark as she covers Adele's new single, the relationship status of ""KimYe,"" hot take Tuesday, and more!"
RestoreVirginia	Has there ever been a time when we have had to weigh so much science in our day-to-day lives? Today’s most prominent science-related issues are COVID-19 and climate change, but many other things are also important to us: medications, nutrition, travel safety, protecting the Great Lakes, etc. Not everyone is going to agree on what the science says about these issues, so how can we make the best decisions?
AntiFossilFuelInfrastructure	"Should Big Tech have the power to control what we see, hear...and even think? Online censorship shouldn’t be a partisan issue. In our latest short documentary, Restricted: How Big Tech Took Away Your Freedom, PragerU reveals this growing threat and shows why online censorship is an issue for everyone.
Watch now at Prageru.com/restricted. "
RenewableEnergyPromotionAndGrowth	"🚲  Check out McGuire Auto Parts of member area White River Electric Association and how they are using an electric bike for their local delivery service! #eBike #BeneficialElectrification  #ElectrifyandSave  #EnergyEfficiency 

🔋 Learn more about the benefits to eBikes here: https://tristate.coop/7-great-benefits-electric-bikes. "
RenewableEnergyPromotionAndGrowth	When it comes to saving the environment, small changes can make a big impact. Using more biofuel is a simple change that can change everything. It not only benefits the earth but also saves you money at the pump.
RenewableEnergyPromotionAndGrowth	The adoption of electric vehicles allows us to integrate even more renewable energy into our grids. By 2035, every passenger car, SUV, light pickup and minivan in Hawaiian Electric’s fleet will be a plug-in electric, joining the growing number – today over 12,000 – of electric vehicles on Hawaii roads. Learn more about the electrification of our fleet, converting to the Aloha Kia Niro, Nissan Leaf, BYD E6, Chevy Volt and Ford F150, in this new video.
CleanEnergyPromotion	SB246 will help Coloradans upgrade to new appliances, furnaces, and water heaters that keep energy costs low and air clean.
CommerceCityDemocrats	"𝐃𝐨𝐧𝐚𝐭𝐞 𝐭𝐨 𝐩𝐫𝐨𝐭𝐞𝐜𝐭 𝐭𝐡𝐞 𝐃𝐞𝐦𝐨𝐜𝐫𝐚𝐭𝐢𝐜 𝐒𝐞𝐧𝐚𝐭𝐞 𝐌𝐚𝐣𝐨𝐫𝐢𝐭𝐲:
Polling shows this race to defeat Republican Marco Rubio might be our best shot at flipping a seat.
Do you want Mitch McConnell to regain even more power? Take action right now to keep Republicans out of the majority."
CallToActionAgainstOilAndGasIndustries	"Try not to get whiplash following these doomsday climate predictions.
Will Witt parodies the mainstream climate narrative and its ever-changing fear-mongering predictions. ""Trust the experts who've settled the science!"" or something..."
GoBold	Solar power has been heating up in Michigan in recent years, with Michigan-based businesses and industries partnering with local energy providers to help advance this renewable resource. These projects include everything from private installations that help businesses reach their own net zero energy goals to universal solar projects that connect entire communities to renewable energy. Learn more: https://bit.ly/2LAHsoe. 
OilAndGasTaxesBad	"CALL Josh Harder: (209) 579-5458 and tell them to oppose Pelosi’s socialist spending spree.

❌ Largest tax increase in more than 50 years

❌ Higher taxes on millions of small businesses

❌ Decreased wages and household income

❌ Rising costs for household goods like gas & groceries. "
OilAndGasTaxesBad	The reality of a world without petrochemicals is far different than you might think. Electric cars, solar panels and wind turbines all need petroleum to exist.
BuildBackBetterActCampaign	A new USGS study confirms that activists used false claims to mislead local officials who implemented policies that would shut down the local oil & gas industry and cost CA thousands of local jobs.
ClimateChangeMovements	Do you know whose lands you inhabit right now? The United States government has borders and delineations that the average American knows - but that is only one type of map. Check out https://native-land.ca/ where you can search your location, and see who originally inhabited the land you are now on. You can also search by language as well! Whose lands are you on today? Let us know in the comments:. 
BuildBackBetterActCampaign	The world’s thirst for oil will exceed pre-pandemic levels next year, with improving vaccination rates and increasing public confidence in governments’ management of Covid-19 spurring a recovery in travel, the Organization of the Petroleum Exporting Countries said Monday.
CarbonEmissionReduction	What are methane emissions, and why do they matter?
RestoreVirginia	Join CBWPA on March 20 from 12-2 as we come together with Black women’s  organizations to network and get active together! We welcome Dr. Clenora Hudson-Weems who will discuss Africana Womanism and how we use our collective power to force change in our communities! Wear your big hat!
BellbrookWokeRadicals	NYGOP Chairman Blasts Democrats for Tax-and-Spend Budget Bill, Allowing Cuomo to Remain in Power to Leverage Radical Left Agenda.
ClimateChangeMovements	"Our driver also reported another #oiltheft on August 20, at Two Brothers Pizza in Laurys Station, PA, where this Buffalo Biodiesel vat had been broken into and robbed, the lock and lockbar torn out. Buffalo Biodiesel recycles the used cooking oil to make environmentally sustainable biofuel—instead, it’s being targeted by organized crime rings across state lines. Please report any relevant information to PA State Police and help us stop these criminals. 
WFMZ lehighvalleylive.com The Morning Call The West End Reporter Pocono Record Times News Lehighton The Valley Ledger. "
RenewableEnergyPromotionAndGrowth	80% of global energy production currently comes from high-emitting fossil fuels. Zero-carbon fuels like hydrogen (“H2”) and ammonia (“NH3”) can fuel heavy transportation, industry, and power generation.
AbandonedWells	Alliance CEO Rebecca Logan spoke to Fox News recently about the Biden administration's decisions regarding Alaskan oil-drilling leases and its defense of ConocoPhillips' Willow project.
GreenEnergyCapacity	"MYTH: “Solar energy doesn't make sense, because solar panels can’t be installed on every type of building!”

FACT: This myth is correct in the sense that solar panels do not come in a “one size fits all” package. That's why there are different types of solar panels and installations tailored for different structures!

Residential solar refers to the installation of solar panels onto your home to help offset your personal energy costs. Commercial rooftop solar is what businesses, like Intel, use to help power their plants. “Utility-scale” solar usually refers to very large-scale solar projects that help distribute power across hundreds homes or throughout a particular geography. Solar can work for everyone, everywhere! 

#SolarPower #EcoFriendly #SustainableEnergy. "
ClimateChangeMovements	The Iowa public school system has MANDATED Critical Race Theory and Dennis reviews a shocking document that the state’s teachers are forced to use. You won’t believe the things it paints with a “white supremacy” brush.
RenewableEnergyPromotionAndGrowth	Your legislator, Representative Kerry TIpper, was a champion for Colorado’s rivers this legislative session! That means a stronger economy, better resiliency in the face of climate change, and restoring our rivers. Show your support for our rivers by signing our card today!
CallToActionAgainstOilAndGasIndustries	"""Much of the rhetoric by the Liberation Party refers to a “broken system” that needs to be fixed. This is a faulty premise, the problems workers face in this state are not a result of a “broken system”, but a result of the capitalist system working exactly as it was intended to. We need to get our bearings if we really want to build a solid foundation that can lead towards workers power. That requires recognizing that capitalism cannot be reformed into its opposite - into a workers democracy. "". "
RightWingCampaigns	It got hot in Texas last week. It tends to do that in June. But for many Texans, something was different during the first heatwave of the year. They woke up sweating because their thermostats had been turned up by their power companies. Former California Assemblyman and TPPF's Vice President, Chuck DeVore, weighs in on Tucker Carlson Tonight.
NuclearEnergyProvidesTaxRevenue	The people of Oklahoma Oil & Natural Gas are proud partners of the Quincy Le Norman Nutrition Center.
ClimateChangeMovements	"Should Big Tech have the power to control what we see, hear...and even think? 
Sign our petition & stand up to Big Tech."
ClimateChangeMovements	Oil and natural gas support jobs and community growth in Louisiana – do you know how? Take this quiz to find out!
GoBold	Pipelines help to lower carbon emissions by reducing the need to transport fuel by truck or train.
GreenEnergySupportsCommunities	"Looking for a back up solution but don't know whether to go with a gas generator or to pair battery back up with your solar generation system?

Watch our newest Solar Education video as our President J.W. Peters discusses the differences and benefits of generators and battery back up systems.

Next week's video: Solar Power of Oklahoma's Certifications. "
CleanOilAndGas	Mayor Johnson, it’s time to declare a climate emergency. We need bold climate leaders to protect Milwaukee.
BuildBackBetterActCampaign	"“Angel at my table”
Look at this painting.
This painting captures the essence of why the VOTE NO movement fought so hard to protect our communities greatest asset, our Senior citizens.

Jim Renacci will protect our Senior citizens if elected Ohio’s next Governor.

Jim listened and implemented into his platform, what the supporters of the VOTE NO movement were trying to protect. 

If elected he will stop 🛑 all personal property taxes on all Senior citizens in Ohio!

I am asking every VOTE NO supporter to help elect Jim our next Governor.

""An Angel At My Table"" 
(portrait of artist's mother)
Miriam Escofet(b.1967,Barcelona)
Oil on linen over panel, 100 x 70 cm. "
ClimateChangeMovements	"Pour one out for the homie🧃after 22 seasons Arthur will officially be done. @arthur.pbs Today we honor our childhood friend💛

 #arthur #resourcedevelopment #greentecchnology #environment #memes #arthurmemes #climatechange #greendevelopment #greenenergy #green. "
OilAndGasSupportJobs	Conservative values are under attack across America. Biden and Pelosi will stop at NOTHING to spread their far Left agenda - it’s up to us to stop them. Stephanie Bice is a champion for our nation’s oil and gas industry and the thousands of hardworking Americans relying on it. Rush in ANY amount right now to make sure she can preserve our shared conservative values >>. 
CarbonEmissionReduction	"Why do Floridians have some of the highest electricity costs in the country? Because our power companies don’t invest in energy efficiency programs ...

Learn how energy efficiency measures can help lower Floridians’ electricity bills: https://energysmartfl.com/. "
AbandonedWells	General Manager Joseph McNeil, Jr is onsite as our first Anpetu Wi wind farm met towers are placed this week. This is the culmination of years of planning, engineering meetings, community support and fundraising. Pilamayaye - Thank you for your support! 🌬. 
RenewableEnergyPromotionAndGrowth	The Gulf oil spill devastated as many as a million birds and their habitat. But a new project, the single-largest ecosystem restoration projection in U.S. history, can help repair the damage done. Speak up now to move this restoration forward and be a voice for birds!
OilAndGasBoostEconomy	"Our New Year's resolutions are simple: 

- More Rigs ✅ 
- More Jobs ✅ 
- Less Imported Oil ✅ 

Think we should send our resolutions in a letter to the White House? 😏 Happy New Year, everyone!"
ClimateChangeMovements	"“Solar power advocates say it’s more than just a sunny deal...it’s an equitable way of giving low-income residents, who can’t afford private solar arrays, and renters, who cannot install solar without a landlord’s permission, a chance to take part, they say.”

https://www.santafenewmexican.com/news/legislature/new-law-designed-to-increase-new-mexicans-access-to-solar-power/article_fe5a36dc-97aa-11eb-b9fb-c7b8784755e8.html. "
BuildBackBetterActCampaign	"As “redistricting” proceeds, Wyoming lawmakers have adopted a new draft map that gives outsized influence to rural lawmakers, decreases the number of viable Democratic seats in Albany County, and zig-zags around the homes of some Laramie County legislators in an embarrassing display of gerrymandering.

Learn more: https://betterwyo.org/2022/01/25/new-proposed-wyoming-voting-map-gerrymanders-albany-and-laramie-counties/. "
RestoreVirginia	Every year in Maine, the cost of electricity changes. To understand why a change occurs, it’s important to understand how an electric bill works.
CommerceCityDemocrats	"Halloween is just around the corner and we are celebrating with a spooktacular giveaway! 🎃 Enter for a chance to win a family gift pack including a $100 Texaco gas card & four Ama pizzas. The rules are simple:
 
👻 Follow us on Facebook
👻 Comment below with a photo of you (or your keiki) in a Halloween costume!
 
That’s it! 🎉 Winners will be contacted and announced on Monday, November 1. This giveaway is not sponsored, endorsed by, or associated with Facebook."
ClimateEmergency	🙌🙌🙌🙌 Gov. Mills marked the occasion by announcing new initiatives to help towns and cities help meet the Maine Climate Council's plan and her goals to reduce greenhouse gas emissions by 45 percent by 2030.
ClimateChangeMovements	"Phil Waldron, the reitred colonel, who circulated the Jan. 6 PowerPoint says he met with Trump's chief of staff, ""maybe 8-10 times"" and briefed several members of Congress on the eve of the Jan. 6 riot. via Washington Post 
https://wapo.st/3EP7sX7. "
GreenEnergyCreatesJobs	"""That is why EV infrastructure is so important. What we put on the road is one the few ways we can directly control air pollution."" Learn more about what steps a doctor says we should take to clean Colorado's air."
ClimateEmergency	A fossil fuel-free world is possible.
BellbrookWokeRadicals	The capitalist parties, the businesses, the schools, the local government all provide no space or platform to openly discuss and debate the necessity of abolition, this is why we launched the peoples assembly last year and are reviving it now. The conviction of Derek Chauvin followed by more police murders shows there is no solution to police violence offered by the state. The state requires police violence to keep this social order intact. Join working families as we come together and build power to achieve abolition!
CleanEnergyPromotion	"Shout out to Fourth Street Social Club for leading the way with EverGreen! This local gem has earned the prestigious Certified Green Restaurant status and is powered by 100% renewable, locally produced energy, day and night. Visit them at 4thstreetsocialclub.com. 

For more information about SCP’s EverGreen service, visit sonomacleanpower.org/programs/evergreen."
OilAndGasSupportJobs	Bringing electricity and jobs to cities across America. Like our page to learn more about the power of nuclear energy.
RenewableEnergyPromotionAndGrowth	"Engine manufacturer, Cummins, is continuing their focus on sustainable technology with the development of their H2 fuel cell innovation center. 

This center will focus on technology for zero-emission buses & large trucks and is an exciting development in the journey to reduce transportation sector emissions. 

Learn more: https://www.hydrogenfuelnews.com/h2-fuel-cummins/8550471/. "
BuildBackBetterActCampaign	During the second CEJA Lobby Day of 2019, Rev. Mike Atty said some powerful words that still ring true today.
DemandClimateActionFromLeaders	Instantly triple your impact of you donation to protect our planet. Thanks to a long-time EDF supporter, all donations will be matched $2-for-$1. Please give today.
GreenEnergyCreatesJobs	Downstream, upstream, midstream. Ever try to explain the differences to family and friends? We put together this infographic to help people understand the different parts of the “oil” industry. Check it out here:. 
ClimateEmergency	"Our champions in Congress aren’t afraid to Go Bold. They recognize the challenges we face, address them head on, and work tirelessly to combat climate change, create American jobs, and support a truly electric infrastructure.
 
Thank you, Senator Stabenow, for your ongoing support and your work to bolster electric heavy and medium duty vehicles. Now, it's time to finish the job!"
RenewableEnergyPromotionAndGrowth	In 2020 alone, 10,250 ComEd residential customers connected private solar to the grid. So far in 2021, there are more than 7,500 community solar subscribers – an increase of 700 percent over the community solar subscriber count at the end of 2020. FEJA also prevented 20.2 million metric tons of carbon emissions through the continued operation of two nuclear plants.
VirginiaConservatives	There’s so much going around about Carbon Capture Utilization and Storage – but what is it? We break down some of the opinions here.
AntiFossilFuelInfrastructure	"A political storm is brewing.
There are those who want the “Big conversation” about Bellbrook-Sugarcreek not to happen. 

These individuals refuse to set aside egos, and their own political power ambitions, territorial issues, long-standing feuds, and come together for what is best long-term for our communities.

Some are against it because it will affect their well-paying government positions. Others, like our Cancel Culture Progressive leaders, it's only because I am asking the ""Big"" questions. They can not see past their HATE and Intolerance.

Truth, Facts, and Evidence are what the taxpayers need to see about what has been done in the past and why it was doomed for failure.

One only needs to look at the Corner Stone development or drive on Wilmington Pike. The results of the past failures are clearly visible. It can not be denied.

Those involved in the last attempt to merge our communities, could not have predicted the consequences our Community is now dealing with. 

All efforts in the past were doomed to fail.
Some involved would later whisper quietly, it was rigged to fail.

The Last study done in 2009 was a failure before it even began. The wrong questions were being asked, the truth was not being told to the public about what failure would mean to the long-term development of our community.

Some involved refused to set aside personal feelings, political ambitions, territorial squabbling, tainting the process and the results.

The land which has been taken by the City of Centerville, stealing a large section of Townships commercial tax base, is the proof all anyone needs to see.

There is “naive talk” from those in power and against the ""Big Conversation"" about Centerville having a new City Manager and he’s not as aggressive as the last one on annexing land from Sugarcreek Township.

That they can “talk to Centerville, work with Centerville.”

History calls it appeasement.
One only need to ask “Neville Chamberlain”
how this policy worked out for England.

“I want annex” is the developer's legal tool of choice, like a petulant child screaming when it does not get their way. ""We will sue the Township,"" is always the next phrase out of the developer's attorney's mouth.

Here is a heads up the township will not speak out loud.

It is the Cities of Centerville and Kettering, along with developers like Oberer Development, who controls, and are dictating, what is happening in the township.

The wolves are at our gates.

They come into our communities, filling their pockets, and then leave us with overcrowded roads and an infrastructure that is failing/has failed. 

Drive down Feedwire road during peak times. It's a nightmare. Every intersection is a choke point. The bridge over I-675 needs to be four lanes. Some say all of Feedwire needs to be upgraded to four lanes. The roads and intersections throughout the Township all need to be fixed/upgraded. 

Why is there not a moratorium on all development until the infrastructure is fixed? This is the question you should be asking your elected officials?

But still, this ""March of the Developers"" continues onward.

Look at the land map which is posted on this page.
Look at the Cities all around the Township borders.

It’s open season on the township land and there is very little that can be done to stop those surrounding cities from grabbing what they feel is their fair share, using these developers.

These surrounding cities look towards Sugarcreek and a way to increase their tax base for their communities.

Look what has happened since 2009 in Sugarcreek Township. It is now 2022. What will the Township look like in 2035?

Will, we even recognize Sugarcreek in the next 13-years? Change is coming, and it's not all good. Use your power to say NO.

It is time to have the “Big Conversation” about 
what the taxpayers are going to allow in their community. 

**FACT: If the City of Bellbrook and Sugarcreek Township engage in another Merge Study/Talks, legally it stops any City during the process from annexing any part of the Township. This is going to be a long conversation and it needs to start sooner, rather than later.

It’s your future. Your voice matters!"
AbandonedWells	After a major storm, stay out of flooded basements or other areas if you see water around electrical outlets, furnaces, or other appliances. Water and moisture conduct electricity, so coming into contact with it could lead to a serious or even fatal injury.
PublicLandExploitation	The AIDEA has issued a notice of intent to award SAExploration for pre-development permitting and planning work on the Section 1002 Area oil and gas leases.
GreenEnergySupportsCommunities	Help moms across the country harness the power of mother love and make sure that every child has clean air to breathe. Give the gift of clean air by donation now.
GreenEnergyCreatesJobs	"Ooh la la! The Eiffel Tower, one of the world's most recognizable landmarks, was recently lit up by renewable #hydrogen powered spotlights for the first time ever. This was made possible by certified renewable hydrogen supplied by Air Liquide.

More info - https://www.hydrogenfuelnews.com/renewable-hydrogen/8546153/. "
GreenEnergyCreatesJobs	Our Sustainability Report reflects robust ESG performance, including strides we’ve made in safety, environmental and community efforts.
GreenEnergyCreatesJobs	New report shows Illinois job, economic growth in electric transportation sector. 
CleanEnergyPromotion	Do you love coal energy? Show off your coal pride with Friends of Coal stickers! These are great to give as gifts and perfect to put on hard hats, laptops and more. Sign up for your stickers today!
BuildBackBetterActCampaign	The AIDEA has issued a notice of intent to award SAExploration for pre-development permitting and planning work on the Section 1002 Area oil and gas leases.
CleanEnergyPromotion	Existing CCUS technology can help us start producing net-negative oil now for clearer air tomorrow. Why wouldn’t we act now? Learn more:. 
BuildBackBetterActCampaign	Something to think about while your air conditioner is keeping you and your family cool this summer. 
BuildBackBetterActCampaign	"Without action, our democracy and our access to it is in serious jeopardy, which is why the Senate must ensure fair elections, protect the freedom to vote and pass the For the People Act! To take action, visit sc.org/4thepeople or text ""FTP"" to 69866 to call your Senators now. Special thanks to Geena Rocero."
GreenEnergySupportsCommunities	"More from ABC World News Tonight, with David Muir’s coverage on the #Tongass. Meredith Trainor, SEACC’s Executive Director, spoke with Linsey Davis about the way that the protection of old-growth in the Tongass can help mitigate climate change.

“It’s the whole system that works together to sequester carbon,” Meredith says. “And old-growth is much more effective at doing that than young-growth forest.”

See details for the “Climate Crisis: Saving Tomorrow” series here: bit.ly/3oemMVW. "
VirginiaConservatives	Is it true that 97% of climate scientists agree that climate change is real? Where does the 97% figure come from? And if it is true, do they agree on both the severity of and the solution to climate change?
ClimateChangeMovements	"What is the #BidenChallenge? Well, it’s based on Joe Biden not being able to successfully walk up THREE steps onto Air Force One.

Today, Benny Johnson took to the stairs to see if average Americans were brave and strong enough to complete this INCREDIBLY DIFFICULT #BidenChallenge...walking up three steps.

This episode is 🤣🤣🤣. "
BuildBackBetterActCampaign	The Manhattan Institute’s Robert Bryce once wrote: “If petroleum didn’t exist, we’d have to invent it.” Here are just a few examples of how petroleum keeps us safe and improves the quality of life.
CallToActionAgainstOilAndGasIndustries	"""Solar industry insiders say the bill that Florida's lawmakers are considering would make it one of the least welcoming states to residential solar in the country and would eliminate thousands of skilled construction jobs.”. "
RenewableEnergyPromotionAndGrowth	"“SunZia is one of several big transmission lines geared to open renewables development in the Desert Southwest to help bring power to markets farther west. With a capacity of 3,000 megawatts, SunZia would be a critical link for Pattern Energy's 2,200-megawatt Corona Wind development, a suite of projects approved by New Mexico regulators in 2018.”

Read more about SunZia and transmission in New Mexico here >> https://www.greentechmedia.com/articles/read/9-transmission-projects-laying-the-paths-for-cross-country-clean-energy

 #renewableenergy #transmission #solarpower #cleanenergy #energy  #gogreen #renewables #gosolar #sustainability #renewable #solarpanel #climatechange #environment #sustainableenergy #electricity #sustainable #savetheplanet  #renewmexico. "
BuildBackBetterActCampaign	"⚠️2X MATCH ALERT⚠️

Help us celebrate Earth Day 🌊🌎🌳 
We need to come together this Earth Day and push for climate action and a better future for our planet.

Your generous gift will be matched $1 for $1 — but only for a limited time. Donate now and help create the change we need in 2021. 👇. "
BellbrookTaxRevolt	"The Lignite Council recently recognized legislative leaders for their work during the 2021 North Dakota legislative session. Five legislators received the Lignite Luminary distinction for sponsoring two or more priority bills to support the coal industry. More than 100 legislators were recognized as Lignite Champions for voting in favor of all of the priority bills.
 
The 2021 Lignite Luminaries are:

Senator Jessica Bell (R-33) Beulah
Senator Rich Wardner (R-37) Dickinson
Representative Jeff Delzer (R-8) Underwood
Representative Chet Pollert (R-29) Carrington
Representative Craig Headland (R-29) Montpelier
 
Read more about the recognition program at: 

https://lignite.com/uncategorized/legislative-champions-of-the-lignite-industry-recognized/. "
AbandonedWells	Did you know, 30% of all power outages are caused by trees? That’s why we’ve doubled our investment on trimming trees near our power lines, making sure team members like Tonya can clear more of the lines that keep power flowing to your home.
GreenEnergyCreatesJobs	"For many in the US, school’s out for summer — and it’s time to pack up and head out on vacation to one of the nation’s stunning national parks. 

But the climate crisis means many of these parks don’t look like they used to."
CleanOilAndGas	Did you know that most athletes use petrochemicals to ensure peak performance? From polyester jerseys to polyethylene lane dividers, petrochemicals produce top-tier athletic gear used by some of the best professional athletes in the world.
AbandonedWells	"“The Math Never Lies”
I think Kevin Price needs a refresher math course, along with a ethics and basic manners touch-up. 

A supporter sent in Kevin’s latest rant about our page, so I’ll answer why Poor angry Kevin is misinformed.

Our numbers are indisputable, the facts come from the school boards' own numbers!

Easy math!

Let me explain how the numbers work so that even Kevin Price can understand the math.

Fact; At the February 25th BSLSD Board of Education meeting, Cozad stated the school district has implemented an annual cut in the budget of $4,981,000.*

Fact; On the 5-Year Forecast for Fiscal Year 2021 the Total Annual Revenue is $29,307,000.

Fact; On the 5-Year Forecast for Fiscal Year 2015 the Total Annual Revenue is $24,419,259.

Fact: The Math That Never Lies; $29,307,000 (FY 2021 Annual Revenue) - $24,419,259 (FY 2015 Annual Revenue) = $4,887,741(increase in annual revenue in 6 years from 2015 to 2021) + $4,981,000 (budget cuts added to the annual increase from 2015 to 2021) = $9,868,741 = $1,644,790.16 x 6 = $9,868,741 (That equates to an average annual budget increase of $1,644,790.16 every year for 6 years from 2015 to 2021).

The VOTE YES will explain this away by calling it an accumulative reduction. When in reality it’s $4,981,000 that is not coming out of a budget that operates on an annual basis any longer.

*Side note, at different BOE meetings Cozad is using his own math stating the reductions, are over $4.8 million when in reality they are over $4.9 million in reductions. An error in his math.

If you don’t think because they have a bias protecting their salary and benefits toward the passage of this levy with their biased presentation that influences uninformed and unsuspecting voters, then you’re not paying attention!

* = $500,000 (Summer 2018 budget reduction) + $813,000 (June 2019 Phase 1 budget reduction) + $168,000 (Summer 2019 budget reduction) + $1,000,000 (November 2019 Phase 2 budget reduction) +  $2,5000,000 (2020 budget reduction Phase 3 & 4) = $4,981,000.

We stand by the TRUTH, FACTS, EVIDENCE of our math! 
MATH NEVER LIES, unlike this school board member.

Come November it will be time to end Kevin’s short-lived “power trip” of talking down to the Taxpayers of our community.

NO MEANS NO!"
GreenEnergySupportsCommunities	"American Clean Power Association drafted a list of heatstroke prevention strategies with the health of the clean energy workforce in mind, but anyone who’s working outside this summer could use their tips:

• Stay hydrated, and remember to start drinking water the evening before a day of outdoor activity
• Use the buddy system, and keep an eye on your teammates for signs of heat-related illness

Keep reading:. "
BuildBackBetterActCampaign	Marylanders want clean energy that never stops, which is why they depend on nuclear power. Follow our page to learn more about Maryland’s most reliable, clean energy source.
RestoreVirginia	One of the biggest transitions for anyone switching to an electric vehicle (EV) is spending time charging it up. Adjusting from a gas-powered car that can be filled up in minutes to the longer charging times of an EV takes some getting used to. Although charging times aren’t usually an issue for those who can charge at home and leave their EV in the garage or driveway for extended periods, public charging is a different story. Fortunately, many of our fast chargers are in or near shopping centers. Read our latest blog to see what you can do while you wait for your EV to fully charge: http://hwnelec.co/kSxU30s2bax.
GreenEnergyCreatesJobs	"Residents of Chittenden County are going to want to take advantage of this unique opportunity 👀

For a limited time we are offering $500 cash to eligible households just for switching to natural gas 💵 💵 💵

How do you get your $500?
✅ Click [Learn More]
✅ Review the Coverage Map
✅ Sign up for a free estimate
✅ Receive $500 cash once the conversion is complete

In order to receive $500 you must...
✔️ Sign up before 03/31/22
✔️ Turn on your meter before 09/30/22

So don't wait, sign up for a free estimate today!"
RestoreVirginia	"We're excited to announce we are going on TOUR! A solar education tour to be exact. Learn about solar energy, lowering your carbon footprint and what cost savings look like with solar.

See below for what tour date works best for you!

Feb. 9th, OKC: https://fb.me/e/15BMSBgHV
Feb. 9th, Sapulpa: https://fb.me/e/12le8oE7C
Feb. 9th, Moore: https://fb.me/e/1x83B2whr
Feb. 9th, Norman Central: https://fb.me/e/3wbjT6fRt
Feb. 14th, Yukon: https://fb.me/e/16qPVW1Hc
Feb. 16th, Edmond: https://fb.me/e/16ozAbAtk
Feb. 16th, Norman East: https://fb.me/e/1aoire0zj

We can't wait to see you there! P.S. dinner will be provided by Chick-fil-A for every event date! ☀. "
CallToActionAgainstOilAndGasIndustries	"The State Republicans and Conservatives are urging people to oppose Propositions 1, 3 and 4. 

Proposition 1 repeals and amends parts of a 2014 state constitutional amendment that created a redistricting commission.

Supporters say it's a good government bill that discourages things like gerrymandering, but at the same time this could also limit the commission's power and independence.

Propositions 3 and 4 have to do with allowing same-day voter registration and permanently expanding absentee ballots to any voter regardless of excuse. This may encourage voter fraud and in the case of absentees, what's known as ballot-harvesting or ballot-stuffing."
AbandonedWells	"When Alliance CEO Rebecca Logan spoke to to Alaska Business earlier this summer, Willow was a go, and she was optimistic that support industry jobs would be on the upswing. But the court's recent decision to halt the project puts members back in limbo. 

“The back-to-back losses of 2015 to 2018 and then COVID and the decline in oil production have really taken a toll on the support industry. I’ve been working here for twelve years and we’re at the lowest numbers we’ve ever been at it. We were at 16,000 members when I started: now we’re down to about 6,900 members. So, it’s devastating.”. "
ClimateChangeMovements	"If you live in California, get ready, because your days of driving real American horsepower will eventually come to an end.  By 2035, sales of all new passenger vehicles must be zero-mission.

Isabel Brown explains why banning gas-powered cars is a BAD IDEA!

Tune into Freedom Seeds and get your ammo to win America’s culture war every day at 10 AM Pacific, 1 PM Eastern on IGTV, Facebook, Twitter and YouTube! 🇺🇸. "
ClimateChangeMovements	"Act Now: Days ago, over 100,000 gallons of oil spilled into the coastal waters of Orange County. As a result, thousands hazardous chemicals are  covering over 8,300 acres of precious coastal waters. Enough is enough. Tell Governor Newsom to end oil permits today! 

 📸: Peter Bennett. "
RenewableEnergyPromotionAndGrowth	"Come learn about solar and renewable energy at our free Solar 101 class. We will discuss the basics of solar energy, how to lower your carbon footprint, and what cost savings look like with a residential solar generation system.

Event will be located at the Sapulpa Public Library in the Board Room.

Dinner will be provided from Chick-fil-a!"
GreenEnergyCreatesJobs	"World Without Waste has signaled a renewed focus on our entire packaging lifecycle by improving our design, bottle collection and partnerships to reduce waste and carbon emissions.

See how partnerships like The Ocean Cleanup contribute to a #WorldWithoutWaste: cokeurl.com/snmx98. "
RestoreVirginia	The 4-H website is a great resource for all kinds of STEM activities, including the below guide to get young people thinking about engineering and clean power. If you know a 6th-8th grader who’s interested in STEM, have them check out these self-guided lessons:. 
BuildBackBetterActCampaign	Climate change will exacerbate flooding in the Columbia River Basin, OSU study finds. 
RenewableEnergyPromotionAndGrowth	"Next week on our Anpetu Wi Dialogues we have four special guests: the four living Standing Rock Chairmen Charles Murphy, Ron His Horse is Thunder, Dave Archambault II, and Mike Faith. Tune in for a historic dialogue about renewable energy, the history, and future of Standing Rock, hosted by SAGE general manager Joseph McNeil, Jr.

bit.ly/3wmKpin. "
DemandClimateActionFromLeaders	"🆘𝐒𝐭𝐨𝐩 𝐬𝐜𝐫𝐨𝐥𝐥𝐢𝐧𝐠. We’re quickly running out of time to address the climate crisis!

𝐌𝐀𝐓𝐂𝐇 𝐘𝐎𝐔𝐑 𝐆𝐈𝐅𝐓: 𝐃𝐨𝐧𝐚𝐭𝐞 𝐫𝐢𝐠𝐡𝐭 𝐧𝐨𝐰 𝐚𝐧𝐝 𝐃𝐎𝐔𝐁𝐋𝐄 𝐲𝐨𝐮𝐫 𝐠𝐢𝐟𝐭 𝐭𝐨 𝐬𝐚𝐯𝐞 𝐨𝐮𝐫 𝐩𝐥𝐚𝐧𝐞𝐭 𝐟𝐫𝐨𝐦 𝐜𝐥𝐢𝐦𝐚𝐭𝐞 𝐜𝐡𝐚𝐧𝐠𝐞!"
OilAndGasTaxesBad	Thank you to Board Member Diane Hewitt for Lake County Board, for putting Lake County residents first and voting NO on the Lake County Gas Tax Increase!
TellRepToNotRaiseOilGasTaxes	Board Member Marah Altenberg for Lake County Board Member District 20 voted to hike gas taxes for Lake County residents. Keep her accountable and tell Marah Altenberg that Illinoisans can’t handle another tax hike!
RenewableEnergyPromotionAndGrowth	Infrastructure is more than roads and bridges. It’s new pipes for cleaner, safer drinking water.
RenewableEnergyPromotionAndGrowth	One thing everyone can agree on: all Illinois citizens deserve clean air.
OilAndGasBoostEconomy	Government Controlled Power [sec. § 4003. 5.] would create a quasi-government entity to takeover Maine’s power grid and authorize private assets to be seized through eminent domain. Sound like a good policy?
GreenEnergyCreatesJobs	Nearly half of 16- to 25-year-olds reported that “their feelings about climate change negatively affected their daily life and functioning.” But the real problem here isn't climate change — it's a sharp disconnect between perception and reality.
NuclearPowerOtherBenefits	Liberal climate agendas threaten rural power. Sign our petition and stand up for your electric co-op community!
AntiFossilFuelInfrastructure	"Public meetings, but NO PUBLIC COMMENTS!
The progressives on this school board refused to allow parents a voice at the ""Special Meeting"" on Thursday, shutting down all voices of protest from the community. 

It is censorship in its purest form. A group of elected officials canceling our 1st Amendment rights to free speech.

The muzzling of our children like rabid dogs. Forcing the wearing of these masks all day is nothing more than a form of child abuse. This decision is nothing more than a left-wing political narrative coming out of Washington.

This forced mask-wearing is not about our children's health. It is about control and submission to an authoritarian power base, trying to assume control over our children.

Refuse to submit.
Opt-out is your right under the Law.
Get a medical exception.
Get a religious exception.

Stand up and refuse to be bullied by having your rights as a parent taken away by David Carpenter, Audra Dorn, Kevin Price. 

""Your child, your choice""
Election Watch 21. "
CallToActionAgainstOilAndGasIndustries	Crime is on the rise in California. I will do everything in my power to keep our communities safe. Vote for Kevin Kiley for Governor.
ClimateChangeMovements	"We are beyond proud to share that Floris White Bull will be joining us as a SAGE environmental scientist. She will be participating in an internship study of avian species for our clean energy program. Floris is not only an environmental scientist, but she is a graduate student, a screenwriter (Awake, 2017) and instrumental in the 2016 Standing Rock protests against the Dakota Access Pipeline. We can't wait to share her findings and are delighted in this partnership. Welcome Floris!

#StandingRock #RenewableEnergy #WindPower. "
AntiFossilFuelInfrastructure	"Nothing new here, been #Gaslighting us for over 60 years! ""On the tape, made in a Greenpeace sting, he described working with “shadow groups” to fight climate science, and detailed efforts to weaken President Biden’s proposals to burn less oil."" They knew all along!  VIDEO: www.corfc.org/gaslighting
#TruthRising #COrising. "
ClimateChangeMovements	"One in every three bites of food we eat depends on bees and other pollinators! 🐝🍎

But rampant toxic pesticide use, climate change, and habitat loss are killing bees, which could lead to food scarcity that would hit low-income communities and communities of color especially hard. NRDC is fighting to protect bee populations and secure the future of our food supply."
GreenEnergyCreatesJobs	Two decades after the first wind farms came to Kansas, residents are looking back on their experiences with wind power in their communities. Landowners have successfully farmed around towers, school districts have completed much-needed construction projects without raising taxes on residents, and “most people around here don’t even notice [the turbines] anymore,” said Orville Williams of Gray County, Kansas. Keep reading:. 
RenewableEnergyPromotionAndGrowth	Hey, Pickaway County! We want to make sure you stay up to date on Scioto Farms Solar Project. Like our page to receive project updates and learn more about the benefits of solar power.
RightWingCampaigns	"Democrats raised the debt limit by another $2.5 trillion this week at a time when inflation is at a 40 year high.

Kansans are struggling to afford everyday goods this holiday season due to the Democrats’ failed economic policies."
BuildBackBetterActCampaign	We believe in treating people with respect and fairness and doing the right thing. We take our responsibility to the community very seriously and we’re dedicated to listening, gaining and maintaining trust, and safely constructing and operating the Byhalia Connection Pipeline.
AbandonedWells	Pipelines are rigorously tested before they become operational. One way they are tested is through hydrostatic pressure. Each section of pipe is filled with water and subjected to extreme operating pressures to ensure the strength of the pipe and the welds. 
OilAndGasSupportJobs	It’s clean, affordable, AND it supports lots of good jobs. Those are just a few of the reasons this 8th grader is all-in for nuclear power.
ClimateChangeMovements	As birds face the impacts of oil spills, increasing wildfires, drought, and other extreme weather events they’re counting on you to secure permanent protections and a more hopeful future. Donate now while gifts count double.
BellbrookWokeRadicals	Did you know? According to WalletHub, Colorado has the third-lowest energy costs in the nation – and it’s all thanks to the oil and natural gas unlocked by fracking! Learn how Colorado’s energy industry powers our daily lives: https://www.cred.org/natural-gas-oil-uses/. 
GreenEnergyCreatesJobs	Your legislator, Representative Alec Garnett, was a champion for Colorado’s rivers this legislative session! That means a stronger economy, better resiliency in the face of climate change, and protecting our agricultural heritage. Show your support for our rivers by signing our card today!
RestoreVirginia	"There has not been a more powerful message about the crisis in Afghanistan than Jocko Willink’s. Thank you for speaking out against the media narrative!

If you wish to add your name to our thank you card for Jocko, click the link."
BuildBackBetterActCampaign	We support solar energy because it is an environmentally-friendly, low-cost solution that can help meet our country’s energy demands, but we want to hear why YOU support solar power. Share your reasons for supporting solar energy in the comment section below.
CallToActionAgainstOilAndGasIndustries	Abortion bans hold us back and harm our futures. Only you should hold the power to decide if and how to grow your family. Join us in the fight for a healthy, safe, and free future. Learn more.
CleanEnergyPromotion	"Building with concrete improves the sustainability and resilience of our nation’s infrastructure. 

Check out our booth at World of Concrete or learn about our Roadmap to carbon neutrality at shapedbyconcrete.com."
AntiFossilFuelInfrastructure	"Government-Controlled Power creates a quasi-government entity to borrow $13.5 billion from big banks. Guess who's on the hook to pay it all back?

Find out more: www.maineaffordableenergy.org. "
OilAndGasBoostEconomy	"🚨 FREE EVENT ALERT 🚨

Join us on Wednesday, Dec. 1, for our Petroleum Alliance recruitment lunch! Whether you're a new member who wants to learn more about our organization, or a current member who has industry peers who would benefit from joining, we encourage you AND your guests to come learn how we support Oklahoma's oil and natural gas industry. 

Please RSVP through our Membership & Marketing Coordinator Annie Parks at 405-601-2828 or annie@okpetro.com."
OilAndGasBoostEconomy	When you purchase a Friends of Coal License plate, you are helping Kentucky students, ages 10-16, build their financial literacy & coal knowledge through Junior Achievement’s BizTown and Finance Park Programs!
ClimateChangeMovements	"This week's video outreach topic - Freedom for the Farmers and the Impact of the ""Regulation of Interstate Commerce"" provision of the U.S. Constitution. Barry Goldwater's Conscience of a Conservative. Host the Chairwoman. The views expressed are her own with a conservative lens."
BellbrookWokeRadicals	Democrats are worried about the 2022 elections, and they should be.  A recent poll shows 46% of voters say they would vote for a Republican congressional candidate over a Democrat.  People have had enough of the wasteful government spending, out of control illegal immigration, and the drastic increase in food and gas prices.  Let's flip the House RED in 2022.  Please donate to support my campaign!
CommerceCityDemocrats	"NOW HIRING! FLEET MECHANIC!
Hocon Gas of Norwalk is growing! We are excited to announce the opening of a full time Fleet Mechanic position.

Hocon Gas is a regional company that offers employees great job opportunities.

The Fleet Mechanic will work with the Fleet manager to inspect, maintain, schedule and track repairs on all company vehicles. Job duties are listed below but not all inclusive as we remain flexible with each position at Hocon Gas:

• The Fleet Mechanic will be ordering His/Her own parts and maintaining inventory
• Vehicles included are light, medium and heavy-duty straight service trucks
• Knowledge of Propane and or Oil delivery truck pumping / metering systems preferred, but we will train the right individual(s)
• Welding and light fabrication skills are a plus
• Minimum 2 years of Class 3 - 7 truck experienced preferred
• Must have own tools
• Class “B” CDL Required, Tanker and Haz-mat endorsements obtainable within 120 days
• Ability to pass pre-enrollment drug screen
• Wages based on experience

Send your resume today and get started on your journey with Hocon Gas!

We are located at-
33 Rockland Rd
Norwalk CT, 06854

Job Type: Full-time

Benefits:

• 401(k)
• Health insurance
• Dental insurance
• Vision insurance
• Life Insurance
• Employee discount
• Paid time off

Schedule:
• 8 hour shift

Education:
• High school or equivalent (preferred)

Work Location:
• One Location

Work Remotely:
• No. "
CutMethane	Boston is already a leader in #ClimateAction. Now it’s time to level up. Just a few thousand of Boston’s largest buildings account for nearly 50% of the city’s emissions! Reducing reliance on carbon emitting fossil fuels is the logical next step.
DemandClimateActionFromLeaders	Tropical Storm Fred dumped over 20 inches of rain in Western NC, resulting in over $20 million in infrastructure damages alone. Without urgent action to combat climate change, the costs from increasingly severe weather will continue to rise. https://bit.ly/3l3bXok. 
RenewableEnergyPromotionAndGrowth	Hydrogen takes off: Several airlines have recently made news by announcing plans to invest in ongoing studies of electric and hydrogen-powered aircraft. One of the green startups leading this charge is California based Universal Hydrogen, learn more - https://www.aviationtoday.com/2021/07/19/airlines-show-growing-interest-electric-hydrogen-powered-aircraft/. 
VirginiaConservatives	"New York Republican Chairman Nick Langworthy continues his statewide “Just Say No” tour in Owego. He is highlighting the Party’s opposition to November election ballot propositions related to election integrity.

Tioga County, NY Republican Committee. "
OilAndGasBoostEconomy	"“While global environmental issues like climate change are incredibly complex, economic freedom is the best solution to reduce emissions and promote economic prosperity.” 

-- C3 Solutions VP of Public Policy Nick Loris. "
RenewableEnergyPromotionAndGrowth	"Ooh la la! The Eiffel Tower, one of the world's most recognizable landmarks, was recently lit up by renewable #hydrogen powered spotlights for the first time ever. This was made possible by certified renewable hydrogen supplied by Air Liquide.

More info - https://www.hydrogenfuelnews.com/renewable-hydrogen/8546153/. "
VirginiaConservatives	The warming climate is sparking wildfires on the East Coast. 
AbandonedWells	"“Big spender, big taxer.”
Kim McCarthy loves to increase taxes. 
Not just yours, but for everyone. 

She thinks your 💴 money is her money.
It this “progressive socialist” believes and she will be coming for more of it if elected.

Will she increase  taxes? Count on it.

Kim McCarthy should never have the power to tax your family or your homes."
GreenEnergyCreatesJobs	An MSU study has concluded that community solar expansion in MI would contribute nearly $1.5 billion to the state’s economy over 30 years.
OilAndGasSupportJobs	"On July 28, one of our drivers reported #oiltheft at Frank's Pizza & Restaurant in Sparta, NJ, where this Buffalo Biodiesel vat had been broken into and robbed by thieves, who left it in the condition shown here. Buffalo Biodiesel recycles the used cooking oil to make energy-efficient biofuel—instead, it’s being targeted by interstate organized crime groups for illegal profit. If you witness or have information about an oil theft at one of our vats, please call 911 and then report the theft to us at 1-800-721-1427.
Daily Voice Morris And Sussex County News 12 New Jersey  NorthJersey.com  The Star-Ledger  NJ.com  NJ Spotlight News  ABC7NY  CBS New York  Daily Record. "
CarbonEmissionReduction	"World Without Waste has signaled a renewed focus on our entire packaging lifecycle by improving our design, bottle collection and partnerships to reduce waste and carbon emissions.

See how partnerships like @theoceancleanup contribute to a #WorldWithoutWaste: cokeurl.com/u9y7bu. "
GreenEnergyCreatesJobs	For the first time, all truck fleets participating in NACFE—including Frito-Lay, Anheuser Busch, Penske and DHL—are powered by electric motors.
BuildBackBetterActCampaign	"Josh Pressnell refuses to answer what the real reason his children were pulled out of the Bellbrook school system and sent to the private Miami Valley school.

The Pressnell’s have made this a public campaign issue, using his children as political props.

First it was “ because it was over masking”
Now it has evolved.

Speaking at the board meeting last Thursday, his daughter spoke during the public comment time, claiming the reason she left was over a safety issue due to other students talking about her.

Well that’s something new. Never heard that before.

Personally I do not care what school they attend. But why Josh Pressnell is running for school board, is something I care about.

Our community does not need another “radical progressive” on our school board who will be a puppet for the teachers union.

Josh your children are not going to Bellbrook schools, why are you not running for the Miami Valley school board were they attend?

Pressnell should never hold power over our children and be allowed to control them.

Election Watch 21

https://youtube.com/shorts/OOurDEYwly8?feature=share. "
RestoreVirginia	Candace Owens & Jocko Willink discuss masculinity, why discipline brings freedom and success, and how his experience as a U.S. Navy SEAL transformed his outlook on life. Listen now!
PublicLandExploitation	Forests like the Tongass National Forest can help us fight climate change if we let them grow. Until the Tongass stands forever, we will never rest.
GreenEnergyCreatesJobs	Almost 40% of greenhouse gases come from heating and cooling buildings. Geothermal is renewable and clean, so it can help save the planet while saving you money.
RestoreVirginia	"Congratulations Cleo Parker Robinson!! CBWPA's 43rd Annual Tribute to Black Women ""Legend"" Honoree! 

Join us Saturday, October 9th, as we celebrate Cleo and our 2021 honorees! Visit our website for event information: https://www.cbwpa.org/43rd-annual-tribute-to-black-women-luncheon/

CLEO PARKER ROBINSON is founder and artistic director of the nearly 51-year-old Denver-based artistic institution, CLEO PARKER ROBINSON DANCE (CPRD), leading a professional Ensemble, a second company (Cleo II), a Youth Ensemble, an Academy of Dance, an International Summer Dance Institute, a 240-seat theatre which bears her name, and numerous community outreach programs throughout Colorado, nationally, and internationally. She is the recipient of honors and awards from corporate, civic, community, and artistic entities world-wide, and is continually called upon by a myriad of organizations and performance venues to bring her Ensemble for performances, teaching residencies and motivational workshops. A master teacher/choreographer and cultural ambassador, she and her Ensemble have performed nationwide and internationally throughout Europe, the Caribbean, Asia, and the African continent, with their most recent international tours taking them to Bogota, Colombia in the Spring of 2019 and Mexico in Fall 2019.

Ms. Parker Robinson’s numerous awards and honors include the Colorado Governor’s Award for Excellence (1974), Denver Mayor’s Award (1979), induction into the Colorado Women's Hall of Fame (1989) and the Blacks in Colorado Hall of Fame (1994). Recognized in Who’s Who in America Colleges and Universities she holds an Honorary Doctorate from Denver University (1991), an Honorary Doctorate of Humane Letters from Colorado College (2003), and an Honorary Doctorate of Public Service from Regis University in Denver (2008). The University of Denver honored her with an Alumni Award in May of 2021, and in June of 2021, she is receiving a 2020 Honorary Degree, Doctor of Humane Letters, Honous Causa from CU Boulder.  
In 1991, Ms. Parker served on the task force for the creation of a permanent location for the Denver School of the Arts (DSA), Denver’s first performing arts magnet school, and was subsequently honored In September 2017 at their 7th Annual Fall Gala, in recognition of her long-term commitment to excellence in arts education. She is also co-founder of the National Bahamian Dance Company, based in Nassau.   
In 2011, Ms. Parker Robinson was voted an Honorary Lifetime Trustee of the Denver Center for the Performing Arts, in recognition of her longtime commitment and lasting impact on the Center.  In June 2017, she became the recipient of the highly prestigious DanceUSA Honor Award and in September 2017, the Randy Weeks Arts Leadership Award from the Denver School of the Arts. 

Ms. Robinson has served on NEA panels on Dance, Expansion Arts, Arts America, and Inter-Arts panels for the USIS. Ms. Robinson is a regular panelist for the National Foundation for Advancement in the Arts as well as other national task forces, boards and committees in the arts arena. In April 1999, she was appointed by then President William Jefferson Clinton, with Senate confirmation, to serve for four years on the National Council on the Arts, a 14-member panel advising the Chairman of the NEA on agency policy and programs, and reviews and making recommendations to the Chairman on grant applications. 

Since 2011 and 2012, Ms. Parker Robinson has returned to her greatest passion, the art of the choreographer, creating and presenting two new full-length works, “Dreamcatchers: The Untold Stories of the Americas” and the riveting world premiere of her “Romeo and Juliet”, which was first presented in collaboration with the Colorado Symphony Orchestra. Her work “On the Edge…  Reaching to Higher Ground” premiered in October of 2014 in answer to resurging racial and human rights infractions both nationally and internationally. In Spring 2017, audiences were thrilled with the re-staging of two of her works melding the worlds of classical and jazz composition with the power, passion and beauty of modern dance – “Romeo and Juliet” and “Porgy and Bess”. Fall 2017 saw the premiere of her “Copacetic: A Tribute to Jonathon “JP” Parker”, honoring her father. In the Spring of 2018, she premiered “Lark Ascending” in collaboration with the Boulder Philharmonic. Her “Rhapsody in Black”, created in collaboration with CPRD Associate Artistic Director, Winifred R. Harris, premiered at the Newman Center for the Performing Arts, University of Denver.  In January 2019, in collaboration with the Denver Brass, she choreographed an innovative interpretation of Bernstein’s “On the Town” and Spring 2019 saw the premiere of her collaboration with the Colorado Ballet, entitled “The MOVE/ment” as part of the Tour de Force performance series at the Ellie Caulkins Opera House, Denver Center for the Performing Arts. Her most recent choreographic project brought her to UMKC in Kansas City to set a work on the students of CPRDE alum Gary Abbot, entitled “Check Cashing Day” in tribute to the jazz genius of Bobby Watson and Milt Abel. She is currently working on a new work entitled “Standing On the Shoulders” commissioned by the Vail International Dance Festival for premiere in August 2021.  
   
Cleo Parker Robinson continues to be dedicated to celebrating the human experience and potential through the Arts and Education. Her life-long vision of “One Spirit, Many Voices” remains strong and steadfast, expanding to welcome, embrace, and sustain all people."
OilAndGasBoostEconomy	We don't really know how Putin feels about Biden, but we know this: He hates the US oilfield worker, because they make American energy security possible and fuel human progress. ➡️ Click the link in our bio to read more!
VirginiaConservatives	"New York Republican Chairman Nick Langworthy brings his statewide “Just Say No” tour to Lewis County to highlight the Party’s opposition to the November election ballot propositions.
#JustSayNoNY. "
CleanEnergyPromotion	October is a special month for us because we get to celebrate what it means to be a cooperative. Our video below shows how our Tri-State employees, members and the communities they serve, all play an important role in providing reliable, affordable and responsible electricity. #CoopMonth #BetterTogether #CoopFamily #PowerOn. 
ClimateChangeMovements	🚨NORTH CAROLINA, to make change we need your help🚨. 
BellbrookWokeRadicals	Alaska's oil and gas industry would be in a much better position were it not for Biden.
ClimateChangeMovements	"Take our poll: https://bit.ly/31N2eg2

The plan for a government-takeover of Maine’s power grid would cost $13.5 billion. That’s more than $17,000 in debt for average customer. What do you think of the plan?"
ClimateChangeMovements	"After the installation of the Met Mast towers this past November (which are an extremely important part of realizing the wind farm!) the next step is partnering with a developer to begin planning turbine placement. This milestone means we are in good shape for Anpetu Wi to be commercially operable before the end of 2024.

#AnpetuWi #WindFarm #StandingRock #SAGESRST #RenewableEnergy. "
OilAndGasBoostEconomy	The Bluewater Texas Terminal pipeline will be built safely, to high government standards for steel strength.
RestoreVirginia	Eligible DC residents can receive up to $475 for electricity, $276 for gas, and over $400 for water bills.
ClimateEmergency	In the U.S., heat represents the deadliest type of extreme weather, , a reminder that it’s important to continue to identify and invest in climate mitigation strategies.
AbandonedWells	"As “redistricting” proceeds, Wyoming lawmakers have adopted a new draft map that gives outsized influence to rural lawmakers, decreases the number of viable Democratic seats in Albany County, and zig-zags around the homes of some Laramie County legislators in an embarrassing display of gerrymandering.

Learn more: https://betterwyo.org/2022/01/25/new-proposed-wyoming-voting-map-gerrymanders-albany-and-laramie-counties/. "
ClimateChangeMovements	“One in three children here in Waukegan have asthma, and that’s mostly due to the coal plant that we have along with five EPA superfund sites that are so polluted,” Flores said.
RestoreVirginia	Breaking up is hard to do, but it's time for the US to end its toxic relationship with gas.
BuildBackBetterActCampaign	Simply put, it would be bad for business. Net-metering offers financial incentives to both residents and businesses across the state of Florida, the solar industry could fall flat overnight without them.
RestoreVirginia	At the beginning of the pandemic, Coal City Theatre Department's Jack Micetich saw there was a shortage of masks in his community, and he got to work. This made him the very deserving recipient of the first Grundy County Everyday Hero award presented by Exelon's Dresden Station:. 
ClimateChangeDonations	"Marjorie Taylor Greene is panicked.

Last year, Rep. Marjorie Taylor Greene didn’t have a Democratic opponent. Now, thanks to 76,000 of you who donated, we just matched her in fundraising this quarter, bringing in over $1.5 million.

Next November, WE WILL UNSEAT HER. Help us step on the gas with a $5 donation NOW!"
OilAndGasSupportJobs	Ask Senator Lambert to vote NO on SB 233! Make a stand for the people of oil & gas and LA’s future!
DemandClimateActionFromLeaders	We have a once-in-a-generation chance for Congress to pass an economic recovery package that uplifts all of us, regardless of what we look like or where we come from. The THRIVE Act creates jobs, combats climate change, and recognizes Indigenous sovereignty. Help us make economic equity a reality today. CALL CONGRESSWOMAN DEGETTE TODAY.
GreenEnergyCreatesJobs	"With @allbirds, we saw the possibilities in competitors working as collaborators.

Together, we are sharing ideas and resources to become carbon neutral. So everybody can see the possibilities in a partnership to protect the planet.

What possibilities do you see?
#ImpossibleIsNothing

Story narrated by Finn Wolfhard. "
ClimateChangeMovements	Tell the USDA: No Development In The Tongass National Forest.
CleanEnergyPromotion	"In recognition of “Giving Tuesday”, we are pleased to announce the latest round of grant awards from the Heritage Wind Community Grant Program. Congratulations to BedsfromBrian Lafleur, Cornell Cooperative Extension of Orleans County, Lee-Whedon Memorial Library, OCALS, United Way of Orleans County, Albion Betterment Committee, Christ Church Community Kitchen, Community Action of Orleans & Genesee, and Central Orleans Volunteer Ambulance, Inc.

Click below to learn more about our Fall 2021 grant awardees and how they are working to build healthy communities, support economic development, foster environmental sustainability, and promote education throughout Orleans County."
DemandClimateActionFromLeaders	While the climate crisis is causing longer droughts in Texas, it's negatively impacting every part of our country. In Georgia, we see more intense flooding. It's critical that we take action and invest in renewable energy sources before hazardous climate events get worse.
CutMethane	AXPC is committed to solutions that lower methane and greenhouse gas emissions while providing the country with abundant, low cost, reliable energy. Like our page to learn more!
ClimateChangeMovements	"Wondering why our electrical bills have gone up? It isn't because of delivery aka CMP, or Versant. It is the increase in cost associated with natural gas. 

""In Maine, electric utilities are not allowed to also generate power. That was a result of deregulation in the late 1990s. Most electric bills come from CMP or Versant, but only half of the monthly payment is for those companies that deliver the power. The rest goes to whichever company the customer has chosen to supply their electricity. For most people, it’s the standard offer, negotiated annually by the PUC.""

https://www.newscentermaine.com/article/money/business/most-mainers-face-big-electric-bill-hikes-next-year-power-money-increase-wallet/97-8d9b87e5-b7bc-470c-92c1-23428458be7d. "
ClimateEmergency	For years, Waukegan families and the Lake County community have suffered from higher asthma rates and other health impacts from living near a coal plant. A new bill would limit pollution across Illinois and create new clean energy jobs right here in Lake County. Tell your legislators to vote YES on the Climate and Equitable Jobs Bill!
CleanEnergyPromotion	What helps fuel your hot showers, warm meals and favorite indoor activities through summer storms? America’s 2.6 million miles of #natgas delivery system. Learn how natural gas supports #energy resilience.
ClimateEmergency	Study: Climate change gave Oregon heat wave boost to record-breaking temperatures. 
RenewableEnergyPromotionAndGrowth	Help make a difference for your co-op and community by joining VCP today! Speak up about the issues that matter to you and are impacting your community! Signing up is as easy as clicking here 👉🏼  voicesforcooperativepower.com/register. 
BellbrookWokeRadicals	The reality of a world without petrochemicals is far different than you might think. Electric cars, solar panels and wind turbines all need petroleum to exist.
GreenEnergyCreatesJobs	"𝗢𝘂𝗿 𝗽𝗹𝗮𝗻𝗲𝘁, 𝗽𝗲𝗼𝗽𝗹𝗲 𝗮𝗻𝗱 𝗮𝗻𝗶𝗺𝗮𝗹𝘀 𝗮𝗿𝗲 𝗶𝗻 𝗱𝗮𝗻𝗴𝗲𝗿. 🌎⚠️ That’s why all of us at Food & Water Watch are fighting against climate change and for a livable future – but we need your support to continue this important work. 

Click the button below and search for “Food & Water Watch” to create a Facebook Fundraiser for Food & Water Watch – and help make a BIG impact in the fight to make sure everyone has clean water, safe food and a livable future!"
ClimateEmergency	In 2022, be a force for change to stop climate chaos. Your gift to Earthjustice is our best defense against big polluters and helps pave a way toward 100% clean energy. Make your year-end tax-deductible gift to the Earth’s best lawyer, and it will be MATCHED $1 for $1 >>. 
GreenEnergyCreatesJobs	Did you know America’s oil and gas industry helps develop the plastics in your vehicle that save you money? Find out how today!
BuildBackBetterActCampaign	Adding renewable energy plants across the state and country makes our electric grid more reliable. When projects are spread across a wide geographic area, wind turbines and solar panels can continue operating elsewhere on the grid even if bad weather impacts one region.  Visit the American Clean Power Association website to learn more: https://bit.ly/2OJhKCG. 
ClimateChangeMovements	The Migratory Bird Treaty Act holds companies accountable for bird deaths from disasters like the BP oil spill. Become a monthly donor and help us fight to strengthen this important law and protect birds from all anti-conservation threats.
CarbonEmissionReduction	BREAKING: Minnesota Pollution Control Agency Commissioner Laura Bishop resigns after senators from the #ProPollutionCaucus announce they'll block her confirmation. Why the petty games from the climate denying Republicans? Because the passage of new rules to put more electric vehicles on MN highways gave them a sad 😢, and they wanted revenge. Contact your senator to tell them Minnesotans expect leadership, not tantrums. ➡️ https://bit.ly/3wfNek8. 
RenewableEnergyPromotionAndGrowth	"Oklahoma weather can be erratic — we know, that's probably the understatement of the year. One week it's sunny and warm, the next is filled with snow flurries and freezing temperatures. 
 
What's not fickle, though, is the reliability of natural gas and the men and women in our industry. Heating homes and saving lives through all of Oklahoma's ups and downs... natural gas is here when you need it most."
ClimateChangeMovements	"#KYGA21: Override Gov. Beshear's Veto on #HB563!
 
Parents across the state like Akia McNeary, Desirae Caudill and Maria Korte are counting on Kentucky legislators to stand up for Kentucky students and do everything in their power to provide more options in education than ever before! #ParentVoiceforSchoolChoice #SchoolChoice. "
BuildBackBetterActCampaign	"Los Angeles Rallies Against Anti-Asian Hate

The event, titled “Love Our Communities: Build Collective Power,” came together in Little Tokyo in response to the recent increase in violence against Asian Americans.

Link in bio

@ccedla 
@ktown4blacklives 
@nikkeiprogressives 
@tnproject 
@thesundayjump 
@kmb_la 
@apiequalityla 
@jtown.action.and.solidarity. "
CleanEnergyPromotion	"Meet Robert White, Vice President of Industry Relations at Renewable Fuels Association. White focuses on promoting safe ethanol choices for automobiles, boats, chainsaws and much more. “We grow a lot of corn in the state of Kansas utilized for ethanol. The more ethanol we use the lower greenhouse gas emission of our fuel and obviously the carbon intensity of that fuel has dropped as well. It’s important, even with small engines, it matters a lot to use those blends to help with emission” says White.

Filling your car with Kansas ethanol fuel makes supporting local teachers, farmers, families, and businesses easy. And Kansas-made E-15 fuel is a great value when compared to regular unleaded:  

✅  higher octane 
✅  lower emissions 
✅  lower price

Shop local and find a E-15 fuel station near you at https://www.fueledbykansas.com/where-to-buy."
AntiFossilFuelInfrastructure	"Shame on you, Rep. Herrell. New Mexico deserves better. Our families deserve someone who will fight for our future and our communities

For far too long, our communities and environment in the South have been sold out to big Oil and Gas - we must stop that!"
DemandClimateActionFromLeaders	"🚨 10,000 Actions Needed 🚨

Corporate polluters are trying to cut through Southwest Virginia with a dirty pipeline. They already have a history of violations and have racked up millions in fines, but our Water Control Board can stop them. 

Tell the Water Control Board to say NO to MVP’s permit to pollute."
PublicLandExploitation	Tell the USDA: No Development In The Tongass National Forest.
AntiFossilFuelInfrastructure	"New York Republican Chairman Nick Langworthy will continue his statewide “Just Say No” tour to Rockland County to highlight the Party’s opposition to the November election ballot propositions. #JustSayNoNY 

Rockland County Republican Party
Ed Day
Assemblyman Mike Lawler. "
BuildBackBetterActCampaign	Help Audubon expand common-sense and inexpensive practices such as covering oil pits to save millions of our birds from harm. Act now to support strengthening protections for birds under the MBTA today.
OilAndGasBoostEconomy	If City Council passes Ordinance No. 5782, it would cost local jobs and stifle growth by preventing local businesses like gas stations from maintaining or expanding their underground systems.
GreenEnergyCreatesJobs	Coal-based electricity has been a low-cost and resilient source of electricity for several decades, but as homeowners worry about rising costs of energy, coal is being attacked.
RenewableEnergyPromotionAndGrowth	ICYMI: a couple of months ago our very own Jeff Jarrett purchased his very own solar generation system. Today we're re-sharing his story about how he came into the solar industry and why solar makes sense numbers-wise for so many customers.
AbandonedWells	"“I was in the refinery’s central control room during Hurricane Delta when a call came in over the radio from the Sheriff’s Department. They called us at the refinery to ask if anyone there could help rescue a woman and her two dogs trapped in a flooded car on Old Spanish Trail not far from the refinery. The Sheriff’s Department and Westlake Fire Department couldn’t reach the individual and they asked us for help.” ~Sean Smith, Operations Manager, Phillips 66 Lake Charles Refinery

“Without hesitation, the three of us jumped into the refinery’s high-clearance fire truck and drove to the scene. Driving at night with high winds and severe flooding, there were several road hazards. We even had to swerve to avoid a trampoline that was in the middle of the road. We quickly spotted the car that was submerged in about four feet of water.” ~Chris Dailey, Safety and Emergency Response Team Lead, Phillips 66 Lake Charles Refinery

“We were able to pull the woman and her two dogs from the car, and then transport her to the local Westlake Fire Station. Even though the Fire Station was less than two miles from the refinery, our trip there was anything but easy, we had to maneuver through 45-mph winds and downed power lines. Ironically, on the way back to the Fire Station, the dogs were calm - albeit wetter than normal.” ~Zach Evans, HSE Specialist, Phillips 66 Lake Charles Refinery

Sean, Chris, and Zach's stories are  part of our ""Humans of the Industry"" series."
BellbrookWokeRadicals	Republicans and “Big Lie” conservatives have already proven that they are ready to overthrow the government to maintain power. The question that remains is if everyone else is willing to stand aside and let them.
RestoreVirginia	Concern for community is at the core of everything co-ops do! So, when Ralls County Electric Cooperative learned their neighbors need access to reliable, affordable broadband they decided to rise to the challenge. https://bit.ly/2WBifTl #RuralBroadband #ConcernForCommunity. 
OilAndGasSupportJobs	Stephanie Bice is committed to supporting our veterans, ending wasteful government spending, and advocating for Oklahoma oil and gas jobs that employ tens of thousands of Oklahomans. Will you support her today and help her keep fighting against the far left’s agenda? Chip in $10 to stand with Stephanie >>. 
ClimateChangeMovements	"🇺🇸  🇮🇱 Inspired by Scripture (Gen 49 & Deut 33)
Zion Oil & Gas, Inc. (OTCQX: ZNOG) envisions an Israel that is energy independent from onshore oil and gas finds that have been Biblically promised to Israel."
AbandonedWells	There’s a disaster coming for your wallets and it’s one that will have an impact on all of us.
CallToActionAgainstOilAndGasIndustries	"Today, House Democrats unveiled a bill to add four more justices to the Supreme Court, bringing the total number to 13. This action is backed by Senator Edward J. Markey , Congressman Jerry Nadler, Congressman Hank Johnson, Rep. Mondaire Jones and more. The announcement follows Biden’s decision to create a commission to study the make up of the court and advise on the necessity of more justices.

This is a clear power grab on the part of Democrats: they couldn’t get their justices confirmed, so they’re throwing a tantrum and changing the rules to add their nominees anyway. Adding 4 liberal justices will shift the balance of the court to a 7-6 liberal majority. This idea of court packing was soundly rejected as a power grab when President Franklin Roosevelt tried increasing the amount of justices to 15; it must be rejected again.

Join us in telling our representatives “NO!”

We must keep 9 justices."
CallToActionAgainstOilAndGasIndustries	"Start off the New Year by checking off a couple of your goals when you purchase a Friends of Coal license plate!

1. Support your community- local coal miners and their families ☑️ 
2. Support UK students ☑️. "
CallToActionAgainstOilAndGasIndustries	Watch LIVE as Charlie Kirk fights racist indoctrination at Minnesota State University - Mankato for the Exposing Critical Racism Tour!! #criticalracismtour #biggovsucks. 
CleanOilAndGas	The people of Oklahoma Oil & Natural Gas have provided nearly $3 million to the great works of Allied Arts in 2020 alone.
CelebrateBuildBackBetter	"Our champions in Congress aren’t afraid to Go Bold. They recognize the challenges we face, address them head on, and work tirelessly to combat climate change, create American jobs, and support a truly electric infrastructure.
 
Thank you, Senator Hassan, for your ongoing support and your work to bolster electric heavy and medium duty vehicles. Now, it's time to finish the job!"
OilAndGasSupportJobs	A non-profit trade association primarily engaged in the exploration, production, development, transportation and distribution of natural gas and oil in VA.
HazardsOfWells	Think manmade climate change is making severe weather worse? Think again. Atmospheric scientist and meteorologist Neil Frank shares the real facts about hurricanes:. 
GreenEnergyCapacity	Chevron is selling the oil that it collects from the spill, even though it’s coming from a seep prohibited by regulations. That California is allowing the company to sell oil bubbling up from a prohibited surface expression is a striking example of the state’s climate dissonance.
GreenEnergyCreatesJobs	ICYMI: a couple of months ago our very own Jeff Jarrett purchased his very own solar generation system. Today we're re-sharing his story about how he came into the solar industry and why solar makes sense numbers-wise for so many customers.
NuclearPowerEconomicBenefits	"For many of the brave women and men in our military, the mission doesn’t end when their deployment does. It just changes.
 
Watch one vet explain how he found a new home in the nuclear industry right here in Illinois."
BuildBackBetterActCampaign	"Halloween is just around the corner and we are celebrating with a spooktacular giveaway! 🎃 Enter for a chance to win a family gift pack including a $100 Texaco gas card & four Ama pizzas. The rules are simple:

👻 Follow us on Instagram
👻 Comment below what you’re dressing up as this Halloween
👻 EXTRA ENTRY: Post a photo of you (or your keiki) in a costume on your stories or feed

That’s it! 🎉 Winners will be contacted and announced on Monday, November 1. This giveaway is not sponsored, endorsed by, or associated with Instagram.

#TexacoInHawaii #Halloween #SpookySeason. "
RestoreVirginia	Nuclear carbon-free energy is critical to achieving zero-carbon targets and economic growth across the Carolinas. Learn more about why we must continue supporting this reliable energy source to reach a clean energy future.
ClimateChangeMovements	Wildlife is severely affected by reduction of rainfall and a lack of water. Click here to learn more. #ProtectWater #NMpol. 
RenewableEnergyPromotionAndGrowth	Come learn about solar at our FREE Solar 101 class. Event will be located at the SW OKC Public Library in the Conference Room. This library is a part of the Pioneer Library System. Dinner will be provided from Chick-fil-a!
BuildBackBetterActCampaign	Question 1 gives politicians the power to create retroactive laws and sets a dangerous precedent for Maine.
AbandonedWells	Historically anomalous heat and rain have overwhelmed infrastructure, and climatologists expect still worse with climate change. 
CallToActionAgainstOilAndGasIndustries	"Breaking News: Bellbrook Swim Coaches wife loses her mind
Meredith Bringner should never hold public office. Watch happens when I start asking Bringner the questions Votes want to know about her, the other candidates she supports, and comments she has made in the past two years about Vote No supporters and myself.

When the questions get too tough, Bringner supporters, in a planned response, start interrupting me, until Mrs. Johnson, flips me off, cusses at me, physically tries to take my phone, hits my hand, and tries to attack me. (It starts at 4:28 on the video)

Could you imagine if I was the one doing this? They would be going crazy.

Both Johnson’s have a history of doing this to me at public events. These people are who you never want in charge of anything.

Did Meredith try and stop Mrs.Johnson? NO.
Did she say anything after Rob Johnson had to drag his crazy out-of-control wife away? No.

The reason is the Johnson’s and the others there trying to stop me were, HER PEOPLE. Her radical supporters.

This was all planned.

Meredith Bringner is the opposite of what has made our community great. She is a radical progressive who will use the power of her office to change Bellbrook into her “woke world view.”

https://youtu.be/wlJnCQhZha0. "
TellRepToNotRaiseOilGasTaxes	For car and truck owners who keep their vehicles a long time, the arbitrary 2030 deadline will make gasoline more difficult to find (gas stations will become less common) making a perfectly functional car or truck, obsolete. For consumers unwilling or unable to buy a new electric car, used electric cars would not be readily available as they only represent less than 3% of the cars sold today. It will take another decade or so after 2030 before the used market in electric cars will have matured enough.
OilAndGasSupportJobs	As extreme weather picks up this summer, Americans across the country can depend on #natgas to provide a reliable source of #energy for hot showers and warm meals. Watch below ⬇. 
OilAndGasTaxesBad	"Read the latest breaking news.
Next thing is the teachers union will want to tax our homes 🏡 to bail out their bad financial decisions.

Just like the  Bellbrook- Sugarcreek union is demanding the community pass this unbelievable, $22,540,000.00 property tax levy,  to cover their lavish wages, Cadillac benefits, bonuses, pensions, and Pickups. 

Please join the Bellbrook-Sugarcreek Property Tax Revolt of 2021. Be a good neighbor and VOTE NO, for the 4th time on May 4th!

NO MEANS NO!

https://www.daytondailynews.com/local/teachers-pension-fund-loses-525m-on-panda-power-deal/C4ZMA4GUWVHIZH6QV4NJGGC6UI/. "
BuildBackBetterActCampaign	"The average price of gas has increased 89% over the past six months and is now over $3 a gallon in every single state—some Americans are paying over $7 a gallon!
 
President Biden continues to prioritize radical energy policies at the expense of hard-working Kansas families."
OilAndGasTaxesBad	Warm weather and no foreseeable precipitation has forced Arizona Snowbowl to indefinitely delay its opening day. 
GreenEnergySupportsCommunities	Infrastructure is more than roads and bridges. It’s a modern electric grid to keep your family safe during storms.
RenewableEnergyPromotionAndGrowth	"Find out what Government-Controlled Power means for Maine. 

Get the facts: www.maineaffordableenergy.org. "
AbandonedWells	You can save the bears of the Tongass National Forest 🐻. 
ClimateChangeDonations	Joaquin R. Gallegos ’14, who studied public health at CU Denver, was recently appointed Special Assistant to Assistant Secretary – Indian Affairs within the Department of Interior. Gallegos and other DOI appointees “work to advance President Biden’s agenda to tackle climate change, protect endangered wildlife, and honor relationships and trust responsibilities with Indigenous communities,” according to a department press release states.
CarbonEmissionReduction	Pipeline operators design the routes of their lines to limit impacts to environmentally sensitive areas and to follow existing utility corridors whenever possible.
GoBold	Protect Antarctica and secure the largest act of ocean protection in history! #CallOnCCAMLR. 
GreenEnergyCreatesJobs	"Illinois students Chase Hunter and Olivia Kocot are the recipients of Exelon’s STEM Leadership Academy award for their ""Green Queens"" effort to help fight #ClimateChange with coffee grounds! Watch their interview: https://bit.ly/3ihs7dD. "
PublicLandExploitation	"Democrats and Republicans agree: Government-Controlled Power means massive debt and higher electric bills. 

Take our poll & let us know what you think: https://bit.ly/31N2eg2. "
OilAndGasBoostEconomy	Final Day - March 17 - Learn about Zion's latest Unit Program (Stock + Warrants) to invest toward Israel's Energy Independence - https://www.zionoil.com/dspp/unit-program. 
ClimateChangeMovements	Weatherization from the wellhead to the light switch is essential to ensure that we don’t lose power again in the next freeze. Legislators will be voting this week on the winter storm bill. Let them know this is important to you: https://secure.everyaction.com/QZK_cUrvBEq0tf7zliIBug2?fbclid=IwAR3uc7BAcR5LRWoVsWFGMehqwf4pV0icYAAQs0ar7om--PCFFNvmTV0bft8. 
ClimateChangeMovements	"TPUSA LIVE is the unfiltered, grassroots alternative to mainstream media. Watch daily shows, live in-studio content from TPUSA HQ and weekly shows covering politics, pop-culture, sports and everything in-between. Tune in every weekday starting at 5 PM ET / 2 PM PT.

Check out today’s show! 

Human Events Daily host Jack Posobiec gives a shade war update, discusses what Alec Baldwin has to say about his ""movie incident,"" shares bodycam footage of the NBC producer following Kyle Rittenhouse, and more!

The TPUSA LIVE team is joined by host, Jon Root, and special guests Drew Hernandez & Christianne Allen who will talk about the Rittenhouse protests at ASU, Professor Watchlist, Christmas movies, and more!

Benny on the Block host Benny Johnson asks people in the Tampa, Florida Whole Foods what they think about paying twice as much for their Thanksgiving dinner.

We will wrap up the show with POPlitics with Alex Clark as she explains the truth about President Trump's relationship with Jeffery Epstein, Alec Baldwin playing the victim, gives a Pop Culture Rewind and more!"
AbandonedWells	"Be a voice for animals who cannot speak for themselves. As climate change destroys their homes, threatened wildlife are only becoming more vulnerable.

Consider making a monthly gift to save imperiled animals."
VirginiaConservatives	"NYGOP Chairman Nick Langworthy Kicks Off “Just Say No” Tour in Staten Island. To protect election integrity on this year’s ballot proposals, #JustSayNoNY!

Nicole Malliotakis
Staten Island Republican Party
Joe Borelli
Vito Fossella
Andrew J. Lanza
Mike Reilly
Assemblyman Michael Tannousis
David Michael Carr
Pat Rondinelli for NYC Council 49th District/North Shore for ALL. "
GreenEnergyCreatesJobs	"Today, En Nuestrxs Manos, Episode One of our new docuseries in partnership with @theredfordcenter and @LCV, Community Power, launches. This powerful piece was directed by Chispa’s very own Pita Juarez, and highlights @chispaarizona work on electric school buses in the Cartwright District.

Watch the video and join our movement at the link in our bio!"
AbandonedWells	McDonald’s employees also reported working alongside ailing co-workers and fearing retaliation from management if they speak out about safety concerns. Our story: https://capitalandmain.com/mcdonalds-stores-collect-covid-relief-funds-and-employee-safety-complaints-0504. 
OilAndGasBoostEconomy	"The Permian Basin, which accounts for just under half the nation’s rigs, added one rig to make 267 at work across the region. That’s 137 more than the 130 at work in the Permian last year.

https://www.mrt.com/business/oil/article/Permian-continues-to-account-for-about-half-16536560.php. "
ClimateChangeMovements	The California double standard: State continues to buy oil from countries with deplorable women’s rights as the U.S. celebrates 101 years of the 19th Amendment: https://bit.ly/2XMvwZR. #19thAmendment #womensrights. 
NuclearPowerOtherBenefits	We believe in treating people with respect and fairness, and doing the right thing. We take our responsibility to the community very seriously and we’re dedicated to listening, gaining and maintaining trust, and safely constructing and operating the Byhalia Connection Pipeline.
GreenEnergyCapacity	Hey, Pickaway County! We want to make sure you stay up to date on Scioto Farms Solar Project. Like our page to receive project updates and learn more about the benefits of solar power.
OilAndGasTaxesBad	American Exploration & Production Council (AXPC) is focused on reducing methane emissions from operations and supporting effective and reasonable regulation of methane that balances the essential value of US oil and natural gas production with the global challenge of addressing climate change. Like our page now to hear more about our efforts!
ClimateChangeMovements	New Mexico is nearly last for water quality and basic access to clean water. Click here to learn more. #ProtectWater #NMpol. 
GoBold	"What was left out of the reporting on the IEA report about net zero emissions?  ""To limit climate change, by 2030 the world must install the equivalent of the current largest solar park — every day. "". "
VirginiaConservatives	Safety defines our business. But not all safety hazards are on the road. #UltimateSafetyTest. 
CallToActionAgainstOilAndGasIndustries	Ned Lamont wants to extend his emergency powers in order to implement policies like masking our children! Sign the petition to stop him >>. 
GreenEnergySupportsCommunities	Love cooking with natural gas? Watch this video and learn how this affordable and reliable energy source can benefit the entire state of New York.
ClimateChangeMovements	"🚨BREAKING FROM CNN: HOPES FOR DC STATEHOOD RISE WITH DEMOCRATS BACK IN POWER 🚨

This is HUGE. If DC becomes our 51st state, we would add TWO Democrats to the U.S. Senate!

Our Democratic Majorities would be locked in for years to come!

𝐁𝐮𝐭 𝐰𝐞 𝐧𝐞𝐞𝐝 𝐚 𝐬𝐮𝐫𝐠𝐞 𝐨𝐟 𝟑𝟓,𝟎𝟎𝟎 𝐬𝐢𝐠𝐧𝐚𝐭𝐮𝐫𝐞𝐬 𝐛𝐲 𝟗𝐀𝐌 𝐭𝐨𝐦𝐨𝐫𝐫𝐨𝐰 𝐭𝐨 𝐦𝐚𝐤𝐞 𝐖𝐚𝐬𝐡𝐢𝐧𝐠𝐭𝐨𝐧, 𝐃.𝐂. 𝐚 𝐬𝐭𝐚𝐭𝐞.

This is Mitch McConnell’s worst nightmare! He’s working as hard as he can to BLOCK D.C. Statehood!

So we need your help right away: 𝐒𝐢𝐠𝐧 𝐭𝐡𝐞 𝐩𝐞𝐭𝐢𝐭𝐢𝐨𝐧 𝐭𝐨 𝐦𝐚𝐤𝐞 𝐖𝐚𝐬𝐡𝐢𝐧𝐠𝐭𝐨𝐧, 𝐃.𝐂. 𝐨𝐮𝐫 𝟓𝟏𝐬𝐭 𝐬𝐭𝐚𝐭𝐞 𝐧𝐨𝐰 >>. "
RestoreVirginia	Joaquin R. Gallegos ’14, who studied public health at CU Denver, was recently appointed Special Assistant to Assistant Secretary – Indian Affairs within the Department of Interior. Gallegos and other DOI appointees “work to advance President Biden’s agenda to tackle climate change, protect endangered wildlife, and honor relationships and trust responsibilities with Indigenous communities,” according to a department press release states.
BuildBackBetterActCampaign	Click [LEARN MORE] to be a part of this! What does safety mean to you? What does liberation mean to you?  The People's Lobby is working to build widespread support for public policies and candidates – including people from our communities – that put racial and gender justice and the needs of people and the planet before the interests of big corporations and the very rich. Click the link to sign up and learn more. 
DemandClimateActionFromLeaders	Join Erin Schrieber in supporting small businesses in our state by urging Rep. Haley Stevens to prioritize climate, jobs, and justice for Michiganders by passing the Build Back Better Act. Call now: 1-866-648-0359. 
OilAndGasBoostEconomy	"Government-Controlled Power comes with a price tag of $13,500,000,000  – three times Maine’s annual budget.  Do you think this is a good idea? 

Tell us right now: https://bit.ly/34w9wFZ. "
AbandonedWells	It's a beautiful day to inspect power lines ☀️ BGE works year-round to inspect and maintain equipment to ensure we're delivering reliable service to our customers.
RenewableEnergyPromotionAndGrowth	We’re proposing a new octane standard for American fuels. 95 RON can reduce carbon emissions without massive infrastructure investment. Learn more about 95 RON:. 
AbandonedWells	"Government Controlled Power:
1. Creates a quasi-government entity to takeover the power grid
2. Authorizes private assets to be seized through eminent domain
3. Comes with a price tag of $13,500,000,000. "
RenewableEnergyPromotionAndGrowth	Sonoma Clean Power is the public power provider for Sonoma and Mendocino Counties. We bring more power to you with our new Advanced Energy Center. Like or follow our page to find out more.
ClimateEmergency	"🚨𝐏𝐎𝐋𝐋 𝐑𝐄𝐒𝐏𝐎𝐍𝐒𝐄 𝐍𝐄𝐄𝐃𝐄𝐃 𝐁𝐘 𝟏𝟏:𝟓𝟗 𝐏𝐌🚨
Blistering heat is our planet’s dangerous new normal. We need to know whether enough people are concerned about this threat to help stop it. Responses are still missing from 36 people in your area, so speak up before it’s too late: 𝐀𝐫𝐞 𝐲𝐨𝐮 𝐜𝐨𝐧𝐜𝐞𝐫𝐧𝐞𝐝 𝐚𝐛𝐨𝐮𝐭 𝐞𝐱𝐭𝐫𝐞𝐦𝐞 𝐡𝐞𝐚𝐭 𝐜𝐚𝐮𝐬𝐞𝐝 𝐛𝐲 𝐜𝐥𝐢𝐦𝐚𝐭𝐞 𝐜𝐡𝐚𝐧𝐠𝐞?"
CallToActionAgainstOilAndGasIndustries	"Supporters of government-controlled power have ""gone out of their way to keep voters from having a say on taking on billions of dollars in new debt.”

Read more: https://bit.ly/3Digafh. "
AbandonedWells	At refineries, dedicated employees form “Hurricane Ride Out Teams” that stay at facilities throughout a storm, protecting the community, environment & integrity of critical infrastructure & working to bring operations back online as soon as it is safe to do so. #HurricaneReady. 
CallToActionAgainstOilAndGasIndustries	"Buried in the $1 trillion infrastructure bill passed by the U.S. Senate in August is a provision to test taxing drivers by the mile, with millions of dollars earmarked for states that pilot the program.

But Florida drivers already pay among the highest gas taxes and vehicle registration costs in the nation.

Florida state lawmakers need to stand up for taxpayers and reject any scheme to tax drivers by the mile. 

Add your name to the petition below rejecting a per-mile tax in Florida."
DemandClimateActionFromLeaders	This is climate change. Learn why 99% of climate scientists agree.
CleanEnergyPromotion	Utility companies want to control how you get your energy. Investing in community solar means more energy options, more yearly savings, and less dependence on coal and natural gas. Read more here: https://www.wisolarcoalition.com/community-solar. 
ClimateChangeMovements	Even as fossil fuel tax revenues plummet, Wyoming remains a rich state with no urgent reason to cut public services from struggling and vulnerable people. It also just received more than a billion dollars in federal aid. Why then, are Wyoming lawmakers eager to cut public funding? Because they want to.
RenewableEnergyEconomicBenefits	Exelon helps power the state’s economy and supports thousands of local jobs. In 2019 alone, we contributed $1 billion in Illinois property, payroll and corporate taxes. Learn more about our impact in Illinois: ExelonFacts.com. 
GreenEnergyIsCostEffective	Big Oil has known since the 1960s that burning fossil fuels damages our environment. But they've lied and ducked responsibility. So when the bill for the climate crisis comes due, who should pay?
BellbrookWokeRadicals	"Has going green become more than just a good faith effort to protect the Earth? Watch the ""Religion of Green"" mini-documentary at PragerU.com & learn more about the origins, agenda & motives of today's environmental movement."
RestoreVirginia	"Your year-end donation helps power change in 40+ countries around the globe. After enduring years of civil war in Yemen, Hanady, age 21, opened her own hair salon with a grant and training from Mercy Corps. Her income will support her family and fund her education.

Make your tax-deductible gift now and your impact will MULTIPLY with our Matching Gift Challenge >>>. "
RenewableEnergyPromotionAndGrowth	"We're excited to announce we are going on TOUR! A solar education tour to be exact. Learn about solar energy, lowering your carbon footprint and what cost savings look like with solar.

See below for what tour date works best for you!

Feb. 9th, OKC: https://fb.me/e/15BMSBgHV
Feb. 9th, Sapulpa: https://fb.me/e/12le8oE7C
Feb. 9th, Moore: https://fb.me/e/1x83B2whr
Feb. 9th, Norman Central: https://fb.me/e/3wbjT6fRt
Feb. 14th, Yukon: https://fb.me/e/16qPVW1Hc
Feb. 16th, Edmond: https://fb.me/e/16ozAbAtk
Feb. 16th, Norman East: https://fb.me/e/1aoire0zj

We can't wait to see you there! P.S. dinner will be provided by Chick-fil-A for every event date! ☀. "
RestoreVirginia	"COMED Now PAYS Homeowners for Solar Power!

See If Your Roof Qualifies HERE >  
http://bit.ly/COMEDSolarRoofQualify

NEM (Net Energy Metering) Allows homeowners who produce some or all of their electricity from solar power to use it at any time. COMED now pay homeowners for surplus solar power! You can now turn your roof into a mini power plant and SAVE THOUSANDS in the process!

Go solar now for $0 (yes you read that right)

See If Your Roof Qualifies HERE > 
http://bit.ly/COMEDSolarRoofQualify

        Reduce or eliminate power bills
·       Remove your carbon footprint
·       Increase the resale value of your home
·       Save thousands on power bills
·       Stop paying increasing energy costs

Sound too good to be true?  

Get the facts, WITHOUT the sales guy… Click HERE to Learn More > 
http://bit.ly/COMEDSolarRoofQualify. "
ClimateChangeMovements	"**Happening TONIGHT!**

Join Local 223 members in Michigan along with an all-star line up of speakers including Congresswoman Debbie Dingell (MI-12), Millie Hall, CLUW president of Michigan, Valerie King, UWUA Women's Caucus chair and Local 223, Utility Workers Union of America president Juanita Ray to celebrate women in the workforce.

Register now by calling Precious Hough at 313-377-2679 or Paula Turner at 724-347-2200."
OilAndGasBoostEconomy	Hey friends.👋 Support resilient and reliable coal energy with a personalized Friends of Coal license plate!
OilAndGasSupportJobs	"Senator Mitt Romney, several other Democrats, and some Republican Senators brought a bipartisan ""hard"" infrastructure bill to President Biden on Thursday.

""We have a deal"", President Biden said.

But House Speaker Nancy Pelosi wants to pass a much larger ""human infrastructure"" bill that's really just welfare, a bailout of poorly-run states, funds ""green energy"" to kill our American O&G industry and jobs (while foreign countries keep producing), and could possibly include funding for millions of ILLEGALS to get a ""pathway to citizenship"".

https://www.cnbc.com/2021/06/24/infrastructure-deal-talks-biden-invites-bipartisan-senators-to-white-house.html

All of this from the party that screams ""no one is above the law"", ""justice"" this and that, and ""everybody needs to pay their fair share"".

It is a testament to her lack of integrity that Pelosi can keep a straight face as she slurs about Republicans causing a ""Constitutional crisis"" when members of her party have advocated for prosecuting people who criticize lawmakers (1A), the confiscation of guns from law-abiding citizens (2A), and bypassing the due process of the 5th and 14th.

Any infrastructure bill that kills American jobs is a ""NO DEAL"" for us.

Oil & Gas Workers Association is working to secure and advance AMERICAN #oilandgas jobs. We're fighting for AMERICAN workers.

Join us and chip in to Support OGWA at 
ogwaUSA.com

#ogwausa #drilling #offshoredrilling #fracking #pipelines #energy #oilandgasindustry #oilandgasjobs #oilandgasworkers

Please Like and Follow our page. Facebook has been limiting the number of Invites we can send out to people who have reacted to our paid ads and sponsored posts ""to prevent any misuse"". This page should be over 100k Likes and Follows."
ClimateChangeMovements	"Meet Ben Gillespie, NPP’s Regional Organizing Director for Bucks and Montgomery Counties. Ben is a fervent believer in the power of the people over systems of oppression. 

Read Ben's full bio here: https://www.newpaproject.org/npp-team/. "
BuildBackBetterActCampaign	"We're returning to a state of ""normal."" Oklahoma is reopening, we're seeing solid COVID-19 vaccination rates and the school year is winding down.

Drivers hitting the road this summer will be met with higher gas prices. At the end of April, the national average for gas increased to $2.94 per gallon. Unfortunately, oil & natural gas producers have no say in the value of the product they produce — supply and demand still rule. But Oklahomans can rest assured producers, refiners and transporters are all working around the clock to ensure the needs of drivers are met daily. 

Read more from Petroleum Alliance President Brook Simmons: https://bit.ly/2SAXRQd. "
CallToActionAgainstOilAndGasIndustries	Sports has the power to unite. It also has equal power to divide. Watch the full video at PragerU.com. 
ClimateEmergency	The science is clear: There’s no time to waste. Here’s what we need to do to drive real change.
AntiFossilFuelInfrastructure	"Economist Ray Perryman: Oil demand to set record in 2022

https://www.mrt.com/insider/article/Perryman-Oil-demand-to-set-record-in-2022-16226223.php. "
RenewableEnergyPromotionAndGrowth	Her future will be here in a blink, and we're working hard to make it one with net-zero carbon emissions.
ClimateChangeMovements	"🔴 Amy Klobuchar just gave a RINGING ENDORSEMENT of The John Lewis Voting Rights Act: “𝙒𝙚 𝙢𝙪𝙨𝙩 𝙥𝙖𝙨𝙨 𝙩𝙝𝙚 𝙅𝙤𝙝𝙣 𝙇𝙚𝙬𝙞𝙨 𝙑𝙤𝙩𝙞𝙣𝙜 𝙍𝙞𝙜𝙝𝙩𝙨 𝘼𝙘𝙩. 𝙏𝙝𝙚 𝙨𝙩𝙖𝙠𝙚𝙨 𝙘𝙤𝙪𝙡𝙙 𝙣𝙤𝙩 𝙗𝙚 𝙝𝙞𝙜𝙝𝙚𝙧.”

BUT: Mitch McConnell and his corrupt Republicans announced they’re going ALL IN to kill this bill in the Senate.

So we’re power-fundraising to hit 25,000 donations today to pressure the Senate to pass the John Lewis Voting Rights Act. If we fall short, McConnell will be THRILLED! 

Do not delay, rush $10 NOW >>. "
AbandonedWells	"“Air pollution is actually a big problem here in the U.S.”,  explains NRDC staff scientist Vijay Limaye, PhD. Millions of Americans are living in areas with unsafe levels of soot and smog.

Smog forms when emissions from combusting fossil fuels react with sunlight. 

Soot is made up of tiny particles of chemicals, soil, smoke, dust, or allergens that are carried in the air.

Those particles can penetrate the lungs, enter the bloodstream and worsen bronchitis, trigger heart attacks, and even cause premature death.

Learn more about air pollution and how to protect your health in the video below ⬇️."
BellbrookWokeRadicals	There has not been a more powerful message about the crisis in Afghanistan than Jocko Willink’s. Thank you for speaking out against the media narrative!
ClimateChangeMovements	“It was like a cult. We were always being watched.” Read survivor-informed lived experiences of human trafficking compiled by Colorado Human Trafficking Council.
GreenEnergyCreatesJobs	Vision Solar, one of the fastest growing residential solar energy companies, celebrated the opening of its flagship facility in Blackwood.
TellRepToNotRaiseOilGasTaxes	"The rise in energy prices shows no signs of abating with oil jumping to three-year highs of $83 a barrel and UK gas prices jumping 20%.

https://energydigital.com/oil-and-gas/oil-and-gas-prices-surge-new-highs. "
CallToActionAgainstOilAndGasIndustries	Texas AG Ken Paxton is an aspiring Trump-Republicans and one of former President Trump’s most loyal foot soldiers. He’s abused the power of his office and worked to subvert the will of Texas voters. He’s betrayed us and he has to go. Chip in to help us give Paxton the boot.
AntiFossilFuelInfrastructure	"Hundreds of anti-voter laws are being proposed across the country, many of them targeting voters of color, young people, and new voters. The For the People Act will stop the worst of these laws. Congress must protect the freedom to vote and pass the For the People Act immediately. 

Without action, our democracy and our access to it is in serious jeopardy, which is why the Senate must ensure fair elections, protect the freedom to vote and pass the For the People Act! To take action, visit sc.org/4thepeople or text ""FTP"" to 69866 to call your Senators now. Special thanks to Geena Rocero."
GreenEnergyCapacity	"The Host Community Agreement (HCA) between the Town of Barre and Heritage Wind will bring more that $40 million in new revenue to the town over the next 25 years. 

Payments will increase annually from $1.2 million in the first year of operation to $2.1 million by year 25. These annual payments are based on the installed nameplate capacity in megawatts of the turbine model, resulting in stable, guaranteed payments each year that increase over time."
RenewableEnergyPromotionAndGrowth	Did you know natural gas can help prevent blackouts? Watch this video and learn more about this reliable energy source.
NuclearPowerEconomicBenefits	Michael Knowles and Farah Jimenez discuss Race and Culture, Thomas Sowell’s powerful analysis on why culture has a profound impact on the socioeconomic outcomes of different minority groups. Is systemic racism really to blame?
OilAndGasSupportJobs	Did you know that the price of crude oil is one of the biggest determining factors of gas prices? Learn more about the way gas prices are determined. 
AbandonedWells	Government-Controlled Power means private assets would be seized through eminent domain - at a cost of $13.5 billion.
GreenEnergyCreatesJobs	You may remember from science class that hydrogen is the simplest and most abundant element in the universe. Today, momentum is building to harness the power of hydrogen for clean energy. Many companies are placing an increasing focus on hydrogen, including Williams where we are developing a roadmap to chart how best to leverage our vast pipeline network to bring clean hydrogen to market. Read more at wmb.link/vdf. 
CallToActionAgainstOilAndGasIndustries	New Mexico public workers: join the fight for fair pay. Send an email to the legislature supporting a $15 minimum wage.
OilAndGasBoostEconomy	"“The City Council knows the proposal runs counter to state and federal law, but seems intent on risking needless lawsuits when budgets are tight. It appears heedless to the fact that the ordinance would raise energy prices and jeopardize the fuels that power Memphis’ economy and mobility.” 

Read more: https://bit.ly/3eYsCGC. "
NuclearPowerEconomicBenefits	"Take the poll:  https://bit.ly/34w9wFZ
A handful of politicians in Augusta are planning to forcibly seize Maine’s power grid through eminent domain. How do you feel about the plan?"
GreenEnergySupportsCommunities	"We are beyond proud to share that Floris White Bull will be joining us as a SAGE environmental scientist. She will be participating in an internship study of avian species for our clean energy program. Floris is not only an environmental scientist, but she is a graduate student, a screenwriter (Awake, 2017) and instrumental in the 2016 Standing Rock protests against the Dakota Access Pipeline. We can't wait to share her findings and are delighted in this partnership. Welcome Floris!

#StandingRock #RenewableEnergy #WindPower. "
CarbonEmissionReduction	More frequent, more intense, more deadly extreme weather events predicted for the Northeast.
GreenEnergyCreatesJobs	Come learn about solar at our FREE Solar 101 class. Event will be located at the SW OKC Public Library in the Conference Room. This library is a part of the Pioneer Library System. Dinner will be provided from Chick-fil-a!
AbandonedWells	Will you give a $20 gift of love to support re:power’s governance alumni like Maryland State Senator Cory McCray?
RenewableEnergyPromotionAndGrowth	Conserving energy during the hottest period of the day, between 3 p.m. - 7 p.m., helps us maintain safe, reliable and affordable service. It also helps reduce energy use during a period when power costs are at their highest. Consider programming your pool pump to operate at midday or overnight instead of in the late afternoon. #BeatThePeak. 
AbandonedWells	Conserving energy during the hottest period of the day, between 3 p.m. - 7 p.m., helps us maintain safe, reliable and affordable service. It also helps reduce energy use during a period when power costs are at their highest. Consider programming your pool pump to operate at midday or overnight instead of in the late afternoon. #BeatThePeak. 
ClimateChangeMovements	Wildfires throughout the West are making headlines again this summer. While much attention is paid to whether climate change is making wildfires more frequent or intense, Jonathan Wood of the Property and Environment Research Center argues that dangerous fires can be mitigated with better forest management policies.
AbandonedWells	"""Make no mistake, Republicans in Pennsylvania are attempting to upset the delicate constitutional balance of power with the most aggressive series of coordinated political power grabs the commonwealth has ever seen."" - Senator Jay Costa, Senator Vincent Hughes, Rep. Joanna McClinton, Rep. Matt Bradford. "
CleanOilAndGas	Your electric co-op powers your home. VCP empowers you.
BuildBackBetterActCampaign	"Since the day he was sworn in, President Biden has undermined our border security, creating a humanitarian crisis at our Southern border. 100 days ago, my colleagues and I called upon the Democrats on the Oversight Committee to hold hearings on this crisis to take the first steps required to find a solution.

Since then, there have been over 700,000 illegal border crossings and a record number of illegal drugs seized. This is an emergency that must be dealt with immediately, even if that is not politically convenient for the Democrats in power."
AbandonedWells	Eligible DC residents can save hundreds of dollars on electricity, gas, and water bills through an assistance program.
CelebrateBuildBackBetter	Illinois communities can’t risk losing even more jobs – but that’s what is at risk if our leaders don’t take action to preserve nuclear power.
BuildBackBetterActCampaign	"Fellow Virginia Patriots,

The most important election date in 2021 is coming up on June 8th, and we need your help.

Yes, the Convention to nominate Governor, Lt Governor and Attorney General already occurred. But if you understand politics, you know that the  legislative branch is the most powerful branch of government.

And on June 8th, there are countless primaries for seats in the House.

If you listen to the political establishment they will tell you that the November General Election should be your focus, but whenever a member of the political class tells you something, you have to stop and ask-
 
""How will this benefit them if I believe them?""

The plain truth is that the most important elections are the Republican Primaries that are coming up in a few short weeks.

Why?  Quite simple really.

Unless you have true patriots on the November ballot, conservatives will just sit home because they will not care.

And this is why we need your help today.

In over 15 years of grassroots activism, nothing is more true than the fact that wishy-washy candidates change voters from caring to not caring.  And if they don't care, they won't show up and vote.  And if they don't, the continued destruction of Virginia will continue.

This is why it is vitally important that real conservatives are on the ballot this coming November, and we need your help to make that happen.

All across the Commonwealth there are true patriots running in the June Primary, but the establishment is doing its best to be sure you have the same old, compromising candidates come November.  Over a year ago we launched Restore Virginia Now.  This program was created not only to rip the power away from the gun grabbers and Richmond Radicals, but to do so with lovers of liberty.

The response has been overwhelming.  I mean, how could it not be when the Republican establishment is pushing candidates that voted for Red Flag Gun Confiscation, Obamacare Expansion, Funding Planned Parenthood and expanding Northam's lockdown and forced vaccination powers?

If we let the Republican Establishment win in June, that is the sure path for the far left radicals to win in November.  It is that simple.

 Because voters will not care and I don't blame them one bit.  Is 'republican' anti-gun legislation better than 'democrat' anti-gun legislation?  Of course not!  But the 'lesser of two evils' argument is primed and ready to go unless you act today.

This is why I am asking you to fund our efforts to get real conservatives on the November Ballot.  And the only way to do that is to have them win in the June Primary.  Will you contribute to our efforts to do so?  If so please click here and donate to Restore Virginia Now, so that over the next couple of weeks we continue to shine a hard light on the fake conservatives.

https://donorbox.org/restore-virginia-now

If you hope to save Virginia we simply cannot allow backstabbing politicians on the ballot in November. I don't know about you, but I am sick and tired of hearing there is no difference between the two major political parties.  It is time you and I do something about it!  We need to be sure there is a clear difference between Candidate D and R in November...to make conservatives care again and the give them a reason to show up and vote!

Because if all they are offered are evil R and evil D, they will not.

 This is exactly why we created our 2021 State Candidate Survey.  There was one simple goal, to get politicians on record on hard issues that make voters care.  To show which candidates will stand and fight, and which are content with just playing loyal opposition. 

Here at the Virginia Constitutional Conservatives we realize how important this upcoming Primary Election is.

That is why we sent out our 2021 State Candidate Survey to all candidates, asking where they stand on such issues as-

Defending and restoring the 2nd Amendment by not only repealing Red Flag Gun Confiscation and  Universal Gun Registration, but also supporting Constitutional Carry to prevent you from begging the government's permission and paying a tax to bear arms.

Eliminating the Governor's Shutdown orders and forced vaccination

Parental Choice in Education

Ending the expansion of socialized medicine, and so much more

Many candidates answered these vital questions on our survey, but many others refused to.  If they refuse to answer these simple questions, it makes you wonder what they are trying to hide from the voters.

You can click here and to see the results of our 2021 Restore Virginia Now Candidate Survey.

https://virginiaconservatives.net/2021-rvn-candidate-survey

We have all seen these fake conservatives vote time and again to destroy the 2nd Amendment, grant more power to the Governor to shut down our schools, churches and businesses, and support the government monopoly on education in Virginia.  And the voters see it as well.  And if that is the only choice they have in November, well, they will sit at home.

And if we hope to take back our Virginia, we simply cannot have run-of-the mill-politicians running to represent us anymore.  Virginia is home to James Madison, Patrick Henry, George Washington and Thomas Jefferson.  These brave statesmen risked their lives, their fortunes and their sacred honor to create and defend your liberty.

And we need the same champions today.

It is time the people no longer have to choose between Evil A and Evil B.  For the lesser of two evils is nothing more than the establishment's effort to destroy the Constitution with your election day votes.

And with your help, between now and June 8th, we will continue to work in key districts, shining the hard light of truth on primary candidates, and spreading the light of liberty across the Commonwealth. Will you help us do so?  If so, please click here to donate whatever you can afford to help us lay the groundwork to win in November.

https://donorbox.org/restore-virginia-now

Whether it is $50 or $5000, we will use every dime to be sure we have November Candidates that can win.

 
 

In Liberty,

S. Chris Anders
Director
Virginia Constitutional Conservatives. "
BuildBackBetterActPassed	Fairbanks members, don't forget to register for next week's chapter luncheon! Oil Search President Joe Balash will join us at the Westmark Hotel on Wednesday, 12/1, from noon to 1 p.m. for an update on the company's 2021/2022 season. Visit our website to register.
CarbonEmissionReduction	Diesel buses spew dangerous pollution that causes asthma and other health problems. That pollution is worse inside the bus—where our children are breathing—than outside the bus. Diesel buses also add to global warming and climate heat. That’s why Moms—and students!—want clean, electric school buses.
CarbonEmissionReduction	"Achieving World Class Safety 
To maintain the safety, integrity & reliability of our infrastructure, SoCalGas uses a variety of tech, such as drones, to detect and mitigate emissions in remote and difficult to access places. socalgas.com/mission #EarthMonth. "
CarbonEmissionReduction	"Noah Horn Well Drilling will be the first location in Buchanan County to serve free hot meals tomorrow. Courtesy the Virginia Oil and Gas Association. Shop with a Cop Priority pickup: 11-12:00 AM
Any remaining meals for those in need
11:30 noon till food runs out."
BellbrookWokeRadicals	Abortion bans hold us back and harm our futures. Only you should hold the power to decide if and how to grow your family. Join us in the fight for a healthy, safe, and free future. Learn more.
BuildBackBetterActCampaign	Do you trust your electric utility to provide you with reliable and affordable energy this winter? You might, but you shouldn’t. If you ask Michigan residents what they want from a utility, they will likely tell you two things: reliable service and reasonable rates. They want their lights and heat (or AC) to turn on when they need them, and they want to afford their monthly utility bill.
AbandonedWells	"On August 18, one of our drivers reported #oiltheft at Battaglia's Deli in Dobbs Ferry, NY, where this Buffalo Biodiesel vat had been broken into and robbed by thieves who tore off its locks and metal screen. We recycle the used cooking oil to make sustainable biofuel—instead, it’s being targeted by interstate organized crime rings. Please report any information to Dobbs Ferry PD and help us stop these criminals. 
lohud News 12 Hudson Valley  Hudson Valley Post  ABC7NY  CBS New York  News 12 Westchester  Daily Voice Northern Westchester. "
BuildBackBetterActCampaign	Communities in the Central Valley will be directly affected by an energy shutdown, costing tens of thousands of jobs and increasing gas prices throughout the state.
RenewableEnergyPromotionAndGrowth	Did You Know a Ban on Natural Gas Could Cost Virginians Over $26,000 Per Household? #PolicyMatters  #naturalgas https://consumerenergyalliance.org/2021/08/natural-gas-service-ban-could-cost-virginians-over-26000-per-household/. 
BuildBackBetterActCampaign	Oregon Trail Electric Cooperative is helping transform a small rural community by tackling the affordable housing crunch. In John Day, Oregon, a new effort has brought the community together to build 3-D printed houses. Learn more about the cooperative difference for this community. #Voices4CoopPower. 
CallToActionAgainstOilAndGasIndustries	If it's too hot for our kids to play outside now, what will the world look like for their kids? We need to take action on climate change before it's too late.
GreenEnergyCreatesJobs	GE and Veolia North America are working together to improve technologies for recycling wind turbine blades and other components. There’s still progress to be made, but the industry is coming up with creative solutions to make sure wind energy is as eco-friendly as it can be. Read more:  https://www.livingcircular.veolia.com/en/industry/wind-power-hit-recycling-winds-change-thanks-veolia-and-ge. 
BuildBackBetterActCampaign	Arkansas is one of the poorest states, but also has relatively high taxes and government spending. Hear from Dr. Jeremy Horpedahl, associate professor of economics at the University of Central Arkansas and an Arkansas Center for Research in Economics (ACRE) Scholar, and Joseph Johns, ACRE policy analyst on tax and spending, as we learn about Arkansas tax policy and its impacts on taxpayers and the economy.
BuildBackBetterActCampaign	"Congressman Good takes on the BATFE!

Last week, Rep. Bob Good (R-VA) introduced the Protecting Individual Sovereignty Through Our Laws Act (PISTOL Act).

Rep. Good’s legislation is a direct repudiation of the Biden administration and their attempts to regulate, and ban, AR pistol braces. Click here to read the Press Release.

https://good.house.gov/media/press-releases/rep-good-introduces-protecting-individual-sovereignty-through-our-laws-pistol?fbclid=IwAR20FxKQ-K8KxSzQBtxnBqL_JjVORD1JEIuC4IN_xYBHM9XZnBOEhbEIIJQ

I am very glad to see a Virginian leading the fight against this unconstitutional power grab by DC Swamp bureaucrats. The recent effort by the BATFE is typical of the tyranny we see coming from Washington DC and Richmond, where by a 'royal' decree these rogue agencies are trying to circumvent the Constitution and create law.

The Justice Department recently published a rule which redefines pistols with a stabilizing brace attached to the buffer tube as a short barreled rifle, therefore subjecting these firearms to the draconian requirements of the National Firearms Act (NFA).

Good's PISTOL Act prevents the ATF from considering pistols with brace attachments to be short barreled rifles under the National Firearms Act, and legislatively defines what a pistol is for the purpose of being exempt from the NFA.

“The Biden Administration poses the biggest threat to the Constitutional rights of freedom-loving Americans that we have seen in decades – their unconstitutional attack on pistol braces sets a dangerous precedent for anti-gun legislators to further regulate firearm accessories in the future. The PISTOL Act is the right piece of legislation to fight back against another left wing gun grab.” said Dudley Brown, President of the National Association for Gun Rights.

I could not agree more.

Representative Good should be commended on this effort, and both the Virginia Gun Rights Task Force of VCC and the National Association for Gun Rights support this legislation. 

I also ask that each of you contact the following Virginia Congressional Representatives and urge them to support this vital legislation-

-Representative Rob Wittman   (202) 225-4261
-Representative Ben Cline  (202) 225-5431
-Representative Morgan Griffith (202) 225-3861

 

In Liberty,

S. Chris Anders
Director
Virginia Constitutional Conservatives. "
BuildBackBetterActCampaign	"Meredith Brinegar comments about ""WHITE PRIVILEGE""
""I am insulated by my privilege, as a white educated heterosexual married woman""

Is this someone Bellbrook wants to lead their city?
*Meredith is troubled about being WHITE.
*Troubled about Being Educated.
*Troubled about being a heterosexual married woman.

Brinegar posts apologetically for being a white, heterosexual, female. Really it's attached! 
Read her own words for yourself.

She has taken a page out of the national progressive socialist playbook, trying to shame people for something they have no control over.

Apologize for being white, is like apologizing for being black, being brown, being female, being male, being short, tall, having brown hair, red hair, all things no one has any control over but God.

She is ashamed for being white, but not ashamed of the vile actions of her fellow Yes PAC supporters over the last two years.

Brinegar was silent when yes Pac members attacked our senior citizens, telling them to move or die. No outrage from her.

She was also silent when the girl's basketball coach was exposed for his racist and sexual comments directed at the Black players. 

Where was her apology to the Seniors Citizens and girl basketball players? She was silent because the offenders were people she supported. They were her people.

Radical Progressive Socialists are HER PEOPLE.
People like radical Kim McCarthy

Where was her outrage, her standing up and speaking out, there was none? 

If you have something to say, Binegar will not listen. She is covered up in her self shame, and progressive ideology.

She is different. She thinks differently. 

She has values different than the majority of the Bellbrook Community. 

Brinegar is a die-hard WOKE Progressive, whose goal is to implement her socialist values and worldview through the power of the office she seeks.

Look at who she is supporting and who supports her.  Kim McCarthy, Josh Pressnell, Katherine Kipling, and Sara Williamson are all part of the PROGRESSIVE Group seeking to change our community.

Meredith Brinegar is one of the main leaders of these progressive socialists. Do not let her slick ""Media pony-show"" fool you.

Mederithe Brinegar is a radical Progressive SOCIALIST.

DO NOT GIVE her the power over your family and our community.

There are far better choices.

Vote for ""Katherine Cyphers"" and ""Forest Greenwood"" for Bellbrook City Council."
CleanOilAndGas	"The focus on at-home charging for electric vehicles is something that will ease range anxiety as equitable charging infrastructure becomes more available. No one wants to run out of battery on a road trip, but EV charging won't necessarily mirror the gas station stops we are accustomed to. 

https://www.startribune.com/electric-vehicle-revolution-brings-changes-to-minnesota-garages/600128347/

Many of Minnesota's electric cooperatives offer programs for off-peak charging and charger installation, so check with your local electric cooperative if you #goelectric."
CarbonEmissionReduction	Government-Controlled Power comes with a price tag of $13,500,000,000  – three times Maine’s annual budget.  Do you think this is a good idea? Tell us right now: https://bit.ly/34w9wFZ. 
AbandonedWells	"Joining us for the Women of the Movement Anpetu Wi Dialogue this month is Tara Houska (Couchiching First Nation). She is an attorney, an environmental and Indigenous rights advocate, as well as the founder of Giniw Collective and the former advisor on Native American Affairs to Senator Bernie Sanders. Take a moment before our discussion to get to know her and watch Tara's TED Talk where she speaks to the history of attempts by government and industry to eradicate the legitimacy of Indigenous peoples' land and culture, including the months-long standoff here at Standing Rock.

We are honored to have her join us for our live discussion on May 20th - don't miss it: https://fb.me/e/RXMLppau. "
CleanEnergyPromotion	"""Make no mistake about it – this is a plan for a government-controlled power company. The referendum proposal calls for a company run by an elected board of politicians. The supreme courts of Maine and the United States have both ruled that if an entity is run by elected officials, it is by definition a government entity.""

Being pushed by politicians, run by politicians..... Government. 

When it walks like a duck, and talks like a duck, it's a duck. 

https://www.pressherald.com/2022/01/20/commentary-government-control-of-maines-energy-grid-is-not-the-answer/. "
GoBold	"🗓️  July 2019 - hottest July on record
🗓️  July 2020 - hottest July on record
🗓️  July 2021 - hottest July on record

It’s time to take bold action on climate change. Donate now to help NRDC fight back against the climate crisis>>. "
GreenEnergyCapacity	Growing U.S. offshore wind presents enormous economic opportunities for the maritime industry and made-in-America vessels.
ClimateChangeMovements	City of trees...city of climate action! The City of Boise, under Mayor McLean’s leadership, has rolled out a Climate Action Roadmap in order to tackle climate change, grow new jobs, and improve our air quality. Join us in supporting more climate action policy.
ClimateChangeMovements	Sometimes you don't want to be #1. For three consecutive months, California has had the highest-priced gasoline in the U.S. https://bit.ly/3ozmyZc. 
GreenEnergyCreatesJobs	Floods are happening more often, and they're getting worse. Climate change is already a factor in dangerous, extreme weather. In Wisconsin, we see a sharp increase in precipitation that can lead to more floods each year. Without a transition to a clean energy future, hazardous climate events may get worse.
DemandClimateActionFromLeaders	"No one fights and wins more cases for the environment than Earthjustice. Want to see? Check out our recent victories.

Supporters like you are critical members of the team as we fight to keep children safe from lead and dangerous pesticides, make sure our air and water is clean, and protect endangered species."
BuildBackBetterActCampaign	"Has going green become more than just a good faith effort to protect the Earth? Today it seems like it's becoming more of a religion. Watch the full mini documentary ""Religion of Green"" at PragerU.com. "
AbandonedWells	"One in every three bites of food we eat depends on bees and other pollinators! 🐝🍎

But rampant toxic pesticide use, climate change, and habitat loss are killing bees, which could lead to food scarcity that would hit low-income communities and communities of color especially hard. NRDC is fighting to protect bee populations and secure the future of our food supply."
RenewableEnergyPromotionAndGrowth	Thank you Rep. Leger Fernández for working to create good jobs for New Mexicans while cutting cut air, water and climate pollution from orphan oil and gas wells.
CleanOilAndGas	"On July 17, our driver also reported #oiltheft at Yummy Yummy in Somerset, NJ, where this Buffalo Biodiesel vat had been broken into and robbed, found with the lockbar and metal screen pulled off as shown here. Buffalo Biodiesel recycles the used cooking oil to make sustainable biofuel—instead, it’s being targeted by interstate organized crime. Please report any relevant information to Franklin Township PD and help us stop these criminals. 
NorthJersey.com The Star-Ledger MyCentralJersey NJ.com New Brunswick Patch NJ Spotlight News News 12 New Jersey. "
ClimateChangeMovements	In the U.S., heat represents the deadliest type of extreme weather.
OilAndGasBoostEconomy	Calling all conservatives: Rep. Stephanie Bice is fighting back against the Left’s anti-energy agenda in Washington. She is a champion for our nation’s oil and gas industry and the thousands of hardworking Americans relying on it. Will you rush in $20 right now to help her reach her Q1 goal to ensure she has the resources needed to stand up to the Left in D.C. and preserve our shared conservative values?
RenewableEnergyPromotionAndGrowth	Infrastructure is more than roads and bridges. It’s a modern electric grid to keep your family safe during storms.
PublicLandExploitation	There are no laws punishing producers for oil and fracking related spills even when most are preventable.
OilAndGasTaxesBad	Did you know that the price of crude oil is one of the biggest determining factors of gas prices? Learn more about the way gas prices are determined. 
CarbonEmissionReduction	We’ve spent more than 10,000 hours learning the unique environmental conditions along our pipeline route so we can design, build and operate safely here. We’re committed to showing you that we stand behind our commitment to operate safely for you, the greater Memphis community and the environment.
RenewableEnergyPromotionAndGrowth	Banning natural gas isn’t free – it will cost people in Virginia more than $26,000 to retrofit their homes to meet the state’s mandates. Learn more here.
GoBold	"With Europe energy prices spiking as a result of a sudden slowdown in wind, consultants like Mark Dickinson advise that ""The price surge shows the need to have backup power supplies for moments when the wind doesn't blow and the sun doesn't shine."" Hydro-power is a perfect complement to wind and solar acting as a battery backup. Say NO to blocking future renewable projects and vote NO on question 1."
ClimateChangeMovements	Even when we are mandated to do something because of “the science,” or when we experience a tidal wave of public opinion in favor of some scientific consensus, just a little bit of knowledge of the issue will help us to respond appropriately. For instance, knowing how viruses and other disease-causing organisms are transmitted from person to person helps one decide when wearing a mask is most appropriate and when it will not make one bit of difference. Understanding weather systems helps one know if the latest natural disaster has historical precedent or might be the new climate change normal. But like real science, this takes work.
ClimateChangeMovements	"First, DC liberals spent trillions of our dollars. Now, Americans are facing record inflation and are paying more for gas and groceries. Their plan now: Nancy Pelosi and her liberal allies are pushing for new tax hikes and another socialist healthcare plan.
 
Click below and sign up to tell Jared Golden enough is enough."
GreenEnergyCreatesJobs	Scioto Farms Solar Project will help Ohio meet its renewable energy goals by generating renewable, carbon-free energy. The power produced at Scioto Farms is well positioned to meet local and regional energy demands, while generating tax revenue for Pickaway County.
OilAndGasBoostEconomy	"We're putting a spotlight on Oklahoma's oil and natural gas employees — meet Jess Tarrant, technical sales for J.P. Consultants.

Jess' favorite thing about working in the oil and natural gas industry is the pace of work! It might be chaotic and around the clock, but he powers through with an energy drink in hand and Blink-182 cranking through his headphones (at least, that was his favorite band in junior high!). Get this: Chuck Norris once taught him how to do a wheelie on a unicycle. 🤯  Is Jess the most interesting man in the world? 🤔 

Click here to learn more fun facts about Jess: https://bit.ly/3m0Bsrs. "
VirginiaConservatives	Because renewable energy installations generate power from free, unlimited resources, like the wind or sun, that are present everywhere, they make our electric grid more flexible and more reliable. Read more: https://bit.ly/3ltzEHW. 
RenewableEnergyPromotionAndGrowth	Georgia's nuclear energy projects at Plant Vogtle will provide reliable power and thousands of clean energy jobs. Show your support by liking our page today.
CallToActionAgainstOilAndGasIndustries	"We want YOU to get to know our members! We're putting a spotlight on Oklahoma's oil and natural gas employees — meet Roch Romanson, Business Development Manager - Oklahoma for Halliburton.

Canada ➡️ Texas ➡️ Oklahoma ... Roch has lived all over, but never forgets his roots! That's why his favorite Oklahoman is former Toronto Blue Jay's star Joe Carter! He is a self-proclaimed Knight Rider fanatic (y'all remember Knight Rider?!) who once met Drew Carey in Las Vegas during Y2K. Needless to say, Roch has some good stories to share! 

Click here to learn more fun facts about Roch: https://bit.ly/3bHsVUW. "
VirginiaConservatives	Gas prices are set from a number of costs incurred by refiners – the biggest of which being crude oil. Learn about how prices at the pump are determined:. 
AbandonedWells	"California families need David Valadao to see what’s in front of him:

The danger is real. Extreme weather is more intense and more frequent than ever before -- and all the more reason to act now."
TellRepToNotRaiseOilGasTaxes	A handful of politicians in Augusta are planning to forcibly seize Maine’s power grid through eminent domain. How do you feel about the plan?
NuclearEnergyProvidesTaxRevenue	During times like this, good jobs are vital. Nuclear power supports 28,000 of them in Illinois.
AntiFossilFuelInfrastructure	"Want someone that will ACTUALLY fight for you?

This is what I’m AGAINST. Random order (not a complete list):

1. Green New Deal 👎

2. CRT 👎

3. Gender Modification of Children 👎

4. Pornography & Pedophile how to books in city & school libraries. 👎

5. Restricting U.S. fossil fuel production. 👎

6. Infringements on 2nd Amendment. 👎

7. Big Tech censoring Conservatives. 👎

8. Cancel culture. 👎

9. BLM 👎

10. ANTIFA 👎

11. Rioting 👎

12. Open Borders. 👎

13. Incentivizing illegals to come here. 👎

14. #FakeNews 👎

15. Regressive taxes. 👎

16. Anything that hinders free, fair, open, & transparent financial markets. 👎

17. Subsidies 👎

18. Election fraud. 👎

19. Unconstitutional mandates. 👎

20. Unduly burdensome regulations. 👎

21. Inflationary policies. 👎

22. 🦏🦏🦏 👎

23. Abortion 👎

24. Foreign influence of elected U.S. officials & elections. 👎

25. Unfair trade practices. 👎

26. Property taxes - especially on primary residences. 👎

27. Government over reach. 👎

28. Unrestricted/untaxed remittances. 👎

29. ANYONE restricting your medical freedom. 👎

30. ANYONE telling you how to raise your children & subverting your values. 👎

barone4congress.com. "
RestoreVirginia	"RAZE is based out of Coolidge, Arizona, with a mission to educate, advocate and coordinate in rural communities so they may gain access to civic education, engagement opportunities, and voter registration!

The application deadline for our 2021 RAZE Leaders program is August 20th. The program aims to teach high schoolers from across Pinal County how to create the change they wish to see in their communities!

Are you interested in more information about the program? Watch the video below to learn more about the RAZE Leaders and hear from one of our 2020 graduates!
#RAZE #RuralAZEngage #civicengagement #RAZELeaders #youthempowerment
Link to apply: 
https://secure.everyaction.com/xmsPWEzEVkqa8hJKhNic0w2?source=WB0721RAZE_LD. "
HazardsOfWells	"Nine tips for having a radon reduction system installed in your home: https://bit.ly/3H5U0iH

The U.S. Environmental Protection Agency action level for radon is 4 pCi/L. Because of our geology, many homes in Pennsylvania have a considerably higher radon level. If a test of your home shows a level higher than the EPA action level, you should have a radon reduction system installed to protect yourself and your family from this radioactive gas, the second leading cause of lung cancer."
BellbrookWokeRadicals	We don't really know how Putin feels about Biden, but we know this: He hates the US oilfield worker, because they make American energy security possible and fuel human progress. ➡️ Click the link in our bio to read more!
AbandonedWells	"A new regulation was recently passed, by the Arizona Corporation Commission, limiting access to solar!

Unfortunately, information has not yet been released to the public regarding how close 85383 is to reaching its limit, and it could be reached at any time. 

So don’t miss out! Join over 7,000 of your neighbors that have requested estimates, from SunSolar Solutions, by clicking “Get Quote” today!"
PublicLandExploitation	Going swimming or taking a shower shouldn’t make you sick. Georgia Power is willing to take that risk. Tell the state to make Georgia Power clean up its coal ash. #GACleanYourAsh. 
AbandonedWells	"INVESTING IN FUTURE GENERATIONS OF PEOPLE OF COLOR: Gavin Newsom has helped create more representation in California leadership by appointing people of color to positions with real power. In contrast, the conservative candidates against Newsom have spent their time attacking our ability to teach our histories in school and promoting policies that will make life harder for Black and brown families. Help us keep our progress going by voting NO on the recall.
#KeepGoingCalifornia
#NoALRecall
#NoRecall. "
OilAndGasBoostEconomy	"From Saturday's Sun Journal: ""I’ve heard the criticism that these jobs are temporary. Those in the construction business know all jobs are temporary. It’s great that these workers have a steady source of employment for several years.""  https://www.sunjournal.com/2021/03/27/matthew-roy-necec-critical-for-economy-infrastructure/. "
AbandonedWells	"A new regulation was recently passed, by the Arizona Corporation Commission, limiting access to solar!

While this is unwelcome news for SunSolar Solutions, and homeowners, there’s still time for most Arizona homeowners to receive their solar estimates, without any hassle!

So don’t miss out! Join over 7,000 of your neighbors that have requested estimates, from SunSolar Solutions, by clicking “Get Quote” today!"
ClimateChangeMovements	"TPUSA LIVE is the unfiltered, grassroots alternative to mainstream media. Watch daily shows, live in-studio content from TPUSA HQ and weekly shows covering politics, pop-culture, sports and everything in-between. Tune in every weekday starting at 5 PM ET / 2 PM PT.

Check out today’s show! 

Human Events Daily host Jack Posobiec discusses China's new hypersonic missile, gives us a #FreedomFlu update, covers Antifa demanding vaccine mandates and more!

We will wrap up the show with the TPUSA LIVE team joined by host, Jon Root, and special guests Grace Saldana, Morgan Zegers, and virtually, Vivek Ramaswamy and Andrew Bogut who will talk about woke corporations, Australia, and more!"
ClimateChangeMovements	The capitalist parties, the businesses, the schools, the local government all provide no space or platform to openly discuss and debate the necessity of abolition, this is why we launched the peoples assembly last year and are reviving it now. The conviction of Derek Chauvin followed by more police murders shows there is no solution to police violence offered by the state. The state requires police violence to keep this social order intact. Join working families as we come together and build power to achieve abolition!
GreenEnergyCreatesJobs	"We believe in New Mexico and its clean energy leadership. 

Western Spirit is an example of the power of clean energy to create rural job opportunities, to generate investment for local economies, and to build a sustainable future.

Above all, Western Spirit is a testament to the hard work of thousands of New Mexicans. We are so thankful for our incredible team!"
CarbonEmissionReduction	Colorado towns and counties, including some in Rep. Lauren Boebert's district, are passing resolutions supporting President Joe Biden’s executive order to indefinitely pause new oil and gas leases on federal public lands.
CallToActionAgainstOilAndGasIndustries	"Biden’s First 100 Days?!? By Saul Anuzis  May 23, 2021 

For all my liberal, Trump hating friends and family:

Just look what has happened in the past 100 days.

For those who voted for this jackass... are you feeling any buyer’s remorse yet? Is dealing with this really better than dealing with President Trump who may put up a tweet that hurts your feelings, but actually ran our country properly? 

So.....Russia is massing troops on the border with Ukraine. Ukraine is threatening to take Crimea back by force. China is threatening Taiwan and its neighbors while also threatening our ships and Navy. N Korea is testing missiles again and restarting their nuclear weapons program. Iran has been emboldened and is making more than their normal threats. 

 Our southern border is a humanitarian disaster caused directly by this administration, and the administration that promised transparency is hiding it and not letting the media have access. Ford is closing a plant and moving it to Mexico after just bringing it back from Mexico because of the current Administration’s plan for increased taxes.

Price of steel up 145% 
Lumber 126%
Wheat up 25% 
Food index up 25% 
Cotton 35% 
Silver 38% 
Copper 50% 
Soybeans 71% 
Oil 80%
 
Pipeline jobs lost
Wall construction jobs lost

1.9 trillion in stimulus that funds the administrations pet projects and only paid a fraction to the people. 
29 trillion in debt with 4.8 trillion projected 2021 deficit before the 2 trillion dollar stimulus proposed today for the new green deal. 

9+% unemployment with millions of job openings that can’t be filled because federal unemployment assistance makes it more advantageous for people to stay home than work.
  
All in the first 70 days. The current president is a disaster! Hold on tight, the next 4 years are going to be a rough ride. All I'm saying is...you Biden supporters aren’t posting very much about the great things he’s doing.

-Saul Anuzis

Do you miss him yet? Democrats who have finally had enough can leave the party that has left them and join the party working 24/7 to Make America Great Again! Dems can make the switch at their Supervisor of Elections Office or online at the State of Florida website https://registertovoteflorida.gov/home. "
HazardsOfWells	As we head outside this summer, understanding how electricity works can keep you and your loved ones safe. Learn more and remember to contact your local utility or PPD for more information.
RightWingCampaigns	"Official Call 
Call is hereby made for the County Central Committee Meeting of the Republican Party of San Juan County to be held Thursday, January 13, 202 at 6:00 PM at the Oil & Gas Equipment, 8 Road 350, Flora Vista, NM 87415 to:
Consider contests to delegates from the Precinct Caucuses to the Pre-Primary County Convention, and
Consider any other proper business
And
Call is hereby made for the Pre-Primary County Convention of the Republican Party of San Juan County to be held Thursday, January 13, 202 at 6:30 PM at the Oil & Gas Equipment, 8 Road 350, Flora Vista, NM 87415 to to:
Elect Delegates to the Republican State Pre-Primary Convention, to be held Saturday, February 26, 2022, 9:00 AM in Ruidoso, New Mexico.

Submitted by, 
Rhonda Stockert 
Chairman, Republican Party of San Juan County 

Also, by attending this Convention, you will get to meet several of the candidates running locally and statewide races."
TellRepToNotRaiseOilGasTaxes	Senator Bennet just voted to raise taxes which will empower China. Call him and tell him NO.
RenewableEnergyPromotionAndGrowth	Thank Senator Cassidy for supporting smart, practical, bipartisan policies that promote conservation by helping reduce carbon emissions. The Growing Climate Solutions Act is the first step toward rewarding farmers, ranchers, and foresters for protecting birds and all wildlife for future generations. Sign up today to show your support!
RenewableEnergyPromotionAndGrowth	Switch your home to a 100% clean energy plan in minutes, help someone in critical need get access to clean drinking water. 
AntiFossilFuelInfrastructure	The Government Will NEVER Willingly Give Power Back To The People! #BigGovSucks. 
CallToActionAgainstOilAndGasIndustries	"#BREAKING: Stanford Student Senator Gabby Crooks calls for WHITE GENOCIDE. 

CCR stands against this hateful, racist, and violent rhetoric. Truly violent and racist ideas should concern everyone on our campuses. It is a distinct failure of academic institutions like Stanford for allowing this rhetoric to propagate among the student body. We support our chapters, like the Stanford College Republicans, exposing these beliefs — especially when those at fault are in positions of power and influence. We encourage Stanford students to reject Crooks’ racism and not re-elect her to the Student Senate.

Update: Crooks has deleted her Twitter account and appears to have deleted her Facebook profile.

From Stanford College Republicans: “Gabby Crooks, a senator in Stanford's student government, has explicitly called for the eradication of white people. With Stanford student government elections being held this week, and with Crooks on the ballot, SCR has discovered Crooks' extensive record of racist anti-white remarks on social media. In one tweet, Crooks wrote “yes I think white people need to be eradicated.” In other tweets, she refers to white people as “crackers.” Gabby Crooks is openly advocating for white genocide. These racist and genocidal remarks are disgusting. The left wants you to believe that racism is acceptable, as long as it is targeted at whites. We are not standing for that lie. Crooks' bigotry doesn’t stop at anti-white racism. We will be releasing more hateful statements from Crooks in the coming days, including remarks about Asian Americans – Stanford students deserve to know the truth when they cast their ballots in the ASSU election this week. #StandAgainstHate”. "
DemandClimateActionFromLeaders	"No one branch of government can be allowed to have unchecked and unrestrained power to disregard our democratic system to impose a rule that threatens to upend the lives and livelihoods of
millions of people. Tell Congress to ACT:. "
GreenEnergySupportsCommunities	Have you heard about cleaner, greener Bioheat® fuel? This more sustainable fuel is made using ultra-low sulfur fuels and renewable biodiesel and it can be used in your existing heating system, no conversions needed. Check out this short video to learn more! And don't forget to ask your local heating company about Bioheat® fuel. #newyork #bioheat #bioheatfuel. 
VirginiaConservatives	"Christmas is always a season of hope.  One of the promise of good tidings of Great Joy.

But it wasn't always so.

Many know of Virginian George Washington, crossing the Delaware and defeating the British and Hessian soldiers ar the Battle of Trenton.  But few, very few understand the background and the tribulations Washington faced that Christmas Day in 1776.

For the past year, Washington had been defeated and humiliated at the Battle of Long Island, Harlem Heights, White Plains, Fort Washington and Fort Lee.  Many in Congress were calling for a new commander and his troops were leaving and going home at an alarming rate.

But Washington never gave up.

On Christmas Day, he led his army of barefoot and frozen men across the the Delaware River and achieved victory giving hope to the Patriot Cause.

But that is not the end of the story.

Through 1777 and 1778, Washington was defeated again, time after time, and the British captured the Patriot Capital of Philadelphia.  More in Congress were calling for a new Patriot leader, and his army was once again going home in alarming numbers, entire brigades were revolting and the remainder were starving and freezing in little huts at Valley Forge.

But again, Virginian George Washington did not give up.  He brought in a Prussian drillmaster named Friedrich Wilhelm von Steuben.  Realizing his men, though dedicated to the cause, badly needed training to be able to face the Redcoats on equal terms, Washington retrained his entire army and forged the army that would eventually secure total victory, right here in Virginia at Yorktown.

Why do I tell you all of this?

Because quite simply, history is repeating itself.

Flushed with victory at Trenton, many in the Patriot cause did not understand the long hard fight ahead, just like many today in Virginia do not understand the long hard battle we face.

It greatly saddens me to see so many of my fellow Virginians convinced that the victory in November has Restored Virginia.

Nothing is less true.

Red Flag Gun Confiscation, Universal Gun Registration, Lockdowns, Unconstitutional Mandates and unfettered tyranny still rules our Virginia.

And if you are are waiting on a politician to save you, well, Virginia is lost.

The State Senate is still run by the Richmond Radicals, and many of those in so called ""conservative"" leadership positions supported everything from local gun bans to creating gun-free victim zones and bureaucratic control over nearly every aspect of your life.

To sum it up, we have won a battle, but the war rages on.

If you think simply having a majority in the House of Delegates and the Governor's Mansion means all the unconstitutional actions of the last 2 years will be history, you are very, very wrong.

The victory in November was not one of a particular party, or a politician.  It was a revolution of and by the people of Virginia.  And only a continued dedication to that cause will see Virginia Restored.

Now is not the time to rest and relax...now is the time to triple our efforts.

For over 3 years, here at the Virginia Constitutional Conservatives, we have been preparing, training and fighting to begin the Revolution.  Training thousands of fellow patriots on cutting edge tactics, picking the right fights and using no compromise tactics has brought us this far.

But we have so far to go.

The battle was won, but the war still rages on.  In my 16 plus years of politics, I realize we face the most dangerous time yet,  a time when our patriots go to sleep because they think they have won, while the enemy, angry and active, is organizing to counter attack.

We cannot, we must not, rest on our laurels.

For if we do, we will be caught napping when the left-wing radicals attack.

And even worse, many of those very politicians who were elected are now refusing to fulfill their promises to overturn the tyranny the Richmond Radicals passed.

Career politicians are all the same.  They are all looking towards their next election,  and if they think the gun grabbers and socialists are a greater danger to their continued rule, they will once again backstab us all.

Like in 2019 when fake conservatives passed the Obamacare Expansion, Delegate Glenn Davis fought to open the door to make it harder to get a concealed carry permit and Delegate Bobby Orrock put in a Bill to make you take a class, and pay for a permit, just to own a gun in Virginia.

And yes, these were all ""republicans"".

So if you think having politicians who hide behind the R label in power means everything is OK, you are about to be greatly disappointed.

But this is the Season of Hope, and I am greatly hopeful.  Not because of any politician, but because of you.

When the Gun grabbers had the Governor's Mansion, the House and the Senate, you, the brave and unwavering patriots of Virginia, stepped up and fought and stopped Northam's Gun Ban and the Homemade Gun Ban.

I cannot tell you how many people told me we had zero chance of defeating these tyrannical schemes.  But together we did.

Now we face a harder fight...the fight to repeal many of the anti-gun schemes the Richmond Radicals passed.  It is very true in politics that defensive fights, stopping bad bills, is far easier than offensive fights, passing good bills.

And we have seen this already in Virginia.

Many in power in Richmond want to do, well, either nothing or simply tinkering around the edges.  That is not how wars are won.  We will not back down, we will not compromise and we will never accept crumbs that fall from the table.

We will fight for full and complete repeal of Red Flag Gun Confiscation, Repeal of Universal Gun Registration (outlawing private gun sales), ending allowing local governments to create killing zones by banning law-abiding citizens from bearing arms and passing Constitutional Carry.

Because no free individual should ever have to beg permission or pay a tax to bear arms.

And all of these efforts will be much harder than stopping any anti-gun scheme.  The enemies of Freedom are always cleverly disguised.  And the 2022 Legislative Session will flush many of them out.

With your help.

Working with Delegate Marie March (R-7), the full and complete repeal of Red Flag Gun Confiscation has been submitted.  But that is just the beginning of the fight.  Whether or not Virginia becomes the first state to repeal these un-Constitutional Gun Grabbing Scheme depends on you.

Not politicians.

So I am asking each of you to rededicate yourself to the hard work we have before us.  The battle was won, but the war continues.  And victory, in the end, depends on each of you.

I want to thank you for all you have done, but most importantly, what you will do, to Restore Virginia.

In this season of great hope, I want to wish you, and your families, a very Merry Christmas.  And that we all will take renewed devotion in the hope and joy in the message of that first Christmas.

 ""And she brought forth her firstborn son, and wrapped him in swaddling clothes, and laid him in a manger;
because there was no room for them in the inn.

And there were in the same country shepherds abiding in the field, keeping watch over their flock by night.

 And, lo, the angel of the Lord came upon them, and the glory of the Lord shone round about them: and they were sore afraid.

 And the angel said unto them, Fear not: for, behold, I bring you good tidings of great joy, which shall be to all people.

For unto you is born this day in the city of David a Saviour, which is Christ the Lord.

And this shall be a sign unto you; Ye shall find the babe wrapped in swaddling clothes, lying in a manger.

 And suddenly there was with the angel a multitude of the heavenly host praising God, and saying,

 Glory to God in the highest, and on earth peace, good will toward men.""

 

In Liberty,

S. Chris Anders
Director
Virginia Constitutional Conservatives. "
ClimateChangeMovements	Has there ever been a time when we have had to weigh so much science in our day-to-day lives? Today’s most prominent science-related issues are COVID-19 and climate change, but many other things are also important to us: medications, nutrition, travel safety, protecting the Great Lakes, etc. Not everyone is going to agree on what the science says about these issues, so how can we make the best decisions?
RenewableEnergyPromotionAndGrowth	"🌱 Excited to share how we're continuing Farm In A Box at NMSU Grants Campus
https://tristate.coop/tri-state-support-farm-box-continues-new-mexico-state-university-grants 

🌱 Electric Power Research Institute (EPRI) agricultural pod, located at NMSU’s Center of Excellence in Sustainable Food and Agricultural Systems in Grants, gives students the ability to produce various year-round crops, such as lettuce, kale, arugula herbs, flowers, carrots and radishes. It also will help educate students about agriculture, energy use, water use, light use, temperatures for growing crops, and other skills for the future.  

🌱 Tri-State provided funding for the EPRI container-farm project, and a one-time grant to cover costs associated with the indoor food production system and related analysis. Tri-State supported its first agricultural pod through the EPRI program at Moffat County High School in Craig, Colo., which was dedicated in November 2020."
CallToActionAgainstOilAndGasIndustries	"PUBLIC NOTICE: ( This is a long post) Kevin Price, school board member criticizes the Yes Pac and Josh and Diana Pressnell for power grab. 

This page agrees that the Pressnells are out -of-control, working hand-in-hand with Kim McCarthy and Meredith Brinegar.

This alinement of radical progressive socialists is no accident. It is a well laid out campaign plan to get WOKE candidate’s into office in the Bellbrook City Council,Sugarcreek Township Trustee and to take over the Bellbrook school board. 

This elaborate plan has been months in the making and supported by Doug Cozad, School superintendent, and the Bellbrook Teachers Union.

**In his own words Kevin Price wrote the following.  It is worth a read. McCarthy, Pressnells, Brinegar are all tied in together. 

""The Citizens for Sugarcreek Schools PAC page, created to unite the community behind passing a much needed levy, continues to depart from its original purpose and even its newly stated purpose of providing school related information.  

Since the levy passed in May It has been used to promote controversial ideology and most recently to cast things in a more favorable light for 3 candidates. 

The page is run by candidate Josh Pressnell and edited by his wife Diana Pressnell. 

Today I made a comment to a post made by the PAC page editor (Diana Pressnell) about candidate information in which I provided a link to the League of Women Voters’ interview that took place in August.  

My comment was deleted on the PAC page by Diana Pressnell. Interestingly a comment praising Josh Pressnell (likely from a fake FB account) remains. Below is a screen capture of these contrasting posts before mine was deleted. 

Intentionally suppressing information about other candidates by that “neutral” page is unacceptable.

End of Kevin’s Post

************************

Election Watch 21 Editorial comments:
These are the Progressive leaders who have brought hate and Intolerance into our communities and divided our citizens into “haves and has nots.”

This group is a toxic poison of radical ideas which they intent to force their WOKE VALUES upon our families, through the power of the offices they seek.

Do not give them the power and control they desperately seek, not not vote for them.

They are not like you and me.

They are radicals.

They are a threat to all you cherish and hold dear.

God, Family, and Country."
CarbonEmissionReduction	The future of our community, our jobs, our environment, and more depend on the future of Line 5. Find out how and join us. Sign the petition - https://actionnetwork.org/petitions/enbridge-line-5?source=TRCSocial. 
AbandonedWells	In mid-Michigan on Jan. 7, temperatures dropped to a low of 8 degrees Fahrenheit. As residents turned up the head that day, the Midcontinent Independent System Operator put out what it refers to as a “max gen” warning effective. It started at 6 a.m. and lasted for eight hours.
BuildBackBetterActCampaign	Alaska North Slope crude oil prices have continued their upward trend in the new year, surpassing $90/barrel this week.
ClimateChangeMovements	"Chairwoman of SAGE Development, Fawn Wasin Zi, will join the Women of the Movement dialogue this month. Fawn has a background in biology, and she firmly believes it is her duty to speak for those, Unci Maka (Grandmother Earth) that cannot speak for themselves, ""I'm personally involved in this on the basic level that I'm a biologist, and I want to save the world"". Learn more and join us for this month's Anpetu Wi Dialogue with a live discussion with Fawn, Tara Houska, Rep Ruth Buffalo and Tokata (Future) Iron Eyes by clicking the link in the bio.

#listentolearn #nativeamericans #NODAPL #indigenoushistory #nativeamericanroots #indigenousunited #indigenouspeople #SAGE #SRST #SAGESRST #SayYestoWind #StopLine3 #ShutDownDAPL. "
GreenEnergyCreatesJobs	AXPC supports innovative, collaborative solutions that lower greenhouse gas (GHG) emissions while meeting the world’s growing need for abundant, low cost, reliable energy. Like our page to learn more about our solutions ⬇️. 
RestoreVirginia	"Coming next week: ""Corruption within the Sugarcreek Police Department."" Now, this is the BIG Question for the Sugarcreek Community: 

Were the Township Manager and Trustee's ""asleep at the wheel and blissfully unaware"" like they were with the $1.3 million dollars in accounting errors the State discovered? 

Or did they know? Should they have known? If not, why did they not know?

Always asking the hard question of those in power, seeking the truth, no matter where it leads."
ClimateChangeMovements	"""the fabled “dirty break” argument that has come to dominate the DSA was rebuked at the comic con not in favor of a clean break to establish necessary class independence, but just acknowledged the reality that the DSA has only ever had any relevance because of its strong ties to the imperialist Democratic Party and to break from it would mean political irrelevance"". "
GreenEnergyCreatesJobs	Did you know? Two-thirds of North America’s birds are at risk of extinction due to climate change. Sign up to find out how you can help fight the bird emergency.
CleanEnergyPromotion	Recycling solutions for wind turbines and their components are front of mind for the clean power industry, and one creative solution has been to repurpose wind turbine blades into other structures, like a bike shelter in the case of one Danish city:. 
RestoreVirginia	Do you know whose lands you inhabit right now? The United States government has borders and delineations that the average American knows - but that is only one type of map. Check out https://native-land.ca/ where you can search your location, and see who originally inhabited the land you are now on. You can also search by language as well! Whose lands are you on today? Let us know in the comments:. 
AbandonedWells	Warm weather and no foreseeable precipitation has forced Arizona Snowbowl to indefinitely delay its opening day. 
BuildBackBetterActCampaign	Meteorologist: Georgia needs to be prepared for rising blobal temperatures. 
BuildBackBetterActCampaign	"Bellbrook School Board President  David Carpenter has been using the Police and Prosecutors to target his political opponents.

Carpenter has sent multiple secret letters and ran secret, unauthorized criminal background checks on political opponents and potential school board candidates. (we have the emails and letters)

David Carpenter should resign for his aggressive and unethical actions.

No school board president should ever be allowed to weaponize his position and use the power of his office in such a manner.

Watch the Video and listen to Senator Cotton.

https://youtu.be/5ZM5GRzg1M0. "
AbandonedWells	"Our crews will be performing maintenance work on overhead power lines on H-1 freeway near the Sears Distribution Center and Waiau Power Plant late Saturday, March 20 through early Sunday, March 21.  The work will close multiple lanes both eastbound and westbound on H-1, leaving only the center lanes open from 10 p.m. to 4:20 a.m. 

For the safety of crews and motorists, four right westbound lanes and three right eastbound lanes of H-1 will be closed near the Sears Distribution Center and Waiau Power Plant while the work is being completed.  Crews will be assisted by a crane on Kamehameha Highway near Kuleana Road, requiring closure of two right westbound lanes of the highway from Kuleana to the Sears Distribution Center.  During times when crews will be transferring equipment and conductors, traffic will be stopped for a few minutes in both directions of H-1.  

Motorists should find alternate routes while the work is being completed or expect delays if traveling on H1 or Kamehameha Highway westbound.  Traffic signs and cones will mark the work zones.  Special duty police officers will be onsite to direct traffic.  Motorists should exercise caution when approaching and passing the area.

Mahalo for your patience and understanding."
RenewableEnergyPromotionAndGrowth	"📣🌞 Act now and get $75 off your next bill when you sign up with Arcadia. 

Solar isn’t the same anymore. With Arcadia, it’s better. Sign up in seconds. All you'll need is an existing utility account."
RenewableEnergyPromotionAndGrowth	"Shopping local has never been so easy! All it takes is filling your car up with Kansas ethanol fuel.  

Kansas-made E-15 fuel is a great value when compared to regular unleaded:  

✅  higher octane 
✅  lower emissions   
✅  lower price   

Support a Kansas farmer by visiting an E-15 fuel station near you: https://www.fueledbykansas.com/where-to-buy."
ClimateChangeMovements	FREE COVID-19 VACINATION CLINIC! AND FOOD PACKAGES, DIAPERS FOR THE COMMUNITY! NEED HELP WITH RENT OR EDD/UNEMPLOYMENT INSURANCE (UI) COME ON BY TO THIS EMPLOYEE RIGHTS CENTER EVENT!  4265 FAIRMOUNT AVENUE (Next to the gas station, corner of El Cajon Blvd and Fairmount Avenue) If you have questions, please call 619-995-8973.
CelebrateBuildBackBetter	"President Biden's Build Back Better plan is our once-in-a-generation opportunity to fight climate change and secure middle class tax cuts, create clean energy jobs, and lower costs for working families.

Call Rep. Cuellar and tell him we must seize this moment: (202) 225-1640. "
LawmakersAndOilAndGas	The condition of Michigan’s roads is better than had been projected for 2021. They would be in even better shape roads if Gov. Gretchen Whitmer hadn’t cut road spending after the Legislature refused to enact a major gas tax hike she had proposed. The governor also authorized $800 million in road repair debt, repayment of which will reduce money available for future repairs.
OilAndGasSupportJobs	It's the problem that won't go away. Over the last 10 years, the lesser prairie chicken has been the subject of controversy and litigation. The oil and natural gas industry has willingly enrolled in conservation measures to minimize the impact of exploration and development on the land lesser prairie chickens call home. $60 million later... those efforts STILL aren't good enough for far-left environmental activists who are actively trying to stop production of oil and gas. We remain willing to work with the U.S. Fish and Wildlife Service to minimize negative impacts on oil and natural gas developments while still protecting the efforts to increase prairie chicken populations.
GreenEnergyCreatesJobs	"Electric heat pumps heat and cool your home efficiently, saving you money and lowering your home’s carbon footprint. But how do you find the right heat pump contractor to help you upgrade?

The Clean Energy Connection is a 100% free online directory connecting homeowners with contractors who specialize in clean energy and energy efficiency upgrades for your home. Comparing companies has never been easier—see the leading contractors installing heat pumps near you today."
BuildBackBetterActPassed	Farmers, ranchers, and foresters are vital to preserving our climate. Join us  to advocate for investments in our fields, farms, and forests to help reduce carbon pollution and preserve habitats for birds and all wildlife. Act now to build a better future for birds, people, and the places we all need.
AbandonedWells	Our next board member who we are proud to introduce, is Phyllis Young, our Vice Chair. Phyllis is a Tribal Elder and co-founded Women of All Red Nations in 1978. She has been actively involved for 15 years on the Board of Trustees for the National Museum of the American Indian in Washington D.C. and served one term as Chair of the Board. She is a former Council Member for the Standing Rock Sioux Tribe. Her community organizing skills were integral to her successful coordination of the Oceti Sakowin Camp during the #NODAPL protests, and she has been a major leader in the international Indigenous rights movement at the United Nations. In 2018 she was awarded the inaugural MIT Oceti Sakowin Fellows for Tribal Community Innovation.
TellRepToNotRaiseOilGasTaxes	Thank you to Board Member Diane Hewitt for Lake County Board, for putting Lake County residents first and voting NO on the Lake County Gas Tax Increase!
ClimateEmergency	"Senator Don Harmon voted for the Climate and Equitable Jobs Act and it is now law in the state of Illinois!

The Climate and Equitable Jobs Act will:

✅Curb dangerous air pollution

✅Combat the climate crisis

✅Create thousands of high-quality jobs in Illinois

Please join us by adding your name to thank Senator Don Harmon today."
ClimateChangeMovements	Hurricane Ida is the latest in a string of extreme weather events this summer that Americans have suffered through -- a frightening preview of the horror show that climate change is set to inflict on the planet.
TellRepToNotRaiseOilGasTaxes	"First, DC liberals spent trillions of our dollars. Now, Americans are facing record inflation and are paying more for gas and groceries. Their plan now: Nancy Pelosi and her liberal allies are pushing for new tax hikes and another socialist healthcare plan.
 
Click below and sign up to tell Cindy Axne enough is enough."
NuclearPowerEconomicBenefits	We can continue innovating to drive down emissions without making it harder to provide Arizonans with the reliable and affordable energy they need. Tell your senators to say no to increased energy bills.
GreenEnergyIsCostEffective	Go solar for no money down, and interest rates as low as 0.99%. ☀️ #GoSolar. 
GreenEnergyCreatesJobs	"Kansans Fueling Kansas talks with Angela Tin from the American Lung Association, which has been working to improve lung health since 1904. Vehicle emissions from traditional fuels affect air quality, and therefore lung health. 

Replacing traditional fuels with Kansas biofuels means better air quality and better health because higher ethanol fuel blends are 

✅  cleaner
✅  renewable
✅  biodegradable

Shop local and support clean air for Kansas by visiting an E-15 fuel station near you: https://www.fueledbykansas.com/where-to-buy."
GreenEnergyCreatesJobs	"New regulation was recently passed, by the Arizona Corporation Commission, limiting access to solar!

While this is unwelcome news for SunSolar Solutions, and homeowners, there’s still time for most Arizona homeowners to receive their solar estimates, without any hassle!

Unfortunately, information has not yet been released to the public regarding how close 85383 is to reaching its limit, and it could be reached at any time.
 
So don’t miss out! Join over 7,000 of your neighbors that have requested estimates, from SunSolar Solutions, by clicking “Get Quote” today!"
BuildBackBetterActCampaign	Over the next few weeks, geotechnical work at the Scioto Farms Solar Project site will be kicking off. While it may look as if there is construction occurring, this work is actually part of the development process and is required by the Ohio Power Siting Board (OPSB). We’re excited to meet this milestone and continue making great strides toward bringing solar energy to Pickaway County.
ClimateChangeDonations	"World Without Waste has signaled a renewed focus on our entire packaging lifecycle by improving our design, bottle collection and partnerships to reduce waste and carbon emissions.

See how partnerships like The Ocean Cleanup contribute to a #WorldWithoutWaste: cokeurl.com/snmx98. "
OilAndGasBoostEconomy	Sen. Brewster voted to stall PA’s participation in a program that would limit pollution and boost economic recovery.
RenewableEnergyPromotionAndGrowth	The previous administration wreaked havoc on the Clean Water Act and many other policies that protect our water, leaving birds and their habitats at heightened risk. World Water Day reminds us of how precious water is to people and birds alike, and gives us an opportunity to recommit to protect it. Become a monthly donor today and power Audubon’s work to protect birds and the places they need.
CarbonEmissionReduction	"Concrete made with cement is the most utilized building material – and the industry continues to optimize cement production to achieve carbon neutrality by 2050.

Learn more about sustainably producing cement at howcementismade.com."
ClimateChangeMovements	Chispa fights for clean air and water, healthy neighborhoods, and a safe climate for today's Latinx community and the generations to come. Join our movement to protect the future of our democracy, our planet, and our people.
LawmakersAndOilAndGas	"UNITED WE STAND! DIVIDED WE FALL! 
A WRONG TO ONE IS A WRONG TO ALL! 

Join UMWA International President Cecil E. Roberts and Congressman Bennie Thompson tomorrow, June 9, 2021, at 6:00 p.m. at Tannehill State Park to support the Brothers and Sisters on strike at Warrior Met Coal! 

Tannehill State Park
12632 Confederate Parkway, 
McCalla, AL 35111. "
VirginiaConservatives	"TPUSA LIVE is the unfiltered, grassroots alternative to mainstream media. Watch daily shows, live in-studio content from TPUSA HQ and weekly shows covering politics, pop-culture, sports and everything in-between. Tune in every week day starting at 5 PM ET / 2 PM PT.

Hour 1: Charlie Kirk, Poplitics with Alex Clark, Human Events with Jack Posobiec & Freedom Seeds with Isabel Brown  

Hour 2: Join us for our daily real-talk hour with Jon Root and special guests Charlie Kirk, Benny Johnson & Alex Marlow as they break down what’s happening across the movement.

Hour 3: Tune into Freedom Papers with Morgan Zegers & special guest Freedom Caucus Chair Congressman Andy Biggs as they dissect the Federalist and Anti-Federalist Papers."
ClimateChangeMovements	"The focus on at-home charging for electric vehicles is something that will ease range anxiety as equitable charging infrastructure becomes more available. No one wants to run out of battery on a road trip, but EV charging won't necessarily mirror the gas station stops we are accustomed to. 

https://www.startribune.com/electric-vehicle-revolution-brings-changes-to-minnesota-garages/600128347/

Many of Minnesota's electric cooperatives offer programs for off-peak charging and charger installation, so check with your local electric cooperative if you #goelectric."
BellbrookWokeRadicals	"The more facts and evidence we uncover, the clearer it becomes, the Sugarcreek Police Department needs to be taken over by Greene County Sherriff Gene Fisher. 

When a police department is corrupted from the top-down, influenced by those in political power, Ohio Law no longer applies.  The Police can never become a weapon to be used against the opposition of those in power."
RenewableEnergyPromotionAndGrowth	The Alliance for Michigan Power believes our power should be reliable AND clean.
DemandClimateActionFromLeaders	"⚠️2X MATCH ALERT⚠️

Help us fight for Mother Earth 🌊🌎🌳 
We need to come together and push for climate action and a better future.

Your generous gift will be matched $1 for $1 — but only for a limited time. Donate now and help create the change we need for our planet. 👇. "
CarbonEmissionReduction	"For two years this page has listened.
We have heard the voices of our community members.

Our community is now leading other communities across Ohio to defeat these unfair and brutal property tax levies on our homes. 75% of all property tax levies failed last election, thanks to the the VOTE NO SUPPORTERS of Bellbrook-Sugarcreek leading the way!

Only on this page will you find the TRUTH, FACTS, AND EVIDENCE about our school board, and its financial health, exposing facts from fiction.

The VOTE NO page has taken on the hard issues, the school board and yes Pac, refuse to address.

While we were speaking out, they were SILENT.

We have held those in power accountable for breaking Ohio Laws and won in Court. Proving what we said on this page, was in fact TRUE.  Our claims were not ""frivolous,"" as the school board, the administration, and the yes Pac claimed, lying, trying to deceive the community.

This page works for the taxpayers.
You speak, we listen.

Please join the Bellbrook-Sugarcreek Property Tax Revolt of 2021. 

NO MEANS No!"
CelebrateBuildBackBetter	Grassroots advocacy is essential to the advancement of nuclear carbon-free energy, says fmr. Asst. Sec. for the Office of Nuclear Energy Dr. Rita Baranwal. Watch her latest interview to learn more about the vital role advocates like you can play in ensuring that all carbon-free energy sources, including always-on nuclear power, are part of the clean energy conversation.
OilAndGasTaxesBad	Trenton's Energy Master Plan is going to force your favorite diner to spend thousands of dollars replacing their gas stoves with new, more expensive electric stoves. Your food may never taste the same. #SaveOurStoves. 
VirginiaConservatives	"As a parent of two young children, I cannot help but focus on their future, and the looming issue that their generation will be worse off compared to mine and my parents’ generations.

 Our education system is in shambles, creating an environment that leaves our children confused, anxious, and depressed. Suicide rates among our youth are skyrocketing, all while schools’ scores are plummeting – we can all agree that when it comes to our children’s education, something is severely wrong. 

Young Americans are saddled by debt, unable to find a decent job, save to start a family, or purchase a house – they simply cannot get ahead in today’s world. Many are choosing between medical treatment or bankruptcy, food or rent, surviving today, or building a future. Dealing with this current reality, when just a few decades ago we were able to raise a family on one income – again, we can all agree that something is severely wrong.

These are the issues we should be focused on. 

Those who have spent their lives in Washington D.C. are not focused on these issues.

Deciding to run for office was not easy – yet neither is standing by and watching the fabric of our great nation be torn, by destructive and divisive career politicians down in Washington. 

Like most Americans, I found myself politically abandoned by both parties – as a result of their focus on cultural division and polarization, and not one of unity and the belief in American values.

I embrace the moderate road, one based on building up our nation, starting with our families and young generations, those who have faced the grim reality of being worse off than their parents.

 I am not guided by party line, but rather the principles outlined in our founding documents --
                        responsibility, hope, and liberty.
If you are one of the many Americans who are fed up with the career politicians who have led our nation astray, 

I ask that you join me, not as a Democrat nor a Republican – but rather, an outsider

-JSP. "
AntiFossilFuelInfrastructure	"On August 1, one of our drivers reported #oiltheft at Croton Colonial Restaurant & Diner in Croton-on-Hudson, NY, where thieves had broken into and robbed this Buffalo Biodiesel vat, tearing off all of its protective gear. We recycle the used cooking oil to make sustainable biofuel—instead, it’s being targeted by interstate organized crime rings. If you witness or have any info of an #oiltheft at our vats, please call 911 and then report it to us at 1-800-721-1427.
News 12 Westchester lohud ABC7NY Daily Voice Northern Westchester Daily Voice Northern Westchester CBS New York. "
RestoreVirginia	"We're gearing up for YEAR 3 of our annual toy drive partnership with Kind to Kids Foundation! 

This year's Holiday Toy Drive will be held on Sunday, December 5th at Anthony's Coal Fired Pizza (at 4805 Limestone Road, Wilmington, DE 19808).  

Participants are encouraged to donate toys between the hours of 12-noon and 5:00 p.m. Kind to Kids will make sure the toys are given to children in Delaware foster care.

For those who may be more comfortable with donating toys virtually, please check out Kind to Kids' 2021 gift registry by clicking here: bitly.com/kindtokidsregistry. 

Stop by with a toy to donate on December 5th and say hello to me!"
ClimateChangeMovements	Is it true that 97% of climate scientists agree that climate change is real? Where does the 97% figure come from? And if it is true, do they agree on both the severity of and the solution to climate change?
RestoreVirginia	"First, DC liberals spent trillions of our dollars. Now, Americans are facing record inflation and are paying more for gas and groceries. Their plan now: Nancy Pelosi and her liberal allies are pushing for new tax hikes and another socialist healthcare plan.
 
Click below and sign up to tell Matt Cartwright enough is enough."
RenewableEnergyEconomicBenefits	Thank Senators Coons and Carper for fighting for farm families and a healthier environment for birds and people. The Growing Climate Solutions Act is the first step toward raising farmer income while reducing carbon emissions. Sign up today to show your support!
CarbonEmissionReduction	We’re making changes in our own operations and supporting public policies that can speed change in the entire industry. #bpnetzero. 
NuclearRevenueSupportsJobs	Thanks to nuclear power, Illinoisans don’t have to wonder if the lights will come on when we flip a switch.
RightWingCampaigns	"New York Republican Chairman Nick Langworthy will continue his statewide “Just Say No” tour in Columbia County to highlight the Party’s opposition to the November election ballot propositions. #JustSayNoNY 

Columbia County GOP. "
BuildBackBetterActCampaign	"Why does Sugarcreek Township employ a Police Chief who does not live in the community he serves? In fact, this Police Chief doesn’t even live in Greene county!

Run out of the Dayton Police Department for unethical behavior, yet this cast-off, bad penny, is our Police Chief.

It's like the Trustees are hiring from the ""island of misfit toys.""

Hiring those rejected by the City of Dayton, ignoring the glaring warning signs, and hard lessons learned, others discovered concerning the defects in their ethical nature.

The Trustees should start exploring the option of contracting out “Police services” with the Bellbrook City Department.

It will be financial cost savings to the Township and would bring in the well-run management team of Chief Doherty, who has the highest ethical standards when it comes to law enforcement.

With the current scandal involving Chief Brown, Detective Stayer, Sargent White, and officer Clark, it is time to clean house and shut down this biased and unethical police department.

The rot of this corruption starts at the top and goes to the bottom.

If you live in the township, call your Trustees, 937-848-8426 and demand action.

When the Sugarcreek Police Department is used as a political weapon by the politically powerful, against taxpayers they disagree with, it is time for the taxpayers to be afraid.

Corruption of those who patrol our streets, carrying a badge and a gun, with the power to imprison you, can never be allowed.

The Sugarcreek Police have tarnished the oath they were sworn to uphold and have lost the faith and trust of our community."
GreenEnergyCreatesJobs	"Today, En Nuestrxs Manos, Episode One of our new docuseries in partnership with The Redford Center  and League of Conservation Voters , Community Power, launches. This powerful piece was directed by Chispa’s very own Pita Juarez, and highlights Chispa AZ’s work on electric school buses in the Cartwright District.
Watch the video and join our movement: https://redfordcenter.org/power-vote-community-power #CommunityPower #PowerTheVote. "
GoBold	Here’s how storms like Elsa are connected to climate change.
RightWingCampaigns	That Would Be GREAT... 😅🙏 #BigGovSucks #SocialismSucks #Gas #PresidentBiden #JoeBiden #USA #Conservative #TPUSA. 
ClimateEmergency	By partnering with XL Fleet to transition our fleet from gas to electric and hybrid vehicles, Apex takes an immediate and significant step toward reaching our carbon reduction goals.
GreenEnergySupportsCommunities	SCP, the public power provider for Sonoma & Mendocino Counties, makes renewable energy accessible to residents and businesses with competitive rates and big community benefits.
AbandonedWells	After a new pipeline is assembled, inspected, and tested, it is covered and topsoil replaced to return the area to conditions as close to pre-construction as possible.
GoBold	To help fight climate change, we’ll need every tool in the toolkit and the sooner we start, the better. Learn more how net-negative oil can help clear the air on the ground and in the sky!
ClimateChangeMovements	Founded in 1984, the Colorado Oil & Gas Association’s (COGA) mission is to foster and promote the beneficial, efficient, responsible and environmentally so. 
GoBold	Georgia is ahead of most states in cutting carbon pollution blamed for climate change.
GreenEnergyCreatesJobs	You might have read that we don’t need oil anymore, or that the oil industry is in an “existential crisis.” But in reality, we are going to need a lot of oil for many decades to come. Gasoline represents just 45% of U.S. petroleum consumption. So even if electric cars replace all gasoline-burning vehicles tomorrow, we will still need oil for the 55% of U.S. petroleum consumption for which there are no scalable substitutes. Check out IPRB's infographic to learn more and learn more at iprb.org: https://bit.ly/3BfJPoZ. 
BuildBackBetterActCampaign	"Criminal Justice Reform

At the most basic level, the role of government is to help keep us safe, while preserving  fundamental rights under the Constitution.

In no other aspect of society is that more important than our criminal justice system. Police. Courts. Prisons. We give them all incredible power over human lives — and we have to get it right."
ClimateEmergency	CEO Alan Armstrong discussed how natural gas networks are key to our nation’s energy transition @CERAWeek Read more: wmb.link/CERAWeek-2021  #CERAWeek. 
GreenEnergyCapacity	As part of our #ResponsibleEnergyPlan announced in January 2020, our clean energy transition also includes lowering our wholesale rates. Today, we announced an immediate 2% wholesale rate decrease for our utility members, with another 2% wholesale rate decrease in 2022. The wholesale rate decrease was included as part of our processes with our rate regulator, the Federal Energy Regulatory Commission, and requires its approval. Read more at https://tristate.coop/tri-state-reduce-wholesale-rates-ferc-settlement. 
LawmakersAndOilAndGas	"TPUSA LIVE is the unfiltered, grassroots alternative to mainstream media. Watch daily shows, live in-studio content from TPUSA HQ and weekly shows covering politics, pop-culture, sports and everything in-between. Tune in every week day starting at 5 PM ET / 2 PM PT.

Hour 1: Poplitics with Alex Clark, Freedom Seeds with Isabel Brown & Human Events Daily with Jack Posobiec. 

Hour 2: Join us for our daily real-talk hour with Jon Root and special guests Charlie Kirk, Alex Clark, Erin Elmore, and Jason Rantz, as they break down what’s happening across the movement.

Hour 3: Tune into episode 2 of Reloaded with Paige Roux and Breakaway with Jon Root and special guest Aubrey Huff."
RightWingCampaigns	Americans should have the freedom to make their own medical decisions and not be forced to get a vaccine just because power hungry politicians in D.C. say you have to.
OilAndGasBoostEconomy	Did you know that most athletes use petrochemicals to ensure peak performance? From polyester jerseys to polyethylene lane dividers, petrochemicals produce top-tier athletic gear used by some of the best professional athletes in the world.
AbandonedWells	"Becoming a member of the REOCA means a whole lot more than supporting renewable energy and a more sustainable future. It also means saving money and getting good deals. 

Check out the latest perks for our members:. "
ClimateChangeMovements	"Mni Wiconi - Water is Life 

Check out our new Iyoha.co store, where all proceeds are to support and champion our mission. 

In the aftermath of our fight against the Dakota Access Pipeline (#NoDAPL), we renewed and deepened our commitment to self-determination through institution building and renewable energy development. Join us!

#MniWiconi #SAGESRST #StandingRock. "
RenewableEnergyPromotionAndGrowth	Shorter winters and higher temperatures are making some activities more risky.
BuildBackBetterActCampaign	"""Sport has the power . . . to unite people in a way that little else does. .  . It is more powerful than governments in breaking down racial barriers. It laughs in the face of all types of discrimination."". "
ClimateChangeMovements	"""That is why EV infrastructure is so important. What we put on the road is one the few ways we can directly control air pollution."" Learn more about what steps a doctor says we should take to clean Colorado's air."
BuildBackBetterActCampaign	Drinking water or taking a shower shouldn’t make you sick. Georgia Power is willing to take that risk. Tell the state to make Georgia Power clean up its coal ash and move it to a lined landfill. #GACleanYourAsh. 
CleanEnergyPromotion	"TPUSA LIVE is the unfiltered, grassroots alternative to mainstream media. Watch daily shows, live in-studio content from TPUSA HQ and weekly shows covering politics, pop-culture, sports and everything in-between. Tune in every weekday starting at 5 PM ET / 2 PM PT.

Check out today’s show! 

Human Events Daily host Jack Posobiec discusses a Facebook whistleblower, China's economy, & more!

The TPUSA LIVE team is joined by host, Jon Root, and special guests Colton Duncan and Morgan Zegers as they talk about bridging the divide in our country, 'What in the World Wednesday' and more!

On The Frontlines host Isabel Brown sits down with Avery Severson about her story starting a TPUSA chapter on campus and watch SMASH with MAGA Hulk, Stephen Davis as he breaks down mainstream music and how it's corroding our minds. 

We will wrap up the show with POPlitics with Alex Clark as she dives into the Squid Game, the couch guy from TikTok, Jojo Siwa & more!"
RenewableEnergyPromotionAndGrowth	“Because we actively listen to our customers and are focused on understanding their needs, we know that receiving great service at a great value is at the top of their list, and we work hard to meet and exceed their needs every day — no matter the weather.” Learn how Spire works to provide customers with the energy they need 24/7/365. #FuelingOurCommunities. 
CleanOilAndGas	FACT: Outdoor sports use oil and gas products in their gear to make them light-weight, water-resistant – even life-saving. Thank you to North Face and all the other outdoor sports manufacturers for being such great consumers.https://www.youtube.com/watch?v=GH0UjtGCgU4. 
DemandClimateActionFromLeaders	"Without action, our democracy and our access to it is in serious jeopardy, which is why the Senate must ensure fair elections, protect the freedom to vote and pass the For the People Act! To take action, visit sc.org/4thepeople or text ""FTP"" to 69866 to call your Senators now. Special thanks to Geena Rocero."
AbandonedWells	"Florida families need Maria Salazar to see what’s in front of her:

The danger is real. Extreme weather is more intense and more frequent than ever before -- and all the more reason to act now."
BuildBackBetterActCampaign	"BBC says the United Nations' new climate change report is a ""code red for humanity"" — but climate science and 200 years of human history show we can rest easy. By nearly any measurement, this is the best time yet to be alive."
ClimateChangeMovements	"Want someone that will ACTUALLY fight for you?

This is what I’m AGAINST. Random order (not a complete list):

1. Green New Deal 👎

2. CRT 👎

3. Gender Modification of Children 👎

4. Pornography & Pedophile how to books in city & school libraries. 👎

5. Restricting U.S. fossil fuel production. 👎

6. Infringements on 2nd Amendment. 👎

7. Big Tech censoring Conservatives. 👎

8. Cancel culture. 👎

9. BLM 👎

10. ANTIFA 👎

11. Rioting 👎

12. Open Borders. 👎

13. Incentivizing illegals to come here. 👎

14. #FakeNews 👎

15. Regressive taxes. 👎

16. Anything that hinders free, fair, open, & transparent financial markets. 👎

17. Subsidies 👎

18. Election fraud. 👎

19. Unconstitutional mandates. 👎

20. Unduly burdensome regulations. 👎

21. Inflationary policies. 👎

22. 🦏🦏🦏 👎

23. Abortion 👎

24. Foreign influence of elected U.S. officials & elections. 👎

25. Unfair trade practices. 👎

26. Property taxes - especially on primary residences. 👎

27. Government over reach. 👎

28. Unrestricted/untaxed remittances. 👎

29. ANYONE restricting your medical freedom. 👎

30. ANYONE telling you how to raise your children & subverting your values. 👎

barone4congress.com. "
AbandonedWells	"School board members Carpenter, Price, and Dorn are now actively working in conjunction with the yes Pac, through their personal FB pages, using their positions and power on the school board to push the passage of the levy.

We have a quorum of 3-board members actively campaigning and crossing the line of what is acceptable and allowed.
This is a violation of Election law.

The silly, matching disclaimers posted on Prices and Carpenters pages, which one has to assume was written by school board attorney, Jackass Justice, who has given nothing but bad legal advice to this board, will not protect them from the complaints which will be filed after this $22,540,000.00 million dollar property tax levy is defeated.

Not to mention this:
Davison v. Randall, 912 F.3d 666 (4th Cir. 2019), in which the Fourth Circuit ruled that an elected official’s social media page can constitute a public forum.  There is also an opinion from the Second Circuit that reached a similar conclusion with respect to then-President Trump’s nominally “personal” social media accounts, Knight First Amendment Inst. at Columbia Univ. v. Trump, 928 F.3d 226 (2d Cir. 2019). 

Most taxpayers are not aware there was also a lawsuit in 2019 filed by a citizen of Clermont County against State Sen. Joe Uecker who alleged that he had been illegally blocked from Uecker’s Facebook page.  The case was filed in federal court in Cincinnati, and captioned Robert Fambry v. Joseph Uecker, Case 1:19-cv-00056-MRB.
The Cincinnati Enquirer reported that it quickly settled for $20,000 and an agreement to unblock the citizen: https://www.cincinnati.com/story/news/politics/2019/02/13/ohio-lawmaker-settles-lawsuit-over-blocking-constituent-facebook/2862724002/

These board members have no fear of punishment, foolishly believing that they are somehow above the law of the land.
When they are caught, they use the school's insurance company to protect them and pay for their ligation costs.

This is why these arrogant board members, Carpenter, Price, and Dorn could care less about breaking Ohio laws. They believe the crime is with the punishment because the insurance company is picking up the tab!

In NOVEMBER, it will be time to VOTE OUT, these appointed board members Price and Dorn who believe that they are smarter and better than the “small people” of our community.

These lifelong government employees who have zero clues how to balance a budget, run a business, or understand what it is like to struggle to pay bills, or put food 🍱 on the table need to be VOTED OUT OF OFFICE. 

It is time to get rid of these bumbling government bureaucrats and replace them with candidates who understand how to live within the budget the taxpayers have given them.

Until then, VOTE NO and refuse to give this hateful and intolerant board member the $22,540,000.00 million dollars in property taxes on our home 🏡 they are demand you pass.

NO MEANS NO. "
GreenEnergyCapacity	"We know, we know. Some people don’t like the look of transmission lines. But the fact is, we need overhead transmission lines to power our homes and transport clean renewable energy.

While it may be more aesthetically pleasing to some to bury transmission lines, we’re simply not there yet. Underground transmission sounds good on paper, but it comes with problems, especially in terms of wildlife and habitat disruptions. Drop your questions about transmission in the comments below. 

 #RenewableEnergy #ReNewMexico #SolarPower #EcoFriendly #SustainableEnergy #GoGreen #Environment. "
ClimateChangeMovements	"Did you know you can submit a customized comment to the Forest Service about reinstating the Roadless Rule? 

And if you do submit a personalized comment through seacc.org/roadless, you could win a Wild Alaskan Seafood Medley Box from Alaskans Own (plus, many other prizes).

No time? We have four pre-written comments to the Forest Service seacc.org/roadless. Choose from a focus on 1) recreation on the Tongass, 2) the economic benefit of keeping the Tongass intact, 3) the Tongas crucial role in climate change, or 4) subsistence for Southeast Alaskan communities.

Happy commenting! 

#SaveOurRoadlessForest #ProtectTheTongass. "
RenewableEnergyPromotionAndGrowth	"Becoming a member of the REOCA means a whole lot more than supporting renewable energy and a more sustainable future. It also means saving money and getting good deals. 

Check out the latest perks for our members:. "
OilAndGasTaxesBad	"Senator Mitt Romney, several other Democrats, and some Republican Senators brought a bipartisan ""hard"" infrastructure bill to President Biden on Thursday.

""We have a deal"", President Biden said.

But House Speaker Nancy Pelosi wants to pass a much larger ""human infrastructure"" bill that's really just welfare, a bailout of poorly-run states, funds ""green energy"" to kill our American O&G industry and jobs (while foreign countries keep producing), and could possibly include funding for millions of ILLEGALS to get a ""pathway to citizenship"".

https://www.cnbc.com/2021/06/24/infrastructure-deal-talks-biden-invites-bipartisan-senators-to-white-house.html

All of this from the party that screams ""no one is above the law"", ""justice"" this and that, and ""everybody needs to pay their fair share"".

It is a testament to her lack of integrity that Pelosi can keep a straight face as she slurs about Republicans causing a ""Constitutional crisis"" when members of her party have advocated for prosecuting people who criticize lawmakers (1A), the confiscation of guns from law-abiding citizens (2A), and bypassing the due process of the 5th and 14th.

Any infrastructure bill that kills American jobs is a ""NO DEAL"" for us.

Oil & Gas Workers Association is working to secure and advance AMERICAN #oilandgas jobs. We're fighting for AMERICAN workers.

Join us and chip in to Support OGWA at 
ogwaUSA.com

#ogwausa #drilling #offshoredrilling #fracking #pipelines #energy #oilandgasindustry #oilandgasjobs #oilandgasworkers

Please Like and Follow our page. Facebook has been limiting the number of Invites we can send out to people who have reacted to our paid ads and sponsored posts ""to prevent any misuse"". This page should be over 100k Likes and Follows."
BuildBackBetterActCampaign	The young oil pipeline and shipping company Max Midstream shipped its first oil in May, shipped its last in June and has since been hit with a brace of expensive lawsuits.
ClimateChangeMovements	Only you should hold the power to decide if and how to grow your family. We’re fighting for the healthy, safe and free future we all deserve! Join us!
ClimateChangeMovements	Will you give a $20 gift of love to support re:power’s organizing alumni, like Maryland State Senator Cory McCray?
ClimateChangeMovements	It's global warming's 33rd birthday — and none of its apocalyptic predictions have come true.
ClimateChangeMovements	"INVESTING IN FUTURE GENERATIONS OF PEOPLE OF COLOR: Gavin Newsom has helped create more representation in California leadership by appointing people of color to positions with real power. In contrast, the conservative candidates against Newsom have spent their time attacking our ability to teach our histories in school and promoting policies that will make life harder for Black and brown families. Help us keep our progress going by voting NO on the recall.
#KeepGoingCalifornia
#NoALRecall
#NoRecall. "
GreenEnergySupportsCommunities	The cement and concrete industry is committed to achieving carbon neutrality – learn more about how cement production is becoming more and more sustainable at shapedbyconcrete.com. 
AntiFossilFuelInfrastructure	"🔴 Amy Klobuchar just gave a RINGING ENDORSEMENT of The John Lewis Voting Rights Act: “𝙒𝙚 𝙢𝙪𝙨𝙩 𝙥𝙖𝙨𝙨 𝙩𝙝𝙚 𝙅𝙤𝙝𝙣 𝙇𝙚𝙬𝙞𝙨 𝙑𝙤𝙩𝙞𝙣𝙜 𝙍𝙞𝙜𝙝𝙩𝙨 𝘼𝙘𝙩. 𝙏𝙝𝙚 𝙨𝙩𝙖𝙠𝙚𝙨 𝙘𝙤𝙪𝙡𝙙 𝙣𝙤𝙩 𝙗𝙚 𝙝𝙞𝙜𝙝𝙚𝙧.”

BUT: Mitch McConnell and his corrupt Republicans announced they’re going ALL IN to kill this bill in the Senate.

So we’re power-fundraising to hit 25,000 donations today to pressure the Senate to pass the John Lewis Voting Rights Act. If we fall short, McConnell will be THRILLED! 

Do not delay, rush $10 NOW >>. "
GreenEnergyCreatesJobs	"A new regulation was recently passed, by the Arizona Corporation Commission, limiting access to solar!

So don’t miss out! Join over 7,000 of your neighbors that have requested estimates, from SunSolar Solutions, by clicking “Get Quote” today!"
ClimateChangeMovements	Only you should hold the power to decide if and how to grow your family. We’re building a state where we can all thrive with access to reproductive healthcare in our own communities. Learn more!
DemandClimateActionFromLeaders	Seabirds such as the Atlantic Puffin rely on forage fish to survive, but overfishing, climate change, and habitat loss threaten this vital food source. Urge your members of Congress to support laws and policies that protect forage fish and the seabirds that need them.
OilAndGasBoostEconomy	Going swimming or taking a shower shouldn’t make you sick. Georgia Power is willing to take that risk. Tell the state to make Georgia Power clean up its coal ash. #GACleanYourAsh. 
CallToActionAgainstOilAndGasIndustries	"We want YOU to #ShowUsYourKoozie this Memorial Day weekend! 📷 Whether you're grilling out, hitting the lake or just relaxing in the A/C, we want to see you using your oil and gas koozie. Here's what you need to do:

1. Take a photo of you & your koozie. Bonus points if it's an Alliance koozie!
2. Tag us in the post and use #ShowUsYourKoozie. 

That's it! Winners will take home a gift bag full of Petroleum Alliance swag."
GreenEnergyCapacity	Charlotte needs a bold climate leader. Tell Mayor Lyles to declare a climate emergency now!
OilAndGasSupportJobs	Moving can be a headache but updating your natural gas service doesn’t have to be. My Account makes it easier than ever to start, stop, or transfer service online - no hold music required. Learn more at socalgas.com/myaccount. 
BuildBackBetterActCampaign	"Today, we celebrate Constitution Day. It commemorates the formation and signing of the U.S. Constitution on September 17th, 1787.  

Our founding fathers realized first-hand what life was like under tyranny. It is the whole reason they came to this land. They wanted freedom.

Our constitution was created with the intention to protect the people from its government. It gives power to the individual and places limits on the government. It is unlike anything else in the world and is fundamental to preserving our values. 

It seems like many have forgotten that over the last last 20 years. Concepts like free speech are punished on college campuses. Freedom of the press is censored on social media. State and individual rights are encroached upon daily by federal agencies. And even this week, President Biden completely overstepped his power with vaccine mandates. 

We the People of the United States of America need to defend our freedom, our rights, and the constitution. Our children must learn about it in school. If they aren’t aware, they will naively give it away to those who seek to abuse their power.

For a citizen government to be successful, we all need to be engaged every day. It is essential to elect conservatives at all levels of local, state, and federal government. We must hold our elected leaders accountable.

Today, let’s celebrate those God-given freedoms we cherish. Let’s honor our founding fathers by protecting what they entrusted us with. It is not just a piece of paper. It is our values, our ideals, our way of life. It is America.

If we don’t, as Ronald Regan said, “our freedom is only one generation away from extinction.”

Idaho Young Republicans stands resolute in protecting our constitution. We ask you to join us at www.idahoyr.com/join.

God Bless Idaho and God Bless the United States of America!"
OilAndGasBoostEconomy	American-made power helps us maintain our energy independence. Like our page to show your support for nuclear power.
GreenEnergyCapacity	"We recently partnered with HyDeal LA, an effort to bring more affordable green #hydrogen to Los Angeles. This initiative aims to reduce the production cost of green hydrogen to $1.50/kg by the end of the decade (currently between $4-$7/kg). 

Learn more - https://www.canarymedia.com/articles/los-angeles-seeks-to-jump-start-a-green-hydrogen-market-in-the-u-s/. "
BuildBackBetterActCampaign	"Who holds the BOSS accountable? Care Workers do!

Care Workers created CCWU to advocate for industry wide improvements — AND WE’RE WINNING! These victories are just the beginning. Join the movement to make lasting change for this ESSENTIAL industry!

✅  $15/HOUR MINIMUM WAGE FOR DIRECT CARE WORKERS: This is a huge victory and an important step forward to securing the respect and dignity care workers in our community deserve.

✅  WHISTLEBLOWER PROTECTION PUBLIC HEALTH EMERGENCIES BILL: This bill ensured our autonomy as frontline workers and protected us as we evaluated bad actors in our industry that needed reform. This bill assured us that we were cared for too.

✅  THE HEALTHY FAMILIES AND WORKPLACES ACT: Because of the power of our collective voices, SB 20-205 a bill which guarantees paid sick leave for front line workers, passed!

✅  AN ACT TO STRENGTHEN & ENHANCE THE HOME CARE WORKFORCE: In 2019, care workers and allies helped pass SB 238, a bill that would raise wages for home care workers.

We know that these victories are only the beginning. Call the Care Worker Hotline: Let us know what's going on at your workplace and join the fight for lasting change!"
BuildBackBetterActCampaign	"Oil is used to make a whole lot more than gasoline. In fact, 55% of petroleum demand is non-gasoline. Check out IPRB's latest #DidYouKnow fact sheet to see a few examples and find out more about petroleum-based products at iprb.org: https://iprb.org/industry-facts/petroleum-products/

Fact Sheet Sources: International Energy Agency, United States Geological Survey, American Fuel & Petrochemical Manufacturers, Pennsylvania Independent Oil & Gas Association, Greenpeace, Hess et al. (American Journal of Public Health, 2011). "
GreenEnergyCreatesJobs	Five ways trees help to fight climate change.
BellbrookWokeRadicals	Pants on Fire: “By no means is this a clean power plant,” Cohan said. “It’s still a substantial contributor to air pollution and climate change.”. 
CleanEnergyPromotion	"🇺🇸  🇮🇱 Learn how to become a registered investor.

• Inspired by Scripture (Gen 49 & Deut 33)
Zion Oil & Gas, Inc. (OTCQX: ZNOG) envisions an Israel that is energy independent from onshore oil and gas finds that have been Biblically promised to Israel."
VirginiaConservatives	What a great day at the Ronkonkoma Street Fair this weekend! I enjoyed speaking with members of the community, listening to the live entertainment and visiting the local vendors and businesses. Thank you to the Ronkonkoma Chamber of Commerce for inviting me!
DemandClimateActionFromLeaders	Scientists say climate change has caused the Northeast to become the fastest-warming region in America.
VirginiaConservatives	The Bluewater Texas Terminal pipeline will be built safely, to high government standards for steel strength.
TellRepToNotRaiseOilGasTaxes	"First, DC liberals spent trillions of our dollars. Now, Americans are facing record inflation and are paying more for gas and groceries. Their plan now: Nancy Pelosi and her liberal allies are pushing for new tax hikes and another socialist healthcare plan.
 
Click below and sign up to tell Peter DeFazio enough is enough."
OilAndGasSupportJobs	500 member companies providing more than 50,000 Alaskan jobs through responsible oil, gas and mining development.
PoliticalTraining	Critical Race Theory is brainwashing our kids into hating our country. Should it be taught in school?
GreenEnergyCreatesJobs	We’re making changes in our own operations and supporting public policies that can speed change in the entire industry. #bpnetzero. 
OilAndGasSupportJobs	Oil is used to make a whole lot more than just gasoline. That is why even under he most aggressive global climate policy, the International Energy Agency projects global oil demand will still be above 70 million barrels per day in 2030. Check out this video to find out why the world will need a lot of oil for many decades to come.
CleanOilAndGas	Calling all healthcare providers! SIGN UP to join hundreds of providers like Sheela who are fighting against climate change. They know that our communities are facing increased risk of illness, disease, and even death from our changing climate. You can be a climate hero. SIGN UP TODAY!
RenewableEnergyPromotionAndGrowth	"""The $150 million purchase of carbon offsets will cover the pipeline’s first 10 years of operation and will make it one of the first interstate natural gas pipelines to achieve carbon neutrality for its operational emissions,"" Mountain Valley said."
DemandClimateActionFromLeaders	Tell Congress to pass the American Jobs Plan: a once-in-a-generation infrastructure  package that puts millions of people to work in good-paying, union jobs; delivers real climate solutions; and advances racial, gender, and economic justice.
RestoreVirginia	🚨NEW HAMPSHIRE, to make change we need your help🚨. 
NuclearEnergyProvidesTaxRevenue	Catch this rare opportunity to hear about our national energy transition and the necessary innovation from those who have seen it up close. Electric Power Research Institute (EPRI) VP of Nuclear and Chief Nuclear Officer Dr. Rita Baranwal shares her perspective on the advancements within the nuclear energy industry that give her pride.
ClimateChangeMovements	"At Save Our Earth, we are on a mission to remove 400 lbs of CO2 from the atmosphere with each and every bottle of hand sanitizer we give away!

And we aren't doing it alone...

Thousands of you believe in safe products for a safe environment.

You want to leave this planet in a better shape than when you found it and so do we!

And... we also want to protect our hands with all-natural, anti-crack hand sanitizer at the same time, but who says we can't have it all? 😁. "
GreenEnergyCapacity	Chugach Electric Members! Voting for the utility board closes for paper ballots May 14th @ 12PM. Electronic voting closes May 18th @ 4PM. As part-owner of the cooperative you have a say in who represents you on the Board of Directors! Board members can help achieve reaching a goal of 100% clean energy by 2050. Learn more here >> https://akcenter.org/community/utility-elections/ #cleanenergy. 
ClimateChangeMovements	"📣📣 Our voting rights are under attack! 📣📣

Join us for our community roundtable & training to discuss and learn about the voter suppression battles we are facing in Arizona & across the nation. 🗳

We have seen legislation that creates intentional barriers, such as discriminatory voter ID laws and even illegally purging voters from the rolls! We have had enough & we will continue to challenge oppressive forces that intend to silence us!👏🏿👏🏾👏🏽

In this first training, we will learn about voter purging and how it affects our communities, the fundamentals of registering to vote, and how to mobilize voters to protect their voting rights. 🗳 

Join us on April 23rd at 6 PM to learn, take action, and organize with us in this collective fight to protect the power of our vote. ✊🏽✊🏾✊🏿

RSVP: https://www.mobilize.us/ovovaz/event/383781/ 🌟. "
DemandClimateActionFromLeaders	"The oil spill off the coast of Huntington Beach, CA, has killed countless birds, fish, and other marine life and forced beach and business closures throughout the area. For their sake and the sake of our planet, we must move away from dirty fossil fuels and toward a 100% clean energy future. 

Help NRDC protect our Earth and our climate from fossil fuel destruction. Donate today>>. "
ClimateChangeMovements	"""Political persecution: In political conflict, this strongly increases the likelihood of state repression. 

States so often engage in repressive behaviors in times of civil conflict that the relationship between these two phenomena has been termed the ""Law of Coercive Responsiveness"". 

When their authority or legitimacy is threatened, regimes respond by overtly or covertly suppressing dissidents to eliminate the behavioral threat. State repression subsequently affects dissident mobilization, though the direction of this effect is still an open question. 

Replace ""States"" with ""School Boards"" and you will understand how a biased Police Chief ginned up charges, for political purposes, in order to arrest the school district's most vocal and successful opposition leader. 

Click on this link: Https://Stafford.ohiostandyourground.com

Watch the videos and listen to the truth, in their own words of how this ""conspiracy to arrest"" was manufactured by the Police officers and Detective involved, including the Police Chief.

It is the opinion of some, that this ""political prosecution,"" coming from this Police Chief, is all about keeping me from running for school board in November. There is talk he is doing the dirty work of those within the power structure of our school district.

The BIG question: Is this the ""FOP member"" the School Board Attorney, Tabitha Justice, threatened to use in her letter to me? 

Does this explain why the Sugarcreek Police Department and the Greene County Prosecutors have refused to do anything about the actual assault, attempted assaults, threats of violence, harassment, and targeted cyberattacks against me, my family, and my business by the Vote yes Pac members?"
RightWingCampaigns	The Green New Deal and other liberal policies are NOT the answer to environmental issues.
RenewableEnergyPromotionAndGrowth	Miami’s strongest tool against sea level rise? Nature itself. These community and business leaders explain why the Army Corps of Engineers needs to prioritize oyster reefs and mangroves over seawalls as a solution to protect communities, while preserving the Sunshine State’s unique culture, pristine ecosystems and economy. #KeepingFloridaFlorida. 
CarbonEmissionReduction	Calling all healthcare providers! SIGN UP to join hundreds of providers like Sheela who are fighting against climate change. They know that our communities are facing increased risk of illness, disease, and even death from our changing climate. You can be a climate hero. SIGN UP TODAY!
ClimateEmergency	"Your utility isn’t switching from dirty fossil fuels​ to clean energy fast enough. It’s worsening the climate crisis, and costing us our planet. 

Expose the cost of its dirty power at https://sc.org/Dirty-Truth. "
GreenEnergyCreatesJobs	There are many reasons why Midwesterners support wind power in our region. Wind works! Why are you saying 'yes' to wind energy? Comment below.
CutMethane	Pennsylvania, one of the country’s biggest polluting states, is nearing the finish line on RGGI, a multi-state program that’s slashing carbon pollution from power plants. Who will be next to join this proven program? https://bit.ly/36zKbbZ. 
ClimateChangeMovements	"Join the Front Line of Freedom in Virginia!

In 1775, the Minutemen were an organized force of Patriots which, at a moment’s notice, would mobilize to defend their communities and liberty.Today, Virginia is engaged in a political war to defend that same liberty and needs every single patriotic man and woman to join the Virginia Minutemen .

Will you answer the call to carry on this great tradition of ordinary citizens, in the midst of a great crisis, standing up to fight?

 I am going to speak frankly; this will not be an easy fight.  But it wasn’t in 1775 either.  As the new wave of radical anti-gun politicians take up the power of government, they do so with a vengeance. And, unless you act, they will destroy the Constitution, your right to keep and bear arms, and usher in a wave of totalitarian legislation that will be very hard to repeal.

 This is why it is vitally important that you sign up to join the Virginia Minutemen program today.

https://virginiaconservatives.net/virginia-minutemen-signup

 Being a Minuteman is not for everyone.  Some are not as dedicated to defending our great Virginian tradition of liberty and are not ready to commit to doing the work necessary.

I must tell you, it will be hard work.

Here at the Virginia Constitutional Conservatives, we are asking for volunteers to, in a moment’s notice, swing into action to defend their liberty, and the liberty of generations to come. In over a decade of grassroots political action, there are proven tactics and actions that will lead to victory; if you can mobilize enough patriots to act.

So that is what I am asking of you today.

Will you pledge to join the Virginia Minutemen?"
RenewableEnergyPromotionAndGrowth	"A study by the National Energy Technology Laboratory for the U.S. Department of Energy explains how transmission resolves quality issues that may arise in renewable energy.

“Supply-side and demand-side conditions will be monitored to identify both emerging and actual power quality issues. Appropriate corrective actions will be taken to address power quality challenges before they become significant.”

To read more about the NETL’s findings of the benefits of transmission, check out the link in our bio."
BellbrookTaxRevolt	For former NFL safety and Super Bowl champion Sean Considine, the push to preserve Illinois’ nuclear power plants is personal.
GreenEnergyCreatesJobs	As solar power grows in popularity, solar manufacturers, developers, and installers are only getting more creative with project siting and panel technology. One developer in Massachusetts is aiming to install floating solar installations on some of the state’s ponds and reservoirs–a practice that shows promise for mitigating space concerns for solar installations:. 
GreenEnergySupportsCommunities	"Meet Robert White, Vice President of Industry Relations at Renewable Fuels Association. White focuses on promoting safe ethanol choices for automobiles, boats, chainsaws and much more. “We grow a lot of corn in the state of Kansas utilized for ethanol. The more ethanol we use the lower greenhouse gas emission of our fuel and obviously the carbon intensity of that fuel has dropped as well. It’s important, even with small engines, it matters a lot to use those blends to help with emission” says White.

Filling your car with Kansas ethanol fuel makes supporting local teachers, farmers, families, and businesses easy. And Kansas-made E-15 fuel is a great value when compared to regular unleaded:  

✅  higher octane 
✅  lower emissions 
✅  lower price

Shop local and find a E-15 fuel station near you at https://www.fueledbykansas.com/where-to-buy."
CarbonEmissionReduction	200+ of America’s wealthiest urged Congress to increase their taxes to pay for critical investments in preventing climate change, supporting the care economy, and more. #FairShareforAmerica. 
ClimateEmergency	Our mission? To protect Colorado communities from climate change. Your donation will help us do just that.
BuildBackBetterActCampaign	🚨NEW HAMPSHIRE, to make change we need your help🚨. 
GreenEnergyCapacity	"If concrete pavements were used by the entire U.S. road system, fuel consumption would decrease by about 3% nationwide, which corresponds to a reduction of about 46.5 million metric tons of greenhouse gas emissions annually. 

Learn more about the benefits of concrete at shapedbyconcrete.com. "
ClimateEmergency	Find out why scientists agree that climate change causes more extreme droughts, bigger fires, and deadlier heat.
NuclearRevenueSupportsJobs	"Without the support of nuclear power, critical community services across the state are at risk. 

You can help us make sure schools, libraries, and other community services have the money they need to make Illinois a better place to live."
NuclearRevenueSupportsJobs	"Losing the Byron and Dresden nuclear power plants would mean losing hundreds of crucial labor jobs in our state.

We can’t let that happen."
GoBold	"Representative Janet Yang Rohr voted for the Climate and Equitable Jobs Act and it is now law in the state of Illinois!

The Climate and Equitable Jobs Act will:

✅Curb dangerous air pollution

✅Combat the climate crisis

✅Create thousands of high-quality jobs in Illinois

Please join us by adding your name to thank Representative Janet Yang Rohr today."
RenewableEnergyPromotionAndGrowth	Williams is excited to join Greentown Labs as the first midstream corporate partner to support cleantech entrepreneurship that will accelerate the transition to a low-carbon future.
PublicLandExploitation	Even as fossil fuel tax revenues plummet, Wyoming remains a rich state with no urgent reason to cut public services from struggling and vulnerable people. It also just received more than a billion dollars in federal aid. Why then, are Wyoming lawmakers eager to cut public funding? Because they want to.
VirginiaConservatives	Consumer access to higher ethanol blends like E15 is the fastest way to grow corn demand in Iowa and across the country – leading to a boost for the rural economy and lower GHG emissions. Check out what this Iowa farmer has to say about E15.
AbandonedWells	The earthquakes don't always happen at the wastewater injection site — they can be triggered up to 24 miles away from injection wells.
RenewableEnergyPromotionAndGrowth	Introducing our new ultimate safety features.
ClimateChangeMovements	"“I was in the refinery’s central control room during Hurricane Delta when a call came in over the radio from the Sheriff’s Department. They called us at the refinery to ask if anyone there could help rescue a woman and her two dogs trapped in a flooded car on Old Spanish Trail not far from the refinery. The Sheriff’s Department and Westlake Fire Department couldn’t reach the individual and they asked us for help.” ~Sean Smith, Operations Manager, Phillips 66 Lake Charles Refinery

“Without hesitation, the three of us jumped into the refinery’s high-clearance fire truck and drove to the scene. Driving at night with high winds and severe flooding, there were several road hazards. We even had to swerve to avoid a trampoline that was in the middle of the road. We quickly spotted the car that was submerged in about four feet of water.” ~Chris Dailey, Safety and Emergency Response Team Lead, Phillips 66 Lake Charles Refinery

“We were able to pull the woman and her two dogs from the car, and then transport her to the local Westlake Fire Station. Even though the Fire Station was less than two miles from the refinery, our trip there was anything but easy, we had to maneuver through 45-mph winds and downed power lines. Ironically, on the way back to the Fire Station, the dogs were calm - albeit wetter than normal.” ~Zach Evans, HSE Specialist, Phillips 66 Lake Charles Refinery

Sean, Chris, and Zach's stories are  part of our ""Humans of the Industry"" series."
VirginiaConservatives	NYGOP Chairman Langworthy Calls on Lieutenant Governor Hochul to Start Answering Questions. What Does She Know About Cuomo’s Numerous Scandals?
RestoreVirginia	We believe in treating people with respect and fairness and doing the right thing. We take our responsibility to the community very seriously and we’re dedicated to listening, gaining and maintaining trust, and safely constructing and operating the Byhalia Connection Pipeline.
BellbrookWokeRadicals	"The Constitution is the last best hope against tyrannical overreach. That's why every year during Constitution Week, we celebrate the genius of the founders who wrote it. 🇺🇸 If you listen to one thing before Constitution Week ends, listen to what @Morgan.Zegers has to say about the greatest political document in human history.
#iHeartAmerica #BigGovSucks #Constitution #WashingtonDC #USA #Conservative #TPUSA. "
AbandonedWells	Every year, birds lose more habitat to development, drilling, and climate change. This Earth Day, your new monthly gift will be matched to help protect birds and the places they need. By doing what’s good for birds, we do what’s right for the earth - creating a healthier planet together.
AntiFossilFuelInfrastructure	Sen. Scavello voted to stall PA’s participation in a program that would limit pollution and boost economic recovery.
ClimateChangeMovements	Let's leave the toxic relationships to Euphoria. We deserve a healthier energy relationship. #BreakUpWithGas. 
CallToActionAgainstOilAndGasIndustries	The Iowa public school system has MANDATED Critical Race Theory and Dennis reviews a shocking document that the state’s teachers are forced to use. Watch the full episode at PrageU.com. 
CallToActionAgainstOilAndGasIndustries	Like a good char on those steaks and peppers? Natural gas can help improve your cooking game! Watch this video and learn how natural gas helps power New York.
ClimateEmergency	"Senator Michael Hastings voted for the Climate and Equitable Jobs Act and it is now law in the state of Illinois!

The Climate and Equitable Jobs Act will:

✅Curb dangerous air pollution

✅Combat the climate crisis

✅Create thousands of high-quality jobs in Illinois

Please join us by adding your name to thank Senator Michael Hastings today."
AntiFossilFuelInfrastructure	Dominion has overcharged Virginia customers by over $1 billion and now it has the audacity to demand a profit increase—an increase that could raise your energy bills. Dominion Energy faces NO competition; it should charge a fair price. Regulators are taking a hard look right now at what Dominion charges for electricity and they need to hear from you. Dominion has made enough money off of us.
CarbonEmissionReduction	"With another winter storm coming to Texas this week, how will the grid hold up?

It defies common sense that Texas shouldn’t incentivize — if not outright require — power plants to be reliable."
CarbonEmissionReduction	"🛑 𝐇𝐨𝐥𝐝 𝐨𝐧 𝐚 𝐦𝐢𝐧𝐮𝐭𝐞: 𝐁𝐢𝐝𝐞𝐧 𝐬𝐚𝐢𝐝 𝐡𝐢𝐬 𝐚𝐝𝐦𝐢𝐧𝐢𝐬𝐭𝐫𝐚𝐭𝐢𝐨𝐧 𝐰𝐨𝐮𝐥𝐝 𝐛𝐞 𝐝𝐢𝐟𝐟𝐞𝐫𝐞𝐧𝐭… but Biden’s administration is approving drilling and fracking permits as often as Trump’s did! 

By leasing out public lands to Big Oil & Gas for exploitation and destruction, Biden is putting profits over people and the planet. We’re working to hold him accountable, but we need 500 people to stand with us and sign our URGENT petition demanding he protect public lands from fracking and drilling. 𝐖𝐞 𝐨𝐧𝐥𝐲 𝐡𝐚𝐯𝐞 𝐮𝐧𝐭𝐢𝐥 𝐦𝐢𝐝𝐧𝐢𝐠𝐡𝐭 𝐭𝐨𝐧𝐢𝐠𝐡𝐭 𝐭𝐨 𝐜𝐨𝐥𝐥𝐞𝐜𝐭 𝐞𝐯𝐞𝐫𝐲 𝐬𝐢𝐠𝐧𝐚𝐭𝐮𝐫𝐞, 𝐬𝐨 𝐚𝐝𝐝 𝐲𝐨𝐮𝐫 𝐧𝐚𝐦𝐞 𝐛𝐞𝐟𝐨𝐫𝐞 𝐢𝐭’𝐬 𝐭𝐨𝐨 𝐥𝐚𝐭𝐞!"
GreenEnergyCreatesJobs	"We are looking for few new Solar Advisors. 

Solar Advisor Position     

Solar Power of Oklahoma (SPO) is looking to add 4 more highly trained professional Solar Advisors.  These Solar Advisors will help to facilitate the tremendous growth of the Oklahoma solar industry as well as that of SPO.  Candidates for the position must be highly motivated, extremely organized, enjoy meeting with people and be able to learn all of the technical side of a solar energy generation system. 

The Solar Advisor position is a straight commission position with a fixed weekly minimum as well as a very attractive bonus structure.  Compensation will range from $2,000 to $16,000 per month, but the average Solar Advisor makes in the six-figures.  

SPO is looking for honest, hardworking individuals that want to join our Team and be a part of the quickly expanding solar industry.  At SPO we feel that it is not a question of if people go solar, but when people GO SOLAR! 

If interested, email your resume to jwpeters@solarpowerok.com. "
CallToActionAgainstOilAndGasIndustries	Moving can be a headache but updating your natural gas service doesn’t have to be. My Account makes it easier than ever to start, stop, or transfer service online - no hold music required. Learn more at socalgas.com/myaccount. 
RenewableEnergyPromotionAndGrowth	Looking for a trustworthy solution to finding the best heating, cooling, solar, or home performance contractor online? Built and managed by a non-profit organization in California, the Clean Energy Connection helps you find a verified clean energy contractor. Watch this video to learn more.
ClimateChangeMovements	"School board members Carpenter, Price, and Dorn are now actively working in conjunction with the yes Pac, through their personal FB pages, using their positions and power on the school board to push the passage of the levy.

We have a quorum of 3-board members actively campaigning and crossing the line of what is acceptable and allowed.
This is a violation of Election law.

The silly, matching disclaimers posted on Prices and Carpenters pages, which one has to assume was written by school board attorney, Jackass Justice, who has given nothing but bad legal advice to this board, will not protect them from the complaints which will be filed after this $22,540,000.00 million dollar property tax levy is defeated.

Not to mention this:
Davison v. Randall, 912 F.3d 666 (4th Cir. 2019), in which the Fourth Circuit ruled that an elected official’s social media page can constitute a public forum.  There is also an opinion from the Second Circuit that reached a similar conclusion with respect to then-President Trump’s nominally “personal” social media accounts, Knight First Amendment Inst. at Columbia Univ. v. Trump, 928 F.3d 226 (2d Cir. 2019). 

Most taxpayers are not aware there was also a lawsuit in 2019 filed by a citizen of Clermont County against State Sen. Joe Uecker who alleged that he had been illegally blocked from Uecker’s Facebook page.  The case was filed in federal court in Cincinnati, and captioned Robert Fambry v. Joseph Uecker, Case 1:19-cv-00056-MRB.
The Cincinnati Enquirer reported that it quickly settled for $20,000 and an agreement to unblock the citizen: https://www.cincinnati.com/story/news/politics/2019/02/13/ohio-lawmaker-settles-lawsuit-over-blocking-constituent-facebook/2862724002/

These board members have no fear of punishment, foolishly believing that they are somehow above the law of the land.
When they are caught, they use the school's insurance company to protect them and pay for their ligation costs.

This is why these arrogant board members, Carpenter, Price, and Dorn could care less about breaking Ohio laws. They believe the crime is with the punishment because the insurance company is picking up the tab!

In NOVEMBER, it will be time to VOTE OUT, these appointed board members Price and Dorn who believe that they are smarter and better than the “small people” of our community.

These lifelong government employees who have zero clues how to balance a budget, run a business, or understand what it is like to struggle to pay bills, or put food 🍱 on the table need to be VOTED OUT OF OFFICE. 

It is time to get rid of these bumbling government bureaucrats and replace them with candidates who understand how to live within the budget the taxpayers have given them.

Until then, VOTE NO and refuse to give this hateful and intolerant board member the $22,540,000.00 million dollars in property taxes on our home 🏡 they are demand you pass.

NO MEANS NO. "
CarbonEmissionReduction	Technology can separate hydrogen from water and deliver it reliably and cleanly through existing natural gas infrastructure. 
ClimateChangeMovements	"“Kevin Price’s personal quasi board of education Facebook attack page”

This is a long post, but well worth the time to read the TRUTH, FACTS, and EVIDENCE Kevin Price seems unwilling or unable to understand.

Hold on tight, Kevin Price as I know your reading this, you’ll need to buckle up, it’s going to be a bumpy ride for your understanding of the truth.

A school board member that can’t even do basic math. I’m not going to waste your time with finger-pointing or name-calling. 

You can get that from the YES PAC and Kevin Price’s personal quasi-board of education attack Facebook page.

I am going to tell you things, the VOTE YES Pac, will not dispute. FACTS and TRUTH of the VOTE NO Movement has uncovered.

They will resort to misrepresentation of our posts and misinformation in order to manipulate the FACTS. 

The school board and the PAC will avoid the FACTS in order to further their attack against the TRUTH, and anyone not supportive of their misrepresentation.

With that being said, I found the financial problem within our school district. And the MATH DOES NOT LIE!

We have a school board member in charge of a $31,000,000.00 million budget that can’t even do basic math! 

Kevin Price has such a hate for those with an opposing viewpoint, that on one post from April 23rd, he would go to great lengths on his personal quasi board of education Facebook attack page, to mislead and to intentionally misquote, our VOTE NO movement.

Not just on 1 topic, but on 4 separate topics.

So we are going to explain this so even our insufferable know-it-all Kevin Price can understand it!

We are here to set the record straight! 

From this ill-mannered, thin-skinned, public official that is an embarrassment to the entire school district that manipulates our posts to further his false narrative approved by this school board.

This levy probably would have less resistance had it not been for Kevin Price and his hate for those of us that want nothing but our voices heard and the TRUTH about our tax dollars being spent!

1) With his first attempt to push his false narrative, in Kevin Price’s April 23rd post he tries to deflect from the fact the school the district is drowning in promises by the Board of Education to school employees on increased salaries, increased pensions, increased pickups, increased health insurance and increased other benefits that they can’t deliver upon unless the taxpayers decide to relinquish their hard-earned funds to bail out their mismanagement.

He doesn’t even realize how to read a dollar figure with the cents included. Could that be because he lacks sense himself?

Poor silly Kevin Price added 6 zeros to our math to push his false narrative and deflects from his poor mismanagement of our tax dollars.

Let me explain it so even our educational elitist Kevin Price can understand the facts.

In his post, Price would have the taxpayers believe our mailer that was mailed on April 23rd incorrectly stated the enormous about of mismanagement conducted by the school district.

We wrote out the total dollar amount this massive 4.9 mill levy would cost the school district taxpayers over 7 years. That figure is $3,220,000.00 million a year X 7 years = $22,540,000.00 million dollars.

BTW, that equates to $8,821.92 every DAY the BSLSD taxpayers will have to pay for these 7 years. 

That’s right, $8,821.92 a DAY! Or $367.58 an hour every hour of the next 7 years!

We stated, and stand by our quote in the flyer that this levy will generate $22,540,000.00 million, (note the word million is even put after the dollar amount so Mr. know-it-all Kevin Price, could even understand). 

He tries to convince the readers that our quote is wrong as he somehow added 6 more zeros as he states that our flyer says this massive 4.9 mill levy would cost the school district taxpayers over 7 years $22,540,000,000.000.00 Trillion. 

Poor Kevin Price added 6 zeros to manipulate our numbers to push his false narrative.

Even though when it comes to our property taxes, we believe $22.54 Million dollars feels like Kevin Price’s manipulated $22.54 Trillion dollars, we do not push a false narrative on this page. 

We only deal in TRUTH, FACTS, and EVIDENCE. Not the propaganda narrative that comes from the YES PAC.

If a board of education member cannot understand the difference 6 zeros would make on a financial report, the obvious conclusion is drawn. 

The reason we’re in a financial crisis is that those entrusted with our tax dollars don’t care about the consequences of their actions in mathematical errors would generate.

2) With his second attempt to push his false narrative, in Kevin Price’s April 23rd post he tries to deflect from the fact the school district is drowning in promises by the Board of Education to school employees on increased salaries, increased pensions, increased pickups, increased health insurance and increased other benefits that they can’t deliver upon unless the taxpayers decide to relinquish their hard-earned funds to bail out their mismanagement.

He doesn’t even realize how to read a 5-year forecast. Our readers on this page know how to read a 5-year forecast as we all went through it pretty extensively earlier in the year.

Angry Kevin Price added 1 year to our math to push his false narrative and deflects from his poor mismanagement of our tax dollars.

Let me explain it so even an English major, like Kevin Price, can understand our Math.

In his post, he would have the reader believe our post incorrectly stated the enormous about of mismanagement conducted by the school district.

A 5-year forecast has ACTUAL budgets and FORECASTED budgets. 

We used the ACTUAL budget ENDING in Fiscal Year 2015 from June 30, 2015, and the FORECASTED budget BEGINNING in Fiscal Year 2021 from November 16, 2020 (6 years). 

Or if you want to look at it another way, the actual ending of FY 2015 and the forecasted beginning of FY 2021, is still 6 years. 

(note on a 5-year forecast the submitted date the school district turns the forecast over to the state is clearly marked on the 2021 FY forecast as of 11/16/2020, so even Kevin Price could even understand).

FIRST, we took the total dollar amount Cozad stated the school district has implemented in annual cuts in the budget of $4,981,000 and added it to the difference between the 2021 FORECASTED budget and 2015 ACTUAL budget.

Which looks like this: $29,307,000 (2021 FORECASTED budget) minus (-) $24,419,259 (2015 ACTUAL budget) equals (=) $4,887,741.

$4,887,741 is the increase in Total Annual Revenue (property taxes), from the ACTUAL budget ending of FY 2015 to the forecasted budget beginning of FY 2021.

SECOND, we added what Cozad stated the school district has implemented in annual cuts in the budget to the increase in Total Annual Revenue from the ACTUAL budget in 2015 to the forecasted beginning of FY 2021.

$4,981,000 (cuts in the budget) plus (+) $4,887,741 (Total Increase in Annual Revenue) equals (=) $9,868,741. That’s right! In 6-years the expenses have ballooned almost $10 MILLION DOLLARS!

We added the cuts back in to show what the actual budget is before the cuts are implemented.

Kevin Price tries to convince the Voters that our math is over 7 years and not 6. He further tries to convince the reader that our math of the increased budget from 2015-2020 is not $10 MILLION DOLLARS!

The VOTE YES will say it doesn’t add up to $10 million. They will explain this away by calling it an accumulative reduction. When in reality it is $4,981,000 in budget cuts that are no longer coming out of a budget that operates on an ANNUAL BASIS.

Look at like this, if the following $4,981,000 in reductions were not made, they would still be coming out of this year’s budget:

$500,000 (Summer 2018 budget reduction) + $813,000 (June 2019 Phase 1 budget reduction) + $168,000 (Summer 2019 budget reduction) + $1,000,000 (November 2019 Phase 2 budget reduction) +  $2,5000,000 (2020 budget reduction Phase 3 & 4) = $4,981,000.

 Kevin Price may be able to fly a plane, but he clearly doesn’t understand basic math and manipulates our numbers to deflect from his poor mismanagement of our tax dollars to push his false narrative.

We stated, and stand by our quote in the post, $4,981,000 (cuts in the budget) plus (+) $4,887,741 (Total Increase in Annual Revenue) equals (=) $9,868,741. That’s right! In 6-years the expenses have ballooned almost $10 MILLION DOLLARS!

$9,868,741 = $1,644,790.16 x 6 = $9,868,741 (That equates to an average annual budget increase of $1,644,790.16 every year for 6 years from 2015 to 2021).

We want to point out, that while we produce the FACTS, these facts and figures come from the school district and are not made up or come from the VOTE NO MOVEMENT. 

We do not push a false narrative on this page. We only deal in FACTS and TRUTH. Not the propaganda that comes from the YES PAC.

If a board of education member cannot understand the difference a reduction in the budget would make on a financial report, the obvious conclusion is drawn. 

Again I repeat: The reason we’re in a financial crisis is that those entrusted with our tax dollars don’t care about the consequences their actions in mathematical errors would generate.

3) With his third attempt to push his false narrative, in Kevin Price’s April 23rd post he tries to deflect from the fact the school the district is drowning in promises to employees on salaries, pensions, and health insurance, and other benefits they can’t deliver upon unless the taxpayers decide to relinquish their hard-earned funds to bail out their mismanagement.

He doesn’t even realize how to read a performance audit.

He deflects from the fact the performance audit pointed how the school district is mismanaged.

Speaking of deflections, one such deflection he didn’t address about the audit, was this performance audit identified internal control deficiencies specific to payroll processing. Price didn’t mention it because it didn’t fit in his false narrative.

Additionally, while on the subject of deflection, he has also never replied to our request to produce an itemized list of expenses listed as estimated encumbrance’s included on line item #08.010 totaling $2,210,923 in the 5-year forecast for 2021. 

Except to stand behind the shield of the school’s attorney, Tabitha ""Jackass"" Justice by allowing her to reply to our request basically saying that’s it all made up and there is no expenditure of $2.2 million. 

It's accounting, smoke, and mirrors, Majic by school treasurer Kevin Liming!

This is the school attorney's response to our public records request by stating there is no public record listing what these estimated encumbrances are.

ITS, $2,210,923.00 million dollars and NO ONE KNOWS WHAT THE NUMBER INVOLVES!  NO ONE!

Kevin Price tries to convince the reader that our critique of the 2020 BSLSD performance audit is misleading by saying we omitted the word recommendation.

Silly Kevin Price is so quick to jump at pushing his false narrative he doesn’t even read our post. 

He only sees want he wants to see. Blinded by his hate and Intolerance of those of us that debate his viewpoint with FACTS and dispel his false narrative. 

As he deflects from his poor mismanagement of our tax dollars.

Let me explain it so even a non-accountant like Kevin Price could even understand.

In our post of March 29th, we set out to review the Bellbrook-Sugarcreek LSD Ohio Auditor of State Performance Audit dated January 21, 2020.

In doing so we quickly picked up on how mismanaged Bellbrook-Sugarcreek Local School District really is.

The format of our post of the table used in the performance audit clearly has the heading: Table A-1: Audit Scope, Objectives, and Recommendations.

Below that, our readers will see that our format clearly shows what each: Audit Scope is; what each Objective is; and what each Recommendation is. 

To each question that has the word no in our format, it is below the heading of “Recommendation”. Meaning “NO” Recommendation.

For example, the first item under the heading Audit Scope in our post is Financial Management. Right below that is the first item under the heading objective:  Are the District’s budgeting and forecasting practices comparable with leading practices? Right below that is the first item under the heading Recommendation: Verbal, R.1

The reader will have to refer to the heading at the top of the table in our format to read the Audit Scope, Objectives, and Recommendations.

That is unless you are Kevin Price who doesn’t understand how to read his own school district’s performance audit and manipulates our posts to deflect from his poor mismanagement of our tax dollars to push his false narrative.

If a board of education member cannot read a performance audit from a board of education that he is a member of, the obvious conclusion is drawn.

4) With his fourth attempt to push his false narrative, in Kevin Price’s April 23rd post he tries to deflect from the fact the school district is drowning in promises to employees on salaries, pensions, and health insurance, and other benefits they can’t deliver upon unless the taxpayers decide to relinquish their hard-earned funds to bail out their mismanagement.

He doesn’t even realize how to read a mailer.

Kevin Price tries to mislead readers into believing we are directly quoting the 2020 BSLSD performance audit by saying we constructed a quote that’s not in the audit. He specifically states…“dysfunctional management or lack of management. No such statement was ever made in either Performance Audit.”…

We are not quoting a quote in the audit! That quote is not in the audit!

**We are quoting an original quote of ours in our critique of the 2020 BSLSD performance audit.

We stand by that quote. 

In our review of the Bellbrook-Sugarcreek LSD Ohio Auditor of State Performance Audit dated January 21, 2020, we described it as follows: “It’s actually a scathing report of the dysfunctional management or lack of management.”

Kevin Price is so quick to jump at pushing his false narrative he doesn’t even read our post. He only sees want he wants to see. 

Blinded by his hate of those of us that debate his viewpoint with FACTS and dispel His false narrative. As he deflects from his poor mismanagement of our tax dollars.

In November 2021, it is time to end Kevin Prices' campaign of hate and Intolerance of those he disagrees with.

Kevin Price is a bully and a bad example for our children.

VOTING NO on May 4th is the first step to ending Kevin Prices' power trip on this school board."
CleanEnergyPromotion	"If you have a ventilation hood over your gas stove, use it. It could improve your family’s health.

If you don’t have a ventilation hood, open a window to improve ventilation while you cook.

Gas stovetops, while seemingly harmless, emit unhealthy air pollutants.

Learn how you can keep your family safe from indoor air pollution."
ClimateChangeMovements	Tackling the world’s hunger crisis isn’t only about providing food in an emergency. Mercy Corps works with communities around the globe to address the root causes of hunger, including climate change, economic instability, and political conflict. Implementing long-term solutions takes significant resources, so we’re looking for your help in making this critical work possible in this crisis and many others. Will you donate $25, $50, or whatever you can, today?
RestoreVirginia	The Brennan Center in 2016 found that gerrymandering in Michigan, Ohio and Pennsylvania alone was responsible for giving Republicans an additional 16 to 17 more seats in the House than they would have had with fair maps.
ClimateEmergency	"𝗣𝗟𝗘𝗔𝗦𝗘 𝗥𝗘𝗔𝗗: 𝗪𝗘 𝗛𝗔𝗩𝗘 𝗧𝗢 𝗔𝗖𝗧 𝗡𝗢𝗪 🌎 🚨
Time’s running out in the fight for safe food, clean water and a livable climate. We don’t take a dime from corporations, which means we can take independent stands against ANYONE who threatens our health or environment — but we can’t do it without your URGENT support now. 𝙍𝙪𝙨𝙝 𝙖 𝙙𝙤𝙣𝙖𝙩𝙞𝙤𝙣 𝙩𝙤 𝙥𝙧𝙤𝙩𝙚𝙘𝙩 𝙥𝙚𝙤𝙥𝙡𝙚’𝙨 𝙝𝙚𝙖𝙡𝙩𝙝 𝙖𝙣𝙙 𝙘𝙤𝙢𝙢𝙪𝙣𝙞𝙩𝙞𝙚𝙨 𝙗𝙚𝙛𝙤𝙧𝙚 𝙢𝙞𝙙𝙣𝙞𝙜𝙝𝙩 𝙖𝙣𝙙 𝙝𝙖𝙫𝙚 𝙮𝙤𝙪𝙧 𝙜𝙞𝙛𝙩 𝙈𝘼𝙏𝘾𝙃𝙀𝘿 5𝙓!"
OilAndGasBoostEconomy	Most of the equipment used to build our electric grid was built decades ago and needs to be upgraded before we add a heavier load to it. Not upgrading our electric grid will cause for there to be power outages across the country affecting thousands of people.
ClimateChangeMovements	The term “natural infrastructure” refers to naturally occurring landscape features and/or nature-based solutions that promote, use, restore or emulate natural ecological processes.
ClimateChangeDonations	"Also on June 19, another one of our drivers reported #oiltheft at China Wok in Edison, NJ, where this Buffalo Biodiesel vat had been broken into and robbed. Buffalo Biodiesel recycles the used cooking oil to make sustainable biofuel—instead, it’s being targeted by interstate organized crime. Please report any info to Edison PD.
NorthJersey.com NJ.com NJ Spotlight News The Star-Ledger New Jersey Herald. "
ClimateChangeMovements	Join Erin Schrieber in supporting small businesses in our state by urging Rep. Haley Stevens to prioritize climate, jobs, and justice for Michiganders by passing the Build Back Better Act. Call now: 1-866-648-0359. 
PoliticalTraining	"Pastor Trewhella has written several books, including ""The Doctrine of the Lesser Magistrates"".  This doctrine declares that when the superior or higher-ranking civil authority makes unjust/immoral law, policy, or court opinion – the lower or lesser ranking civil authority has both the God-given right and duty to refuse obedience to that superior authority; and if necessary, actively resist the superior authority. 
 
We have invited Pastors Trewhella and Storms to share their knowledge as to how important it is that our local officials know the power and responsibility they have to interpose on our behalf.

RSVP LINKS IN COMMENTS. "
LawmakersAndOilAndGas	Constitutional Amendment #1 is bad all around. If passed, it gives unelected capitol bureaucrats the power to control your city's local sales tax revenue. Early voting runs until Nov. 6th and Election Day is Nov. 13th, so let your voice be heard. Learn more at LAamendment1.com.
ClimateEmergency	"California families need Mike Garcia to see what’s in front of him:

The danger is real. Extreme weather is more intense and more frequent than ever before -- and all the more reason to act now."
ClimateChangeMovements	Join us in celebrating Earth Day 2021 and triple your impact. Every $1 you give is automatically matched by $2 more, up to $51,000. Give now and together, we can drive real change for healthier communities and a thriving planet.
ClimateChangeDonations	"“If you don’t have a seat at the table, it probably means you’re on the menu.” Nobody knows your community better than you, so make sure the voice is heard as we work to create fair representation for all Virginians. 

Get involved in the redistricting process and advocate for your community. No more shady backroom deals—now the people have the power, and every Virginian can be a part of the process by drawing their own community map today. 

Learn more & draw your map here  >> https://www.onevirginia2021foundation.org/community-mapping. "
AntiFossilFuelInfrastructure	"Dear Mr. Stafford,
As an observant of how my property taxes have been wasted by the Local Government in the past, I'm of the opinion that I must buy with my knowledge. Therefore, I will be vote no on any levy increasing taxes.

When the school district’s finances are involved, there are no disinterested people, which is the reason if you’ve ever noticed how school employees backed by the Board of Education are always trying to push the need for a levy.  

When you get right down to it, our school district’s finances seem about as honest as the finances on Wall Street.

Not even St. Pete could expect the truth from the Board of Education under such conditions. 

If the owner of a gas station sells water as gasoline he can be taken to court and sued. But a School Official can stand up and sell to the public ITS OWN ASSETS AS LIABILITIES (ESTIMATED ENCUMBRANCES) to justify the need for additional funding and the BOE smile at them, pat them on the back, shake their hand, and call them their friend.

Most of the levy presentations are not intentional lies, they are only presentations by a group of people who benefit the most from the passage. It is the advice given by a school employee concerned with losing their job and not what is the best usage of our tax dollars.

The fact of the matter is, you can get an expert that just happens to be a school employee to recommend just about anything if it is in the school's own best interest or supports their existing bias. Expert advice is up for grabs and it doesn't always have to work in the school district's favor. The tragic truth here is experts can be terribly, terribly wrong.

It is important to note that with any levy presentation that is offered by the school employee the biggest gains will be worked up into the worst losses. 

Oh, and let’s not forget the leaflets they will be passing out soon, how they are almost always just as true as the tale of THE WIZARD OF OZ. There is generally a basis of the fact that is threaded in with an over-exaggerated imagination.

I want you, the property owner taxpayer to ask yourself this question. Is this an effort to get you, the property owner taxpayer, to buy in?

 I hope that you will only buy what you know.

 Do not make the mistake and buy with your ignorance, but buy with your knowledge. All ignorance is dangerous and the most dangerous is the ignorance of YOUR LOCAL GOVERNMENT! 

Become an involved citizen and an informed voter.

The art of getting other people’s money has been developed into a science by the Local Government. In regards to that subject, the science of government funding, their art of attack is more developed than your art of defense.

In the public finance field, there are always more clever people who can separate you from your hard-earned money without using force.

There is no doubt that Bernie Madoff, for instance, has taken more money from private Citizens than the TOP 10 word twisting levy presenters. They were swindled, and it is a very unpleasant fact that one man can swindle us for so many years without being caught. Madoff is locked up now but yet the Local Government is not put in jail and not likely to be. As they separate you from your money with as much ease and the use of no force as Bernie Madoff did with the people he gave his presentations to.

The government doesn’t earn money they transfer it. No law so it seems can prevent a man from being fooled. It is a fact that we have seen in the Madoff case, for a man to be showered with millions of poor people’s money. The only reason that you, as Citizen, should sign a check over to the Local Government is that you have received full value for your money.

The school district has come to us with a promise and an empty pocket, as our need for educating our children is now diluted with the school district’s need for increased revenue for employee benefits.

This is a fact and I do not say it to be mean. I support the Employees of the school district. But I support the greatest asset of Our Community more, the Citizens.

Buy with your knowledge, as Mr. Stafford has said, MATH NEVER LIES.

I support the Vote No movement.

Name withheld."
ClimateChangeMovements	Groundbreaking new research makes whether or not to log forests more complicated. What happens if our trees are worth more standing?
RestoreVirginia	11am Sunday Multiplatform Services- Both In-Person & Zoom.  All Peoples is a Member of the Unitarian Universalist Association, a Welcoming Congregation, Green Sanctuary, & member of Interfaith Paths to Peace.  Learn more about us at www.allpeoplesuu.com. 
TellRepToNotRaiseOilGasTaxes	"Buried in the $1 trillion infrastructure bill passed by the U.S. Senate in August is a provision to test taxing drivers by the mile, with millions of dollars earmarked for states that pilot the program.

But Florida drivers already pay among the highest gas taxes and vehicle registration costs in the nation.

Florida state lawmakers need to stand up for taxpayers and reject any scheme to tax drivers by the mile. 

Add your name to the petition below rejecting a per-mile tax in Florida."
PublicLandExploitation	"Premature nuclear plant closures could impact Illinois in a BIG way. 

Read this report to discover what’s at stake if Illinois doesn’t take swift action to preserve its nuclear power plants. https://info.nuclearpowersillinois.com/brattle-report. "
BuildBackBetterActPassed	"Marcus Mighty works in turbine services at Dresden Station, helping to power Illinois – and community services across the state. 
He knows how important it is to keep these critical resources available for all our communities."
CleanEnergyPromotion	Not only does natural gas heat our homes and power kitchens in our favorite restaurants, it’s also driving CO2 emissions down across the country, improving air quality and helping fight climate change. Learn more about how natural gas impacts your daily life:. 
ClimateChangeMovements	"TPUSA LIVE is the unfiltered, grassroots alternative to mainstream media. Watch daily shows, live in-studio content from TPUSA HQ and weekly shows covering politics, pop-culture, sports and everything in-between. Tune in every weekday starting at 5 PM ET / 2 PM PT.

Check out today’s show! 

Human Events Daily host Jack Posobiec discusses where the Haitian Migrants came from, Hunter Biden, and Jack Exposes Former Planned Parenthood President and FDA Commissioner’s Flip-Flopping on Vaccine Advice While on CNN

The TPUSA LIVE team talks about The View’s Disaster Episode, BLM thinking the NYC vaccine passports is racist, Project Veritas part 2 and more. 

Alex Clark will interview Abigail Schrier - the author of Irreversible Damage: The Transgender Craze Seducing Our Daughters on today’s episode of The Spillover. 

We will wrap up the show with POPlitics with Alex Clark as she dives into weird things Mark Zuckerberg, Jeff Bezos, Elon Musk and other zillionaires eat for breakfast and more!"
AntiFossilFuelInfrastructure	"The cost to reach ONE day of electricity storage for Texas? 
Nearly $100 billion per year for 13 years. 🤯

How to do it? Build a battery the size of a small power plant (100 MW/400 MWh) every day between now and 2035. 

SB 3 is a start, but the PUC needs to take strong action to manage the variability of wind and solar and to make those resources improve their reliability. Batteries won't get us there. We need reliable generation."
RenewableEnergyPromotionAndGrowth	As we head outside this summer, understanding how electricity works can keep you and your loved ones safe. Learn more and remember to contact your local utility or PPD for more information.
CelebrateBuildBackBetter	New polling shows 3 in 4 voters support the full Build Back Better package, and large majorities say the plan's climate, clean energy, and environmental justice components are essential.
RenewableEnergyPromotionAndGrowth	"A new regulation was recently passed, by the Arizona Corporation Commission, limiting access to solar!

So don’t miss out! Join over 7,000 of your neighbors that have requested estimates, from SunSolar Solutions, by clicking “Get Quote” today!"
ClimateChangeMovements	"Illegal fishing depletes our oceans; relying on forced labor and human rights abuses to do it. 

The problem is rampant — nearly a third of the wild-caught seafood sold in the United States each year is illegal or unreported. And many illegal fishing operations rely on trafficked labor to keep prices low.  

It’s time for action. 

By closing loopholes and bolstering monitoring systems, Congress can help stop these atrocities.

Demand change: https://on.nrdc.org/3E63RTs. "
ClimateChangeMovements	Greg Casar will fight for a bold, progressive agenda in Congress: affordable health care for all, tackling our climate crisis and making corporations pay their fair share. Progressive change is possible if we fight for it together.
CallToActionAgainstOilAndGasIndustries	Some Lawmakers are proposing expansion of video gaming terminals or VGTs to gas stations, convenience stores and pizza parlors. They are impossible to regulate and unsafe for our kids and communities.
ClimateChangeMovements	"In the face of climate change - which thermostat keeps its cool?
ONCE Thermostat is left on screen: Change Michigan for the better. One degree at a time."
GreenEnergyCapacity	"Making the switch to SCP’s EverGreen electricity service is easy! Enrolling is as simple as visiting our website or calling our local contact center. All you’ll need is your 10-digit PG&E account number to enroll.

Call us at 1 (855) 202-2139 or visit sonomacleanpower.org/programs/evergreen to get started!"
GreenEnergyCreatesJobs	Technology can separate hydrogen from water and deliver it reliably and cleanly through existing natural gas infrastructure. 
OilAndGasSupportJobs	"There's no way around it — the $3.5 trillion reconciliation package has always been envisioned as a way to increase taxes and fees on the U.S. oil and natural gas industry. Democratic leaders would prefer to funnel those dollars to intermittent energy sources to align us with Europe.

But now, Europe is facing the headwinds of its alternative energy ambitions. Double-digit increases in electricity bills, threats of blackouts, pleas for Russia to deliver more natural gas... If the United States abandons its most tried-and-true energy source, we will soon find ourselves facing the same energy crisis sweeping through Europe today.

Read more from Petroleum Alliance President Brook Simmons: https://bit.ly/3uLkaBT. "
AbandonedWells	"Breaking: “Abortion is a white supremacist ideology.” CCR adopts resolution condemning Planned Parenthood founder Margaret Sanger and her connection to eugenics. Sanger was documented to have supported abortion with the goal of eliminating the black and mentally ill population. She was also noted to support the KKK. 

Abortion is a white supremacist ideology. Make no mistake, Planned Parenthood, one of the leading abortion advocates and providers, continues to disproportionately target and service minority communities. Roughly 80% of their abortion service locations are in minority neighborhoods. They’re following their original founding mission: to suppress minority communities through murder of the unborn.

This resolution marks the first time recorded that CCR has officially condemned Sanger and Planned Parenthood by extension. Planned Parenthood must reckon with not only its racist history, but also the murder of innocent babies. We call on our representatives to continue to do all in their power to defund and eliminate Planned Parenthood.

CCR is proud to stand for life and protecting the innocent. As the leader of the Trump wing of the CAGOP and youth leaders of social conservatism in California, we are proud to take this step in representing the passions of our chapters and the base of the Party. 

We look forward to continuing pro-life advocacy. 👣👶🏻. "
ClimateChangeMovements	"Pictured is Xenia Law Director Donnette Fisher.
Her reputation is not one of being amongst the ""Best and the Brightest' by those within the legal community. But, whispered within the courthouse hallways, she is a political hack, willing to do whatever it takes to further her career.

Fisher has high hope of becoming a Xenia Cout Judge. And is willing, according to our sources, to do the dirty political work of the powerful and politically connected to achieve her desire to wear the ""Black Robes of power.""

Never, should Donnette Fisher be given the power to sit in judgment over the citizens of Greene County.

Xenia City Council should review Fisher's employment as Xenia Law Director surrounding her action and unethical behavior surrounding the handling of the case against me. 

Accordingly, out of Columbus, Ohio, Special Prosecutor Gibson dismissed all charges ""WITH PREJUDICE."" against me. Gibson saw through Donnette Fisher's political prosecution of me and refused to be part of it. 

People often wonder how innocent people get convicted?

The answer is it starts with a corrupt Sugarcreek Police Department and its Police Chief. 

Then you add Donnette Fisher, Xenia Law Director, who is willing to do the dirty political favors for the rich, the powerful, and politically connected in Bellbrook-Sugarcreek.

 Fisher should never have allowed charges to be filed. 
Fisher either did not look at the evidence or did not care the evidence proved I was innocent of all charges.

Innocent Citizens get convicted, who can not hire a team of Attorneys, Private Investigators, and Forensic Video Experts to seek out the truth and prove what happened. 

My team dug through the small amount of evidence, which the Police gathered. But then, we had to do what the Police and Donnette Fisher's office refused to do.

 My investigative team set about gathering evidence, which the Sugarcreek Police refused to collect or even look through. It was troubling the amount of evidence the Police did not secure and did not bother to gather in the first place.

All of Greene County should be worried and concerned with this shoddy and unethical police work and the conduct of the Xenia Law Director.

The next time it could be you or a family member who has to endure the wrath of a crooked police department and a Xenia Law Director who fails/refuses to look at the evidence. 

The motive of this whole case and filing of charges was to keep me from running for school board and destroy my business and reputation.

As a result, this Xenia Law Director is a danger to every citizen's freedom and rights set forth under the United States Constitution.

Black, White, rich or poor, every citizen has rights that can not/should not be trampled on. No Citizen in Greene County should have to experience what I have had to go through the last six months. 

No Citizen should have to fear the Xenia Law Director.

It is time for the Xenia City Council to address their out-of-control Law Director."
GreenEnergyCreatesJobs	"We have some new faces here - welcome! We are glad to have you here to support our efforts building Anpetu Wi Wind Farm.

The name of our wind farm is significant; Anpetu, literally means ""it is day"", Wi is the sun. Together, ""Anpetu Wi"" is the morning light of the sun, the beginning of a new day. 

This light helps us see the way things really are - we pray traditionally while facing east at this time of day asking Tunkasila (grandfather creator), Wakan Takan (great sacred mystery) for wisdom and understanding.

Thank you for joining us. Have any questions for us? 

#listentolearn #IndigenousSovereignty #nativeamericans #NODAPL #indigenoushistory #nativeamericanroots #indigenousunited #indigenouspeople #SAGE #SRST #SAGESRST #AnpetuWi #SayYesToWind #Renewables #WindEnergy. "
OilAndGasBoostEconomy	Safety is every #natgas utility’s top priority. That’s why we committed to critical cyber and physical security principles and practices to protect our vast #energy delivery system. Learn more.
GoBold	"World Without Waste has signaled a renewed focus on our entire packaging lifecycle by improving our design, bottle collection and partnerships to reduce waste and carbon emissions.

See how partnerships like @theoceancleanup contribute to a #WorldWithoutWaste: cokeurl.com/u9y7bu. "
ClimateEmergency	"Representative Lindsey LaPointe voted for the Climate and Equitable Jobs Act and it is now law in the state of Illinois!

The Climate and Equitable Jobs Act will:

✅Curb dangerous air pollution

✅Combat the climate crisis

✅Create thousands of high-quality jobs in Illinois

Please join us by adding your name to thank Representative Lindsey LaPointe today."
AbandonedWells	What happens when academics lose objectivity over climate change science?
OilAndGasBoostEconomy	"Democrats and Republicans agree: Government-Controlled Power means massive debt and higher electric bills. 

Take our poll & let us know what you think: https://bit.ly/31N2eg2. "
BuildBackBetterActCampaign	"Andrea and special guest co-host and former NBC reporter Cindy Garza speak with brave journalists: Houston journalist Ivory Hecker, Detroit meteorologist and journalist April Moss, and Houston journalist Scarlett Horton who put their jobs on the line to bring their viewers the stories some did not want their viewers to see or hear. They also speak with Willie Lora, President of Lora Media Consulting, who is developing a conservative Spanish language news and opinion network.

April Moss: https://www.facebook.com/AprilMossOnAir
Ivory Hecker: https://www.facebook.com/IvoryHecker
Scarlett Horton: https://www.facebook.com/scarlettrosehorton
Willie Lora: https://www.facebook.com/LoraMediaLLC

Watch TLC Live! on Facebook (https://www.facebook.com/TLCforTexas) or on YouTube (https://www.youtube.com/channel/UCTi1LGIYZDNRyEL08eYm90Q), and comment live on Facebook every Wednesday at 11 AM!"
DemandClimateActionFromLeaders	Instantly triple your impact. Thanks to a long-time EDF supporter, all donations will be matched $2-for-$1. Please give today and help protect our planet.
TellRepToNotRaiseOilGasTaxes	Question 1 gives politicians the power to overturn projects retroactively, putting small businesses and investors at risk.
GreenEnergyCreatesJobs	October 6 is #CleanAirDayCA and it’s right around the corner. This is a day to take simple actions to help clean the air. No action is too small and making a difference is easy. Learn more and take the pledge: https://www.cleanairday.org/pledge/individual/SCG/. 
OilAndGasTaxesBad	"Winter is coming... is the Texas grid ready? Or will se see more blackouts?

State officials are working on a plan to reform the electric grid. Here's our midterm report card on their progress: https://lifepowered.org/will-texas-fix-its-grid-here-is-the-midterm-report-card/. "
AbandonedWells	A recent Maine study shows the increased pollen levels are directly linked to the warming climate as a result of our continued reliance on fossil fuels. Another good reason to move towards clean, renewable hydropower!
VirginiaConservatives	Sign the official petition against the Vaccine Mandate!  Americans should not have to choose between keeping their jobs and taking a vaccine they are not comfortable with.  We must stop the unconstitutional, left-wing power grab.   Sign the petition now!
ClimateEmergency	"⚠️ 𝐒𝐨𝐫𝐫𝐲 𝐭𝐨 𝐬𝐭𝐨𝐩 𝐲𝐨𝐮𝐫 𝐬𝐜𝐫𝐨𝐥𝐥𝐢𝐧𝐠 – 𝐭𝐡𝐢𝐬 𝐢𝐬 𝐚𝐧 𝐞𝐦𝐞𝐫𝐠𝐞𝐧𝐜𝐲. ⚠️

From hurricanes to heat waves, the climate crisis is upon us – and if we don’t act NOW, our future is on the line. 

That’s why, right now, a generous donor is DOUBLING all donations to fight climate change up to our $25,000 goal – so your gift will go TWICE AS FAR to protect the earth for generations to come. 

𝐆𝐢𝐯𝐞 𝐍𝐎𝐖 𝐚𝐧𝐝 𝐡𝐞𝐥𝐩 𝐮𝐬 𝐬𝐚𝐯𝐞 𝐨𝐮𝐫 𝐜𝐥𝐢𝐦𝐚𝐭𝐞 𝐛𝐞𝐟𝐨𝐫𝐞 𝐢𝐭’𝐬 𝐭𝐨𝐨 𝐥𝐚𝐭𝐞:. "
CallToActionAgainstOilAndGasIndustries	"“Big spender, big taxer.”
Kim McCarthy loves to increase taxes. 
Not just yours, but for everyone. 

She thinks your 💴 money is her money.
It this “progressive socialist” believes and she will be coming for more of it if elected.

Will she increase  taxes? Count on it.

Kim McCarthy should never have the power to tax your family or your homes."
CarbonEmissionReduction	"Increasingly over the last four years, conservative ideas have been held captive by leftist legacy media.

Editors wielded their power to prevent the dissemination of our ideas and policy positions to their readers. No more. 

Our ideas are too important to wait on the space and sympathy of legacy news outlets. The Cannon Online is our answer with the intent of amplifying conservative writers and ideas to Keep Texas Texan and America the most free and prosperous nation in the history of the world.

Visit: https://hubs.la/H0GdtHF0. "
OilAndGasSupportJobs	Will ExxonMobil shareholders rise to the occasion next week to create long-term value and address climate risk?
BellbrookWokeRadicals	The Green New Deal and other liberal policies are NOT the answer to environmental issues.
GreenEnergyCreatesJobs	Researchers from the National Renewable Energy Laboratory are developing hybrid power plants that combine clean power generation with energy storage, resulting in a reliable, flexible energy system powered by renewable sources.
CleanEnergyPromotion	"We need resilient infrastructure that meets the demands of the sustainable future. 

That’s why the cement and concrete industry is committed to achieving carbon neutrality across the value chain.

Learn about our Roadmap at shapedbyconcrete.com."
GreenEnergyCapacity	What do farm animals and trash have in common? They are both sources of renewable natural gas.
BellbrookWokeRadicals	"""Caring for myself is not self-indulgence, it is self-preservation and that is an act of political warfare."" - Audre Lorde

We hope that during this intense season as the year comes to a close and you take stock of what you've accomplished, that you take a moment to care for yourself. Thank you for joining us in our work building Anpetu Wi, and all our sustainable energy projects for Standing Rock. Pilamayaye!"
CarbonEmissionReduction	"🍂 It's the season of crisp, cool air and crunchy leaves underfoot. That means it's time to get your gardening tools out! One way to handle fall cleanup is to make the process more efficient, such as adding electric-powered outdoor tools. 
🍂 These handy devices can make yard work easier and cleaner: https://www.tristate.coop/5-useful-electric-garden-tools-fall

😁 Electric-powered equipment offers consumers many benefits listed above and is eligible for rebate incentives from Tri-State. For more information, talk to your local electric cooperative or public power district for details. 

#FallSeason #FallCleanUp #ElectricPowerTools #ReduceEmissions #ProductRebates. "
ClimateEmergency	It's actually pretty simple: climate change = more extreme weather. Find out why 99% of climate scientists agree.
PoliticalTraining	FREE monthly COVID-19 vaccination clinic in City Heights.  Will will also provide food packages, mask, diapers and feminine hygiene products. Appointments are not required. NEED HELP WITH RENT OR EDD/UNEMPLOYMENT INSURANCE (UI) COME ON BY TO THIS EMPLOYEE RIGHTS CENTER EVENT!  4265 FAIRMOUNT AVENUE (Next to the gas station, corner of El Cajon Blvd and Fairmount Avenue) If you have questions, please call 619-995-8973. 
RestoreVirginia	It wasn’t until she was in high school that Hernandez started to learn about the possible connections between the nosebleeds, the cancer, the asthma, the undrinkable water, and the oil.
CallToActionAgainstOilAndGasIndustries	Through all of the hurdles over the past year, we have given Verizon our all, day in and day out. Still, the company hopes to push us back into unsafe working conditions, with little to no regard for the health and safety of us and our families. Now, more than ever, we need a collective voice on the job at Verizon Wireless. Send us a message to get involved! ✊✊🏻✊🏽✊🏿 #VZWWRising. 
RightWingCampaigns	Extreme environmentalism is just greenwashed socialism. Like our page and help us fight back!
ClimateChangeMovements	“As a pulmonologist, I’m disheartened during hot, polluted summer days when my patients tell me the air is making it harder for them to breathe — and even worse, when it sends someone to the hospital. “. 
RenewableEnergyPromotionAndGrowth	I want my kids to enjoy the beauty of the outdoors forever. Our kids need clean air and clean water and it’s up to us to act now.
BellbrookWokeRadicals	The most famous political scandal in American history is, of course, Watergate. So what exactly was Watergate? Radio host and columnist Hugh Hewitt has the real story.
ClimateChangeMovements	This recall election is about two visions for California: one that is centered on families and builds on progressive policies that includes us all in a plan to address climate change, housing rights, access to healthcare, and more. Compared with another that pits us against each other instead of focusing on our needs. Vote NO on the conservative recall! #KeepGoingCalifornia. 
TellRepToNotRaiseOilGasTaxes	"First, DC liberals spent trillions of our dollars. Now, Americans are facing record inflation and are paying more for gas and groceries. Their plan now: Nancy Pelosi and her liberal allies are pushing for new tax hikes and another socialist healthcare plan.
 
Click below and sign up to tell Susan Wild enough is enough."
AntiFossilFuelInfrastructure	She was appointed to the Natural Resources and Water Committee and consistently voted against legislation for stronger oil and gas regulations this past year. Meanwhile, her husband earns up to $100,000 a year from an oil and gas company and she herself brings in up to a six-figure income as president and CEO of a staffing agency that provides services to at least 13 companies involved in the local oil and gas sector.
BuildBackBetterActCampaign	Michael Knowles & PragerU’s executive director, Allen Estrin, discuss Intellectuals by Paul Johnson and how the book highlights both the brilliance and dangers of intellectuals’ impact on humanity.
AbandonedWells	"Joining us for the Women of the Movement Anpetu Wi Dialogue this month is Tara Houska (Couchiching First Nation). She is an attorney, an environmental and Indigenous rights advocate, as well as the founder of @giniwcollective and the former advisor on Native American Affairs to Senator Bernie Sanders. Take a moment before our discussion to get to know Tara @zhaabowekwe, we are honored to have her join us for our live discussion on May 20th - click the link in our bio to RSVP!

Photo by @yakamoz_ayse

#listentolearn #nativeamericans #NODAPL #indigenoushistory #nativeamericanroots #indigenousunited #indigenouspeople #SAGE #SRST #SAGESRST #SayYestoWind #StopLine3 #ShutDownDAPL. "
ClimateChangeMovements	"In addition to sharing a border, the US and Canada share a common vision: to establish a prosperous and sustainable economy that will help protect the environment and health of communities across North America. As part of the upcoming Climate Summit, both countries are actively working together on strategies to reduce harmful emissions and mitigate the damage they create.

https://www.canada.ca/en/environment-climate-change/news/2021/04/joint-statement-by-the-us-environmental-protection-agency-and-environment-and-climate-change-canada-on-environment-and-climate-change.html. "
RenewableEnergyPromotionAndGrowth	Your legislator, Senator Cleave Simpson, was a champion for Colorado’s rivers this legislative session! That means a stronger economy, better resiliency in the face of climate change, and protecting our agricultural heritage. Show your support for our rivers by signing our card today!
AntiFossilFuelInfrastructure	The Gulf oil spill devastated millions of birds and their habitat. But the Florida Trustee Implementation Group wants to use Gulf Restoration funding to build parking lots on top of federal land that threatened birds need. Speak up now to stop this blatant destruction of essential bird habitat.
BellbrookWokeRadicals	Dominion Energy wants to stop people from speaking about the company’s plan to impose extra fees on South Carolina residents who use solar power to save money.
CallToActionAgainstOilAndGasIndustries	"“Kim McCarthy owes us an apology.”
Kim McCarthy, the township trustee candidate, refused to stand for the American Flag and recite the Pledge.

She took a knee at a public meeting in full view of everyone there. 

The late  Supreme Court Justice spoke about this. Kim McCarthy should read this. 

The liberal Supreme Court Justice Ruth Bader Ginsburg would say McCarthy was ridiculous. 

McCarthy needs to apologize to everyone for her horrible action.

""Not standing for the anthem shows a “contempt for a government that has made it possible for their parents and grandparents to live a decent life … Which they probably could not have lived in the places they came from … as they became older, they realize that this was youthful folly. And that’s why education is important,” Supreme Court Justice Ruth Bader Ginsburg told Katie Couric at the time. 

“I think it’s a terrible thing to do, but I wouldn’t lock a person up for doing it. 

I would point out how ridiculous it seems to me to do such an act.” RUTH BADER GINSBURG

Kim McCarthy should never hold public office and hold power over our community."
RenewableEnergyPromotionAndGrowth	"During a major outage, the Schofield Generating Station will be able to power up our microgrid consisting of three U.S. Army installations in Central Oahu. That’s what a joint exercise with the U.S. Army determined last week – just in time for hurricane season.

The inaugural test of the Schofield Generating Station’s microgrid capabilities affirmed that if power is lost at Schofield Barracks, Wheeler Army Airfield and Field Station Kunia – all critical lifelines during an emergency – the three installations can be islanded and powered with 100% renewable energy from the Schofield-based power plant. The Hawaiian Electric-U.S. Army effort helps advance energy resilience and security for the Army. Learn more: http://hwnelec.co/bsFv50F4X3e.

Photos courtesy of U.S. Army Garrison Hawaii. "
ClimateChangeMovements	"Nothing better describes the ""toxic Cancel Culture"" which has manifested itself into our community like cancer. Bringing hate and intolerance with them from the communities they came from.

No matter the topic they are an expert.

This last election this core group of radicals tried getting their WOKE candidates elected on the Bellbrook City Council, Sugarcreek Trustees, and on the school board. 

The Patriots of Bellbrook-Sugarcreek rallied around shared beliefs and values, God, Family, and Country, and they failed. Our communities dodged the WOKE Progressive plan for control of power in our community.

These Progressives were soundly defeated with the Truth, Facts, and Evidence in their own words.  

Once the Taxpayers understood the radical values and ideas these candidates embraced, the Voters did not like what they saw.

In 2019, these Progressive's first started attacking anyone who disagreed with them on the Property Tax Levies and school policies.

Now, in 2022, this group of insufferable know-it-alls is now attacking anyone who wants to have the ""Big Conversation"" about the future direction of Bellbrook-Sugarcreek.

The Fact and evidence from social media postings show these elitists ""loved everything about living in Centerville, and loved Centerville schools.""  

Yet they moved here.

It comes as ""NO SURPRISE"" now their focus is to stop/oppose/shut down any discussion about merging Sugarcreek with the City of Bellbrook.

These Progressives do not want to stop the City of Centerville or the City of Kettering from their predatory annexing activities.

It is the opinion of many within our communities, the individuals involved would LOVE for Sugarcreek to eventually become part of the  City of Centerville, or the City of Kettering, with their Woke Progressive values and agendas.

The majority in our communities DO NOT want to be like Centerville or Kettering.

Your voice matters. 
Your opinion matters. 

Do not allow this ""Cancel Culture Group"" to take either of these rights away from you.

Please join in, share this page. Become part of the ""Big Conversation."" The future of Bellbrook-Sugarcreek depends on it."
ClimateChangeMovements	Methane has more than 80 times the warming power of carbon dioxide over the first 20 years after it reaches the atmosphere. Even though CO2 has a longer-lasting effect, methane sets the pace for warming in the near term.
ClimateChangeMovements	"Attention Oahu customers: The City and County of Honolulu’s Rental & Utility Relief Program will be open for applications for a second round beginning Monday, May 3, 2021 at 2 p.m. 

For qualified households, the rent and utility program pays:
- Up to $2,500 a month in rent and utility arrears going back to March 2020.
- Up to $2,000 for future rent payments.
- Up to $500 a month for future electric, water and sewer, and gas bills.
- For future payments, a household must requalify every three months and funds must be available. A household will need income and tax documents to requalify. 
- Total length of rent and utility help is 12 months per household.

For more information and how to apply, visit: oneoahu.org/renthelp."
ClimateChangeMovements	"""For the people of Standing Rock and me, the Anpetu Wi project is a prayer, it allows us something to leave behind for future generations of the Standing Rock Sioux Tribe and reflects our cultural values by prioritizing people, land, and nature over profit."" - Joseph McNeil Jr., SAGE General Manager.

SAGE has a goal of existing for 500 or more years following the ""Seventh Generation"" philosophy that the decisions we make today should result in a sustainable world for at least seven generations. Find out more about Anpetu Wi at our upcoming virtual conversation featuring all four living Standing Rock Sioux Tribe Chairmen of the last 40 years this Thursday April 15 at 2 pm! https://fb.me/e/1kjIpYp4Q. "
ClimateEmergency	Nuclear Science Week is a great time to start learning about the many benefits of nuclear carbon-free energy! Celebrate this week by exploring how nuclear power – the source of more than half our nation’s carbon-free energy generation – will continue to play a pivotal role in reaching global climate and decarbonization goals. https://bit.ly/3mb4LZb. 
VirginiaConservatives	📊📈 Legislative Issue Poll: Liberals are proposing new restrictions on gun dealers that will give unprecedented power to the federal government to delay/deny firearms purchases in all states.  Do you believe the 2nd Amendment is in danger under the Biden Administration?⬇️. 
RestoreVirginia	Do you trust your electric utility to provide you with reliable and affordable energy this winter? You might, but you shouldn’t. If you ask Michigan residents what they want from a utility, they will likely tell you two things: reliable service and reasonable rates. They want their lights and heat (or AC) to turn on when they need them, and they want to afford their monthly utility bill.
VirginiaConservatives	"WATCH: The ""Right Voices"" interview with American Conservation Coalition - ACC founder Benji Backer! 

Benji is a conservative encouraging young people to get involved. Like C3 Solutions, he believes that Capitalism and free markets are the best path to a cleaner planet. Tune in!"
AbandonedWells	The most indispensable and fundamental element of our modern society is the reliability and affordability of electricity. With both Texas and California rapidly moving to more wind and solar power to provide generation to power plants, what backup power source will provide the electricity reliability to keep the lights on, the air conditioning humming, and heat flowing? https://bit.ly/3bqq7vJ. 
RenewableEnergyPromotionAndGrowth	"As we continue our review of 2021, we want to look back at one of our biggest projects completed, our MET Mast Towers! They were installed in November 2021, completing phase two of Anpetu Wi Wind Farm. These towers will measure the wind characteristics on our land for 18-24 months, and they are an extremely important part of realizing the wind farm. 

As always, if you want to find out more about our wind farm, visit AnpetuWi.com for the details!"
RenewableEnergyPromotionAndGrowth	As drought conditions persist in the West, water experts and scientists are wondering just how low Lake Tahoe’s water level might drop. 
CallToActionAgainstOilAndGasIndustries	"""If we lose freedom of speech in America, then there is nothing left to fight for. Once we lose that, they're going to take everything away from us.""

When Chavez took power, Maria Bello’s family went from the middle class to standing in long food lines. Maria had never experienced freedom until she escaped socialism in Venezuela and came to the United States. Now she fights for freedom here by boldly speaking the truth about socialism—and how it destroys lives. Watch her extraordinary story of her fight for freedom."
RestoreVirginia	"The NECEC will include a fiber optic line that over 70 communities could access along the 145-mile route through many areas that have lackluster or nonexistent internet. 

https://www.centralmaine.com/2021/03/21/controversial-power-line-plan-includes-fiber-optic-line-through-western-maine/. "
AntiFossilFuelInfrastructure	"There’s a long list of issues we need our leaders to focus on: 
 
✅ Covid-19 pandemic 
✅ Climate change 
✅ Health care 
✅ Education 
 
So what are Harrisburg Republicans up to? Launching a “dangerous” Trump-inspired election review scam and trying to get your personal information, including your social security number. 
 
Tell them to keep their hands off your personal information. Add your name -->. "
CallToActionAgainstOilAndGasIndustries	As the winter months begin to roll in, it’s understandable to wonder if solar power will be able to withstand the effects of winter weather. Solar panels are still productive in snowy and winter conditions. Oftentimes panels are tilted to ensure snow piles will easily slide off to continue full energy output, but even if snow only partially slips off the panel it will still produce electricity. Additionally, snow can be beneficial for cleaning panels, washing away dirt and debris.
CutMethane	"The Biden administration is taking bold climate action. So why is the U.S. still funding $4 billion of fossil fuel projects overseas every year?

𝐂𝐚𝐥𝐥 𝐨𝐧 𝐭𝐡𝐞 𝐁𝐢𝐝𝐞𝐧 𝐚𝐝𝐦𝐢𝐧𝐢𝐬𝐭𝐫𝐚𝐭𝐢𝐨𝐧 𝐭𝐨 𝐰𝐢𝐭𝐡𝐝𝐫𝐚𝐰 𝐔.𝐒. 𝐟𝐮𝐧𝐝𝐢𝐧𝐠 𝐟𝐨𝐫 𝐢𝐧𝐭𝐞𝐫𝐧𝐚𝐭𝐢𝐨𝐧𝐚𝐥 𝐟𝐨𝐬𝐬𝐢𝐥 𝐟𝐮𝐞𝐥 𝐝𝐞𝐯𝐞𝐥𝐨𝐩𝐦𝐞𝐧𝐭 𝐚𝐧𝐝 𝐜𝐨𝐦𝐦𝐢𝐭 𝐭𝐨 𝐩𝐮𝐬𝐡𝐢𝐧𝐠 𝐟𝐨𝐫 𝐚 𝐣𝐮𝐬𝐭 𝐭𝐫𝐚𝐧𝐬𝐢𝐭𝐢𝐨𝐧 𝐭𝐨 𝟏𝟎𝟎% 𝐜𝐥𝐞𝐚𝐧 𝐞𝐧𝐞𝐫𝐠𝐲 𝐚𝐫𝐨𝐮𝐧𝐝 𝐭𝐡𝐞 𝐰𝐨𝐫𝐥𝐝."
AbandonedWells	The Migratory Bird Treaty Act holds companies accountable for bird deaths from disasters like the BP oil spill. Become a monthly donor and help us fight to strengthen this important law and protect birds from all anti-conservation threats.
RenewableEnergyPromotionAndGrowth	Your legislator, Representative Karren McCormick, was a champion for Colorado’s rivers this legislative session! That means a stronger economy, better resiliency in the face of climate change, and restoring our rivers. Show your support for our rivers by signing our card today!
BuildBackBetterActPassed	"🚨🚨 NEW from C3 Solutions President Drew Bond:

""One way that ExxonMobil has vowed to help reduce carbon dioxide emissions is by developing a form of carbon capture. 

Along with Shell, it says it is looking to capture not only its own emissions but the emissions of other companies too. 

That would be using the power of the free market to reduce emissions while keeping energy affordable."". "
VirginiaConservatives	"✌ critical problems drive up the cost of health care:

1️⃣  A lack of price transparency 

2️⃣ The bureaucratic middlemen getting between patients and their doctors.

Fortunately, there is a path for policymakers to reform our system to ensure patients are in charge of their care by knowing prices before services are provided and creating more options that bring patients and doctors together."
GreenEnergyCapacity	Recycling solutions for wind turbines and their components are front of mind for the clean power industry, and one creative solution has been to repurpose wind turbine blades into other structures, like a bike shelter in the case of one Danish city:. 
RenewableEnergyPromotionAndGrowth	Few local economic opportunities come around with the same enormous positive potential of a wind farm. Heritage Wind will bring over $50 million in revenue to the Barre and Orleans County—see a breakdown below:. 
GoBold	American Exploration & Production Council (AXPC) is focused on reducing methane emissions from operations and supporting effective and reasonable regulation of methane that balances the essential value of US oil and natural gas production with the global challenge of addressing climate change. Like our page now to hear more about our efforts!
AbandonedWells	Republicans need YOUR help to keep up with the Dems so we can bring back common-sense conservative leadership to Washington. Conservative leader Stephanie Bice is committed to Oklahoma’s oil and gas industry, saving American jobs, fighting for our veterans, and ending wasteful government spending. Chip in by 4/30 at 11:59 PM to stand with Stephanie >>. 
BuildBackBetterActCampaign	Topic: Goldwater's Strong View in 1960 of Civil Rights. Weekly outreach with the Chairwoman. The views expressed are her own with a conservative lens.
ClimateChangeMovements	Study: Human-induced climate change responsible for a third of heat-related deaths. 
CallToActionAgainstOilAndGasIndustries	Regardless of what party you belong to, this is absolute power - Vote to for Balance - Vote Row B or E. 
ClimateChangeMovements	"Emissions are used in the process to build a wind turbine with current technologies BUT the carbon emissions are SIGNIFICANTLY lower than our current energy production. The amount of energy that is used to build a wind turbine is paid back in it's first 5-8 months of operation.

 #RenewableEnergy #ReNewMexico #SolarPower #EcoFriendly #SustainableEnergy #GoGreen #Environment. "
AbandonedWells	"When oil spills happen, it doesn’t just affect coastal beaches and wildlife; our familias often deal with the consequences of corporate pollution and disasters for years. 

Swipe through to learn more. 👉🏼. "
CelebrateBuildBackBetter	New @rhodium_group modeling shows that investments to spur economic recovery can cut pollution in half in the next 5 years! MORE from @amprog’s @TBHiggins & @elisegout on how long-term federal clean energy tax incentives can play a role. #BuildBackBetter http://ow.ly/LC8p30rBTQh. 
CallToActionAgainstOilAndGasIndustries	"""Radical sisters from different mothers""
Meredith Brinegar supports Kim McCarthy.
Kim McCarthy supports Meredith Brinegar.

Kim refuses to stand for the American Flag and recite the Pledge, Meredith supports her and cheers her on.

Meredith is embarrassed and apologizes for being a white, heterosexual, female and Kim supports her and cheers her on.

Kim doesn't pay her employees for six weeks, cheats them out of their wages, and Meredith supports her and cheers her on.

The Yes PAC attacks our Senior Citizens and struggling families,  Meredith and Kim cheer them on, supporting their actions. 

These two ""woke progressive candidates"", Meredith who is running for Bellbrook City Counsel, and Kim who is running for Sugarcreek Township Trustee are not like you and me.

They are DIFFERENT. Radically DIFFERENT.

They want to change the very fabric of what has made our communities great for the last 75 years. 

These two candidates are seeking public office and want the power it brings, to force their woke progressive values on you and your families.

It is through the power of the elected offices they seek, is how they plan to implement and accomplish their shared radical goal.

Power our community should never grant them.

Across the country, socialists are coming more than ever into local elections. 

Just because they are running doesn't mean they are qualified. Nor does it mean they share your values and beliefs.

There are better choices, more qualified candidates, than these two radicals.

Election Watch 21. "
ClimateChangeMovements	One book and one author have changed how American history is taught. America is no longer the good guy but the cause of everyone’s problems. Who is the author? What is the book? And why has it become so popular?
ClimateChangeMovements	"I can always tell when I or other Republicans have been effective at what they do for passing conservative public in Texas, absoultely true when we show up in cartoons... Well, I haven't seen so many ""Rs"" in one place since I've been a Senator! LOL, Can you identify all these Republicans in Texas? This satirical but humorous depiction of Texas politics by the NY Times in this article clip art (nyti.ms/3y3oKwE). Not a bad portrait characterization of me as the guy with the glasses underneath the Texas Capitol building holding the sign that says ""LIBERALISM FIND A CURE"" amongst the crowd! Boy I should have thought of that long ago, especially in the leftist progressive days!!

Who else can you spot in this NY Times cartoon? I can see Governor Abbott in the center but who is the guy behind him? Obviously Ag Commissioner Sid Miller is to the right on the horse but who do you think is the other gent in the cowboy hat? Of course my friend Lt Gov Dan Patrick is in the picture as well. Others are RTP chair Allen West holding the ""OPEN TEXAS NOW"", former speaker Dennis Bonnen, Dr Hotze holding bathroom placards?  Salon Owner Shelly Luther with a hair dryer, but you'll have to guess everyone to ""win""!

Texas oil wells, and energy production, the Border wall, and maybe even President Trump are in the background. But one thing for sure is that Texas Republicans are in the foreground of the Nation's politics!

See for yourself ..."
CarbonEmissionReduction	AMP believes Michigan’s energy policy should treat our customers fairly, but here and across the country, there are often vast energy inequities that have a larger impact on low-income and minority communities. Learn more about these inequities, the role energy policy plays, and what local energy providers are doing to help make energy more accessible and affordable for all Michiganders in our latest blog. https://bit.ly/37aUm7m. 
AbandonedWells	The people of Oklahoma Oil & Natural Gas are proud to support the Regional Food Bank of Oklahoma.
GreenEnergyCreatesJobs	Save money. Save time. Save the planet. Through community solar programs you can buy a portion of solar panels in your community solar system and receive a credit for electricity generated by your share. Read more here: https://www.wisolarcoalition.com/community-solar. 
