theme	top_25_tweets
TackleClimateChange	In the U.S., heat represents the deadliest type of extreme weather, , a reminder that it’s important to continue to identify and invest in climate mitigation strategies.
AntiWoke	Make no mistake, this is an attempt to upset the delicate constitutional balance of power with the most aggressive series of coordinated political power grabs the commonwealth has ever seen.
TackleClimateChange	Can you spare three minutes for 3X the impact for our ocean? Our board and generous donors are tripling Giving Tuesday donations.
ClimateActionDonation	"October 6th is both World Energy Efficiency Day and California Clean Air Day! These two important days go hand-in-hand, as one way to reduce emissions is to increase fuel efficiency.  

Less fuel consumption = Less  emissions. 

If you are interested in learning more, check out our “Technology Innovations” video series. 

In this video below, we examine known problems affecting our air and explain how we are implementing innovative technologies in the pursuit of a healthier world. 

https://bit.ly/3iFGWpQ. "
PoliticalActivismForOilAndGas	"We're putting a spotlight on Oklahoma's oil and natural gas employees — meet Jess Tarrant, technical sales for J.P. Consultants.

Jess' favorite thing about working in the oil and natural gas industry is the pace of work! It might be chaotic and around the clock, but he powers through with an energy drink in hand and Blink-182 cranking through his headphones (at least, that was his favorite band in junior high!). Get this: Chuck Norris once taught him how to do a wheelie on a unicycle. 🤯  Is Jess the most interesting man in the world? 🤔 

Click here to learn more fun facts about Jess: https://bit.ly/3m0Bsrs. "
TackleClimateChange	The American Robin is one of too many bird species that need your protection from habitat loss and climate change. As global temperatures continue to rise, the Robin could vanish from 23% of its summer habitat. Start your monthly donation today and take action for birds on the edge of survival.
TackleClimateChange	This recall election is about two visions for California: one that is centered on families and builds on progressive policies that includes us all in a plan to address climate change, housing rights, access to healthcare, and more. Compared with another that pits us against each other instead of focusing on our needs. Vote NO on the conservative recall! #KeepGoingCalifornia. 
NuclearEnergyBenefits	📊📈 Legislative Issue Poll: Liberals are proposing new restrictions on gun dealers that will give unprecedented power to the federal government to delay/deny firearms purchases in all states.  Do you believe the 2nd Amendment is in danger under the Biden Administration?⬇️. 
AdvocateForGreenEnergy	Communities across the Gulf Coast and New Orleans had little time to evacuate or prepare for the devastating impacts from Hurricane Ida. Surprising even weather and climate experts, this storm's growth warns of a new era of extreme weather unless we #ACTNow!
BuildBetterAct	"TLC Live! With Lt. Gov. Dan Patrick, State Rep-Elect John Lujan, and State Rep Candidate Mano DeAyala

Lt. Gov. Dan Patrick joins Orlando and Andrea to speak about the recently concluded sessions of the Texas legislature. While presiding over the Texas Senate, Lt. Gov. Patrick has focused on strategies to keep Texas families and communities safe and the state economy strong. John Lujan, who just won his election for state representative in District 118 with heavy support from TLC PAC, also joins us, as does Mano DeAyala, a candidate for state representative in District 133.

Dan Patrick
John Lujan for State Rep 118
https://www.manoforstaterep.com

Watch TLC Live! On Facebook (https://www.facebook.com/TLCforTexas) or on YouTube (https://www.youtube.com/channel/UCTi1LGIYZDNRyEL08eYm90Q), and Comment Live on Facebook Every Wednesday at 11 AM!"
EconomicAdvantagesOfRenewableEnergy	"""Located in the mountains of northern New Mexico, Picuris Pueblo is the smallest tribal nation in the state. With relatively few opportunities for economic development in their remote location, Picuris partnered with Kit Carson Electric Cooperative in 2018 to embark on a solar power project that would create revenue for Picuris, meet 100% of daytime energy demand with solar power, and reduce energy costs for tribal members."" Read more here >>>>> https://www.yesmagazine.org/environment/2021/08/18/indigenous-communities-energy-sovereignty. "
EconomicAdvantagesOfRenewableEnergy	"First, DC liberals spent trillions of our dollars. Now, Americans are facing record inflation and are paying more for gas and groceries. Their plan now: Nancy Pelosi and her liberal allies are pushing for new tax hikes and another socialist healthcare plan.
 
Click below and sign up to tell Cindy Axne enough is enough."
NuclearEnergyBenefits	"Andrea and Orlando welcome Bobby Eberle, Conservative Political Strategist, talk show host (13 minute News Hour), commentator, LeadershipLATINO instructor, and owner of GOPUSA.com and Julio Rojas-Aguilar, Manager of Donor Relations for the Institue of Humane Studies. Bobby brings us up to date on his work and travels around the state and country. Julio, a native of Peru, discusses his introduction to the ideas and benefits of free markets and free societies by his high school history teacher and the influence this has had on his life and career.

More about Bobby Eberle:
https://bobbyeberle.com/
https://bobbyeberle.com/13-minute-news-hour/
https://www.gopusa.com/

More about Julio Rojas-Aguilar:
https://theihs.org/people/julio-rojas-aguilar/
https://www.facebook.com/InstituteforHumaneStudies

Watch TLC Live! On Facebook (https://www.facebook.com/TLCforTexas) or on YouTube (https://www.youtube.com/channel/UCTi1LGIYZDNRyEL08eYm90Q), and Comment Live on Facebook Every Wednesday at 11 AM!"
OilCreatesJobs	"Our crews will be performing maintenance work on overhead power lines on H-1 freeway near the Sears Distribution Center and Waiau Power Plant late Saturday, March 20 through early Sunday, March 21.  The work will close multiple lanes both eastbound and westbound on H-1, leaving only the center lanes open from 10 p.m. to 4:20 a.m. 

For the safety of crews and motorists, four right westbound lanes and three right eastbound lanes of H-1 will be closed near the Sears Distribution Center and Waiau Power Plant while the work is being completed.  Crews will be assisted by a crane on Kamehameha Highway near Kuleana Road, requiring closure of two right westbound lanes of the highway from Kuleana to the Sears Distribution Center.  During times when crews will be transferring equipment and conductors, traffic will be stopped for a few minutes in both directions of H-1.  

Motorists should find alternate routes while the work is being completed or expect delays if traveling on H1 or Kamehameha Highway westbound.  Traffic signs and cones will mark the work zones.  Special duty police officers will be onsite to direct traffic.  Motorists should exercise caution when approaching and passing the area.

Mahalo for your patience and understanding."
OilAndGasExtractionRisks	The most indispensable and fundamental element of our modern society is the reliability and affordability of electricity. With both Texas and California rapidly moving to more wind and solar power to provide generation to power plants, what backup power source will provide the electricity reliability to keep the lights on, the air conditioning humming, and heat flowing? https://bit.ly/3bqq7vJ. 
EconomicAdvantagesOfRenewableEnergy	Your electric co-op powers your community. VCP empowers you.
OilAndGasExtractionRisks	"The cost to reach ONE day of electricity storage for Texas? 
Nearly $100 billion per year for 13 years. 🤯

How to do it? Build a battery the size of a small power plant (100 MW/400 MWh) every day between now and 2035. 

SB 3 is a start, but the PUC needs to take strong action to manage the variability of wind and solar and to make those resources improve their reliability. Batteries won't get us there. We need reliable generation."
AdvocateForGreenEnergy	Our Sustainability Report reflects robust ESG performance, including strides we’ve made in safety, environmental and community efforts.
GreenEnergySavesMoney	For the first time, all truck fleets participating in NACFE—including Frito-Lay, Anheuser Busch, Penske and DHL—are powered by electric motors.
DemocratOutreach	Discover the future of clean energy at the Advanced Energy Center from Sonoma Clean Power.
TackleClimateChange	"𝗧𝗶𝗺𝗲 𝗶𝘀 𝗿𝘂𝗻𝗻𝗶𝗻𝗴 𝗼𝘂𝘁❗ 𝗛𝗮𝘃𝗲 𝘆𝗼𝘂 𝗰𝗹𝗮𝗶𝗺𝗲𝗱 𝘆𝗼𝘂𝗿 𝗙𝗥𝗘𝗘 𝗣𝗿𝗶𝗱𝗲 𝘀𝘁𝗶𝗰𝗸𝗲𝗿 𝗽𝗮𝗰𝗸❓
Make a donation to Progress Texas and get ready to show off your pride. 

Your donation helps us tell the progressive story in our state every day, and helps shape positive messaging for the issues you care about such as voting rights, abortion rights, access to affordable health care, climate change, gun safety, and so much more."
EconomicAdvantagesOfRenewableEnergy	The fuel mandate proposed last year failed because, if passed, would impose new, costly regulations on small businesses and reduce consumers' choice at the pump. Quote Source: https://bit.ly/3rP3nwD. 
NuclearEnergyBenefits	Since Joe Biden took office, our country has seen illegal immigration flourish, violent crime surge, and the price of gas and food increase causing hardships for many families.  How would you rate Biden's performance as President?  Take the poll!
AdvocateForGreenEnergy	"The state of Illinois generates more electricity from nuclear energy than any other state. And it is done entirely carbon-free! If you were to put the carbon avoided by running Illinois’ nuclear generating stations in terms of car emissions, it equates to removing 14.1 million cars from the road each year (that’s more than 1 car for every person in the entire state!) 

Check out this video from Eric Maloni at the Byron Generating Station to learn more about fuel and see the plant:. "
AdvocateForGreenEnergy	We're drying the fuels': How climate change is making wildfires worse in the West. 
RenewableEnergyGrowth	Her future will be here in a blink, and we're working hard to make it one with net-zero carbon emissions.
AdvocateForGreenEnergy	"Let's talk about the sacred wind!

Tate Topa: Tate means wind, Topa is the number 4; the Four Winds are female spirits and the Four Winds represent the cardinal directions being east, south, west and north. The north winds are cleansing, causing the leaves to fall, the western winds bring the rain, southern winds bring warmth and eastern winds brings the life of a new day. 

#IndigenousVoices #RenewableEnergy #StandingRock #SAGESRST #CommunityDevelopment #AnpetuWi #SRST #FourWinds #IndigenousPeople. "
AdvocateForGreenEnergy	Our 2020 Sustainability Report reflects robust ESG performance, including strides we’ve made in safety, environmental and community efforts.
AntiWoke	Since Joe Biden took office, our country has seen illegal immigration flourish, violent crime surge, and the price of gas and food increase causing hardships for many families.  How would you rate Biden's performance as President?  Take the poll!
OilAndGasExtractionRisks	Mega Corporations Have An Absolutely RIDICULOUS Amount Of Power In America! @CharlieKirk11 Is 100% Right. #ThinkForYourself. 
TackleClimateChange	"World’s Best Wednesday🏆enjoy your cup of coffee☕️ this morning with a good laugh! 

#memes😂 #officememe #officememes #michealscott #wednesday #gabelewis #energy #environment #sustainability #gop #kellykapoor #stanleyhudson #dwightschrute #climate #change #kevinmalone #worldsbestboss. "
OilCreatesJobs	"Halloween is just around the corner and we are celebrating with a spooktacular giveaway! 🎃 Enter for a chance to win a family gift pack including a $100 Texaco gas card & four Ama pizzas. The rules are simple:
 
👻 Follow us on Facebook
👻 Comment below with a photo of you (or your keiki) in a Halloween costume!
 
That’s it! 🎉 Winners will be contacted and announced on Monday, November 1. This giveaway is not sponsored, endorsed by, or associated with Facebook."
ChallengesFacingRenewableEnergy	Nevada and Arizona will face first-ever cuts to their Colorado River supplies next year, federal officials reported. 
ReduceEmissions	Internet Safety is a critical part of protecting children. Each day 500,000 child predators prowl the Internet in hopes of luring and grooming their next victim. Generous people like you – who stand up and speak out for children – power the Foundation’s Internet Safety workshops that helps protect children and families in communities across the country. You make this possible. On behalf of the children and families you are helping to protect, thank you.
RenewableEnergyGrowth	Did you know the Great Lakes State is also one of the great wind states? With over 2500 MW of wind power in operation, Michigan is among America’s top wind energy producers.
SupportForRenewableEnergy	Will you give a $20 gift of love to support re:power’s candidate development alumni, like Maryland State Senator Cory McCray?
RenewableEnergyInfrastructureGrowth	There’s often a lot of confusion about where exactly energy from solar facilities goes. Scioto Farms Solar Project is a utility-scale solar project, meaning the energy will feed into the energy grid. Utilities purchase the power from utility-scale energy projects and ratepayers pay the utility companies per usual. Once the energy enters the grid, there’s no way of knowing exactly where it goes. It is routed to where the current demand is - meaning it could be powering Pickaway County homes or homes in neighboring regions.
ReduceEmissions	"Residents of Franklin County are going to want to take advantage of this unique opportunity 👀

For a limited time we are offering $500 cash to eligible households just for switching to natural gas 💵 💵 💵

How do you get your $500?
✅ Click [Learn More]
✅ Review the Coverage Map
✅ Sign up for a free estimate
✅ Receive $500 cash once the conversion is complete

In order to receive $500 you must...
✔️ Sign up before 03/31/22
✔️ Turn on your meter before 09/30/22

So don't wait, sign up for a free estimate today!"
NuclearEnergyBenefits	"""The shortcoming of this miniseries is the attempt to show that justice is being served. We can’t expect real working class justice under this system. That can only happen when workers take over. Until then, working families will continue to suffer and die from deaths of despair, as the rich get the occasional slap on the wrist. It’s their government, it’s their economic system.

So long as they remain in power parasites like the Sacklers will continue to face no consequences, when they and their lackeys deserve nothing short of execution for the mass harm they’ve caused."". "
LegislatorsMustActAgainstClimateChange	Has there ever been a time when we have had to weigh so much science in our day-to-day lives? Today’s most prominent science-related issues are COVID-19 and climate change, but many other things are also important to us: medications, nutrition, travel safety, protecting the Great Lakes, etc. Not everyone is going to agree on what the science says about these issues, so how can we make the best decisions?
NuclearEnergyBenefits	California Department of Water Resources Drought Manager, Jeanine Jones, answers questions on recent storm.
ChallengesFacingRenewableEnergy	Hurricane Ida is the latest in a string of extreme weather events this summer that Americans have suffered through -- a frightening preview of the horror show that climate change is set to inflict on the planet.
OilAndGasExtractionRisks	Chicago Floods Could Get Worse Thanks to Climate Change. 
BuildBetterAct	"""The most sweeping question of the two that were targeted for the 2022 ballot would create a quasi-public agency to borrow billions of dollars to buy out the infrastructure of CMP and Versant Power and put the state’s system in control of an elected board.""

https://bangordailynews.com/2022/01/13/politics/effort-to-create-a-public-power-utility-could-miss-maines-2022-ballot-joam40zk0w/. "
GreenEnergyWorks	Puerto Rico can be a model for large-scale implementation of rooftop solar energy and battery storage, given the island’s year-round sunlight.
AntiTax	"The right to vote is enshrined in the US Constitution, and it is a right and a privilege for all those who are citizens to exercise! So, it shouldn't come as a surprise to anyone that we need to screen our Texas voter roll against non-citizens voting in our elections, and in this front page story by Jeremy Wallace, “GOP plans a push for purge of voter rolls,” —- https://www.houstonchronicle.com/politics/texas/article/Here-comes-another-Texas-voter-purge-but-this-16464794.php —- explains what in SB 1 was changed to do this comparison correctly in the future, as maintaining a voter roll with integrity is paramount to having election results both the candidates and the public can trust!

Basically, the bill sets up guidelines on citizenship cross checks using DPS data of the type I advocated for 15 years ago as Harris County Voter Registrar to the Federal Congress. You see, the ""Feds"" could have provided a citizenship list for decades if they wanted to, but we are the largest nation on Earth without one...

Therefore, it's up to the Texas Secretary of State Elections Division to use the DPS data correctly, and yes, to begin a ""purge"" process of voter rolls with local election officials giving the voter a chance to respond to the letter. This happens every two years by federal law - a ""purge"" of those voters who have moved or died, etc... and is not some ""Draconian,"" ""Republican"" operation, but one that should happen in every state in the union by federal law, NVRA, HAVA, the Real ID Act, and now in Texas with the passage of SB 1!

When I first got the Voter Registrar job in 1998 in Harris County as Tax Assessor-Collector, there were 50k deceased and felon registrations on the voter roll - 1% of them were voting! If we hadn't cleaned up these registrations, 500 of them could have decided the presidential election in 2000 like they did in Florida. It's why I was Senator Hughes's 1st co-author on SB 1, as I knew how bad the voter rolls can be from actual experience! --- Sen. PB. "
InroadsMadeByRenewableEnergy	In the U.S., heat represents the deadliest type of extreme weather.
AdvocateForGreenEnergy	The next generation of nuclear carbon-free energy can bring affordable, clean energy to Idaho. Like our page to learn more about the power of nuclear energy.
GreenEnergySavesMoney	"Building with concrete improves the sustainability and resilience of our nation’s infrastructure. 

Check out our booth at World of Concrete or learn about our Roadmap to carbon neutrality at shapedbyconcrete.com."
ChallengesFacingRenewableEnergy	"A new regulation was recently passed, by the Arizona Corporation Commission, limiting access to solar!

While this is unwelcome news for SunSolar Solutions, and homeowners, there’s still time for most Arizona homeowners to receive their solar estimates, without any hassle!

So don’t miss out! Join over 7,000 of your neighbors that have requested estimates, from SunSolar Solutions, by clicking “Get Quote” today!"
VirginiaConservativeCampaign	Joe Biden asked foreign countries to produce more oil instead of INVESTING in TEXAS. It’s time to tell Biden NO more foreign oil.  Add Your Name if you agree >>>. 
PoliticalActivismForRenewableEnergy	"New York Republican Chairman Nick Langworthy will continue his statewide “Just Say No” tour in Columbia County to highlight the Party’s opposition to the November election ballot propositions. #JustSayNoNY 

Columbia County GOP. "
AdvocateForGreenEnergy	"November is Native American Heritage Month, and while we believe that the rigorous and diverse study of history should be a yearlong/lifelong pursuit in order to be a balanced citizen, we would like to offer this as an opportunity to inspire you and your neighbors to learn more about our people. We have a few books that will start you off in the right direction:

'Waterlily' by Ella Cara Deloria
'Our History is the Future' by Nick Estes
'The Heartbeat of Wounded Knee' by David Treuer

#NativeAmericanHeritageMonth #Indigenous #StandingRock. "
OilAndGasExtractionRisks	One of the first nations to move to recognize the Taliban’s legitimacy amid its takeover of Afghanistan was communist China. For those that pay attention to geopolitics, this didn’t come as much of a surprise. Yet, beyond mere realpolitik and great-power posturing, another tangible, even materialistic, reason has become clear: Afghanistan’s abundance of critical minerals.
TackleClimateChange	"Amid frightening climate-fueled disasters, flood disasters are the most common and costly. We need to make sure federal policies help families through disasters. 

Tell FEMA to protect millions of people and homes from the impacts of extreme flooding, especially those in low-income communities and communities of color.

FEMA is accepting comments on their reforms through January 27—make your voice heard NOW!"
ChallengesFacingRenewableEnergy	BIG Water News: OpenET, a new online platform that uses satellites to estimate water consumed by crops, launched today, making critical data for water management widely available in 17 western states amid record drought.
TackleClimateChange	There are issues with any technology to provide power. The climate benefit from eliminating carbon emissions is the number one goal for our children’s future or they’ll live in the dark both figuratively and literally. Our opportunity to build solar microgrids with storage from the revenue of the windfarms (like Anpetu Wi) means much cheaper electricity costs for our people now and in the future. Join us on our mission, let's keep working. 💪. 
ClimateChangeDonations	A recent Maine study shows the increased pollen levels are directly linked to the warming climate as a result of our continued reliance on fossil fuels. Another good reason to move towards clean, renewable hydropower!
AdvocateForGreenEnergy	"⚡ Here are four ways to use energy wisely at home:
https://tristate.coop/4-ways-use-energy-wisely-home
💡 Electricity powers our lives, and as electricity is getting cleaner, there are many ways to help rural electricity consumers use energy wisely and efficiently so that energy isn’t wasted.
☎️  Check with your local electric cooperative or Public Power District (PPD) to see if they may be able to help you with more direct information and rebates to install electric energy-efficient equipment and cut your costs.
#EnergyAwarenessMonth. "
AgencyToStopClimateChange	"We believe in New Mexico and its clean energy leadership. 

Western Spirit is an example of the power of clean energy to create rural job opportunities, to generate investment for local economies, and to build a sustainable future.

Above all, Western Spirit is a testament to the hard work of thousands of New Mexicans. We are so thankful for our incredible team!"
ClimateActionDonation	The Migratory Bird Treaty Act holds companies accountable for bird deaths from disasters like the BP oil spill. Become a monthly donor and help us fight to strengthen this important law and protect birds from all anti-conservation threats.
AgencyToStopClimateChange	"Bellbrook Superintendent David Carpenter has been using the Police and Prosecutors to target his political opponents.

Carpenter has sent multiple secret letters and ran secret, unauthorized criminal background checks on political opponents and potential school board candidates.

David Carpenter should also resign for his aggressive and unethical actions.

No school board president should ever be allowed to use the power of his office in such a manner.

https://youtu.be/5ZM5GRzg1M0. "
AdvocateForGreenEnergy	A recent UN report affirms the need for climate action now. This crisis is urgent—but it’s not hopeless. There’s still SO much we can do to create a safer future for birds. Start your monthly gift today and your first three gifts will be matched.
OilAndGasExtractionRisks	"The U.S. Fish and Wildlife Service has proposed listing two distinct population segments of the lesser prairie-chicken under the Endangered Species Act. Yes, one of those segments includes Oklahoma.

Sound familiar? Over the last 10 years, the lesser prairie chicken has been the subject of controversy and litigation. The oil and natural gas industry has willingly enrolled in conservation measures to minimize the impact of exploration and development on the land lesser prairie chickens call home. $60 million later... those efforts STILL aren't good enough for far-left environmental activists who are actively trying to stop production of oil and natural gas. 

We remain willing to work on conservation efforts to protect the prairie chicken. Read more from Petroleum Alliance President Brook Simmons: https://bit.ly/3v0LjPC. "
StopOilPollution	We have just 30 years to eliminate greenhouse gas emissions and decarbonize the energy system. Join our experts on the journey to net-zero.
RenewableEnergyGrowth	"SB246 will help Coloradans upgrade to new appliances, furnaces, and water heaters that keep their bills low and air clean.

By helping customers who want to make this switch, Colorado can provide better service for lower costs to all customers and create new family-sustaining jobs."
EconomicAdvantagesOfRenewableEnergy	One of the biggest transitions for anyone switching to an electric vehicle (EV) is spending time charging it up. Adjusting from a gas-powered car that can be filled up in minutes to the longer charging times of an EV takes some getting used to. Although charging times aren’t usually an issue for those who can charge at home and leave their EV in the garage or driveway for extended periods, public charging is a different story. Fortunately, many of our fast chargers are in or near shopping centers. Read our latest blog to see what you can do while you wait for your EV to fully charge: http://hwnelec.co/kSxU30s2bax.
SupportForOilAndGas	"TPUSA LIVE is the unfiltered, grassroots alternative to mainstream media. Watch daily shows, live in-studio content from TPUSA HQ and weekly shows covering politics, pop-culture, sports and everything in-between. Tune in every weekday starting at 5 PM ET / 2 PM PT.

Check out today’s show! 

Human Events Daily host Jack Posobiec discusses the Judge for the Rittenhouse trial banning MSNBC, VP Harris' Comms Director resigning, Kim Kardashian & the Julius Jones case, & more!

The TPUSA LIVE team is joined by host, Jon Root, and special guests Jack Posobiec, Christine Yeargin and Adam Roosevelt who will talk about cyber security, Kyle Rittenhouse verdict and more!

The Spillover host Alex Clark sits down with Doreen Virtue to discuss New Age lies, twisted scripture and false prophets. 

We will wrap up the show with POPlitics with Alex Clark as she dives into the worst couple in Hollywood, the 10 hottest male celebrities, Freak of the Week and more!

#KyleRittenhouse #NotGuilty. "
NuclearEnergyBenefits	"“Some of the yes supporters don't like grandma and grandpa anymore.”

⬛She called seniors who are against the levy selfish.  Said Bellbrook is for growing families. That is code for people over 50 sayings it isn't for you anymore.

⬛This hateful attitude toward people who are retired or near retirement needs to stop.

⬛The yes Pac has allowed our community to split. They are giving a nod and a wink when their supporters blame others for their inability to pass new taxes.

⬛The yes Pac leaders need to resign for having such a horrible campaign that vilifies people based on age.

⬛She thinks she is entitled to your money and is mad at you for not accepting her desire to tax your house. That is what is really going on. 

The yes PAC supporters are a cult of power-hungry bullies filled with hate and Intolerance for those with who they disagree.

##########||######||#####||. "
LegislatorsMustActAgainstClimateChange	Inflation isn’t going anywhere until the Biden Administration changes their policies.
AdvocateForGreenEnergy	"It’s fact-check time! The #Tongass got its own segment on ABC World News Tonight with David Muir — “Tug of war over Alaska's Tongass National Forest, called the 'lungs of America'” 

A lot was shared, including some misinformation, so let’s review the facts.

View the segment at abcn.ws/3bVU32m. And see more details for the “Climate Crisis: Saving Tomorrow” series here: bit.ly/3oemMVW."
AdvocateForGreenEnergy	Peaceful protest is not only our constitutional right, it is one of our most powerful organizing tools.
SupportForNuclearEnergy	"In other states, Duke Energy has committed to cleaning up millions of tons of coal ash that’s contaminating groundwater with arsenic and lithium. In Indiana, Duke wants to leave those toxic chemicals in the ground forever. 

Join us today, and send Duke a message that Hoosiers want them to clean up their mess!"
BuildBetterAct	We have a simple answer for President Biden... reverse the ill-advised policies that are adding to the cost of gasoline.
EconomicAdvantagesOfOilAndGas	Do you love coal energy? Show off your coal pride with Friends of Coal stickers! These are great to give as gifts and perfect to put on hard hats, laptops and more. Sign up for your stickers today!
AgencyToStopClimateChange	Birds can’t fight climate change, but you can. There is hope for climate-vulnerable birds like the American Robin, and that hope is you. Take action today and start your monthly gift to give birds the support they need.
SupportForRenewableEnergy	"Marjorie Taylor Greene is panicked.

Last year, Rep. Marjorie Taylor Greene didn’t have a Democratic opponent. Now, thanks to 76,000 of you who donated, we just matched her in fundraising this quarter, bringing in over $1.5 million.

Next November, WE WILL UNSEAT HER. Help us step on the gas with a $5 donation NOW!"
StopOilPollution	Sen. Browne voted to stall PA’s participation in a program that would limit pollution and boost economic recovery.
AntiTax	Satellites have detected huge amounts of methane pollution from oil and gas companies. The good news: We can do something about it.
AgencyToStopClimateChange	"Shopping local has never been so easy! All it takes is filling your car up with Kansas ethanol fuel.  

Kansas-made E-15 fuel is a great value when compared to regular unleaded:  

✅  higher octane 
✅  lower emissions   
✅  lower price   

Support a Kansas farmer by visiting an E-15 fuel station near you: https://www.fueledbykansas.com/where-to-buy."
OilAndGasExtractionRisks	"Calll Senators Eggman, Hueso, and Hertzberg today!

Call Sen. Eggman (Stockton, Tracy, Modesto San Joaquin Valley).
(916) 651-4005 or (6209)948-7930

Call Sen. Hueso (San Diego, Imperial County) 
(916) 651-4040 or (619) 409-7690

Call Sen. Hertzberg (Van Nuys, San Fernando Valley) 
(916) 651-4018 or (818) 901-5588 

These three Senators are keeping SB 467, a bill that would protect our families from oil and gas activities, from moving forward.

Call them now. Find additional contact information here: http://findyourrep.legislature.ca.gov/. "
OilCreatesJobs	"As we roll into #MemorialDay weekend, we've got a little contest to spice up your cookouts and lazy days. 🔥 Do you have an oil and gas koozie? We want to see it in action! Here's what you need to do: 

1. Take a photo of you using your oil and gas koozie and share it as a post. Bonus points if it's an Alliance koozie! 
2. Be sure to tag us — @petroallianceok — and use #ShowUsYourKoozie. 

That's it! Do that and you'll be entered to win a gift bag of Petroleum Alliance swag. Winners will be announced next week. 

Now, go enjoy your weekend and remember to #ShowUsYourKoozie! 📷. "
NuclearEnergyBenefits	"Imagine having a toxic oil well beside your house or the playground your kids play on. That’s the reality millions of Californians face. 

Take action to STOP dangerous oil drilling near homes and help build a healthy and equitable CA."
OilCreatesJobs	Big Oil has known since the 1960s that burning fossil fuels damages our environment. But they've lied and ducked responsibility. So when the bill for the climate crisis comes due, who should pay?
AdvocateForGreenEnergy	According to a recent report, there are currently 12 million jobs in renewable energy globally, up from 11.5 million in 2019.
GreenEnergySavesMoney	Did you know your hot water heater accounts for 18% of your energy costs? Lower your bill by lowering the temperature to 120°F. Learn more ways to save at bge.com/save.
OilAndGasJobs	Protect affordable energy and consumer choice in New Jersey. Sign the pledge today!
AgencyToStopClimateChange	Let's leave the toxic relationships to Euphoria. We deserve a healthier energy relationship. #BreakUpWithGas. 
AntiDemocraticCandidates	"Critical Race Theory isn’t always presented as “Critical Race Theory” our school boards along with teachers unions and teachers themselves have disguised “CRT” in concepts such as Action Civics, Anti-racism, Anti-blackness, Collective guilt, Unconscious bias, Critical self-awareness, Diversity, Equity, and Inclusion (DEI) Educational justice, Institutional oppression, Marginalized identities, Systems of power and oppression, White privilege, White supremacy, Whiteness, Woke behavior, pro-nouns. 

As a result, our children have become depressed, have extreme anxiety, and withdraw. We are witnessing an increase in teenage suicide by 32%, while school boards and our children’s teachers think they have the right to cut parents out of the social and emotional wellbeing of our children. Our schools are there to educate our children in Math, English, Reading, Science, History, and civics. 

What teachers have no place teaching our children is ‘CRT” as a parent if my child struggles with self-identity, depression, anxiety, or any other personal concerns that is between my child and myself, not my child’s teacher or school psychologist, nor should any parent owe an explanation to how we handle our personal family concerns with our schools. Teachers teach and Parents raise our children, more importantly, we name our children not ‘Woke’ teachers and their dangerous pro-nouns. 

I will spend the next twelve months traveling district 2 of Massachusetts visiting every school board determining how are federal dollars are being used to harm our children."
GreenEnergySavesMoney	Infrastructure is more than roads and bridges. It’s new pipes for cleaner, safer drinking water.
BuildBetterAct	"Kansans Fueling Kansas talks with Angela Tin from the American Lung Association, which has been working to improve lung health since 1904. Vehicle emissions from traditional fuels affect air quality, and therefore lung health. 

Replacing traditional fuels with Kansas biofuels means better air quality and better health because higher ethanol fuel blends are 

✅  cleaner
✅  renewable
✅  biodegradable

Shop local and support clean air for Kansas by visiting an E-15 fuel station near you: https://www.fueledbykansas.com/where-to-buy."
LegislatorsMustActAgainstClimateChange	The NY State Legislature is considering a new carbon tax on your gasoline, natural gas, propane, oil, and electricity that could cost you thousands of dollars. Find out more and make your voice heard at https://www.stopnycarbontax.com/.
DemocratOutreach	"President Biden is taking action to lower your gas prices, Granite Staters. 

As New Hampshire continues to recover from the pandemic, President Biden is committed to bringing down costs for working families."
ClimateActionDonation	Sen. Kaine wants to strengthen America's economy with millions of good-paying clean energy jobs - to recover now and build for the future.
AdvocateForGreenEnergy	Ten proposed bills that included environmental justice measures, industry accountability and emissions reduction programs never made it to a final chamber in the state Senate or Assembly in the face of opposition from the oil and gas industry.
EconomicAdvantagesOfRenewableEnergy	Dubai recently launched its first industrial scale green hydrogen plant. Through a method called electrolysis, it will use an electric current to split water into oxygen & hydrogen. This technology is also being used in California. Learn more - https://www.cnbc.com/2021/05/20/dubai-launches-regions-first-industrial-scale-green-hydrogen-plant.html. 
CallsToInvestInRenewableEnergy	Have you had to pay more for gas, groceries, or other essential goods and services due to inflation?
CallsToInvestInRenewableEnergy	Will you give $25 today to support re:power Progressive Governance Academy (PGA) alumni working on important issues across the country? The impact we make today will have lasting effects on public policy, electoral politics, and the entire political ecosystem in which we operate.
AdvocateForGreenEnergy	As hydrogen continues to be recognized as an important tool to address climate change, we’re excited to partner with H2U Tech to test innovative & less expensive technology that produces green hydrogen from water and renewable electricity. Read more via Technology Magzine. 
OilCreatesJobs	"From Saturday's Sun Journal: ""I’ve heard the criticism that these jobs are temporary. Those in the construction business know all jobs are temporary. It’s great that these workers have a steady source of employment for several years.""  https://www.sunjournal.com/2021/03/27/matthew-roy-necec-critical-for-economy-infrastructure/. "
ProtectFromHarmsCausedByFossilFuels	Did you know your hot water heater accounts for 18% of your energy costs? Lower your bill by lowering the temperature to 120°F. Learn more ways to save at bge.com/save.
ProtectFromHarmsCausedByFossilFuels	“One in three children here in Waukegan have asthma, and that’s mostly due to the coal plant that we have along with five EPA superfund sites that are so polluted,” Flores said.
EconomicAdvantagesOfRenewableEnergy	"🌱 Excited to share how we're continuing Farm In A Box at NMSU Grants Campus
https://tristate.coop/tri-state-support-farm-box-continues-new-mexico-state-university-grants 

🌱 Electric Power Research Institute (EPRI) agricultural pod, located at NMSU’s Center of Excellence in Sustainable Food and Agricultural Systems in Grants, gives students the ability to produce various year-round crops, such as lettuce, kale, arugula herbs, flowers, carrots and radishes. It also will help educate students about agriculture, energy use, water use, light use, temperatures for growing crops, and other skills for the future.  

🌱 Tri-State provided funding for the EPRI container-farm project, and a one-time grant to cover costs associated with the indoor food production system and related analysis. Tri-State supported its first agricultural pod through the EPRI program at Moffat County High School in Craig, Colo., which was dedicated in November 2020."
AdvocateForGreenEnergy	Switch your home to a 100% clean energy plan in minutes, help someone in critical need get access to clean drinking water. 
ProtectFromHarmsCausedByFossilFuels	"This morning, the House was supposed to vote on bipartisan legislation to help fund NASA—a bill I supported as a member of the Science, Space, and Technology Committee.

Instead, Democrats decided to gut the bill and replace it with radical legislation that would nationalize our election systems, completely disregard the voter laws states already have in place, and fund political campaigns with billions of taxpayer dollars.

I believe every American citizen should be able to safely and freely make their voice heard at the ballot box, but this legislation is just another attempt by Democrats to destroy our institutions and maintain power in Washington."
AgencyToStopClimateChange	"Duke Energy’s coal-burning power plants are leaking toxic chemicals like arsenic and lithium into Indiana’s groundwater. Instead of cleaning up their mess, Duke has asked state officials to leave millions of tons of coal ash in the ground forever. 

Duke Energy needs to clean up its act in Indiana! Join our effort today."
RenewableEnergyGrowth	"Q: What is a lease sale? 

A: A lease sale is when the government auctions off the rights to extract natural resources on publicly-owned lands or waters. https://ejus.tc/3CnD8AT. "
GreenEnergySavesMoney	Because renewable energy installations generate power from free, unlimited resources, like the wind or sun, that are present everywhere, they make our electric grid more flexible and more reliable. Read more: https://bit.ly/3ltzEHW. 
ClimateActionDonation	10 States could lose state birds due to climate change.
LegislatorsMustActAgainstClimateChange	"The left is currently trying to enact legislation that would make Washington D.C. a state. This would give them two Senators as well as votes in the electoral college. With D.C. being almost 100% liberal, this would not be good for the Republican Party. 

Is the left allowed to do this? NO! What Democrats are trying to do is UNCONSTITUTIONAL. They are trying to do anything in their power to make sure that Republicans NEVER have control again. DONATE to the North Carolina Republican Party TODAY and you can help put a stop to D.C. statehood! #NCGOP #Republican ⬇️ ⬇️ ⬇️. "
StopOilPollution	"Be a voice for animals who cannot speak for themselves. As climate change destroys their homes, threatened wildlife are only becoming more vulnerable.

Consider making a monthly gift to save imperiled animals."
RenewableEnergyGrowth	"As we continue our review of 2021, we want to look back at one of our biggest projects completed, our MET Mast Towers! They were installed in November 2021, completing phase two of Anpetu Wi Wind Farm. These towers will measure the wind characteristics on our land for 18-24 months, and they are an extremely important part of realizing the wind farm. 

As always, if you want to find out more about our wind farm, visit AnpetuWi.com for the details!"
NeedQuickResponseForClimateCrisis	Even if you agree with every executive action that's been taken in WA over the last two years, you should support Emergency Powers reform-- here's why in less than 60 seconds... #EmergencyPowers. 
AntiWoke	Several scientists have gone on record saying that while climate change is real, the doomsday scenarios are not.
AdvocateForGreenEnergy	The cement and concrete industry is committed to achieving carbon neutrality – learn more about how cement production is becoming more and more sustainable at shapedbyconcrete.com. 
OilCreatesJobs	"🇮🇱 Zion Oil & Gas on your TV *tomorrow night*

Zion Oil & Gas will be highlighted on ""Insights: Israel & The Middle East"" broadcast on TBN Thursday Night (June 24) at 9:30p ET / 8:30p CT / 7:30p MT / 6:30p PT.

Learn more: https://www.zionoil.com/updates/zion-oil-gas-on-your-tv-thursday-night-june-24/. "
GreenEnergySavesMoney	"TPUSA LIVE is the unfiltered, grassroots alternative to mainstream media. Watch daily shows, live in-studio content from TPUSA HQ and weekly shows covering politics, pop-culture, sports and everything in-between. Tune in every weekday starting at 5 PM ET / 2 PM PT.

Check out today’s show! 

Human Events Daily host Jack Posobiec updates us on the First Lady Jill Biden asking if a VP can be removed, discusses how Black Rock loves China, what major accident happened at an Army base, and more!

The TPUSA LIVE team is joined by host, Jon Root, and special guests Isabel Brown, Leyla Pirnie, Drew Hernandez, and Laura Spears who will talk about Enes Kanter slamming the CCP, TPUSA's Professor Watchlist, Loudoun County and more!

Real America host Graham Allen covers the scariest moments from this past week and watch Benny on the Block with Benny Johnson for this Halloween special! 

We will wrap up the show with POPlitics with Alex Clark as she dives into another pop culture documentary involving the WACO Siege."
RenewableEnergyGrowth	In the first two decades after its release, methane is 84 times more potent than carbon dioxide. We’ve uncovered practical, cost-effective solutions that are possible now, and we're driving innovation to develop new ones.
AdvocateForGreenEnergy	"Our goal at SAGE is to inspire all to live according to natural law, benefitting seven generations to come. But what does it mean to live according to natural law? It means to respect and observe the physical existence and spiritual existence of all aspects of the world as we do our own. The respect of individual, family, community and nations of beings and natural forces that we exist with and not dominate. 

#IndigenousVoices #RenewableEnergy #StandingRock #SAGESRST #CommunityDevelopment #AnpetuWi #SRST #FourWinds #IndigenousPeople. "
EconomicAdvantagesOfRenewableEnergy	The Japanese government has doubled its hydrogen related research & development budget to nearly $300 million since 2019. Using hydrogen in the shipping and steel manufacturing sectors can help Japan reach its 2050 zero emissions goal. Learn more - https://www.wsj.com/articles/japans-big-bet-on-hydrogen-could-revolutionize-the-energy-market-11623607695. 
EconomicAdvantagesOfRenewableEnergy	Your legislator, Senator Cleave Simpson, was a champion for Colorado’s rivers this legislative session! That means a stronger economy, better resiliency in the face of climate change, and restoring our rivers. Show your support for our rivers by signing our card today!
AdvocateForGreenEnergy	As this summer of devastating weather rolls on, scientists warn that unchecked climate change will make once-rare events more and more the norm.
CallsToInvestInRenewableEnergy	"Today, En Nuestrxs Manos, Episode One of our new docuseries in partnership with @theredfordcenter and @LCV, Community Power, launches. This powerful piece was directed by Chispa’s very own Pita Juarez, and highlights @chispaarizona work on electric school buses in the Cartwright District.

Watch the video and join our movement at the link in our bio!"
EconomicAdvantagesOfOilAndGas	A new report concludes that global spending on oil-and-gas exploration and production needs to increase greatly in coming years to ensure adequate supplies, even as demand growth slows.
StopOilPollution	"On August 12, our driver also reported #oiltheft at Agave Restaurant and Lounge in Suffern, NY, where thieves had broken into and robbed this Buffalo Biodiesel vat, tearing off the locks and screen to leave it as shown here. Buffalo Biodiesel recycles the used cooking oil to make environmentally sustainable biofuel—instead, organized crime rings are targeting it across state lines. Please report any information to Suffern PD and help us crack down on oil theft.
recordonline.com  Rockland Report  lohud  News 12 Hudson Valley  Spectrum News 1 Hudson Valley  New York Post  The New York Times  ABC7NY  CBS New York. "
GreenEnergyWorks	As the winter months begin to roll in, it’s understandable to wonder if solar power will be able to withstand the effects of winter weather. Solar panels are still productive in snowy and winter conditions. Oftentimes panels are tilted to ensure snow piles will easily slide off to continue full energy output, but even if snow only partially slips off the panel it will still produce electricity. Additionally, snow can be beneficial for cleaning panels, washing away dirt and debris.
EconomicAdvantagesOfRenewableEnergy	When you purchase a Friends of Coal License plate, you are helping Kentucky students, ages 10-16, build their financial literacy & coal knowledge through Junior Achievement’s BizTown and Finance Park Programs!
OilAndGasExtractionRisks	The Bluewater Texas Terminal pipeline will be built safely, to high government standards for steel strength.
GreenPowerExpensive	"Kansans Fueling Kansas talks with Angela Tin from the American Lung Association, which has been working to improve lung health since 1904. Vehicle emissions from traditional fuels affect air quality, and therefore lung health. 

Replacing traditional fuels with Kansas biofuels means better air quality and better health because higher ethanol fuel blends are 

✅  cleaner
✅  renewable
✅  biodegradable

Shop local and support clean air for Kansas by visiting an E-15 fuel station near you: https://www.fueledbykansas.com/where-to-buy."
StopOilPollution	One California town has already been ravaged by wildfires twice this year. This is not normal. Get more facts from real climate scientists, right here.
EconomicAdvantagesOfOilAndGas	With gas more than $4 in California, Gavin Newsom's $800/year gas tax is affecting families up and down the state. Should it be repealed?
ProtectFromHarmsCausedByFossilFuels	Why do Wall Street and Houston based oil companies funnel so much money in New Mexico politics? It's up to us to cut them off.
InroadsMadeByRenewableEnergy	"WATCH: C3 Solutions Co-Founder John Hart interviews Rep. Blake Moore for our #RightVoices series. Check out the Utah representative's perspective on climate and energy issues is here! 

Learn more at C3Solutions.org."
OilAndGasExtractionRisks	Toxic, problematic, unstable, and oppressive. Sounds like a nasty relationship. Swipe left and say NOPE to Big Oil!
ChallengesFacingRenewableEnergy	Did you know Friends of Coal has a storefront for Junior Achievement’s BizTown and Finance Park programs? In our storefront students from 10-16 years old work as an engineer to help learn financial literacy through simulation. During the 2019-2020 school year, over 5,000 Central Kentucky students were able to be a part of this program. When you purchase a Friends of Coal license plate, you are supporting the students of Kentucky.
GreenEnergySavesMoney	"Texas Comptroller Glenn Hegar recently announced $2.9 billion has been split evenly and deposited into the State Highway Fund and the Economic Stabilization Fund, more commonly known as the Rainy Day Fund. The transfer amounts are based on an uptick in crude oil and natural gas production. Both of these funds are key components of Texas’ long-term economic success and this is welcome news as we strive to build a strong foundation needed for our state’s future growth.

Photo credit:  Roy Luck 2009. "
ClimateActionDonation	By focusing on the emissions of oil and gas production, the industry is ignoring the much larger share of pollution that comes from the burning of fossil fuels. This is a clear attempt at greenwashing: Parts of the oil industry are arguing, perversely, that more fossil fuels can help solve the climate crisis.
TackleClimateChange	Fact: When you have a union at your job, your employer is required by the law to negotiate with you, your co-workers and your union over things like safety, benefits and working conditions. That includes making changes to keep you safe during COVID.
BuildBetterAct	NM under Governor Michelle Lujan Grisham is working to act on climate and protect New Mexicans from oil and gas pollution. Secretary Jennifer Granholm's visit highlighted importance of the EPA and NM Environmental Department efforts to cut methane. https://bit.ly/3mEoeBQ. 
AdvocateForGreenEnergy	Clean energy means high-paying, stable jobs. Offshore wind build can help build a future for your family and your community.
EconomicAdvantagesOfRenewableEnergy	We’re building toward a future where all people in Arizona have the power, resources, and support we need to get abortion care! We need you to join the fight today - add your name!
RenewableEnergyGrowth	Louisiana Liftboat Cap’t Farrel Charpentier believes offshore wind will create Gulf Coast jobs for years to come. Hear his story.
EconomicAdvantagesOfOilAndGas	"CALL Elaine Luria: 757-364-7650 and tell them to oppose Pelosi’s socialist spending spree.

❌ Largest tax increase in more than 50 years

❌ Higher taxes on millions of small businesses

❌ Decreased wages and household income

❌ Rising costs for household goods like gas & groceries. "
AdvocateForGreenEnergyPoliticalAction	We’ve spent more than 10,000 hours learning the unique environmental conditions along our pipeline route so we can design, build and operate safely here. We’re committed to showing you that we stand behind our commitment to operate safely for you, the greater Memphis community and the environment.
AdvocateForGreenEnergy	Youth in STEM are blowing us away! A group of Virginia teens lit their town’s holiday lights display at the beach with a wind turbine they built themselves. Read more:. 
AdvocateForGreenEnergy	Find out why scientists agree that climate change causes more extreme droughts, bigger fires, and deadlier heat.
AdvocateForGreenEnergy	"Great news for Texas Public School accountability! 

The legislature makes it crystal clear that they are putting Texas students FIRST, by restoring the states A thru F school rating system by passing my SB 1365 in the Senate 20-11 with bipartisan majority overturning a horrible 3rd Court of Appeals ruling! SB 1365 strikes a balance between local control and state accountability by clarifying statutory requirements for low preforming and failing schools. Once again Texas Education Agency can investigate low performing school systems, and do interventions down to a campus level.

For HISD Board of Trustees it means that their decisions can be overruled by the existing district Conservator, and TEA will have the subpoena power to investigate waste, fraud, and abuse in the school system for the 1st time. (That was from another of my bills SB 215)

Thanks to Lt Gov Patrick, Chair's Taylor and Dutton, plus House sponsor Dan Huberty! What the legislature is doing is restoring all the reforms that have been made in the Public Education system for the last 4 years.

SB 1365 ensures students get a quality education and don’t have to stay at a school that is failing improvement requests, year after year with no accountability. It is a very important bill for students, parents and ISDs in Texas not just Houston ISD where issues have existed for nearly a decade..

The bill heads to Gov Abbotts desk for his signature.... Sen PB

See more in PR here: http://bit.ly/34vnmp2. "
RenewableEnergyGrowth	"It’s Wednesday, right⁉️😲

#memes #memesdaily #tuesday #ERCOT #texas #greenenergy #starwars #anakinskywalker #Padme #starwarsmemes #jedi #resource #development #electrical #grid #power #Reduce. "
NeedQuickResponseForClimateCrisis	Energy efficiency is the quickest and cheapest way to meet our energy needs while also helping Floridians save money on their power bills … But Florida’s outdated practices take true efficiency off the table. Urge state regulators to update Florida’s policies!
ChallengesFacingRenewableEnergy	Climate events such as heat waves will continue to rise in frequency, intensity and duration, scientists say.
GreenPowerExpensive	The headlines heralded GM's ambitious pledge to phase out all gas and diesel powered cars to only sell all-electric vehicles by 2035. But looking closer, we have a slightly different view -- and are ready to hold them accountable.
OilAndGasExtractionRisks	“One in three children here in Waukegan have asthma, and that’s mostly due to the coal plant that we have along with five EPA superfund sites that are so polluted,” Flores said.
PoliticalActivismForRenewableEnergy	Big Government Tyrants Will NEVER Willingly Give Up Their Power! #BigGovSucks. 
PoliticalActivismForRenewableEnergy	"Bellbrook School Board President  David Carpenter has been using the Police and Prosecutors to target his political opponents.

Carpenter has sent multiple secret letters and ran secret, unauthorized criminal background checks on political opponents and potential school board candidates. (we have the emails and letters)

David Carpenter should resign for his aggressive and unethical actions.

No school board president should ever be allowed to weaponize his position and use the power of his office in such a manner.

Watch the Video and listen to Senator Cotton.

https://youtu.be/5ZM5GRzg1M0. "
LegislatorsMustActAgainstClimateChange	Out-of-Touch Joe Biden’s rising gas prices are costing Average Joe nearly $20 more per fill up.
ReduceEmissions	Forests like the Tongass can help us fight climate change if we let them grow. President Biden: Protect our old growth forests from logging.
OilAndGasExtractionRisks	Drinking water or taking a shower shouldn’t make you sick. Georgia Power is willing to take that risk. Tell the state to make Georgia Power clean up its coal ash and move it to a lined landfill. #GACleanYourAsh https://www.georgiacoalash.org/. 
TackleClimateChange	"Action Alert!  Special Session Update with Gary Humble of Tennessee Stands!

As we speak, conservative legislation that would restore your individual liberties and medical freedom are being debated.

But, will these bills be killed in committee by RINOs as they were in the General Session? Not if you take action and remain vigilant...

In this interview, Gary Humble of Tennessee Stands briefs you on the BEST bills that are currently being considered and how YOU can support their passage.

If you haven't already, be sure to Subscribe to The Tennessee Conservative for important email and text alerts on this developing story.  https://tennesseeconservativenews.com/subscribe/

Do you appreciate what we do to protect your freedom?
If so, please donate here - https://tennesseeconservativenews.com/support/

We NEED your help in this critical fight!

Yours in Freedom,
Brandon Lewis, Founder of The Tennessee Conservative. "
LegislatorsMustActAgainstClimateChange	ENERGY ACTION ALERT: Natural gas generated nearly 40% of New York’s electric power in 2019, but some lawmakers have proposed ending the use of natural gas – limiting consumer choice and potentially increasing energy costs.
OilCreatesJobs	"""There's ""no chance that North Face could exist as a company or an organization without oil and gas,"" Wright told Fox Business Thursday. 

Fossil fuels are needed to make the petrochemicals that are used in the plastics, nylon, climbing ropes and more that North Face sells, Wright says. Oil and gas products fuel the factories that manufacture the goods. And fossil fuels are the backbone for shipping North Face products around the world. "". "
TackleClimateChange	"This ""Guest View"" was submitted to the Portsmouth Herald.

GOODBYE, “CITY OF THE OPEN DOOR?”

For over half a century Portsmouth has taken pride in calling itself the “City of the Open Door.” After living in the city for almost four decades, I worry that that sentiment is being eroded. Mayor Becksted’s recent political and ideological appointee to the Zoning Board of Adjustment, David MacDonald, said during a meeting in July: “I think there are enough places to live for the people of the city to live here. It's people who aren't here, who wish they were, who are who are sensing a shortage of housing. I don't think there's a shortage of housing.” I’m sure MacDonald was sincere, but that’s the problem: he clearly does want to pull up the drawbridge and keep others out. He is comfortably settled here himself but not comfortable with building more homes for others who’d also like to live and work in Portsmouth. 

There’s an ad circulating currently on social media — paid for by a group called “Preserve Portsmouth” — that features an unattractively composed photo of an unfinished section of housing in the West End Yards project and asks people: “Do you want to turn Portsmouth into this?” The “this” happens to be the homes of people who have moved or are moving into town. More than likely these newcomers are very happy to be here and have a place like Portsmouth to call home. The ad supports the re-election of Mayor Becksted, councilors Huda, Kennedy, Trace, and Whelan, as well as first-time candidate Greg Mahanna. It is hard for me to believe they signed off on that message, but their names are there. This is not the voice of the “City of the Open Door.” It’s the opposite of the welcome mat. We have a real housing crisis in our city. We need housing for all. More than ever, our wildly attractive city needs a comprehensive policy framework, including reformed zoning ordinances, that is pro-housing and manages growth through smart land use.

Four years ago during a public session to consider the final phase of development in the North End business, residential, and hotel district, our mayor — then prospective councilor Rick Becksted — stated that he thought “our beautiful city [had] disappeared.” I have no doubt at all that in conveying a sense of loss his comment was heartfelt. But if he’s talking about the city’s physical landscape, he’s been living in a different city than I have. What I’ve seen disappear are large tracts of asphalt parking lots left behind by urban renewal and open weed-covered lots. We can have different ideas about the importance of building height being two, three, or four stories. We can argue about aesthetics. But to my knowledge we haven’t sacrificed a single historic building to new projects. In fact, our stock of historic buildings has probably never been in better shape, often renovated by newcomers and insulated for the 21st century. The changes have also added to our tax base during a time when we lost over $90 million of taxable value when the Schiller Power Station was deregulated and sold. You may think your taxes are high now, they would be higher still without the revenues created by new projects.

Combined, the sentiments of Mayor Becksted and MacDonald provide an insight into the mindset of the mayor’s majority voting bloc on the current council. It also explains the motivation for many of the mayor’s recent ideological appointments to the land use boards, all supported by his voting bloc consisting of Councilors Huda, Kennedy, Whelan, and Trace. They haven’t given the housing issue priority. In fact, since they took office, there’s been a proposed moratorium on housing development, some of them have tried to delay (at the expense of the city’s largest nonprofit) a much-needed affordable public housing project, and they’ve intervened in land use processes — speaking “as residents” — to stall or block specific projects that would provide housing. Pro-housing policy-making should have been the first order of business when the current council term began.

Portsmouth is of course far more than its buildings; it has character and a social fabric. It has a collective way of life, a quilt made up of unique neighborhoods, each with its own personality. And the city has a larger identity that is constantly evolving, something I’ve witnessed in my time here. For some residents, like the mayor, the rate of rapid change has brought with it a sense of something lost. And it’s true that the old social fabric has in some cases grown thinner -- new buildings have appeared and new people have moved into the neighborhoods. While residents may be happy with the increase they’ve seen in the value of their homes, it’s also easy to imagine how change could create fault lines and disorientation in the community. It’s not difficult to see how gentrification rubs both ways: older homes are renovated and streets improved, but something older and familiar has gone. Maybe that’s what the mayor meant. We all have to respect that sentiment but it shouldn’t derail us from creating a different vision. We can’t stop the march of time. A new identity is emerging and we have the chance to shape it with intention.

The coming election is especially important because the city again finds itself again at a significant  crossroads. The mayor and MacDonald want the city to retrench. Many others, including the younger generations, families, long-term residents who embrace change, and newcomers, accept the inevitability of future growth, and are not afraid of it. In fact, the challenge is one of how best to manage it to the benefit of the entire community. With skilled leaders and a clear vision of what we want to become, it is possible to balance growth with quality of life. Voters have an opportunity in a few days to elect some new leaders with knowledge and imagination who can help get us there. At the very least we need to establish a shared understanding of this moment in history and then move forward. On November 2  the voters get to choose leaders who will respect history, while moving the city forward.

Gerald Duffy
October 20, 2021. "
NuclearEnergyBenefits	From the moratorium in the Gulf to anti-industry lawsuits, LA oil & gas is hurting.
AntiTax	"Now that the 2021 Primary is over, it is on to victory in the November election.

From the office of Lt Governor to over a dozen candidates for the House of Delegates, we have many champions of the right to keep and bear arms on the ballot.

Will you help us fight to defeat the gun grabbers?

And we are not talking about beating one bad politician with another, just because of the letter they place after their name, but rather those who have pledged to-

*Repeal Red Flag Gun Confiscation and legalize private gun sales
*Pass Constitutional Carry
*End the Governor's Shutdown and forced vaccination powers
*And so much more

For over a year we have been training activists, fighting to stop anti-gun legislation at both the State and local level, recruited candidates and worked the polls to get them on the ballot.

But now the true test comes.

You see, the difference between victory and defeat in many races is just a few hundred votes, literally less than 100 in two races, so now is the time to dig in and fight. In fact, in 2019, less than 9,500 votes statewide tilted the power in the House of Delegates to the gun grabbers!

This means literally less than 1% of the residents of Virginia gave power to the anti-gun nuts.  And now it is time to take it back!

And we do not mean giving power to establishment politicians, who will slowly and surely compromise away your right to keep and bear arms, but rather lovers of liberty who will fight anyone of any party who attempts to gut the 2nd Amendment.

During the primary season we sent out over 35,000 pieces of direct mail, 50,000 phone calls and texts and well over 150,000 emails, all to mobilize true conservatives to show up at the polls.  But in November we need to do so much more.

Thanks to all of our donors, we now have many true conservatives on the ballot.  In fact if you click here, you will be able to see the results of our 2021 Restore Virginia Now Candidate Survey.

https://virginiaconservatives.net/2021-rvn-candidate-survey

  And we ask very hard questions on that survey. 

 Why?  

Because it is not enough for a politician to claim to support the 2nd Amendment,  even Hillary Clinton said she did!  But rather we want politicians and candidates on record on specific legislation like the repeal of Red Flag Gun Confiscation, Constitutional Carry and legalizing private gun sales. 

 So take a look and see who has pledged to take the fight to the far left radicals!

 And again, we will never, ever support the lesser of two evils, but rather only true champions.  Because we would never, ever use our donor's dollars to support squishy candidates who would some day violate the principles  we all hold dear.

In war, planning is useless, but plans are indispensable.  So will you help us now plan and prepare to fight to elect true conservatives?

If so, click here to donate $500, $250, $50 or whatever you can afford to help arm our volunteers for the final fight

https://donorbox.org/restore-virginia-now

As anti-gun zealots are putting the 2nd Amendment square in their sights, we need your help. 

Because of our donors, we stopped the Northam Gun Ban...we stopped the homemade gun ban and we helped many true fighters past the Primary....and now we take the war to the socialists at the ballot box.

Only 9,422 votes flipped control of Virginia to the anti-gun radicals.  Can we count on you to help us take those seats back?

It is time to take back OUR VIRGINIA.

 
In Liberty,

S. Chris Anders
Director
Virginia Constitutional Conservatives. "
RenewableEnergyGrowth	80% of global energy production currently comes from high-emitting fossil fuels. Zero-carbon fuels like hydrogen (“H2”) and ammonia (“NH3”) can fuel heavy transportation, industry, and power generation.
AdvocateForGreenEnergy	"Peter Konieczko from Scarborough writes in the Sunday Telegram: ""As we undergo an inevitable transition from fossil fuel-based energy to reduced-carbon energy sources, we need to consider two important aspects: availability and risk."" https://www.pressherald.com/2021/07/25/letter-to-the-editor-hydro-quebec-power-line. "
SouthwestGasInvestment	Conservative values are under attack across America. Biden and Pelosi will stop at NOTHING to spread their far Left agenda - it’s up to us to stop them. Stephanie Bice is a champion for our nation’s oil and gas industry and the thousands of hardworking Americans relying on it. Rush in ANY amount right now to make sure she can preserve our shared conservative values >>. 
RenewableEnergyInfrastructureGrowth	General Manager Joseph McNeil, Jr is onsite as our first Anpetu Wi wind farm met towers are placed this week. This is the culmination of years of planning, engineering meetings, community support and fundraising. Pilamayaye - Thank you for your support! 🌬. 
AdvocateForGreenEnergy	"Biofuels burn cleaner and cooler than gasoline.

A simple move to 15% ethanol blended fuel nationwide would reduce carbon emissions by almost 20 million tons per year -- the equivalent of removing 3.85 million cars off the road."
OilAndGasExtractionRisks	All spills, no matter where they occur, are bad. What makes oil spills offshore so damaging is the extreme challenge that is created when oil is in water. They do not mix. Read more: https://bit.ly/3G8FVRA. 
GreenEnergySavesMoney	"We are currently seeking a Site Surveyor to join our team on a part-time basis. If you are looking for a place to learn more about solar and make some extra money please read below and see if this role is a match for you.
 
The Site Surveyor will focus on surveying homes for future install sites for solar installations. This person's primary job will be surveying, taking pictures of, and documenting homes around the state of Oklahoma. The ideal candidate for this position needs to have a reliable means of transportation, be extremely reliable, and have the ability to take pictures with their smartphone and upload those pictures to our CRM application.

Skills and Requirements include but are not limited to:
- Conduct site surveys across the state of Oklahoma
- Take detailed notes and input notes into our CRM application
- Be professional and communicative with any homeowners
- Work with internal employees on completion of reports
- Complete reports in a timely manner
 
Travel Requirements:
- Travel away from home for several hours
- Ability to travel with little notice
- Reliable vehicle with a valid Oklahoma driver’s license
 
Physical Demands
- Ability to lift a minimum of 35 lbs
- Ability to work outdoors, on ladders, and in confined spaces
- Ability to work with/around electrical wires
- Ability to work remotely at construction or installation sites

Education and Experience Required
High school diploma or GED. "
EconomicAdvantagesOfRenewableEnergy	"Let's talk about the sacred wind!

Tate Topa: Tate means wind, Topa is the number 4; the Four Winds are female spirits and the Four Winds represent the cardinal directions being east, south, west and north. The north winds are cleansing, causing the leaves to fall, the western winds bring the rain, southern winds bring warmth and eastern winds brings the life of a new day. 

#IndigenousVoices #RenewableEnergy #StandingRock #SAGESRST #CommunityDevelopment #AnpetuWi #SRST #FourWinds #IndigenousPeople. "
AdvocateForGreenEnergy	Every year, birds lose more habitat to development, drilling, and climate change. This Earth Day, your new monthly gift will be matched to help protect birds and the places they need. By doing what’s good for birds, we do what’s right for the earth - creating a healthier planet together.
RestoreVirginia	"Christmas is always a season of hope.  One of the promise of good tidings of Great Joy.

But it wasn't always so.

Many know of Virginian George Washington, crossing the Delaware and defeating the British and Hessian soldiers ar the Battle of Trenton.  But few, very few understand the background and the tribulations Washington faced that Christmas Day in 1776.

For the past year, Washington had been defeated and humiliated at the Battle of Long Island, Harlem Heights, White Plains, Fort Washington and Fort Lee.  Many in Congress were calling for a new commander and his troops were leaving and going home at an alarming rate.

But Washington never gave up.

On Christmas Day, he led his army of barefoot and frozen men across the the Delaware River and achieved victory giving hope to the Patriot Cause.

But that is not the end of the story.

Through 1777 and 1778, Washington was defeated again, time after time, and the British captured the Patriot Capital of Philadelphia.  More in Congress were calling for a new Patriot leader, and his army was once again going home in alarming numbers, entire brigades were revolting and the remainder were starving and freezing in little huts at Valley Forge.

But again, Virginian George Washington did not give up.  He brought in a Prussian drillmaster named Friedrich Wilhelm von Steuben.  Realizing his men, though dedicated to the cause, badly needed training to be able to face the Redcoats on equal terms, Washington retrained his entire army and forged the army that would eventually secure total victory, right here in Virginia at Yorktown.

Why do I tell you all of this?

Because quite simply, history is repeating itself.

Flushed with victory at Trenton, many in the Patriot cause did not understand the long hard fight ahead, just like many today in Virginia do not understand the long hard battle we face.

It greatly saddens me to see so many of my fellow Virginians convinced that the victory in November has Restored Virginia.

Nothing is less true.

Red Flag Gun Confiscation, Universal Gun Registration, Lockdowns, Unconstitutional Mandates and unfettered tyranny still rules our Virginia.

And if you are are waiting on a politician to save you, well, Virginia is lost.

The State Senate is still run by the Richmond Radicals, and many of those in so called ""conservative"" leadership positions supported everything from local gun bans to creating gun-free victim zones and bureaucratic control over nearly every aspect of your life.

To sum it up, we have won a battle, but the war rages on.

If you think simply having a majority in the House of Delegates and the Governor's Mansion means all the unconstitutional actions of the last 2 years will be history, you are very, very wrong.

The victory in November was not one of a particular party, or a politician.  It was a revolution of and by the people of Virginia.  And only a continued dedication to that cause will see Virginia Restored.

Now is not the time to rest and relax...now is the time to triple our efforts.

For over 3 years, here at the Virginia Constitutional Conservatives, we have been preparing, training and fighting to begin the Revolution.  Training thousands of fellow patriots on cutting edge tactics, picking the right fights and using no compromise tactics has brought us this far.

But we have so far to go.

The battle was won, but the war still rages on.  In my 16 plus years of politics, I realize we face the most dangerous time yet,  a time when our patriots go to sleep because they think they have won, while the enemy, angry and active, is organizing to counter attack.

We cannot, we must not, rest on our laurels.

For if we do, we will be caught napping when the left-wing radicals attack.

And even worse, many of those very politicians who were elected are now refusing to fulfill their promises to overturn the tyranny the Richmond Radicals passed.

Career politicians are all the same.  They are all looking towards their next election,  and if they think the gun grabbers and socialists are a greater danger to their continued rule, they will once again backstab us all.

Like in 2019 when fake conservatives passed the Obamacare Expansion, Delegate Glenn Davis fought to open the door to make it harder to get a concealed carry permit and Delegate Bobby Orrock put in a Bill to make you take a class, and pay for a permit, just to own a gun in Virginia.

And yes, these were all ""republicans"".

So if you think having politicians who hide behind the R label in power means everything is OK, you are about to be greatly disappointed.

But this is the Season of Hope, and I am greatly hopeful.  Not because of any politician, but because of you.

When the Gun grabbers had the Governor's Mansion, the House and the Senate, you, the brave and unwavering patriots of Virginia, stepped up and fought and stopped Northam's Gun Ban and the Homemade Gun Ban.

I cannot tell you how many people told me we had zero chance of defeating these tyrannical schemes.  But together we did.

Now we face a harder fight...the fight to repeal many of the anti-gun schemes the Richmond Radicals passed.  It is very true in politics that defensive fights, stopping bad bills, is far easier than offensive fights, passing good bills.

And we have seen this already in Virginia.

Many in power in Richmond want to do, well, either nothing or simply tinkering around the edges.  That is not how wars are won.  We will not back down, we will not compromise and we will never accept crumbs that fall from the table.

We will fight for full and complete repeal of Red Flag Gun Confiscation, Repeal of Universal Gun Registration (outlawing private gun sales), ending allowing local governments to create killing zones by banning law-abiding citizens from bearing arms and passing Constitutional Carry.

Because no free individual should ever have to beg permission or pay a tax to bear arms.

And all of these efforts will be much harder than stopping any anti-gun scheme.  The enemies of Freedom are always cleverly disguised.  And the 2022 Legislative Session will flush many of them out.

With your help.

Working with Delegate Marie March (R-7), the full and complete repeal of Red Flag Gun Confiscation has been submitted.  But that is just the beginning of the fight.  Whether or not Virginia becomes the first state to repeal these un-Constitutional Gun Grabbing Scheme depends on you.

Not politicians.

So I am asking each of you to rededicate yourself to the hard work we have before us.  The battle was won, but the war continues.  And victory, in the end, depends on each of you.

I want to thank you for all you have done, but most importantly, what you will do, to Restore Virginia.

In this season of great hope, I want to wish you, and your families, a very Merry Christmas.  And that we all will take renewed devotion in the hope and joy in the message of that first Christmas.

 ""And she brought forth her firstborn son, and wrapped him in swaddling clothes, and laid him in a manger;
because there was no room for them in the inn.

And there were in the same country shepherds abiding in the field, keeping watch over their flock by night.

 And, lo, the angel of the Lord came upon them, and the glory of the Lord shone round about them: and they were sore afraid.

 And the angel said unto them, Fear not: for, behold, I bring you good tidings of great joy, which shall be to all people.

For unto you is born this day in the city of David a Saviour, which is Christ the Lord.

And this shall be a sign unto you; Ye shall find the babe wrapped in swaddling clothes, lying in a manger.

 And suddenly there was with the angel a multitude of the heavenly host praising God, and saying,

 Glory to God in the highest, and on earth peace, good will toward men.""

 

In Liberty,

S. Chris Anders
Director
Virginia Constitutional Conservatives. "
AdvocateForGreenEnergy	"🌱  What Environment means in our ESG: 
Tri-State’s long-standing environmental stewardship and resource management are rooted in the strong conservation ethic of our members and the rural communities they serve.

🌱This commitment begins with outstanding compliance, and goes beyond to voluntarily supporting conservation initiatives, and executing ambitious plans for dramatic and reduction of greenhouse gas emissions.

💡  Learn more about this project and many more at: https://tristate.coop/environmental-social-and-governance-report 

🌱  Morgan Creek Ranch is just one of many of Tri-State's  environmental projects:
Our commitment to Morgan Creek Ranch: 
☀️ Providing 50,000 acres of public access to Morgan Creek Ranch.
🌾 Annual habitat improvements including water management, weed control, removal or replacement of historical non-wildlife friendly fences, food plot installations.

#greenhousegas #emissions #emissionreduction #cleangrid #environment #animals #habitat #watermanagement #ghg. "
ProtectFromHarmsCausedByFossilFuels	"California’s farms help feed the nation, but not everyone has equal access to the healthy foods they produce. 

Climate change and toxic pesticides threaten our food and put farmworkers, children, and communities at-risk. 

Take action NOW and help push for a just and equitable farming system in California!"
AntiWoke	"The White House needs to stop abusing its power and working with social media companies like Facebook to censor Republicans. 

Our First Amendment protects all Americans’ right to free speech without government intervention. Americans deserve to know what the executive branch is doing with these companies.

Read the letter below from myself and my Republican colleagues on the House Oversight and Reform Committee to the U.S. Surgeon General requesting all documented communication between their office and companies like Facebook and Twitter."
StopOilPollution	The latest impact of climate change, poison ivy is more abundant than ever. 
EconomicAdvantagesOfRenewableEnergy	25 peer-reviewed studies have all shown that living near wind turbines doesn’t have adverse effects on human health, and wind power’s role in reducing air pollution can contribute to positive health outcomes. Read more: https://to.pbs.org/3mV2vnS. 
AdvocateForGreenEnergy	Keep air clean in Maryland for generations to come. Like our page to learn more about our largest source of carbon-free electricity.
TackleClimateChange	Find out why climate scientists agree that climate change causes more extreme droughts, bigger fires, and deadlier heat.
OilAndGasExtractionRisks	Stephanie Bice is committed to the people of Oklahoma. She fights to help our veterans, end wasteful government spending, and for our oil & gas industry. Democrats want her out of Congress - she NEEDS your help right now to stop their attacks. Rush in a donation now before the monthly deadline to support Oklahoma’s proven conservative leader!
NuclearEnergyBenefits	Question 1 gives politicians the power to impose dangerous retroactive laws, slowing job creation and Maine’s economy.
EconomicAdvantagesOfRenewableEnergy	Researchers from the National Renewable Energy Laboratory are developing hybrid power plants that combine clean power generation with energy storage, resulting in a reliable, flexible energy system powered by renewable sources.
LegislatorsMustActAgainstClimateChange	Crime is on the rise in California. I will do everything in my power to keep our communities safe. Vote for Kevin Kiley for Governor.
AntiTax	"“Big spender, big taxer.”
Kim McCarthy loves to increase taxes. 
Not just yours, but for everyone. 

She thinks your 💴 money is her money.
It this “progressive socialist” believes and she will be coming for more of it if elected.

Will she increase  taxes? Count on it.

Kim McCarthy should never have the power to tax your family or your homes."
OilAndGasExtractionRisks	"OGWA is excited to welcome back to the Permian Basin Lieutenant Colonel Allen West. 

Get tickets for this August 25th event here.
Limited VIP tables available.
Email events@ogwaUSA.com

https://www.eventbrite.com/e/oil-gas-workers-association-welcomes-lieutenant-colonel-allen-west-tickets-166411923543

#ogwausa #oilandgas #oilandgasworkers #AllenWest #permianbasin #midlandtx #odessatx. "
NuclearAdvocacy	Want solar panels but can’t afford them? In Wisconsin, you’re out of luck. That’s why WI needs third-party solar.
NuclearEnergyBenefits	"One in every three bites of food we eat depends on bees and other pollinators! 🐝🍎

But rampant toxic pesticide use, climate change, and habitat loss are killing bees, which could lead to food scarcity that would hit low-income communities and communities of color especially hard. NRDC is fighting to protect bee populations and secure the future of our food supply."
AdvocateForGreenEnergyPoliticalAction	Your electric co-op powers your community. VCP empowers you.
ProtectFromHarmsCausedByFossilFuels	"Act Now: Days ago, over 100,000 gallons of oil spilled into the coastal waters of Orange County. As a result, thousands hazardous chemicals are  covering over 8,300 acres of precious coastal waters. Enough is enough. Tell Governor Newsom to end oil permits today! 

 📸: Peter Bennett. "
ChallengesFacingRenewableEnergy	"Joining us for the Women of the Movement Anpetu Wi Dialogue this month is Tara Houska (Couchiching First Nation). She is an attorney, an environmental and Indigenous rights advocate, as well as the founder of Giniw Collective and the former advisor on Native American Affairs to Senator Bernie Sanders. Take a moment before our discussion to get to know her and watch Tara's TED Talk where she speaks to the history of attempts by government and industry to eradicate the legitimacy of Indigenous peoples' land and culture, including the months-long standoff here at Standing Rock.

We are honored to have her join us for our live discussion on May 20th - don't miss it: https://fb.me/e/RXMLppau. "
OilAndGasExtractionRisks	"A political storm is brewing.
There are those who want the “Big conversation” about Bellbrook-Sugarcreek not to happen. 

These individuals refuse to set aside egos, and their own political power ambitions, territorial issues, long-standing feuds, and come together for what is best long-term for our communities.

Some are against it because it will affect their well-paying government positions. Others, like our Cancel Culture Progressive leaders, it's only because I am asking the ""Big"" questions. They can not see past their HATE and Intolerance.

Truth, Facts, and Evidence are what the taxpayers need to see about what has been done in the past and why it was doomed for failure.

One only needs to look at the Corner Stone development or drive on Wilmington Pike. The results of the past failures are clearly visible. It can not be denied.

Those involved in the last attempt to merge our communities, could not have predicted the consequences our Community is now dealing with. 

All efforts in the past were doomed to fail.
Some involved would later whisper quietly, it was rigged to fail.

The Last study done in 2009 was a failure before it even began. The wrong questions were being asked, the truth was not being told to the public about what failure would mean to the long-term development of our community.

Some involved refused to set aside personal feelings, political ambitions, territorial squabbling, tainting the process and the results.

The land which has been taken by the City of Centerville, stealing a large section of Townships commercial tax base, is the proof all anyone needs to see.

There is “naive talk” from those in power and against the ""Big Conversation"" about Centerville having a new City Manager and he’s not as aggressive as the last one on annexing land from Sugarcreek Township.

That they can “talk to Centerville, work with Centerville.”

History calls it appeasement.
One only need to ask “Neville Chamberlain”
how this policy worked out for England.

“I want annex” is the developer's legal tool of choice, like a petulant child screaming when it does not get their way. ""We will sue the Township,"" is always the next phrase out of the developer's attorney's mouth.

Here is a heads up the township will not speak out loud.

It is the Cities of Centerville and Kettering, along with developers like Oberer Development, who controls, and are dictating, what is happening in the township.

The wolves are at our gates.

They come into our communities, filling their pockets, and then leave us with overcrowded roads and an infrastructure that is failing/has failed. 

Drive down Feedwire road during peak times. It's a nightmare. Every intersection is a choke point. The bridge over I-675 needs to be four lanes. Some say all of Feedwire needs to be upgraded to four lanes. The roads and intersections throughout the Township all need to be fixed/upgraded. 

Why is there not a moratorium on all development until the infrastructure is fixed? This is the question you should be asking your elected officials?

But still, this ""March of the Developers"" continues onward.

Look at the land map which is posted on this page.
Look at the Cities all around the Township borders.

It’s open season on the township land and there is very little that can be done to stop those surrounding cities from grabbing what they feel is their fair share, using these developers.

These surrounding cities look towards Sugarcreek and a way to increase their tax base for their communities.

Look what has happened since 2009 in Sugarcreek Township. It is now 2022. What will the Township look like in 2035?

Will, we even recognize Sugarcreek in the next 13-years? Change is coming, and it's not all good. Use your power to say NO.

It is time to have the “Big Conversation” about 
what the taxpayers are going to allow in their community. 

**FACT: If the City of Bellbrook and Sugarcreek Township engage in another Merge Study/Talks, legally it stops any City during the process from annexing any part of the Township. This is going to be a long conversation and it needs to start sooner, rather than later.

It’s your future. Your voice matters!"
OilCreatesJobs	"We want YOU to #ShowUsYourKoozie this Memorial Day weekend! 📷 Whether you're grilling out, hitting the lake or just relaxing in the A/C, we want to see you using your oil and gas koozie. Here's what you need to do:

1. Take a photo of you & your koozie. Bonus points if it's an Alliance koozie!
2. Tag us in the post and use #ShowUsYourKoozie. 

That's it! Winners will take home a gift bag full of Petroleum Alliance swag."
EconomicAdvantagesOfRenewableEnergy	"📣🌞 Act now and get $75 off your next bill when you sign up with Arcadia. 

Solar isn’t the same anymore. With Arcadia, it’s better. Sign up in seconds. All you'll need is an existing utility account."
AntiWoke	"""The shortcoming of this miniseries is the attempt to show that justice is being served. We can’t expect real working class justice under this system. That can only happen when workers take over. Until then, working families will continue to suffer and die from deaths of despair, as the rich get the occasional slap on the wrist. It’s their government, it’s their economic system.

So long as they remain in power parasites like the Sacklers will continue to face no consequences, when they and their lackeys deserve nothing short of execution for the mass harm they’ve caused."". "
CallsToInvestInRenewableEnergy	Seabirds are an indicator of ocean health—when they’re in trouble, so are we. From overfishing and pollution to warming ocean waters and habitat loss, it’s going to take the power of people to protect our coasts. Urge your members of Congress to support the laws and policies that protect seabirds.
NuclearAdvocacy	"📺📺 WATCH: Join our interview with Bud Albright, CEO at the U.S. Nuclear Industry Council.

He is the former Under Secretary of the U.S. Department of Energy. In that role, as the third most senior official at DOE, he provided leadership for energy and environment programs, including: energy research and development; demonstration and deployment; environmental cleanup; legacy management and radioactive waste management, all with a total budget of nearly $15 billion. 

Albright was appointed by President Bush and was unanimously confirmed by the U.S. Senate.

To celebrate National Nuclear Science Week, we are interviewing 4 top experts in the field.

Tune in for this one and check out our schedule for the others!"
OilCreatesJobs	Did you know? Drilling an oil well in Illinois typically takes about 4-5 days and directly or indirectly supports 40-50 jobs across 6-10 companies. Completing a well directly or indirectly supports another 20 jobs. Find out more about each step of the drilling process in this IPRB educational video: https://www.youtube.com/watch?v=cHfA4P8MMYc. 
NuclearEnergyBenefits	"World Without Waste has signaled a renewed focus on our entire packaging lifecycle by improving our design, bottle collection and partnerships to reduce waste and carbon emissions.

See how partnerships like @theoceancleanup contribute to a #WorldWithoutWaste: cokeurl.com/u9y7bu. "
EconomicAdvantagesOfRenewableEnergy	"October 8th is #NationalHydrogenandFuelCellDay. Today, we celebrate advancements in hydrogen fuel - a clean, safe, and innovative way to combat climate change and lower carbon emissions. 

SoCalGas is championing #hydrogen development for California’s homes and businesses, because we believe in clean, safe, and reliable energy for tomorrow."
ReduceEmissions	"🍂 It's the season of crisp, cool air and crunchy leaves underfoot. That means it's time to get your gardening tools out! One way to handle fall cleanup is to make the process more efficient, such as adding electric-powered outdoor tools. 
🍂 These handy devices can make yard work easier and cleaner: https://www.tristate.coop/5-useful-electric-garden-tools-fall

😁 Electric-powered equipment offers consumers many benefits listed above and is eligible for rebate incentives from Tri-State. For more information, talk to your local electric cooperative or public power district for details. 

#FallSeason #FallCleanUp #ElectricPowerTools #ReduceEmissions #ProductRebates. "
ReduceEmissions	"""Sea otters’ role in mitigating climate change is a great example of how easily the benefits we derive from healthy ecosystems—like carbon sequestration—can be lost as human activity compels the separate—but equally grave—biodiversity crisis.

As a “keystone species,” they have large-scale effects on coastal marine ecosystems, making them critical to the health of the kelp forests they inhabit."" — Zak Smith, Senior Attorney & Director, International Wildlife Conservation, Wildlife Division, Nature Program 🌊

✅ Coastal ecosystems, rich with marine plants like mangroves and seagrass, sequester as much as 20 times more carbon per acre than land forests.
✅ Kelp sequesters around 200 million tons of carbon every year, comparable to the annual emissions of New York State.

Keep reading our new series that explores the role wildlife play in boosting ecosystem resilience—and how thriving biodiversity supports our own efforts to mitigate climate change, AND take action through the 🔗 in bio.

📸 Michael L. Baird via Flickr, CC-BY 4.0

#Biodiversity #Nature #Wildlife #ClimateChange #ActOnClimate #30x30 #Protect30x30 #PublicHealth #Environmentalism #OptOutside #NaturalClimateSolutions. "
OilAndGasJobs	"During one of the Farmfest forums this Wednesday, attendees were asked if they opposed Biden and Walz’s electric vehicle mandates. For good reason, the “no’s” have it!

These farmers are smart and squarely opposed to destroying U.S. energy independence and low cost fuel and electricity, and replacing it with dependence upon communist China. Yes, the United States is almost completely dependent upon China for the rare earth materials needed to produce electric vehicles, solar panels and wind mills. Why would any sane American want that?

Don’t forget, China emits more carbon than all the developed nations of the world - three times more than the United States. So why would our government force feed our citizens inferior and more costly vehicles (government subsidies don’t count), eliminate high-wage U.S. energy and other jobs, and do so without quantifying how these changes would make a dime’s worth of “climate change” difference?

Because Democrat politicians like Biden and Walz will use any issue to usurp and misuse power and issue edicts that put America and Americans Last and place adversaries like communist China First.

Maybe Biden should brow beat China and India to destroy their economies before screwing with America, which has reduced carbon emissions way more than any nation in the last 10 years. By the way, the easiest and most effective way to massively drive down global carbon emissions is to drill for more oil and clean natural gas in the U.S. and export it to communist China for cleaner electricity production. 

On the issue of “climate change,” Biden, Walz and the other Democrat politicians are simply following political science and pushing policies that are abhorrently anti-American.

Note: John Croman is a political reporter for KARE 11."
AntiWoke	"Yet out-of-touch CT Democrats are still pushing for a NEW gas tax. CT families cannot afford it. 

""For some residents, it can cost $65-75 to fill the gas tank, and it isn’t easy for them.""

💸Consumer prices are at a 13-year high, ⛽️ gas is up 42 percent, 💡energy 25 percent and 🛒at the grocery store, many items are out of stock...

Keep speaking out at Stopthegastaxct.com. "
DemocratOutreach	"#BREAKING: Speaker Announcement! Joining us at CCR Convention 2021... Ambassador Richard Grenell! 🔥 

Amb. Grenell served as Ambassador to Germany and Acting Director of National Intelligence during the Trump Administration. He has been an advocate for many of the Trump admin policies, the MAGA movement, and the need to oust Governor Gavin Newsom! We look forward to him joining us on July 10th. 🇺🇸 Tickets (public can watch on zoom!) 👉 cacollegegop.com/convention

For more background on Ambassador Grenell:

Richard A. Grenell was confirmed by the United States Senate as United States Ambassador to Germany on April 26, 2018 and served until May of 2020. Grenell was appointed Presidential Envoy for Kosovo-Serbia Negotiations in 2019, and as Acting Director of National Intelligence in 2020. Grenell also led the U.S. government’s initiative to Decriminalize Homosexuality in more than 70 countries around the world. 
 
Grenell started his tenure in Berlin by successfully negotiating with German businesses to sever their ties with the Islamic Regime in Iran and getting the German government to accept the return of former Nazi prison guard Jakiw Palij. He also successfully pressured the German government to increase its defense spending, ban Hezbollah in Germany, and shut down the North Korean Youth Hostel in Berlin. Grenell also focused on stopping the Nord Stream 2 Russian gas pipeline, combating anti-Semitism, and growing German companies’ investment in the U.S.     
 
As Acting Director of National Intelligence, Grenell streamlined the intelligence community, implemented $19 million in budget savings, and declassified documents related to the Russian investigation that had been previously unreleased.  
 
Grenell was the longest-serving U.S. Spokesman at the U.N. serving from 2001 to 2008 and advising four U.S. Ambassadors.  In 2004, he was appointed as Alternative Representative to the U.N. Security Council with full voting rights and privileges.   
 
He has served as the primary communications adviser for public officials at the local, state, federal, and international levels.  In 2012, he briefly served as National Security and Foreign Affairs Spokesman for Presidential Candidate Mitt Romney, making him the first openly gay spokesman for a Republican Presidential candidate. Grenell is also the first openly gay U.S. Government Cabinet official. 
 
Grenell previously taught at the University of Southern California's Annenberg School of Communications and is currently a Fellow at Carnegie Mellon University. He received his Master's Degree in Public Administration from Harvard University's John F. Kennedy School of Management and his Bachelor's Degree in Government and Public Administration from Evangel University."
NuclearAdvocacy	America is recovering from this pandemic, but we can’t take our foot off the gas now. The American Jobs Plan will fix 1,090 miles of Nevada roads, create millions of good-paying jobs, and expand access to clean drinking water. Brighter days are ahead -- for all of us.
EconomicAdvantagesOfNuclearEnergy	Georgia's nuclear energy projects at Plant Vogtle will provide reliable power and thousands of clean energy jobs. Show your support by liking our page today.
GreenEnergySavesMoney	Scioto Farms Solar Project will help Ohio meet its renewable energy goals by generating renewable, carbon-free energy. The power produced at Scioto Farms is well positioned to meet local and regional energy demands, while generating tax revenue for Pickaway County.
NuclearEnergyEducation	As many as 10 deaths may have been caused by the heat in the midst of the extended power outage, the coroner said, after the city’s new power plant did not achieve the “black start” that Entergy had promised — a quick delivery of power in the middle of a blackout.
ReduceEmissions	"Why Biofuels? For the environment. 

Biofuels like plant-based ethanol reduce greenhouse gas emissions by up to 46% compared to gasoline. Learn more at growthenergy.org/climate."
RenewableEnergyGrowth	"Residents of Chittenden County are going to want to take advantage of this unique opportunity 👀

For a limited time we are offering $500 cash to eligible households just for switching to natural gas 💵 💵 💵

How do you get your $500?
✅ Click [Learn More]
✅ Review the Coverage Map
✅ Sign up for a free estimate
✅ Receive $500 cash once the conversion is complete

So don't wait, sign up for a free estimate today!"
PoliticalActivismForOilAndGas	"Check out today’s show! 

Human Events Daily host Jack Posobiec discusses the Pfizer Whistleblower, President Biden’s White House play set, and the tens of thousands of Haitians preparing to caravan from Colombia.

The TPUSA LIVE team is joined by host, Jon Root, and special guests Charlie Kirk, Alex Clark and Aram Choe as they talk about policing, the Truman Show, Charlie’s Exposing Critical Racism Tour and more!

Watch debate night with Charlie Kirk and Ben Glieb as they debate the controversial topic of abortion. It get's pretty heated, you do not want to miss it! 

Tune into POPlitics with Alex Clark as she dives into Dave Chapelle’s new comedy show, dudeservative Chris Pratt & more!

We will wrap up the show with Real America with  Graham Allen, as he shares shocking news coming out of Australia and watch Benny on the Block host Benny Johnson talks to Tampa Bay Buccaneer tailgaters."
InroadsMadeByRenewableEnergy	Michigan State researchers have partnered with experts from several universities to create a new type of material for windows: solar cells that can generate power efficiently for 30 years or more.
AdvocateForGreenEnergy	Not only does natural gas heat our homes and power kitchens in our favorite restaurants, it’s also driving CO2 emissions down across the country, improving air quality and helping fight climate change. Learn more about how natural gas impacts your daily life:. 
GreenEnergySavesMoney	Moving can be a headache but updating your natural gas service doesn’t have to be. My Account makes it easier than ever to start, stop, or transfer service online - no hold music required. Learn more at socalgas.com/myaccount. 
LegislatorsMustActAgainstClimateChange	"The plan for a government-takeover of Maine’s power grid would cost $13.5 billion. That’s more than $17,000 in debt for average customer. What do you think of the plan?

Take our poll: https://bit.ly/34w9wFZ. "
AdvocateForGreenEnergy	Study: Climate change fuels heat wave in US, Canada. 
AdvocateForGreenEnergy	"Redistricting has come a long way in Virginia! No more shady backroom deals—now the people have the power, and every Virginian can be a part of the process by drawing their own community map today. 

Learn more & draw your map here  >> https://www.onevirginia2021foundation.org/community-mapping. "
OilAndGasTax	"""Floridians have enough to worry about from the winds of real hurricanes – they don’t need a massive financial storm created by the government. As Florida residents hope to avoid becoming this season’s hurricane victims, stopping the Hurricane Tax just as surely prevents them from becoming political victims, too."". "
AntiWoke	The capitalist parties, the businesses, the schools, the local government all provide no space or platform to openly discuss and debate the necessity of abolition, this is why we launched the peoples assembly last year and are reviving it now. The conviction of Derek Chauvin followed by more police murders shows there is no solution to police violence offered by the state. The state requires police violence to keep this social order intact. Join working families as we come together and build power to achieve abolition!
AdvocateForGreenEnergy	"Joining us for the Women of the Movement Anpetu Wi Dialogue this month is Tara Houska (Couchiching First Nation). She is an attorney, an environmental and Indigenous rights advocate, as well as the founder of @giniwcollective and the former advisor on Native American Affairs to Senator Bernie Sanders. Take a moment before our discussion to get to know Tara @zhaabowekwe, we are honored to have her join us for our live discussion on May 20th - click the link in our bio to RSVP!

Photo by @yakamoz_ayse

#listentolearn #nativeamericans #NODAPL #indigenoushistory #nativeamericanroots #indigenousunited #indigenouspeople #SAGE #SRST #SAGESRST #SayYestoWind #StopLine3 #ShutDownDAPL. "
OilAndGasExtractionRisks	This extreme heat is causing infrastructure — like the roads we drive on —  to buckle and collapse. Get more facts from real climate scientists, right here.
AdvocateForGreenEnergy	Let's leave the toxic relationships to Euphoria. We deserve a healthier energy relationship. #BreakUpWithGas. 
PoliticalActivismForRenewableEnergy	Energy costs. Gas prices. Everything costs more with radical liberals like Chris Hurst.
AntiWoke	"Join Us for Freedom Square, feat. Charlie Kirk, powered by Turning Point USA—LIVE from Dream City Church in Phoenix, Arizona— empowering American Christian leaders and faithful with the resources, training, and knowledge they need to engage in civics to strengthen families, communities, and our nation!

Tune in the first Tuesday at this same time every month for Freedom Square.

Learn more: TPUSA.com/FreedomSquare. "
OilAndGasExtractionRisks	Do you love coal energy? Show off your coal pride with Friends of Coal stickers! These are great to give as gifts and perfect to put on hard hats, laptops and more. Sign up for your stickers today!
OilAndGasTax	"CALL Jared Golden: (207) 249-7400 and tell them to oppose Pelosi’s socialist spending spree.

❌ Largest tax increase in more than 50 years

❌ Higher taxes on millions of small businesses

❌ Decreased wages and household income

❌ Rising costs for household goods like gas & groceries. "
StopOilPollution	Mayor Barrett, it’s time to declare a climate emergency. We need bold climate leaders to protect Milwaukee.
TackleClimateChange	"Global socialists, communists, and leftists have a natural ""Red-Green Alliance"" with Islamic theocrats. They have united against their common enemies: freedom and democracy."
DemocratOutreach	We remain committed to helping our customers. A variety of financial assistance programs and services are available for eligible customers. Find an option that’s right for you at socalgas.com/assistance. 
ProtectFromHarmsCausedByFossilFuels	Not only does natural gas heat our homes and power kitchens in our favorite restaurants, it’s also driving CO2 emissions down across the country, improving air quality and helping fight climate change. Learn more about how natural gas impacts your daily life: https://www.cred.org/natural-gas-oil-uses/. 
AdvocateForGreenEnergy	The frequency, severity, and cost of wildfires are steadily worsening and the cause is clear: man-made climate change. Sign our petition to protect our environment from climate pollution. Because we all know that inaction will make our planet more dangerous than ever.
EconomicAdvantagesOfOilAndGas	I am lifelong resident of the district. A climate-health expert. A community college graduate. A PhD. And a mom. And I'd be the first climate expert elected to Congress.
GreenEnergySavesMoney	Looking to save on fuel? Fuel up with Unleaded Plus at Hopkins Express on 7th Street S. It's 10 cents less than regular gas and using it helps MN's economy.
SupportForRenewableEnergy	Solar is the future, and the future is now. #GoSolar ☀. 
RenewableEnergyGrowth	"🚲Thinking about buying an electric bike? The features and benefits they provide make them an enticing option for college students, local commuters, and anyone who wants exercise while getting from point A to B. Not to mention it’s a cost-effective and eco-friendly solution to fossil fuel-powered vehicles. Lean more here: https://www.tristate.coop/7-great-benefits-electric-bikes
#MotivationMonday #ElectricBikes #EBikes. "
EconomicAdvantagesOfRenewableEnergy	Georgia’s nuclear energy projects at Plant Vogtle will provide reliable power and support thousands of clean energy jobs. Join us and show your support.
OilAndGasTax	The last thing small Iowan business owners need is new imposed costs. Sign the letter and protect rural gas stations!
AdvocateForGreenEnergy	The Alaska Center and The Alaska Center Education Fund seek an experienced, dedicated, and talented Communications Manager to help advance our vision of a thriving, just, and sustainable Alaska for current and future generations. Our Communications Manager will work with our youth engagement, advocacy, and political programs as well as our development and communications teams to engage, inspire, and galvanize thousands of Alaskans to take action on various issues and support leaders who share our vision. The ideal candidate will be eager to cultivate and grow our communications outreach and organization visibility and be skilled at utilizing creative social media and digital communications tools, have a keen eye for written detail and design, and understand the power of storytelling to connect with a diverse array of communities. The salary is $50k-60k depending on experience. See the full Job description at akcenter.org/jobs. 
NuclearEnergyBenefits	"Ever wonder what's it's like to work in nuclear power?

Dorothy Wallheimer, a content manager from Exelon Generation and former site manager of Byron Station, took over our Facebook page last week to share her experience.

Find out what she had to say:. "
AdvocateForGreenEnergy	Pennsylvania's nuclear power plants support thousands of clean energy jobs. Show your support by liking our page today.
SupportForOilAndGas	"Noah Horn Well Drilling will be the first location in Buchanan County to serve free hot meals tomorrow. Courtesy the Virginia Oil and Gas Association. Shop with a Cop Priority pickup: 11-12:00 AM
Any remaining meals for those in need
11:30 noon till food runs out."
SupportForOilAndGas	Weekly video outreach with the Chairwoman. The views expressed are her own with a conservative lens,
AgencyToStopClimateChange	"The report said that human influence has ""unequivocally"" caused climate change. "
AdvocateForGreenEnergy	No one branch of government can be allowed to have unchecked and unrestrained power to disregard our democratic system to impose a rule that threatens to upend the lives and livelihoods of millions of people. Tell Congress to ACT:. 
TackleClimateChange	Find out why scientists agree that climate change causes more extreme droughts, bigger fires, and deadlier heat.
LegislatorsMustActAgainstClimateChange	"President Joe Biden referred to FDR’s packing of the court as a “bonehead idea” when he was a Senator back in 1983. However, he supports packing the court today. Why is this? 

🚨 The radical left is using President Biden as a puppet to get whatever their liberal agenda wants! Our nation was founded upon a system of checks and balances. The democrats are actively trying to do everything in their power so they have TOTAL control. Let’s put a STOP to this! Join the North Carolina Republican Party today if you support a system of checks and balances! #NCGOP #Republican ⬇️ ⬇️ ⬇️. "
PoliticalActivismForRenewableEnergy	"Today, we celebrate Constitution Day. It commemorates the formation and signing of the U.S. Constitution on September 17th, 1787.  

Our founding fathers realized first-hand what life was like under tyranny. It is the whole reason they came to this land. They wanted freedom.

Our constitution was created with the intention to protect the people from its government. It gives power to the individual and places limits on the government. It is unlike anything else in the world and is fundamental to preserving our values. 

It seems like many have forgotten that over the last last 20 years. Concepts like free speech are punished on college campuses. Freedom of the press is censored on social media. State and individual rights are encroached upon daily by federal agencies. And even this week, President Biden completely overstepped his power with vaccine mandates. 

We the People of the United States of America need to defend our freedom, our rights, and the constitution. Our children must learn about it in school. If they aren’t aware, they will naively give it away to those who seek to abuse their power.

For a citizen government to be successful, we all need to be engaged every day. It is essential to elect conservatives at all levels of local, state, and federal government. We must hold our elected leaders accountable.

Today, let’s celebrate those God-given freedoms we cherish. Let’s honor our founding fathers by protecting what they entrusted us with. It is not just a piece of paper. It is our values, our ideals, our way of life. It is America.

If we don’t, as Ronald Regan said, “our freedom is only one generation away from extinction.”

Idaho Young Republicans stands resolute in protecting our constitution. We ask you to join us at www.idahoyr.com/join.

God Bless Idaho and God Bless the United States of America!"
NuclearEnergyBenefits	The rising cost of groceries, gas, and utilities is hitting American families hard. Sign the petition. We deserve better.
GreenEnergySavesMoney	"Becoming a member of the REOCA means a whole lot more than supporting renewable energy and a more sustainable future. It also means saving money and getting good deals. 

Check out the latest perks for our members:. "
InroadsMadeByRenewableEnergy	The cyber and physical security of #natgas utilities’ vast energy delivery system is our top priority. That’s why we committed to critical cyber and physical security principles and practices. See how the natural gas industry’s commitment to safety comes to life.
OilAndGasExtractionRisks	The Gulf oil spill devastated millions of birds and their habitat. But the Florida Trustee Implementation Group wants to use Gulf Restoration funding to build parking lots on top of federal land that threatened birds need. Speak up now to stop this blatant destruction of essential bird habitat.
LegislatorsMustActAgainstClimateChange	"Who holds the BOSS accountable? We the Care Workers do!

Care Workers created CCWU to advocate for industry wide improvements — AND WE ARE WINNING! These victories are just the beginning, join the movement and make lasting change for this ESSENTIAL industry!

✅  $15/HOUR MINIMUM WAGE FOR DIRECT CARE WORKERS: This is a huge victory and an important step forward to securing the respect and dignity care workers in our community deserve.

✅  WHISTLEBLOWER PROTECTION IN PUBLIC HEALTH EMERGENCIES BILL: This bill ensured our autonomy as frontline workers and protected us as we evaluated bad actors in our industry that needed reform. This bill assured that we were cared for too.

✅  THE HEALTHY FAMILIES AND WORKPLACES ACT: Because of the power of our collective voices, SB 20-205 a bill which guarantees paid sick leave for front line workers, passed!

✅  AN ACT TO STRENGTHEN & ENHANCE THE HOME CARE WORKFORCE: in 2019, care workers and allies took a stand and helped pass SB 238, a bill that would raise wages for home care workers.

We know that these victories are only the beginning. Call the Care Worker Hotline: Let us know what's going on at your work place and join the fight for lasting change!"
AntiWoke	"🇺🇸  🇮🇱 Learn how to become a registered investor.

• Inspired by Scripture (Gen 49 & Deut 33)
Zion Oil & Gas, Inc. (OTCQX: ZNOG) envisions an Israel that is energy independent from onshore oil and gas finds that have been Biblically promised to Israel."
ProtectFromHarmsCausedByFossilFuels	"Residents of Chittenden County are going to want to take advantage of this unique opportunity 👀

For a limited time we are offering $500 cash to eligible households just for switching to natural gas 💵 💵 💵

How do you get your $500?
✅ Click [Learn More]
✅ Review the Coverage Map
✅ Sign up for a free estimate
✅ Receive $500 cash once the conversion is complete

So don't wait, sign up for a free estimate today!"
OilAndGasExtractionRisks	"The biggest issue with grease theft isn't the money lost—it's the safety risks involved when criminals target businesses. Lenin Sepulveda, arrested last week for trying to steal used cooking oil in the Albany area, had been arrested at least four times in the past year or so for the same crime. He was also charged with assault after he ""was caught stealing used cooking oil by a local restaurant owner and hit the restaurant owner with his vehicle while fleeing the scene.""
Read more here: https://www.news10.com/news/albany-county/orange-co-man-arrested-for-attempting-to-steal-used-cooking-oil/. "
LegislatorsMustActAgainstClimateChange	Communities nearest to polluting facilities would see the benefits of expanded regulation of fossil fuel emissions and water quality first and most.
AntiTax	"On July 25, one of our drivers reported #oiltheft at Bella Napoli Trattoria in Nazareth, PA, where this Buffalo Biodiesel vat had been broken into and robbed by thieves who left the damage shown here. We recycle used cooking oil to make renewable biofuel, but organized crime syndicates are targeting our vats across state lines. Please report any relevant information to the Nazareth Borough Police Department and help us stop rampant oil theft.
WFMZ  lehighvalleylive.com  The Morning Call  Pocono Record  Times News Lehighton  The Valley Ledger. "
BuildBetterAct	"Rep. Bob Rommel (R-Naples) gets personal about what attracts people to move to Florida, legislation he passed to promote free speech on college campuses, educational freedom, and much more.  

Learn more about the Chairman Bob Rommel at floridahousegop.com and help us keep our strong, conservative majority by signing up at FreedomFirewall.com. "
AdvocateForGreenEnergy	"We need resilient infrastructure that meets the demands of the sustainable future. 

That’s why the cement and concrete industry is committed to achieving carbon neutrality across the value chain.

Learn about our Roadmap at shapedbyconcrete.com."
SupportForOilAndGas	"Senator Mitt Romney, several other Democrats, and some Republican Senators brought a bipartisan ""hard"" infrastructure bill to President Biden on Thursday.

""We have a deal"", President Biden said.

But House Speaker Nancy Pelosi wants to pass a much larger ""human infrastructure"" bill that's really just welfare, a bailout of poorly-run states, funds ""green energy"" to kill our American O&G industry and jobs (while foreign countries keep producing), and could possibly include funding for millions of ILLEGALS to get a ""pathway to citizenship"".

https://www.cnbc.com/2021/06/24/infrastructure-deal-talks-biden-invites-bipartisan-senators-to-white-house.html

All of this from the party that screams ""no one is above the law"", ""justice"" this and that, and ""everybody needs to pay their fair share"".

It is a testament to her lack of integrity that Pelosi can keep a straight face as she slurs about Republicans causing a ""Constitutional crisis"" when members of her party have advocated for prosecuting people who criticize lawmakers (1A), the confiscation of guns from law-abiding citizens (2A), and bypassing the due process of the 5th and 14th.

Any infrastructure bill that kills American jobs is a ""NO DEAL"" for us.

Oil & Gas Workers Association is working to secure and advance AMERICAN #oilandgas jobs. We're fighting for AMERICAN workers.

Join us and chip in to Support OGWA at 
ogwaUSA.com

#ogwausa #drilling #offshoredrilling #fracking #pipelines #energy #oilandgasindustry #oilandgasjobs #oilandgasworkers

Please Like and Follow our page. Facebook has been limiting the number of Invites we can send out to people who have reacted to our paid ads and sponsored posts ""to prevent any misuse"". This page should be over 100k Likes and Follows."
SupportForRenewableEnergy	A turning point for ExxonMobil? This week’s shareholder vote could be a huge step toward aligning business strategies with a decarbonizing economy.
GreenEnergySavesMoney	Did you know that heavy transport like ships & trucks are harder to electrify than cars? The good news is zero-carbon fuels like hydrogen and ammonia can do the job instead.
AntiTax	The most famous political scandal in American history is, of course, Watergate. So what exactly was Watergate? Radio host and columnist Hugh Hewitt has the real story.
LegislatorsMustActAgainstClimateChange	Chugach Electric Members! Voting for the utility board closes for paper ballots May 14th @ 12PM. Electronic voting closes May 18th @ 4PM. As part-owner of the cooperative you have a say in who represents you on the Board of Directors! Board members can help achieve reaching a goal of 100% clean energy by 2050. Learn more here >> https://akcenter.org/community/utility-elections/ #cleanenergy. 
GreenEnergyWorks	"🇺🇸  🇮🇱 Inspired by Scripture (Gen 49 & Deut 33)
Zion Oil & Gas, Inc. (OTCQX: ZNOG) envisions an Israel that is energy independent from onshore oil and gas finds that have been Biblically promised to Israel."
ChallengesFacingRenewableEnergy	Find out why climate scientists agree that climate change causes more extreme droughts, bigger fires, and deadlier heat.
AntiWoke	"We are looking to add 2-3 more experienced electricians with their blue card to our growing team. You must be licensed in the State of Oklahoma. Solar and/or renewable experience is a plus but it is not required. Applicants must be trustworthy, detail oriented and enjoy working in a team environment.  

The position comes with an attractive base pay as well as weekly performance pay.  Medical, dental and vision are available.  

Join a growing industry with the premier solar energy company in Oklahoma."
SupportForRenewableEnergy	Wind energy provides Michigan with clean, American-made power.
TackleClimateChange	I got into good trouble! I took action with my sisters in the struggle to stand up for voting rights and union rights with the Women's Moral March yesterday, and I'm urging all of us to do everything we can to defend our democracy - in the workplace and at the ballot box. Without struggle, there is no progress! Power concedes nothing without a demand. - VP Cook. 
TackleClimateChange	"Emissions are used in the process to build a wind turbine with current technologies BUT the carbon emissions are SIGNIFICANTLY lower than our current energy production. The amount of energy that is used to build a wind turbine is paid back in it's first 5-8 months of operation. 

 #renewableenergy #solarenergy #solar #solarpower #cleanenergy #greenenergy #energy #solarpanels #gogreen #renewables #gosolar #sustainability #renewable #solarpanel #climatechange #environment #solarpv #sustainableenergy #solarsystem #photovoltaic #ecofriendly #windenergy #solarpowered #electricity #sustainable #solarinstallation #windpower #savetheplanet #windturbine #renewmexico. "
NuclearEnergyBenefits	During the pandemic, hospitals and first responders could count on always-on nuclear to provide the electricity they need to keep Illinoisans healthy.
RenewableEnergyInfrastructureGrowth	"Texas Comptroller Glenn Hegar recently announced $2.9 billion has been split evenly and deposited into the State Highway Fund and the Economic Stabilization Fund, more commonly known as the Rainy Day Fund. The transfer amounts are based on an uptick in crude oil and natural gas production. Both of these funds are key components of Texas’ long-term economic success and this is welcome news as we strive to build a strong foundation needed for our state’s future growth.

Photo credit:  Roy Luck 2009. "
AntiWoke	"The Constitution is the last best hope against tyrannical overreach. That's why every year during Constitution Week, we celebrate the genius of the founders who wrote it. 🇺🇸 If you listen to one thing before Constitution Week ends, listen to what @Morgan.Zegers has to say about the greatest political document in human history.
#iHeartAmerica #BigGovSucks #Constitution #WashingtonDC #USA #Conservative #TPUSA. "
EconomicAdvantagesOfOilAndGas	Thank you Senator Angus S. King, Jr. for your leadership on plugging orphan oil and gas wells, cleaning up our communities and creating tens of thousands of jobs.
AdvocateForGreenEnergy	"For 15,000 consecutive days, the four nuclear power plants that are closest to Chicago have:

💡 Kept our lights on whenever we needed it
🚫 Avoided harmful air pollutants
👷 Supported good jobs for our friends & neighbors
🧑‍🏫 Funded vital public services

Learn more 👇. "
EconomicAdvantagesOfRenewableEnergy	Almost 40% of greenhouse gases come from heating and cooling buildings. Geothermal is renewable and clean, so it can help save the planet while saving you money.
AntiWoke	Safety defines our business. But not all safety hazards are on the road. #UltimateSafetyTest. 
AgencyToStopClimateChange	Electric co-ops provide affordable electricity, so you can keep the lights on.
GreenEnergyWorks	Did you know, 30% of all power outages are caused by trees? That’s why we’ve doubled our investment on trimming trees near our power lines, making sure team members like Tonya can clear more of the lines that keep power flowing to your home.
RenewableEnergyGrowth	Oklahoma ranks 3rd in the U.S. for wind power production. In 2020, our state generated 29,572 gigawatt-hours of electricity. For reference, a typical 2-megawatt turbine provides enough electricity for 400 houses.
OilCreatesJobs	The Illinois Petroleum Resources Board (IPRB) provides public outreach and educational materials to increase awareness about the importance of the Illinois oil production industry and oil and natural gas to everyday life. Check out our latest newsletter for a roundup of our efforts in 2021!
EconomicAdvantagesOfRenewableEnergy	"The American Jobs Plan will create millions of good-paying jobs. 🔧 Jobs modernizing our roads, bridges, and highways. ⚡ Jobs building a modern, clean-energy power grid. 🏡 Jobs you can raise a family on. 

Jobs that build America into a brighter future for us all ☀️. "
AdvocateForGreenEnergy	Chispa is a grassroots community organizing program building the power of Latinos and communities of color in the fight for climate justice. ⚡️🌿. 
AntiWoke	"🚲  Check out McGuire Auto Parts of member area White River Electric Association and how they are using an electric bike for their local delivery service! #eBike #BeneficialElectrification  #ElectrifyandSave  #EnergyEfficiency 

🔋 Learn more about the benefits to eBikes here: https://tristate.coop/7-great-benefits-electric-bikes. "
PoliticalActivismForRenewableEnergy	"Los Angeles Rallies Against Anti-Asian Hate

The event, titled “Love Our Communities: Build Collective Power,” came together in Little Tokyo in response to the recent increase in violence against Asian Americans.

Link in bio

@ccedla 
@ktown4blacklives 
@nikkeiprogressives 
@tnproject 
@thesundayjump 
@kmb_la 
@apiequalityla 
@jtown.action.and.solidarity. "
OilCreatesJobs	Memphis City Council is proposing a new ordinance that would effectively prevent Memphis gas stations, airports, and local  businesses from operating and maintaining underground infrastructure, hurting the economy and costing Memphis jobs. Tell the city council to vote NO on this Ordinance 5782. https://bit.ly/2QL5gfc. 
GreenEnergySavesMoney	A job-creating pipeline project will safely move tanker loading offshore. Learn what’s happening in the Corpus Christi region.
OilAndGasExtractionRisks	With summer storms approaching, #natgas will help keep your hot showers and warm meals flowing.
EconomicAdvantagesOfRenewableEnergy	"Old windows are destroying the view. We can do better. Link in bio to find out how.
.
.
.
#wecandobetter #energy #conservation #energysaving #glacier #glaciers #climatechange #actonclimate #protectourwinters #personalaction #beautifulplanet. "
ReduceEmissions	"As California experienced power outages, many jumped to blame renewable energy as the primary cause. Green energy was getting a bad rep, but researchers found that renewable energy wasn’t the problem, it was the necessity for a reliable, shared transmission grid.

To read more about how transmission could have prevented this, click here >> https://www.latimes.com/environment/story/2020-08-19/how-california-can-keep-lights-on-while-meeting-clean-energy-goals. "
AdvocateForGreenEnergy	"The Coca-Cola Company is unveiling our first-ever beverage bottle made from 100% plant-based plastic, excluding the cap and label, made using technologies that are ready to be commercially scaled. 

As part of our #WorldWithoutWaste vision, Coca-Cola is decarbonizing our packaging by including more recycled and renewable content while creating a circular economy for our packaging so that it gets collected and recycled. This innovation supports the World Without Waste vision, specifically the recently announced target to use 3 million fewer tons of virgin plastic from oil-based sources by 2025. A limited run of approximately 900 of the prototype plant-based bottles have been produced.

Read the full story here: cokeurl.com/sbk5c8. "
TackleClimateChange	We have a once-in-a-generation chance for Congress to pass an economic recovery package that uplifts all of us, regardless of what we look like or where we come from. The THRIVE Act creates good jobs, combats climate change, and lifts up communities of color. Help us make economic recovery a reality today. Take Action Today>>. 
AntiWoke	The Western world has produced some of the most prosperous and most free civilizations on earth. What makes the West exceptional? Ben Shapiro, editor-in-chief of the Daily Wire and author of “The Right Side of History,” explains that the twin pillars of revelation and reason — emanating from ancient Jerusalem and Athens — form the bedrock for Western civilization's unprecedented success.
EconomicAdvantagesOfOilAndGas	"NYGOP Chairman Nick Langworthy Takes “Just Say No” Tour to Hornell. He is joined by Local Officials in Opposition to November Ballot Proposals Threatening Election Integrity.

New York State Senator Tom O'Mara
Tom O'Mara for Senate
Steuben County Republican Party. "
LegislatorsMustActAgainstClimateChange	Introducing our new ultimate safety features.
ProtectFromHarmsCausedByFossilFuels	"Shame on you, Rep. Herrell. New Mexico deserves better. Our families deserve someone who will fight for our future and our communities

For far too long, our communities and environment in the South have been sold out to big Oil and Gas - we must stop that!"
NuclearAdvocacy	"I am outraged that Germany’s along with the EU nations continue to believe that America should fight their energy wars. NATO was set up to protect them from Russia yet they purchase their energy from Russia, meanwhile asking Americans to die in their energy wars, I don’t think so.

Unfortunately, America's hands are not clean on this energy crisis either, The Biden administration under their green energy policies have weakened America’s security by increasing oil purchases from Russia, under President Trump, America was energy independent purchasing only 18,000 Barrels of oil per day from Russia after Biden reversed our energy independence America is currently purchasing 208,000 Barrels of oil daily from Russia, setting up ‘Yet’ another war over energy.  

We cannot allow another World War III over green energy; we will achieve our climate goals but not at the cost of the world’s security. America alongside, NATO, Germany, and the EU must choose energy independence keeping us out of costly wars or America should remove ourselves from NATO understanding that our nation’s security comes first.  

Ukraine is not America’s crisis, it’s NATO’s, Germanys, and the EU’s crisis. America must focus on China while restoring our energy independence keeping America out of War. 
#AmericaFirst. "
GreenEnergySavesMoney	Republicans and Democrats agree: Government-controlled power is a bad idea for Maine. Tell us what you think: https://bit.ly/34w9wFZ. 
PoliticalActivismForOilAndGas	"“I was in the refinery’s central control room during Hurricane Delta when a call came in over the radio from the Sheriff’s Department. They called us at the refinery to ask if anyone there could help rescue a woman and her two dogs trapped in a flooded car on Old Spanish Trail not far from the refinery. The Sheriff’s Department and Westlake Fire Department couldn’t reach the individual and they asked us for help.” ~Sean Smith, Operations Manager, Phillips 66 Lake Charles Refinery

“Without hesitation, the three of us jumped into the refinery’s high-clearance fire truck and drove to the scene. Driving at night with high winds and severe flooding, there were several road hazards. We even had to swerve to avoid a trampoline that was in the middle of the road. We quickly spotted the car that was submerged in about four feet of water.” ~Chris Dailey, Safety and Emergency Response Team Lead, Phillips 66 Lake Charles Refinery

“We were able to pull the woman and her two dogs from the car, and then transport her to the local Westlake Fire Station. Even though the Fire Station was less than two miles from the refinery, our trip there was anything but easy, we had to maneuver through 45-mph winds and downed power lines. Ironically, on the way back to the Fire Station, the dogs were calm - albeit wetter than normal.” ~Zach Evans, HSE Specialist, Phillips 66 Lake Charles Refinery

Sean, Chris, and Zach's stories are  part of our ""Humans of the Industry"" series."
AntiTax	"As Governor Northam and the Richmond Radicals scheme to pass the Gun Ban, we need patriots to fight in a minutes notice!

If you are dedicated to fighting to stop Governor Northam's Ban on Semi-Automatic Sporting firearms, join up today!

https://virginiaconservatives.net/virginia-minutemen

In 1775, the Minutemen were an organized force of Patriots which, at a moment’s notice, would mobilize to defend their communities and liberty.

Today, Virginia is engaged in a political war to defend that same liberty and needs every single patriotic man and woman to join the Virginia Minutemen .

Will you answer the call to carry on this great tradition of ordinary citizens, in the midst of a great crisis, standing up to fight?

 I am going to speak frankly; this will not be an easy fight.  But it wasn’t in 1775 either.  As the new wave of radical anti-gun politicians take up the power of government, they do so with a vengeance. And, unless you act, they will destroy the Constitution, your right to keep and bear arms, and usher in a wave of totalitarian legislation that will be very hard to repeal.

 This is why it is vitally important that you sign up to join the Virginia Minutemen program today.

 Being a Minuteman is not for everyone.  Some are not as dedicated to defending our great Virginian tradition of liberty and are not ready to commit to doing the work necessary.

I must tell you, it will be hard work.

Here at the Virginia Constitutional Conservatives, we are asking for volunteers to, in a moment’s notice, swing into action to defend their liberty, and the liberty of generations to come. In over a decade of grassroots political action, there are proven tactics and actions that will lead to victory; if you can mobilize enough patriots to act.

So that is what I am asking of you today.

Will you pledge to join the Virginia Minutemen?"
OilAndGasExtractionRisks	"Enter for your FREE chance to win $200 for gas. 

Gas is expensive and summer trips are coming up. While we can't fix the prices, we can help you pay for it. We’re giving away $200 gas gift cards to FIVE lucky winners – and one of those could be you. 

Don’t miss this chance – sign up to enter for a chance to win a $200 gas gift card!"
TackleClimateChange	Iowa scientists: Climate change will bring floods, drought and supercharged ragweed. 
AgencyToStopClimateChange	"""If we lose freedom of speech in America, then there is nothing left to fight for. Once we lose that, they're going to take everything away from us.""

When Chavez took power, Maria Bello’s family went from the middle class to standing in long food lines. Maria had never experienced freedom until she escaped socialism in Venezuela and came to the United States. Now she fights for freedom here by boldly speaking the truth about socialism—and how it destroys lives. Watch her extraordinary story of her fight for freedom."
AntiWoke	"“Kim McCarthy owes us an apology.”
Kim McCarthy, the township trustee candidate, refused to stand for the American Flag and recite the Pledge.

She took a knee at a public meeting in full view of everyone there. 

The late  Supreme Court Justice spoke about this. Kim McCarthy should read this. 

The liberal Supreme Court Justice Ruth Bader Ginsburg would say McCarthy was ridiculous. 

McCarthy needs to apologize to everyone for her horrible action.

""Not standing for the anthem shows a “contempt for a government that has made it possible for their parents and grandparents to live a decent life … Which they probably could not have lived in the places they came from … as they became older, they realize that this was youthful folly. And that’s why education is important,” Supreme Court Justice Ruth Bader Ginsburg told Katie Couric at the time. 

“I think it’s a terrible thing to do, but I wouldn’t lock a person up for doing it. 

I would point out how ridiculous it seems to me to do such an act.” RUTH BADER GINSBURG

Kim McCarthy should never hold public office and hold power over our community."
ClimateActionDonation	Thank you to all the firefighters, paramedics, and first responders for all you do to keep our community safe.
LegislatorsMustActAgainstClimateChange	FREE COVID-19 VACINATION CLINIC! AND FOOD PACKAGES, DIAPERS FOR THE COMMUNITY! NEED HELP WITH RENT OR EDD/UNEMPLOYMENT INSURANCE (UI) COME ON BY TO THIS EMPLOYEE RIGHTS CENTER EVENT!  4265 FAIRMOUNT AVENUE (Next to the gas station, corner of El Cajon Blvd and Fairmount Avenue) If you have questions, please call 619-995-8973.
OilAndGasExtractionRisks	"The first thing Aysha picks up when she wakes up to the warm glow of the morning sun is not an iPhone, not an alarm clock, not even a glass of water. It’s the large plastic canisters she needs for the 8-hour journey to find water for her family's survival.

If President Biden is serious about fighting poverty and pursuing equity, he should start by reversing his ban on fossil fuel financing for the developing world."
CallsToInvestInRenewableEnergy	"Imagine having a toxic oil well beside your house or the playground your kids play on. That’s the reality millions of Californians face. 

CA state leaders are considering a rule that would put an end to this practice for new wells and are accepting public input—but only until December 21. 𝐒𝐮𝐛𝐦𝐢𝐭 𝐲𝐨𝐮𝐫 𝐩𝐮𝐛𝐥𝐢𝐜 𝐜𝐨𝐦𝐦𝐞𝐧𝐭 𝐍𝐎𝐖 𝐚𝐧𝐝 𝐡𝐞𝐥𝐩 𝐠𝐞𝐭 𝐨𝐢𝐥 & 𝐠𝐚𝐬 𝐰𝐞𝐥𝐥𝐬 𝐨𝐮𝐭 𝐨𝐟 𝐨𝐮𝐫 𝐜𝐨𝐦𝐦𝐮𝐧𝐢𝐭𝐢𝐞𝐬!

𝑉𝑖𝑑𝑒𝑜: 𝑆𝑚𝑢𝑔 𝑀𝑜𝑟𝑒𝑛𝑖𝑡𝑎. "
PoliticalActivismForRenewableEnergy	NYGOP Chairman Langworthy Calls on Lieutenant Governor Hochul to Start Answering Questions. What Does She Know About Cuomo’s Numerous Scandals?
TackleClimateChange	Follow LCV if you think our Earth is worth fighting for 🌎 ✊👇. 
AdvocateForGreenEnergy	More frequent, more intense, more deadly extreme weather events predicted for the Northeast.
ReduceEmissions	"ENERGY FACT: Wind turbines shut down in storms, right when we need them the most. That's why we need reliable baseload energy from nuclear and natural gas.
SOURCE: https://www.energy.gov/eere/articles/wind-turbines-extreme-weather-solutions-hurricane-resiliency. "
TackleClimateChange	Will you sign our pledge to end world hunger and its root causes? If we’re going to take on food insecurity, we need to address crop devastation, broken water systems, political conflict, and more. Show your support for addressing ALL the causes of world hunger: Add your name now.
EconomicAdvantagesOfRenewableEnergy	"A political storm is brewing.
There are those who want the “Big conversation” about Bellbrook-Sugarcreek not to happen. 

These individuals refuse to set aside egos, and their own political power ambitions, territorial issues, long-standing feuds, and come together for what is best long-term for our communities.

Some are against it because it will affect their well-paying government positions. Others, like our Cancel Culture Progressive leaders, it's only because I am asking the ""Big"" questions. They can not see past their HATE and Intolerance.

Truth, Facts, and Evidence are what the taxpayers need to see about what has been done in the past and why it was doomed for failure.

One only needs to look at the Corner Stone development or drive on Wilmington Pike. The results of the past failures are clearly visible. It can not be denied.

Those involved in the last attempt to merge our communities, could not have predicted the consequences our Community is now dealing with. 

All efforts in the past were doomed to fail.
Some involved would later whisper quietly, it was rigged to fail.

The Last study done in 2009 was a failure before it even began. The wrong questions were being asked, the truth was not being told to the public about what failure would mean to the long-term development of our community.

Some involved refused to set aside personal feelings, political ambitions, territorial squabbling, tainting the process and the results.

The land which has been taken by the City of Centerville, stealing a large section of Townships commercial tax base, is the proof all anyone needs to see.

There is “naive talk” from those in power and against the ""Big Conversation"" about Centerville having a new City Manager and he’s not as aggressive as the last one on annexing land from Sugarcreek Township.

That they can “talk to Centerville, work with Centerville.”

History calls it appeasement.
One only need to ask “Neville Chamberlain”
how this policy worked out for England.

“I want annex” is the developer's legal tool of choice, like a petulant child screaming when it does not get their way. ""We will sue the Township,"" is always the next phrase out of the developer's attorney's mouth.

Here is a heads up the township will not speak out loud.

It is the Cities of Centerville and Kettering, along with developers like Oberer Development, who controls, and are dictating, what is happening in the township.

The wolves are at our gates.

They come into our communities, filling their pockets, and then leave us with overcrowded roads and an infrastructure that is failing/has failed. 

Drive down Feedwire road during peak times. It's a nightmare. Every intersection is a choke point. The bridge over I-675 needs to be four lanes. Some say all of Feedwire needs to be upgraded to four lanes. The roads and intersections throughout the Township all need to be fixed/upgraded. 

Why is there not a moratorium on all development until the infrastructure is fixed? This is the question you should be asking your elected officials?

But still, this ""March of the Developers"" continues onward.

Look at the land map which is posted on this page.
Look at the Cities all around the Township borders.

It’s open season on the township land and there is very little that can be done to stop those surrounding cities from grabbing what they feel is their fair share, using these developers.

These surrounding cities look towards Sugarcreek and a way to increase their tax base for their communities.

Look what has happened since 2009 in Sugarcreek Township. It is now 2022. What will the Township look like in 2035?

Will, we even recognize Sugarcreek in the next 13-years? Change is coming, and it's not all good. Use your power to say NO.

It is time to have the “Big Conversation” about 
what the taxpayers are going to allow in their community. 

**FACT: If the City of Bellbrook and Sugarcreek Township engage in another Merge Study/Talks, legally it stops any City during the process from annexing any part of the Township. This is going to be a long conversation and it needs to start sooner, rather than later.

It’s your future. Your voice matters!"
AdvocateForGreenEnergy	Thanks to Joe Biden the cost of gas has increased 45% in the past year.
AntiWoke	Michael Knowles and Farah Jimenez discuss Race and Culture, Thomas Sowell’s powerful analysis on why culture has a profound impact on the socioeconomic outcomes of different minority groups. Is systemic racism really to blame?
OilAndGasExtractionRisks	"Do you want the U.S to become a socialist country where the government owns the electricity, water, coal, and oil supply? The car, transportation, steel industry, and health services? Do you want to live in a gray and boring country? I don’t. If you don’t think that this can happen here, you are very mistaken. Shortages are already happening. When was the last time you ever went to the grocery store and saw so many empty shelves?

And what’s Jamie Raskin doing about it? Nothing but serve his own interests. 

#rocaforcongress #socialism #socialismsucks #supplychain #supplychaincrisis #congress #maryland8 #jamieraskin. "
OilAndGasJobs	Spread the word... we're giving away a year’s worth of FREE gas to one lucky winner! All you have to do is scan the QR code at our gas pumps to enter for a chance to win. Happy September!
GreenEnergyWorks	"Join us for climate-centered event - a Q&A on how climate change is impacting our communities - followed by a chance to meet Ashley and learn more about her candidacy. There is limited space and therefore limited spots for tickets. 

Get yours today! https://secure.actblue.com/donate/clim11122 

#strongrootamodernvision #NC06 #ward4congress. "
ChallengesFacingRenewableEnergy	Some Lawmakers are proposing expansion of video gaming terminals or VGTs to gas stations, convenience stores and pizza parlors. They are impossible to regulate and unsafe for our kids and communities.
AdvocateForGreenEnergy	Pipeline operators design the routes of their lines to limit impacts to environmentally sensitive areas and to follow existing utility corridors whenever possible.
NuclearAdvocacy	"""The caucus’s core principles around climate change are clear and accessible: It’s real. It’s global. Economic freedom is the answer. And an 'all of the above' energy approach rooted in free enterprise is better than an “everything but fossil fuel” policy."" -- C3 Solutions Co-Founder John Hart. "
OilCreatesJobs	Europe offers a portent of the havoc to come under the Biden administration’s policies that aim to shut down fossil-fuel production and power the U.S. grid exclusively with renewables.
ChallengesFacingRenewableEnergy	"January is National #RadonActionMonth. Radon gas, the second leading cause of lung cancer, occurs naturally in the ground. One question we often hear is, ""If my neighbors’ homes all tested low for radon gas, why should I test mine?""

But radon levels can vary greatly from house to house—even on the same street. 

Learn more and test your home: https://bit.ly/3sXfH04. "
LegislatorsMustActAgainstClimateChange	There’s a disaster coming for your wallets and it’s one that will have an impact on all of us.
AdvocateForGreenEnergy	Study: Climate change gave Oregon heat wave boost to record-breaking temperatures. 
LegislatorsMustActAgainstClimateChange	Energy efficiency is the quickest and cheapest way to meet our energy needs while also helping Floridians save money on their power bills … But Florida’s outdated practices take true efficiency off the table. Urge state regulators to update Florida’s policies!
AdvocateForGreenEnergy	Will give a $25 gift of love to support re:power alumni like Chanel Powe? re:power helps grassroots organizers across the country.
NuclearEnergyBenefits	"Start off the New Year by checking off a couple of your goals when you purchase a Friends of Coal license plate!

1. Support your community- local coal miners and their families ☑️ 
2. Support UK students ☑️. "
PoliticalActivismForRenewableEnergy	The Democrats want to give the IRS the power to monitor every bank account with $600 or more in America. This is wrong. If they get this power, Democrats will harass and audit Republicans. Meanwhile, Hunter Biden and the Clintons get rich on foreign cash...
TackleClimateChange	"Carbon capture technology allows CO2 to be transformed into a useful product or be permanently sequestered.

Learn why carbon capture is critical to cutting emissions at cement plants and achieving carbon neutrality at shapedbyconcrete.com."
LegislatorsMustActAgainstClimateChange	The American Jobs Plan is packed full of promising investments that can generate millions of new, good-paying union jobs, revitalize our nation’s aging infrastructure, lessen economic and environmental inequalities and drive progress on our urgent climate goals.
EconomicAdvantagesOfRenewableEnergy	Sen. Tomlinson voted to stall PA’s participation in a program that would limit pollution and boost economic recovery.
AntiTax	"On July 6, one of our drivers reported #oiltheft at McGillicuddy's in New Paltz, NY, where this Buffalo Biodiesel vat had been broken into and robbed, shown here unsecured and partly dissembled by thieves. 

Buffalo Biodiesel recycles restaurants' used cooking oil to make renewable biofuel, but organized crime groups appear to be targeting it across the region. Please report any relevant information to the Town of New Paltz Police Department and help us stop these criminals. 
New Paltz Times  News 12 Hudson Valley  Hudson Valley Post  Spectrum News 1 Hudson Valley  WTEN  Daily Freeman  WAMC Northeast Public Radio  Poughkeepsie Journal  lohud  recordonline.com. "
OilAndGasExtractionRisks	"🚨 FREE EVENT ALERT 🚨

Join us on Wednesday, Dec. 1, for our Petroleum Alliance recruitment lunch! Whether you're a new member who wants to learn more about our organization, or a current member who has industry peers who would benefit from joining, we encourage you AND your guests to come learn how we support Oklahoma's oil and natural gas industry. 

Please RSVP through our Membership & Marketing Coordinator Annie Parks at 405-601-2828 or annie@okpetro.com."
AdvocateForGreenEnergy	Nuclear energy can bring reliable power and new clean energy jobs to Alaska. Show your support by liking our page today.
OilAndGasTax	With gas more than $4 in California, Gavin Newsom's $800/year gas tax is affecting families up and down the state. Should it be repealed?
TackleClimateChange	Actress and environmental activist, Jane Fonda, interviewed our General Manager, Joseph McNeil Jr. – along with ColetteColette Pichone Battle and Tim Donaghy – for Fire Drill Fridays, where they discussed the harmful history of fossil fuel extraction in BIPOC communities, and how Biden and Congress can take historic action to end fossil fuel racism.
EconomicAdvantagesOfOilAndGas	Crime is on the rise in California. I will do everything in my power to keep our communities safe. Vote for Kevin Kiley for Governor.
EconomicAdvantagesOfRenewableEnergy	Instantly triple your impact to protect our planet. Thanks to a long-time EDF supporter, all donations will be matched $2-for-$1. Please give today.
EconomicAdvantagesOfRenewableEnergy	Not all electricity providers are the same. Electric co-ops power businesses, homes, schools and farms across the country and support more than 600,000 jobs. Learn how co-ops do more than just keep the lights on. #CooperativeDifference #Voices4CoopPower. 
NuclearEnergyBenefits	The Western world has produced some of the most prosperous and most free civilizations on earth. What makes the West exceptional? Ben Shapiro, editor-in-chief of the Daily Wire and author of “The Right Side of History,” explains that the twin pillars of revelation and reason — emanating from ancient Jerusalem and Athens — form the bedrock for Western civilization's unprecedented success.
NuclearEnergyBenefits	Did you know America’s oil and gas industry helps develop lightweight plastics for your vehicle that help save you money? Find out how today!
EconomicAdvantagesOfOilAndGas	"“The City Council knows the proposal runs counter to state and federal law, but seems intent on risking needless lawsuits when budgets are tight. It appears heedless to the fact that the ordinance would raise energy prices and jeopardize the fuels that power Memphis’ economy and mobility.” 

Read more: https://bit.ly/3eYsCGC. "
DemocratOutreach	Congratulations to Justin Musella on making #11 on InsiderNJ's Power List of Millennials.  He will do great things for Parsippany!
OilCreatesJobs	The AIDEA has issued a notice of intent to award SAExploration for pre-development permitting and planning work on the Section 1002 Area oil and gas leases.
EconomicAdvantagesOfRenewableEnergy	SCP, the public power provider for Sonoma & Mendocino Counties, makes renewable energy accessible to residents and businesses with competitive rates and big community benefits.
AdvocateForGreenEnergy	"Wondering why our electrical bills have gone up? It isn't because of delivery aka CMP, or Versant. It is the increase in cost associated with natural gas. 

""In Maine, electric utilities are not allowed to also generate power. That was a result of deregulation in the late 1990s. Most electric bills come from CMP or Versant, but only half of the monthly payment is for those companies that deliver the power. The rest goes to whichever company the customer has chosen to supply their electricity. For most people, it’s the standard offer, negotiated annually by the PUC.""

https://www.newscentermaine.com/article/money/business/most-mainers-face-big-electric-bill-hikes-next-year-power-money-increase-wallet/97-8d9b87e5-b7bc-470c-92c1-23428458be7d. "
AdvocateForGreenEnergy	In partnership with the Jamestown S’Klallam Tribe, Washington Policy Center just released this new video showing the importance and sustainability of aquaculture.
CallsToInvestInRenewableEnergy	"🔴 Amy Klobuchar just gave a RINGING ENDORSEMENT of H.R.1: “𝐈𝐭 𝐰𝐨𝐮𝐥𝐝 𝐟𝐮𝐧𝐝𝐚𝐦𝐞𝐧𝐭𝐚𝐥𝐥𝐲 𝐢𝐦𝐩𝐫𝐨𝐯𝐞 𝐨𝐮𝐫 𝐝𝐞𝐦𝐨𝐜𝐫𝐚𝐜𝐲 𝐛𝐲 𝐩𝐫𝐨𝐭𝐞𝐜𝐭𝐢𝐧𝐠 𝐯𝐨𝐭𝐢𝐧𝐠 𝐫𝐢𝐠𝐡𝐭𝐬, 𝐬𝐞𝐜𝐮𝐫𝐢𝐧𝐠 𝐨𝐮𝐫 𝐞𝐥𝐞𝐜𝐭𝐢𝐨𝐧 𝐬𝐲𝐬𝐭𝐞𝐦𝐬, 𝐚𝐧𝐝 𝐠𝐞𝐭𝐭𝐢𝐧𝐠 𝐝𝐚𝐫𝐤 𝐦𝐨𝐧𝐞𝐲 𝐨𝐮𝐭 𝐨𝐟 𝐨𝐮𝐫 𝐜𝐚𝐦𝐩𝐚𝐢𝐠𝐧 𝐬𝐲𝐬𝐭𝐞𝐦𝐬.”

BUT: Mitch McConnell and his corrupt Republicans announced they’re going ALL IN to kill this bill in the Senate.

So we’re power-fundraising to hit 25,000 donations today to pressure the Senate to pass the For the People Act. If we fall short, McConnell will be THRILLED! . Do not delay, rush $10 NOW >>. "
AdvocateForGreenEnergy	Floods are happening more often, and they're getting worse. Climate change is already a factor in dangerous, extreme weather. In Wisconsin, we see a sharp increase in precipitation that can lead to more floods each year. Without a transition to a clean energy future, hazardous climate events may get worse.
ReduceEmissions	"Small businesses power Nevada’s economy, but they can’t succeed if their employees can’t come to work because they can’t afford childcare. 

The American Families Plan cuts the cost of childcare in half for most families and makes sure everyone at the top pays their fair share.

Let’s take the next step together."
OilAndGasExtractionRisks	"""Stone-Manning sent a disturbing letter to the US Forest Service on behalf of ecoterrorists, then covered up their crimes and lied to the Senate.""- John Barrasso. "
NuclearEnergyBenefits	"“A Montclair Town Center Microgrid would provide resilient, clean and economical energy to several of our most critical infrastructure facilities,” said Montclair Mayor Sean Spiller. “At the same time, it would enhance security for our entire community during power grid disruptions.”

http://ow.ly/v6TV50EDzYu. "
CallsToInvestInRenewableEnergy	Whether they’re employing thousands of Illinoisans or funding local schools, Illinois’ nuclear power plants are ensuring a brighter, cleaner future for our children. Hear from this Byron resident why #ILNeedsNuclear:. 
InroadsMadeByRenewableEnergy	"As we continue our review of 2021, we want to look back at one of our biggest projects completed, our MET Mast Towers! They were installed in November 2021, completing phase two of Anpetu Wi Wind Farm. These towers will measure the wind characteristics on our land for 18-24 months, and they are an extremely important part of realizing the wind farm. 

As always, if you want to find out more about our wind farm, visit AnpetuWi.com for the details!"
OilCreatesJobs	AXPC is committed to solutions that lower methane and greenhouse gas emissions while providing the country with abundant, low cost, reliable energy. Like our page to learn more!
OilAndGasExtractionRisks	"Coming next week: ""Corruption within the Sugarcreek Police Department."" Now, this is the BIG Question for the Sugarcreek Community: 

Were the Township Manager and Trustee's ""asleep at the wheel and blissfully unaware"" like they were with the $1.3 million dollars in accounting errors the State discovered? 

Or did they know? Should they have known? If not, why did they not know?

Always asking the hard question of those in power, seeking the truth, no matter where it leads."
EconomicAdvantagesOfRenewableEnergy	Come learn about solar and renewable energy at our free Solar 101 class. Event will be located at the Norman Central Library in the Lowry Board Room. Dinner will be provided from Chick-fil-a!
AgencyToStopClimateChange	The Line 5 pipeline provides thousands of jobs and supports millions of households with power. Hear what leaders are saying about the importance of Line 5:. 
AdvocateForGreenEnergyPoliticalAction	The world is “easing back to normal.”  Does that mean more energy consumption? Yes. But it also means that smart people will go back to laboratories to focus on how to make our world a better and safer place, including figuring out how to continue to reduce emissions while keeping the world moving forward. https://bit.ly/2S72D7P. 
ReduceEmissions	"For two years this page has listened.
We have heard the voices of our community members.

Our community is now leading other communities across Ohio to defeat these unfair and brutal property tax levies on our homes. 75% of all property tax levies failed last election, thanks to the the VOTE NO SUPPORTERS of Bellbrook-Sugarcreek leading the way!

Only on this page will you find the TRUTH, FACTS, AND EVIDENCE about our school board, and its financial health, exposing facts from fiction.

The VOTE NO page has taken on the hard issues, the school board and yes Pac, refuse to address.

While we were speaking out, they were SILENT.

We have held those in power accountable for breaking Ohio Laws and won in Court. Proving what we said on this page, was in fact TRUE.  Our claims were not ""frivolous,"" as the school board, the administration, and the yes Pac claimed, lying, trying to deceive the community.

This page works for the taxpayers.
You speak, we listen.

Please join the Bellbrook-Sugarcreek Property Tax Revolt of 2021. 

NO MEANS No!"
NuclearAdvocacy	Maryland needs common-sense solutions for our environmental challenges. Like our page to learn how nuclear carbon-free energy can help.
TackleClimateChange	The warming climate is sparking wildfires on the East Coast. 
EconomicAdvantagesOfRenewableEnergy	Its mass-timber structure sequesters carbon and resists fire.
TackleClimateChange	"What do women of color need to succeed as they step into positions of power? 

Our very own ED Karundi Williams talks with Poder NC Action's Irene Godinez and West Virginia Danielle about what it's like to be the first BIPOC women in their positions.

https://forgeorganizing.org/article/being-first. "
LegislatorsMustActAgainstClimateChange	New Mexico public workers: join the fight for fair pay. Send an email to the legislature supporting a $15 minimum wage.
AntiDemocraticCandidates	Americans should have the freedom to make their own medical decisions and not be forced to get a vaccine just because power hungry politicians in D.C. say you have to.
InroadsMadeByOilAndGas	"TPUSA LIVE is the unfiltered, grassroots alternative to mainstream media. Watch daily shows, live in-studio content from TPUSA HQ and weekly shows covering politics, pop-culture, sports and everything in-between. Tune in every weekday starting at 5 PM ET / 2 PM PT.

Check out today’s show! 

Human Events Daily host Jack Posobiec discusses the lawsuit involving Alec Baldwin, the rising number of drug overdoses, a possible technological glitch in Rittenhouse evidence, & is there a secret plot causing gas prices to soar?

The TPUSA LIVE team is joined by host, Jon Root, and special guests Alex Clark, Christine Yeargin, Colton Duncan, Dave Morgan & Debbie Gillespie who will talk about airlines and their mandates, the Professor Watchlist, & play 'Law or Nah.'

Benny on the Block host Benny Johnson covers the NASCAR Cup Series Finale at Phoenix Raceway with Matt DiBenedetto.

We will wrap up the show with POPlitics with Alex Clark as she dives into the hilarious moment on Laura Ingraham's show, Chuck E Cheese Pizza conspiracy, T-Swift playing in the White House, and more!"
EconomicAdvantagesOfRenewableEnergy	"If you have a ventilation hood over your gas stove, use it. It could improve your family’s health.

If you don’t have a ventilation hood, open a window to improve ventilation while you cook.

Gas stovetops, while seemingly harmless, emit unhealthy air pollutants.

Learn how you can keep your family safe from indoor air pollution."
OilAndGasJobs	Rep. Spanberger wants to strengthen America's economy with millions of good-paying clean energy jobs - to recover now and build for the future.
AgencyToStopClimateChange	As part of our ongoing commitment to update the community, we’ve released our latest Ventura Compressor Project Newsletter. Read about our upcoming Community Town Halls (10/12, 10/14 or 10/16) and meet our local public affairs manager: socalgas.com/venturanewsletter. 
AntiDemocraticCandidates	Being a feminist today means holding contempt for men, the nuclear family, motherhood, and femininity—going against everything the original women's movement stood for. In this special compilation episode, Candace Owens and her guests discuss why modern feminism is a departure from securing women’s rights to adopting leftist ideology.
TackleClimateChange	"More from ABC World News Tonight, with David Muir’s coverage on the #Tongass. Meredith Trainor, SEACC’s Executive Director, spoke with Linsey Davis about the way that the protection of old-growth in the Tongass can help mitigate climate change.

“It’s the whole system that works together to sequester carbon,” Meredith says. “And old-growth is much more effective at doing that than young-growth forest.”

See details for the “Climate Crisis: Saving Tomorrow” series here: bit.ly/3oemMVW. "
TackleClimateChange	“These are challenging and unprecedented times. We need bold, new initiatives like OpenET to solve our water resources problems.”—Justin Huntington, watermapper, research professor DRIScience.
RenewableEnergyInfrastructureGrowth	"It’s World Green Building Week, a campaign to accelerate sustainable, energy efficient buildings. 

The industry is dedicated to providing building materials that will help mitigate climate change. #BuildingResilience 

Learn more: shapedbycocncrete.com."
TackleClimateChange	🚨NORTH CAROLINA, to make change we need your help🚨. 
OilCreatesJobs	Energy made in America creates high-paying jobs, strengthens energy security, and fuels economic growth across all industries. Like our page (@AXPCUS) to join the conversation about the importance of producing energy right here at home 🇺🇸. 
DemocratOutreach	New Mexico public workers: join the fight for fair pay. Send an email to the governor supporting a $15 minimum wage.
AdvocateForGreenEnergy	11am Sunday Multiplatform Services- Both In-Person & Zoom.  All Peoples is a Member of the Unitarian Universalist Association, a Welcoming Congregation, Green Sanctuary, & member of Interfaith Paths to Peace.  Learn more about us at www.allpeoplesuu.com. 
LegislatorsMustActAgainstClimateChange	"🔴 𝐀𝐋𝐄𝐑𝐓 🔴 | Water sources in multiple states, including Illinois, New Jersey and Wisconsin, have recently tested positive for harmful PFAS “forever chemicals,” creating serious health risks like cancer and birth defects. 

Meanwhile, 𝐁𝐢𝐠 𝐎𝐢𝐥 𝐚𝐧𝐝 𝐆𝐚𝐬 𝐚𝐫𝐞 𝐫𝐚𝐤𝐢𝐧𝐠 𝐢𝐧 𝐁𝐈𝐋𝐋𝐈𝐎𝐍𝐒 𝐨𝐟 𝐝𝐨𝐥𝐥𝐚𝐫𝐬 𝐚𝐬 𝐭𝐡𝐞𝐲 𝐩𝐮𝐦𝐩 𝐦𝐨𝐫𝐞 𝐨𝐟 𝐭𝐡𝐞𝐬𝐞 𝐭𝐨𝐱𝐢𝐧𝐬 𝐢𝐧𝐭𝐨 𝐭𝐡𝐞 𝐠𝐫𝐨𝐮𝐧𝐝 — 𝐚𝐧𝐝 𝐭𝐡𝐞 𝐄𝐏𝐀 𝐢𝐬𝐧’𝐭 𝐥𝐢𝐟𝐭𝐢𝐧𝐠 𝐚 𝐟𝐢𝐧𝐠𝐞𝐫. It’s time for the EPA to step up and take action, but they won’t listen unless enough people sign our URGENT petition. 𝐖𝐞 𝐬𝐭𝐢𝐥𝐥 𝐧𝐞𝐞𝐝 𝟐𝟗 𝐦𝐨𝐫𝐞 𝐬𝐢𝐠𝐧𝐚𝐭𝐮𝐫𝐞𝐬 𝐛𝐞𝐟𝐨𝐫𝐞 𝟏𝟏:𝟓𝟗 𝐩.𝐦. 𝐭𝐨𝐧𝐢𝐠𝐡𝐭, 𝐚𝐧𝐝 𝐲𝐨𝐮𝐫 𝐧𝐚𝐦𝐞 𝐢𝐬 𝐦𝐢𝐬𝐬𝐢𝐧𝐠 — 𝐰𝐢𝐥𝐥 𝐲𝐨𝐮 𝐬𝐢𝐠𝐧 𝐲𝐨𝐮𝐫 𝐧𝐚𝐦𝐞 𝐢𝐦𝐦𝐞𝐝𝐢𝐚𝐭𝐞𝐥𝐲?"
GreenEnergySavesMoney	"NYGOP Chairman Nick Langworthy Kicks Off “Just Say No” Tour in Staten Island. To protect election integrity on this year’s ballot proposals, #JustSayNoNY!

Nicole Malliotakis
Staten Island Republican Party
Joe Borelli
Vito Fossella
Andrew J. Lanza
Mike Reilly
Assemblyman Michael Tannousis
David Michael Carr
Pat Rondinelli for NYC Council 49th District/North Shore for ALL. "
NeedQuickResponseForClimateCrisis	What happens when academics lose objectivity over climate change science?
DonateToSupportClimateChangeActivism	"Polluting industries have deep pockets — so how does Earthjustice keep winning? We don’t stop fighting until the powerful are held accountable. With the support of people like you, we’re protecting communities contaminated by coal ash, ensuring the Endangered Species Act is enforced, and keeping dangerous toxins out of the food we feed our children.

Check out more of the victories our community has made possible:. "
OilAndGasExtractionRisks	Technology can separate hydrogen from water and deliver it reliably and cleanly through existing natural gas infrastructure. 
OilAndGasExtractionRisks	"Why does Sugarcreek Township employ a Police Chief who does not live in the community he serves? In fact, this Police Chief doesn’t even live in Greene county!

Run out of the Dayton Police Department for unethical behavior, yet this cast-off, bad penny, is now our Police Chief.

It's like the Trustees are hiring from the ""island of misfit toys.""
Hiring those rejected by Cities, ignoring the glaring warning signs, and hard lessons learned, others discovered concerning the defects in their ethical nature.

The Trustees should start exploring the option of contracting out “Police services” with the Greene County Sheriff Department. 

It will be financial cost savings to the Township and would bring in the well-run management team of Sheriff Gene Fisher, who has the highest ethical standards when it comes to law enforcement.

With the current scandal involving Chief Brown, Detective Stayer, Officer White, and Clark, it is time to clean house and shut down this biased and unethical police department. 

The rot of this corruption starts at the top and goes to the bottom.

If you live in the township, call your Trustees, 937-848-8426 and demand action.

When the Sugarcreek Police Department is used as a political weapon by the politically powerful, against taxpayers they disagree with, it is time for the taxpayers to be afraid.

Corruption of those who patrol our streets, carrying a badge and a gun, with the power to imprison you, can never be allowed.

The Sugarcreek Police have tarnished the oath they were sworn to uphold."
ClimateActionDonation	Even the EU recognizes natural gas is a key part of a renewable future because it is affordable, reliable, and displaces coal and other dirty sources of energy. We can't let Trenton ban natural gas like NY or we will run out of energy too. #NJEMP. 
ClimateActionDonation	The fact that the pipeline will be 60 years old by the end of the lease in 2040 is concerning, and may also conflict with state, national and international climate goals to reduce greenhouse gas emissions via fossil fuel combustion.
EconomicAdvantagesOfRenewableEnergy	"We know, we know. Some people don’t like the look of transmission lines. But the fact is, we need overhead transmission lines to power our homes and transport clean renewable energy.

While it may be more aesthetically pleasing to some to bury transmission lines, we’re simply not there yet. Underground transmission sounds good on paper, but it comes with problems, especially in terms of wildlife and habitat disruptions. Drop your questions about transmission in the comments below. 

 #RenewableEnergy #ReNewMexico #SolarPower #EcoFriendly #SustainableEnergy #GoGreen #Environment. "
ChallengesFacingRenewableEnergy	"Chairwoman of SAGE Development, Fawn Wasin Zi, will join the Women of the Movement dialogue this month. Fawn has a background in biology, and she firmly believes it is her duty to speak for those, Unci Maka (Grandmother Earth) that cannot speak for themselves, ""I'm personally involved in this on the basic level that I'm a biologist, and I want to save the world"". Learn more and join us for this month's Anpetu Wi Dialogue with a live discussion with Fawn, Tara Houska, Rep Ruth Buffalo and Tokata (Future) Iron Eyes by clicking the link in the bio.

#listentolearn #nativeamericans #NODAPL #indigenoushistory #nativeamericanroots #indigenousunited #indigenouspeople #SAGE #SRST #SAGESRST #SayYestoWind #StopLine3 #ShutDownDAPL. "
InroadsMadeByRenewableEnergy	"Meet Town Councilman Patrick Pentalow.

Patrick is a lifelong resident of this town, who first started volunteering in town at the age of 13 in youth sports and is currently finishing his first term on the Town Council.  He graduated from Wethersfield High School in 2008 and Central Connecticut State University in 2014 with Honors, obtaining a Bachelor’s Degree in Finance.

He learned the importance of public service through his family. His mother, Jackie, an immigrant from England, and his father, Tom, a former Wethersfield police officer have been entrenched in giving back and serving the community of Wethersfield for over a quarter of a century. His brother served in the United States Air Force and was also active in volunteering in the town throughout his childhood and teenage years.  

Upon graduating from CCSU, he moved to New York City to work in the Private Equity sector under Wethersfield native and former Wall Street boss Joseph J. Grano.  Under Mr. Grano’s tutelage, Patrick learned the true nature of leadership, which translated into a successful turnaround of startup company CMS Technology. Upon his successful exit from CMS Technology (Now Prevenio) Patrick joined financial power house Morgan Stanley. Wanting to commit to serving his community, Patrick left the firm and ran for public office successfully in 2019.

Patrick has remained active in both the public and private sector since taking office in 2019. This past year he ran for State Representative for the 28th District and has continued to thrive in his career as an entrepreneur. After the successful acquisition of CMS Technology by JBT Holdings, Patrick was able to take his earnings and launch two separate companies. Despite the time commitment, Patrick continues to be an advocate for Public Safety within the town and a staunch supporter of creative ways to improve economic development. Patrick’s main focus, if re-elected, is to continue advocating for increased public safety for Wethersfield’s residents and continuing to promote the town to bring new businesses to Wethersfield."
PoliticalActivismForRenewableEnergy	"When oil spills happen, it doesn’t just affect coastal beaches and wildlife; our familias often deal with the consequences of corporate pollution and disasters for years. 

Swipe through to learn more. 👉🏼. "
AdvocateForGreenEnergy	"In 1973, Sarah Chasis became NRDC’s first full-time female lawyer. 

In the ensuing decades, she has protected sensitive areas from offshore oil drilling, safeguarded the public from swimming in polluted waters, strengthened both domestic and international fisheries management, and promoted smarter ocean planning. 

In recognition of her work, the National Oceanic and Atmospheric Administration named Chasis its first Coastal Steward of the Year in 1992. She remains one of the nation’s leading experts on coastal policy.

Read more about Sarah’s groundbreaking work below."
AntiDemocraticCandidates	"""Socialist policies are presented as the solution to climate change, but this directly contradicts the history of socialism."". "
GreenEnergyWorks	Sonoma Clean Power is the public power provider for Sonoma and Mendocino Counties. We bring more power to you with our new Advanced Energy Center. Like or follow our page to find out more.
OilAndGasExtractionRisks	An out-of-state group is running misleading ads, using stock photos and outright lies to hide the truth about expensive, dangerous fossil fuels.
ChallengesFacingRenewableEnergy	In February 2021, the temperature in Texas dropped below zero. Not a big deal, right?
GreenEnergySavesMoney	"Let’s say you wanted to provide meals for the homeless. The charity you talk to asks you to supply 10 meals. Then the charity adds an additional requirement: half of the meals must be purchased from a personal friend of the charity’s director, and those meals cost 10 times as much as the other meals. Everyone would recognize this arrangement as corrupt – using a person’s valid concern for the poor as an excuse for graft.

If the legislature passes both a CO2 cap-and-trade bill (SB 5126) and the low-carbon fuel standard (LCFS) – as now appears likely – it would have the same corrupting effect, rewarding insider special interests and favored political allies while doing absolutely nothing to reduce CO2 emissions. Here’s why."
LegislatorsMustActAgainstClimateChange	"Criminal Justice Reform

At the most basic level, the role of government is to help keep us safe, while preserving  fundamental rights under the Constitution.

In no other aspect of society is that more important than our criminal justice system. Police. Courts. Prisons. We give them all incredible power over human lives — and we have to get it right."
AntiTax	More than 3 out of 5 Florida consumers are concerned about the impacts of climate change in the state. With the possibility of more intense storms in the future and a rise in insurance costs, more Floridians will struggle to afford essential coverage if taxes increase.
ProtectFromHarmsCausedByFossilFuels	"Economist Ray Perryman: Oil demand to set record in 2022

https://www.mrt.com/insider/article/Perryman-Oil-demand-to-set-record-in-2022-16226223.php. "
AgencyToStopClimateChange	Hats off to HEB & other iconic Texas brands for helping build a more resilient electric grid with distributed generation from clean microgrids. 161 HEB and Central Market stores across the state now have onsite natural gas generators. “There’s nothing stopping others from doing this, but it’s about how you value your position in the economy,” says George Presses, HEB and Central Market’s head of energy. “We think we’re indispensable.”. 
AdvocateForGreenEnergy	Octopuses have survived for almost 300 million years. But when it comes to climate change, even octopuses need help. Will you lend a hand to octopuses today?
EconomicAdvantagesOfRenewableEnergy	"𝐇𝐨𝐥𝐝 𝐨𝐧, 𝐬𝐭𝐨𝐩 𝐬𝐜𝐫𝐨𝐥𝐥𝐢𝐧𝐠 – we’re running out of time to address the climate crisis!

We need to hear from 27 more people before our 11:59 PM deadline. Tell us right now: 𝐀𝐫𝐞 𝐲𝐨𝐮 𝐜𝐨𝐧𝐜𝐞𝐫𝐧𝐞𝐝 𝐚𝐛𝐨𝐮𝐭 𝐭𝐡𝐞 𝐜𝐥𝐢𝐦𝐚𝐭𝐞 𝐜𝐫𝐢𝐬𝐢𝐬?"
RenewableEnergyGrowth	Our Sustainability Report reflects robust ESG performance, including strides we’ve made in safety, environmental and community efforts.
AdvocateForGreenEnergy	"Clean Wisconsin is giving away some special swag this Giving Tuesday! Donate just $5 or more before midnight on Giving Tuesday, and you will receive a special Wisconsin landmarks Clean Wisconsin sticker - designed just for us by artist Katie Cooney. Donate $35 or more and receive a celebratory 50th anniversary Clean Wisconsin tote bag and the Wisconsin landmarks sticker!

DONATE HERE: https://donatenow.networkforgood.org/cleanwisconsin?code=website

Your gift will help us do the important work of protecting our water, tackling climate change, and advocating for a clean, healthy, and safe environment for everyone in Wisconsin."
PoliticalActivismForRenewableEnergy	"President Joe Biden referred to FDR’s packing of the court as a “bonehead idea” when he was a Senator back in 1983. However, he supports packing the court today. Why is this? 

🚨 The radical left is using President Biden as a puppet to get whatever their liberal agenda wants! Our nation was founded upon a system of checks and balances. The democrats are actively trying to do everything in their power so they have TOTAL control. Let’s put a STOP to this! Join the North Carolina Republican Party today if you support a system of checks and balances! #NCGOP #Republican ⬇️ ⬇️ ⬇️. "
AdvocateForGreenEnergy	Do you want to see solar energy powering the community? Like our page for project updates & more.
AntiTax	Arkansas is one of the poorest states, but also has relatively high taxes and government spending. Hear from Dr. Jeremy Horpedahl, associate professor of economics at the University of Central Arkansas and an Arkansas Center for Research in Economics (ACRE) Scholar, and Joseph Johns, ACRE policy analyst on tax and spending, as we learn about Arkansas tax policy and its impacts on taxpayers and the economy.
NeedQuickResponseForClimateCrisis	"ONE PARTY RULE IN RICHMOND MEANS: For the last two years, Democrats have used their absolute control to pack the Court of Appeals this year, push CRT in schools, raise the state gas tax by 30 cents/gallon in 2021, eliminate the photo ID requirement to vote, authorize plastic bag taxes and public employee unions, increase electric bills, remove abortion restrictions, enact gun control, and adopt California’s vehicle emission standards. 

Flipping 6 seats in November will re-balance our state government!

Read more about the Democrats' record here: https://hearprojectva.org/. "
OilAndGasJobs	Responsible for thousands of jobs and millions of dollars in tax revenue, Illinois’ nuclear plants are deeply tied to their communities. A resident of the state shares what losing the state’s largest source of clean energy would mean. #ILNeedsNuclear. 
AgencyToStopClimateChange	"For 15 years, the 100 Women Strong giving circle has funded initiatives that empower  women and children across Central Florida. 

We give with our hearts and our heads, making strategic investments to tackle the biggest challenges that affect women and children. Our efforts address the root cause of these challenges. That’s how change really happens. We’re looking for a few more great women to join us in making a difference."
NuclearAdvocacy	Want to know what this 4th grader thinks the world would be like without nuclear? The answer is one click away.
ProtectFromHarmsCausedByFossilFuels	"Huge news: The House just voted to pass the Build Back Better Act!

Thank you, Rep. Spanberger, for putting Virginia working families first by voting to create clean energy jobs right here and take on climate change right now."
GreenEnergySavesMoney	A major Protestant denomination just announced it will dump its Shell stocks. But is climate change what churches should really be focusing on?
ProtectFromHarmsCausedByFossilFuels	"Government-Controlled Power creates a quasi-government entity to borrow $13.5 billion from big banks. Guess who's on the hook to pay it all back?

Get the facts: www.maineaffordableenergy.org. "
ClimateActionDonation	The Gulf oil spill devastated as many as a million birds and their habitat. But a new project, the single-largest ecosystem restoration projection in U.S. history, can help repair the damage done. Speak up now to move this restoration forward and be a voice for birds!
AgencyToStopClimateChange	Natural gas explodes again, this time in Indiana. Five people were injured in the explosion and two women are still in the hospital recovering -- the home is a total loss.
ReduceEmissions	"We want to send you a FREE bottle of our Environmentally Safe Hand Sanitizer with our 'Anti-Crack' Formula - if you'll help us cover the shipping costs.

Our bottle will not only protect your hands, but also help us remove 400 lbs of CO2 from the atmosphere!

-It’s all-natural
-It’s alcohol-free
-It won’t dry your hands out

We'll soon be selling our bottle at full price, but for a limited time, you can claim this product launch offer.

People who really care about the environment all over the country are leveraging this opportunity to make a small change that can have a huge impact on the planet. 

We dare you to try our hand sanitizer for FREE (just pay shipping) and see if it’s not every bit as good as what you buy at the supermarket.

Click or tap below to claim your bottle while supplies last. 👇

P.S. At checkout, you'll be asked if you want to round up to $20. For every extra donation, we will remove 400 lbs of CO2 from the atmosphere!"
AdvocateForGreenEnergy	With Elsa, the first Atlantic hurricane of the season arrived. Here’s how climate change has made hurricane season much stronger.
EconomicAdvantagesOfRenewableEnergy	Did you know? Property taxes on Illinois oil reserves - known as ad valorem taxes - have generated an average of $7.5 million per year for Illinois communities where oil is produced since 2007. All of this revenue stays in the communities where oil is produced, with more than half going to fund public schools. Check out this IPRB video for more details!
OilAndGasExtractionRisks	"Ever wonder what's actually in hydraulic fracturing fluid, aka ""fracking"" fluid? There is nothing scary or secret about it! As Franklin Well Services technical manager Jerry Robinson demonstrates in this IPRB educational video, Illinois Basin frac fluid is at least 99 percent water and sand, with the remaining one percent or less composed of harmless additives, most prominently guar beans (most commonly used in ice cream) and borax (soap)."
PoliticalActivismForRenewableEnergy	"Nobody knows your community better than you, so make sure your voice is heard as we work to create fair representation for all Virginians! 🗣

Get involved in the redistricting process and advocate for your community. Now that the people have the power, every Virginian can be a part of the process by drawing their own community map. 

Learn more & draw your map here  >> https://www.onevirginia2021foundation.org/community-mapping. "
AdvocateForGreenEnergy	"On August 1, one of our drivers reported #oiltheft at Croton Colonial Restaurant & Diner in Croton-on-Hudson, NY, where thieves had broken into and robbed this Buffalo Biodiesel vat, tearing off all of its protective gear. We recycle the used cooking oil to make sustainable biofuel—instead, it’s being targeted by interstate organized crime rings. If you witness or have any info of an #oiltheft at our vats, please call 911 and then report it to us at 1-800-721-1427.
News 12 Westchester lohud ABC7NY Daily Voice Northern Westchester Daily Voice Northern Westchester CBS New York. "
RenewableEnergyGrowth	The Japanese government has doubled its hydrogen related research & development budget to nearly $300 million since 2019. Using hydrogen in the shipping and steel manufacturing sectors can help Japan reach its 2050 zero emissions goal. Learn more - https://www.wsj.com/articles/japans-big-bet-on-hydrogen-could-revolutionize-the-energy-market-11623607695. 
EconomicAdvantagesOfRenewableEnergy	"Join C3 Solutions' Ericka Andersen for an interview with freelance writer Grace Olmstead, the author of the new book, ""Uprooted: Recovering the Legacy of the Places We've Left Behind."" 

Grace is a journalist who writes beautifully about her roots in Idaho, the heartbreaking consequences of ""uprooting"" from our home towns and what we sacrifice in terms of community, farming and environmental decay.

Find her book here: https://www.amazon.com/Uprooted-Recovering-Legacy-Places-Behind/dp/0593084020. "
AgencyToStopClimateChange	😱😱😱😱 The Democrats are out of control. They’ve given the radical left complete power. It’s why they’re gifting citizenship to millions of illegal immigrants and trying to nationalize our elections, legalize felon voting, and pack the US Supreme Court. Help me fight back by rushing an urgent contribution today!
ClimateActionDonation	"🚨 10,000 Actions Needed 🚨

Corporate polluters are trying to cut through Southwest Virginia with a dirty pipeline. They already have a history of violations and have racked up millions in fines, but our Water Control Board can stop them. 

Tell the Water Control Board to say NO to MVP’s permit to pollute."
EconomicAdvantagesOfOilAndGas	State Republicans are our ONLY line of defense. It’s up to YOU to help us fight back against Democrat power grabs in YOUR state and throughout the country. 
AdvocateForGreenEnergy	City of trees...city of climate action! The City of Boise, under Mayor McLean’s leadership, has rolled out a Climate Action Roadmap in order to tackle climate change, grow new jobs, and improve our air quality. Join us in supporting more climate action policy.
OilAndGasExtractionRisks	FACT: Outdoor sports use oil and gas products in their gear to make them light-weight, water-resistant – even life-saving. Thank you to North Face and all the other outdoor sports manufacturers for being such great consumers.https://www.youtube.com/watch?v=GH0UjtGCgU4. 
VirginiaConservativeCampaign	"Democrats' radical reconciliation bill would take power away from parents and give it to the federal government to approve and set the curriculum in our classrooms.
 
As a father of four, I believe parents ARE the primary stakeholders in their children’s education, not Democrats or Washington D.C. bureaucrats."
GreenEnergySavesMoney	"The Host Community Agreement (HCA) between the Town of Barre and Heritage Wind will bring more that $40 million in new revenue to the town over the next 25 years. 

Payments will increase annually from $1.2 million in the first year of operation to $2.1 million by year 25. These annual payments are based on the installed nameplate capacity in megawatts of the turbine model, resulting in stable, guaranteed payments each year that increase over time."
EconomicAdvantagesOfOilAndGas	"🇺🇸  🇮🇱 Ends Wednesday: $250 Units with $0.25 Warrants

• Inspired by Scripture (Gen 49 & Deut 33)
Zion Oil & Gas, Inc. (OTCQX: ZNOG) envisions an Israel that is energy independent from onshore oil and gas finds that have been Biblically promised to Israel."
AdvocateForGreenEnergy	Celebrate community power by thanking your electric co-op in the comments below!
CallsToInvestInRenewableEnergy	"PUBLIC NOTICE: ( This is a long post) Kevin Price, school board member criticizes the Yes Pac and Josh and Diana Pressnell for power grab. 

This page agrees that the Pressnells are out -of-control, working hand-in-hand with Kim McCarthy and Meredith Brinegar.

This alinement of radical progressive socialists is no accident. It is a well laid out campaign plan to get WOKE candidate’s into office in the Bellbrook City Council,Sugarcreek Township Trustee and to take over the Bellbrook school board. 

This elaborate plan has been months in the making and supported by Doug Cozad, School superintendent, and the Bellbrook Teachers Union.

**In his own words Kevin Price wrote the following.  It is worth a read. McCarthy, Pressnells, Brinegar are all tied in together. 

""The Citizens for Sugarcreek Schools PAC page, created to unite the community behind passing a much needed levy, continues to depart from its original purpose and even its newly stated purpose of providing school related information.  

Since the levy passed in May It has been used to promote controversial ideology and most recently to cast things in a more favorable light for 3 candidates. 

The page is run by candidate Josh Pressnell and edited by his wife Diana Pressnell. 

Today I made a comment to a post made by the PAC page editor (Diana Pressnell) about candidate information in which I provided a link to the League of Women Voters’ interview that took place in August.  

My comment was deleted on the PAC page by Diana Pressnell. Interestingly a comment praising Josh Pressnell (likely from a fake FB account) remains. Below is a screen capture of these contrasting posts before mine was deleted. 

Intentionally suppressing information about other candidates by that “neutral” page is unacceptable.

End of Kevin’s Post

************************

Election Watch 21 Editorial comments:
These are the Progressive leaders who have brought hate and Intolerance into our communities and divided our citizens into “haves and has nots.”

This group is a toxic poison of radical ideas which they intent to force their WOKE VALUES upon our families, through the power of the offices they seek.

Do not give them the power and control they desperately seek, not not vote for them.

They are not like you and me.

They are radicals.

They are a threat to all you cherish and hold dear.

God, Family, and Country."
OilCreatesJobs	Biden’s radical policies are hurting thousands of Americans and sending the message to oil and gas workers across the country that they’re not a priority for his administration.
RenewableEnergyGrowth	"AXPC companies produce American-made energy, lowering emissions, and improving energy security.

To learn more about our organization and join the conversation on America’s energy future, like our page ➡️. "
OilCreatesJobs	"🚨 FREE EVENT ALERT 🚨

Join us on Wednesday, Dec. 1, for our Petroleum Alliance recruitment lunch! Whether you're a new member who wants to learn more about our organization, or a current member who has industry peers who would benefit from joining, we encourage you AND your guests to come learn how we support Oklahoma's oil and natural gas industry. 

Please RSVP through our Membership & Marketing Coordinator Annie Parks at 405-601-2828 or annie@okpetro.com."
GreenEnergySavesMoney	"The Coca-Cola Company is committed to creating more sustainable communities. Our climate goals recognize we must do our part to reduce our carbon output and build resilience in the communities in which we operate. Packaging initiatives, like the Universal Bottle, bring us closer to the circular economy we aspire to see. 

Learn more about the steps we are taking to create a #WorldWithoutWaste: cokeurl.com/kjamrx. "
PoliticalActivismForRenewableEnergy	You can save the bears of the Tongass National Forest 🐻. 
RenewableEnergyInfrastructureGrowth	Hey, Pickaway County! We want to make sure you stay up to date on Scioto Farms Solar Project. Like our page to receive project updates and learn more about the benefits of solar power.
DemocratOutreach	"TPUSA LIVE is the unfiltered, grassroots alternative to mainstream media. Watch daily shows, live in-studio content from TPUSA HQ and weekly shows covering politics, pop-culture, sports and everything in-between. Tune in every weekday starting at 5 PM ET / 2 PM PT.

Check out today’s show! 

Human Events Daily host Jack Posobiec discusses where the Haitian Migrants came from, Hunter Biden, and Jack Exposes Former Planned Parenthood President and FDA Commissioner’s Flip-Flopping on Vaccine Advice While on CNN

The TPUSA LIVE team talks about The View’s Disaster Episode, BLM thinking the NYC vaccine passports is racist, Project Veritas part 2 and more. 

Alex Clark will interview Abigail Schrier - the author of Irreversible Damage: The Transgender Craze Seducing Our Daughters on today’s episode of The Spillover. 

We will wrap up the show with POPlitics with Alex Clark as she dives into weird things Mark Zuckerberg, Jeff Bezos, Elon Musk and other zillionaires eat for breakfast and more!"
SupportForRenewableEnergy	About 84% of routine flaring volumes and 40% of total flared volumes in the Permian could be mitigated *without cost* if Texas were to adopt a 98% gas capture policy, a recent Rystad Energy report found.
AdvocateForGreenEnergy	"🚨🎉 Please join us in welcoming our newest staff member to the NPP team - Laila Martin Garcia, Director of Organizing

Laila’s leadership catalyzes the power of people to make positive changes in the battleground state of Pennsylvania. Previously, she was CASA Pennsylvania’s Regional Lead Organizer, where she led thousands of families to advocate for Puerto Rican equity, climate justice, and immigrant justice. In her four years in CASA PA, Laila has recruited hundreds of volunteers, registered thousands of voters, trained teams of the Latinx community to be lifelong progressive activists and expand CASA’s turf from one county in 2017 to five counties, with more than 2000 members in 2021. 

In the presidential election in 2020, Laila led the implementation of CASA Pennsylvania’s multilayered tactical approach, combining phone, text, field, relational, and digital tactics, to six key phases within the campaign: Voter Education, Voter Registration, Vote by Mail, GOTV and Voter Protection (mobilizing almost 500 “voter guardians” on election day in 5 different counties). It was this year-round organizing on issues that matter to people and grassroots electoral programs like this one that increased people of color turnout by thousands of votes in Central Pennsylvania. 

Laila Martin Garcia holds a Masters of Arts in International Relations, Security, and Development from the Autonomous University of Barcelona, focusing on non-violent movements in Southern Europe, the Middle East, and North Africa. Laila has served as program manager for human rights and anti-corruption work in Germany, Morocco, Syria, and Saudi Arabia.

Join us in welcoming Laila to the New Pennsylvania Project team by making a donation to the efforts today. We have work to do. Donate here: https://bit.ly/3rlyHCA. "
EconomicAdvantagesOfRenewableEnergy	What do farm animals and trash have in common? They are both sources of renewable natural gas.
NuclearEnergyBenefits	Do you know whose lands you inhabit right now? The United States government has borders and delineations that the average American knows - but that is only one type of map. Check out https://native-land.ca/ where you can search your location, and see who originally inhabited the land you are now on. You can also search by language as well! Whose lands are you on today? Let us know in the comments:. 
ChallengesFacingRenewableEnergy	McDonald’s employees also reported working alongside ailing co-workers and fearing retaliation from management if they speak out about safety concerns. Our story: https://capitalandmain.com/mcdonalds-stores-collect-covid-relief-funds-and-employee-safety-complaints-0504. 
NuclearAdvocacy	They protected our country, now they’re working to protect our clean energy future. Did you know today is #NationalHireAVetDay? Veterans make up over 20% of the national nuclear workforce.
LegislatorsMustActAgainstClimateChange	"Worried about voter suppression in Texas, Georgia, and everywhere else? Us too.

Remember: if our votes didn't matter they wouldn't be trying so hard to suppress them.

Join us on July 28 at 12PM to discuss ways we can fight back against attacks on our right to vote.

https://repower.org/event/pps2/. "
ProtectFromHarmsCausedByFossilFuels	"On July 10, one of our drivers reported #oiltheft at Tomatillo's Taco Joint in Cos Cob, CT, where this Buffalo Biodiesel vat had been broken into and robbed, its lock cut and lockbar left out by those responsible.  Buffalo Biodiesel recycles the used cooking oil to make environmentally sustainable fuel—instead, it’s being targeted by organized criminals. Please report any information to Greenwich Police and help us stop these criminals. 
Greenwich Time Greenwich Patch Greenwich Sentinel Greenwich Free Press Daily Voice Gold Coast  WFSB - Channel 3 Eyewitness News NBC Connecticut. "
ClimateChangeDonations	What are methane emissions, and why do they matter?
EconomicAdvantagesOfRenewableEnergy	Like a good char on those steaks and peppers? Natural gas can help improve your cooking game! Watch this video and learn how natural gas helps power New York.
AdvocateForGreenEnergy	Speak Up: America's wildlife is in crisis—science tells us that we've lost 3 billion birds in less than a human lifetime and that two-thirds of North American birds are at risk of extinction due to climate change. Ask your representative to support the Recovering America’s Wildlife Act and be a voice for birds and all wildlife.
RenewableEnergyGrowth	"How long until a wind turbine makes up for the carbon emitted during its construction?

An active wind turbine today will overcome its initial carbon footprint in about six months, creating more carbon-free energy than the energy required to manufacture and construct it. As technology improves and renewable energy sources are used for more manufacturing, this makeup period will keep getting shorter."
AntiWoke	"TPUSA LIVE is the unfiltered, grassroots alternative to mainstream media. Watch daily shows, live in-studio content from TPUSA HQ and weekly shows covering politics, pop-culture, sports and everything in-between. Tune in every weekday starting at 5 PM ET / 2 PM PT.

Check out today’s show! 

Human Events Daily host Jack Posobiec discusses the marine who saved a baby in Kabul & more!

The TPUSA LIVE team will feature host, Jon Root, and special guests Alex Clark, Sara Gonzales, Taylor Winston, & Liz Willis to talk about the anniversary of Route 91, AmericaFest & more!

The Spillover host, Alex Clark, sits down with Midsi Sanchez, who survived a kidnapping when she was just 8 years old. 

We will wrap up the show with POPlitics with Alex Clark as she dives into the docuseries LulaRich, how the left is ruining cartoons & My Little Pony!"
ChallengesFacingRenewableEnergy	"We’re seeking Mercy Corps donors who are ready to commit a monthly gift to sustain our life-changing work in 2022. Start your monthly donation to help provide steady support for 5,400 team members who are making life safer, healthier, and more prosperous for millions of people worldwide.

Stephen, age 30, provides for his five children through farming, which is being made increasingly difficult in Uganda by climate-driven drought and flooding. After training with Mercy Corps to learn drought-resistant farming techniques, Stephen and his neighbors worked together to grow maize, increase their yields, and strengthen their ability to manage the impacts of climate change on their livelihoods."
NuclearEnergyBenefits	A recent UN report affirms the need for climate action now. This crisis is urgent—but it’s not hopeless. There’s still SO much we can do to create a safer future for birds. Start your monthly gift today and your first three gifts will be matched.
AntiWoke	"The left is currently trying to enact legislation that would make Washington D.C. a state. This would give them two Senators as well as votes in the electoral college. With D.C. being almost 100% liberal, this would not be good for the Republican Party. 

Is the left allowed to do this? NO! What Democrats are trying to do is UNCONSTITUTIONAL. They are trying to do anything in their power to make sure that Republicans NEVER have control again. DONATE to the North Carolina Republican Party TODAY and you can help put a stop to D.C. statehood! #NCGOP #Republican ⬇️ ⬇️ ⬇️. "
NuclearEnergyBenefits	Gratiot County is proving again that it’s the epicenter of new wind capacity in Michigan, with the addition of up to 200 MW of power from the Invenergy-developed Heartland Wind Farm! This power will be distributed by Consumers Energy to customers across the region, while landowners and municipalities reap the benefits of new revenue.
ClimateActionDonation	"No matter where we come from or what our color, most of us believe that our elected leaders should reflect the very best of every kind of American and govern for all of us, no exceptions.

But today, certain politicians and the greedy few have rigged the rules to silence our voices and hold onto power. They fuel divisions hoping we’ll blame new immigrants, Black people, or people struggling to make
ends meet for the damage their policies have caused us all. We can defeat their attempts to undo the will of the people.

By joining together and voting for Kristi Douglas for Commerce City Council at-large we make the way toward a democracy that works for all of us, no exceptions."
RenewableEnergyGrowth	Eric’s a liberal environmentalist. Daniel doesn’t believe in climate change. But they can both agree on a better way to heat and cool their homes.
AdvocateForGreenEnergy	"As we head outside this summer, understanding how electricity works can keep you and your loved ones safe. For #NationalElectricalSafetyMonth here are some tips to learn more and remember to contact your local utility or PPD for more information. 
https://tristate.coop/member-list. "
OilCreatesJobs	Stephanie Bice is committed to supporting our veterans, ending wasteful government spending, and advocating for Oklahoma oil and gas jobs that employ tens of thousands of Oklahomans. Will you support her today and help her keep fighting against the far left’s agenda? Chip in $10 to stand with Stephanie >>. 
AdvocateForGreenEnergy	"""Caring for myself is not self-indulgence, it is self-preservation and that is an act of political warfare."" - Audre Lorde

We hope that during this intense season as the year comes to a close and you take stock of what you've accomplished, that you take a moment to care for yourself. Thank you for joining us in our work building Anpetu Wi, and all our sustainable energy projects for Standing Rock. Pilamayaye!"
DemocratOutreach	Why should Democrats support Emergency Powers Reform? For the same reason Republicans and everyone else should. What you need to know is in this quick video! #EmergencyPowers. 
GreenEnergySavesMoney	"""Notice how our policy-makers never tell us how much they think each new policy will reduce year 2100 global temperature or raise year 2100 GDP. The reason is that the numbers are tiny."" The gigantic numbers concern the resources we will squander until we follow numbers rather than fashions. "". "
EconomicAdvantagesOfRenewableEnergy	Heavy Duty Hydrogen: Hyundai is aiming to put hydrogen fuel cell powered heavy duty trucks on US roads before the end of 2021. These zero emission trucks were part of a trial in Switzerland & have an estimated total range of about 250 miles. Learn more - https://www.motorauthority.com/news/1132404_hyundai-hydrogen-electric-semi-to-hit-us-roads-in-2021. 
EconomicAdvantagesOfRenewableEnergy	For car and truck owners who keep their vehicles a long time, the arbitrary 2030 deadline will make gasoline more difficult to find (gas stations will become less common) making a perfectly functional car or truck, obsolete. For consumers unwilling or unable to buy a new electric car, used electric cars would not be readily available as they only represent less than 3% of the cars sold today. It will take another decade or so after 2030 before the used market in electric cars will have matured enough.
ChallengesFacingRenewableEnergy	Do you know what’s going on in your kid’s school? The three R’s – reading, writing, and arithmetic – have taken a back seat to a fourth R. Max Eden, Senior Fellow at the Manhattan Institute, explains what that fourth R is, and why it’s so destructive.
GreenEnergySavesMoney	"TPUSA LIVE is the unfiltered, grassroots alternative to mainstream media. Watch daily shows, live in-studio content from TPUSA HQ and weekly shows covering politics, pop-culture, sports and everything in-between. Tune in every weekday starting at 5 PM ET / 2 PM PT.

Check out today’s show! 

Human Events Daily host Jack Posobiec discusses more about the #FreedomFlu, the arrest of Loudoun County's father, and more!

The TPUSA LIVE team is joined by host, Jon Root, and special guests Alison Furno, Morgan Zegers, Jonathan Koeppel, and Congressman Andy Biggs who will talk about TPUSA's Professor Watchlist, What in the World Wednesday, the supply chain disaster and more!

On The Frontlines host @Isabel Brown shares how the University of Florida's TPUSA chapter was banned on campus and watch SMASH with MAGA Hulk, Stephen Davis as he dissects the way the left is tearing down Americans. 

We will wrap up the show with POPlitics with Alex Clark as she dives into VP Harris' cringe space video with child actors, what reality star married into President Biden's family and more!"
ChallengesFacingRenewableEnergy	"School board members Carpenter, Price, and Dorn are now actively working in conjunction with the yes Pac, through their personal FB pages, using their positions and power on the school board to push the passage of the levy.

We have a quorum of 3-board members actively campaigning and crossing the line of what is acceptable and allowed.
This is a violation of Election law.

The silly, matching disclaimers posted on Prices and Carpenters pages, which one has to assume was written by school board attorney, Jackass Justice, who has given nothing but bad legal advice to this board, will not protect them from the complaints which will be filed after this $22,540,000.00 million dollar property tax levy is defeated.

Not to mention this:
Davison v. Randall, 912 F.3d 666 (4th Cir. 2019), in which the Fourth Circuit ruled that an elected official’s social media page can constitute a public forum.  There is also an opinion from the Second Circuit that reached a similar conclusion with respect to then-President Trump’s nominally “personal” social media accounts, Knight First Amendment Inst. at Columbia Univ. v. Trump, 928 F.3d 226 (2d Cir. 2019). 

Most taxpayers are not aware there was also a lawsuit in 2019 filed by a citizen of Clermont County against State Sen. Joe Uecker who alleged that he had been illegally blocked from Uecker’s Facebook page.  The case was filed in federal court in Cincinnati, and captioned Robert Fambry v. Joseph Uecker, Case 1:19-cv-00056-MRB.
The Cincinnati Enquirer reported that it quickly settled for $20,000 and an agreement to unblock the citizen: https://www.cincinnati.com/story/news/politics/2019/02/13/ohio-lawmaker-settles-lawsuit-over-blocking-constituent-facebook/2862724002/

These board members have no fear of punishment, foolishly believing that they are somehow above the law of the land.
When they are caught, they use the school's insurance company to protect them and pay for their ligation costs.

This is why these arrogant board members, Carpenter, Price, and Dorn could care less about breaking Ohio laws. They believe the crime is with the punishment because the insurance company is picking up the tab!

In NOVEMBER, it will be time to VOTE OUT, these appointed board members Price and Dorn who believe that they are smarter and better than the “small people” of our community.

These lifelong government employees who have zero clues how to balance a budget, run a business, or understand what it is like to struggle to pay bills, or put food 🍱 on the table need to be VOTED OUT OF OFFICE. 

It is time to get rid of these bumbling government bureaucrats and replace them with candidates who understand how to live within the budget the taxpayers have given them.

Until then, VOTE NO and refuse to give this hateful and intolerant board member the $22,540,000.00 million dollars in property taxes on our home 🏡 they are demand you pass.

NO MEANS NO. "
ProtectFromHarmsCausedByFossilFuels	Breaking up is hard to do, but it's time for the US to end its toxic relationship with gas.
AntiWoke	"TPUSA LIVE is the unfiltered, grassroots alternative to mainstream media. Watch daily shows, live in-studio content from TPUSA HQ and weekly shows covering politics, pop-culture, sports and everything in-between. Tune in every weekday starting at 5 PM ET / 2 PM PT.

Check out today’s show! 

Human Events Daily host Jack Posobiec discusses the Judge for the Rittenhouse trial banning MSNBC, VP Harris' Comms Director resigning, Kim Kardashian & the Julius Jones case, & more!

The TPUSA LIVE team is joined by host, Jon Root, and special guests Jack Posobiec, Christine Yeargin and Adam Roosevelt who will talk about cyber security, Kyle Rittenhouse verdict and more!

The Spillover host Alex Clark sits down with Doreen Virtue to discuss New Age lies, twisted scripture and false prophets. 

We will wrap up the show with POPlitics with Alex Clark as she dives into the worst couple in Hollywood, the 10 hottest male celebrities, Freak of the Week and more!

#KyleRittenhouse #NotGuilty. "
NuclearEnergyBenefits	"Nine tips for having a radon reduction system installed in your home: https://bit.ly/3H5U0iH

The U.S. Environmental Protection Agency action level for radon is 4 pCi/L. Because of our geology, many homes in Pennsylvania have a considerably higher radon level. If a test of your home shows a level higher than the EPA action level, you should have a radon reduction system installed to protect yourself and your family from this radioactive gas, the second leading cause of lung cancer."
SupportForRenewableEnergy	There are four parts to Q1; all of them will harm Maine’s economy by giving the legislature power to impose new laws and restrictions retroactively.
GreenEnergyWorks	"""The $150 million purchase of carbon offsets will cover the pipeline’s first 10 years of operation and will make it one of the first interstate natural gas pipelines to achieve carbon neutrality for its operational emissions,"" Mountain Valley said."
SupportForOilAndGas	"""STORYTELLING""
Meredith Brinegar has crafted a fine-tuned, well-run campaign for Bellbrook City Council, but it's a STORY of Fiction.

Brinegar's campaign is designed to deceive/hide from the Voters of her ""Woke Progressive"" agenda and gloss over her past FB postings attacking anyone who was against the School ley.

Meredith is not like you and me.
She is not so nice, as the video propaganda narrative leads you to believe. 

Her media experts are ""spinning a tall tale,"" trying to get you to believe this Video work of fiction they are selling.

It's like the ""snake oil salesman"" has come to Bellbrook, selling a product to the uninformed and gullible. 

The problem is, the fine citizens of Bellbrook are neither uninformed nor gullible. They see through this finely crafted campaign of smoke and mirrors.

She is different. She thinks differently. 
She has values different than the majority of the Bellbrook Community. 

Brinegar is a die-hard WOKE Progressive, whose goal is to implement her socialist values and worldview through the power of the office she seeks.

Look at who she is supporting and who supports her.  Kim McCarthy, Josh Pressnell, Sara Williamson all part of the PROGRESSIVE Group seeking to change our community.

Meredith Brinegar is one of the main leaders of these progressive socialists. Do not let her slick ""pony-show"" fool you.

Attached is her ""soft-sell"" Socialist Progressive FB page, she set up. Meredith Brinegar wants to change Bellbrook and she will do it through the power of the office she seeks.

DO NOT GIVE her the power over your family and our community.

There are far better choices.

Vote for ""Katherine Cyphers"" and ""Forest Greenwood"" for Bellbrook City Council."
AdvocateForGreenEnergyPoliticalAction	Seabird numbers have dropped by 70% in the past 70 years alone due to human activities, like overfishing and climate change. But there is still time to make a difference. Urge your members of Congress to support the laws and policies that protect seabirds.
LegislatorsMustActAgainstClimateChange	"With another winter storm coming to Texas this week, how will the grid hold up?

It defies common sense that Texas shouldn’t incentivize — if not outright require — power plants to be reliable."
RenewableEnergyGrowth	Consumer access to higher ethanol blends like E15 is the fastest way to grow corn demand in Iowa and across the country – leading to a boost for the rural economy and lower GHG emissions. Check out what this Iowa farmer has to say about E15.
BuildBetterAct	"TLC Live! San Antonio Special Election and Issues Facing Texas

Orlando and Andrea speak with special guest TLC Field Director Chelseay Valenzuela-Cooper from San Antonio as they discuss TLC's success in supporting the candidacy of John Lujan in the San Antonio House District 118 special election and other issues facing Texas.

John Lujan for State Rep 118

Watch TLC Live! On Facebook (https://www.facebook.com/TLCforTexas) or on YouTube (https://www.youtube.com/channel/UCTi1LGIYZDNRyEL08eYm90Q), and Comment Live on Facebook Every Wednesday at 11 AM!"
PoliticalActivismForRenewableEnergy	Click [LEARN MORE] to be a part of this! What does safety mean to you? What does liberation mean to you?  The People's Lobby is working to build widespread support for public policies and candidates – including people from our communities – that put racial and gender justice and the needs of people and the planet before the interests of big corporations and the very rich. Click the link to sign up and learn more. 
TackleClimateChange	"Denver Residents: Xcel Energy isn’t switching from dirty fossil fuels​ to clean energy fast enough. It’s worsening the climate crisis, and costing us our planet. 

Expose the cost of its dirty power at https://sc.org/Dirty-Truth. "
OilAndGasExtractionRisks	Every year, birds lose more habitat to development, drilling, and climate change. This Earth Day, your new monthly gift will be matched to help protect birds and the places they need. By doing what’s good for birds, we do what’s right for the earth - creating a healthier planet together.
ProtectFromHarmsCausedByFossilFuels	President Biden: Shut down Line 5 and protect Wisconsin from being the next victim of a catastrophic oil spill.
CallsToInvestInRenewableEnergy	Will give a $25 gift of love to support re:power alumni like Chanel Powe? re:power helps grassroots organizers across the country.
GreenEnergySavesMoney	"🛢️💀💰 Top oil and gas companies have made $65 billion in just three months, while consumers struggle with the burden of rising gas prices. 

Ask yourself: what's the real reason that gas prices are rising?"
EconomicAdvantagesOfRenewableEnergy	"Adam Carlson grew up in Paxton, a farming community in Ford County, Illinois. After nearly a decade in the Navy, he seized an opportunity to head back to his hometown—working as a Project Manager on the Ford County Wind Farm.
 
Join us this upcoming Monday at noon ET for our Facebook Live conversation with Adam as a part of the American Clean Power Association’s Clean Power Week 2021:. "
AntiTax	Constitutional Amendment #1 is bad all around. If passed, it gives unelected capitol bureaucrats the power to control your city's local sales tax revenue. Early voting runs until Nov. 6th and Election Day is Nov. 13th, so let your voice be heard. Learn more at LAamendment1.com.
OilAndGasExtractionRisks	"Stafford is unleashing a political storm of TRUTH, FACTS, and EVIDENCE, using their own words, exposing corruption and criminal behavior within Bellbrook-Sugarcreek’s rich, power, and politically connected who control our community.

Stay tuned to this page!"
RenewableEnergyInfrastructureGrowth	"Qualifications:

• High school or equivalent (Preferred)
• Customer Service: 2 years (Preferred)
• Computer Skills: 2 years (Preferred)

Full Job Description:

We are looking for a reliable, positive personality, positive energy, customer oriented Front Desk Associate for our growing solar energy company. Starting pay can vary from $25,000 to $35,000/yr. depending on experience and skills. We are looking for someone that is well-presented, is patient with customers, and will go above and beyond to get the job done. 40 hr. work week.

Here is what we are looking for:

1. Personable and Energetic
2. Dependable and on time!
3. Able to work well with others
4. Organized and Trainable
5. Loves to help people

What the job entails:

1. Daily opening office processes
2. Working one on one with customers
3. Scheduling appointments for customers
4. Calling permitting and utility entities for information
5. Answering phones and filing, including digital filing
6. General office cleaning
7. General office tasks, (faxing, mailing, emails, etc.)
8. Daily closing office procedures.

This position also will include applying for building/electrical permits and utility applications for solar compatibility.

Job Type: Full-time, 9 AM to 5 PM, Monday to Friday.

Pay: $25,000 to $35,000/yr. DOE

Education:
• High school or equivalent (Preferred)

Experience:
• Customer Service: 2 years (Preferred)
• Computer Skills: 2 years (Preferred)

Work Location:
• One location

Work Remotely:
• No. "
OilAndGasExtractionRisks	The Louisiana Land and Exploration Company LLC (LL&E), a subsidiary of ConocoPhillips, is dedicated to enhancing Louisiana wetlands and communities by supporting wetlands-focused research that drives innovative wetlands resiliency.
NeedQuickResponseForClimateCrisis	"Workers have struggled with finances since the start of the  COVID-19 pandemic. Millions of jobs were lost, with promises of return that didn’t materialize. Now millions are still stuck with the repercussion of failed leadership from elected officials and others in positions of power and access. 

If you’re a worker dealing with the continued hardships due to loss of income or can’t find a wage that covers your bills, you can share your story with us today. Tell us about your experience and the way you believe our leaders should respond to help workers.

Click here today: uwunited.org/stories."
NuclearEnergyBenefits	Your legislator, Representative Judy Ambile, was a champion for Colorado’s rivers this legislative session! That means a stronger economy, better resiliency in the face of climate change, and protecting our agricultural heritage. Show your support for our rivers by signing our card today!
EconomicAdvantagesOfRenewableEnergy	"AXPC companies produce American-made energy, lowering emissions, and improving energy security.

To learn more about our organization and join the conversation on America’s energy future, like our page ➡️. "
AdvocateForGreenEnergy	"For 15 years, the 100 Women Strong giving circle has funded initiatives that empower  women and children across Central Florida. 

We give with our hearts and our heads, making strategic investments to tackle the biggest challenges that affect women and children. Our efforts address the root cause of these challenges. That’s how change really happens. We’re looking for a few more great women to join us in making a difference."
PoliticalActivismForRenewableEnergy	The 4-H website is a great resource for all kinds of STEM activities, including the below guide to get young people thinking about engineering and clean power. If you know a 6th-8th grader who’s interested in STEM, have them check out these self-guided lessons:. 
AntiWoke	"TPUSA LIVE is the unfiltered, grassroots alternative to mainstream media. Watch daily shows, live in-studio content from TPUSA HQ and weekly shows covering politics, pop-culture, sports and everything in-between. Tune in every weekday starting at 5 PM ET / 2 PM PT.

Check out today’s show! 

Human Events Daily host Jack Posobiec discusses a Facebook whistleblower, China's economy, & more!

The TPUSA LIVE team is joined by host, Jon Root, and special guests Colton Duncan and Morgan Zegers as they talk about bridging the divide in our country, 'What in the World Wednesday' and more!

On The Frontlines host Isabel Brown sits down with Avery Severson about her story starting a TPUSA chapter on campus and watch SMASH with MAGA Hulk, Stephen Davis as he breaks down mainstream music and how it's corroding our minds. 

We will wrap up the show with POPlitics with Alex Clark as she dives into the Squid Game, the couch guy from TikTok, Jojo Siwa & more!"
CallsToInvestInRenewableEnergy	"Fellow Virginians,

My Grandfather always told me to speak ""the plain truth of things"".  Simple, straight forward and to the point.  Many of you received the results of our 2021 Restore Virginia Now Candidate Survey, click here to view.

In a few short hours we received hundreds of emails back with one simple question- What are the voting records of those seeking the Republican Nomination in the State Convention? 

You asked for it, so here it is.

Now keep in mind many candidates have never been in office before, so they have no legislative record, but for those that have been elected before, here at the Virginia Constitutional Conservatives we keep track of every vote lawmakers cast of key issues.

Because, to speak the 'plain truth', past performance is the best indicator of future performance, but even more so, the last thing anyone should ever do is reward poor political behavior. 

Scanning our database, here are key facts to keep in mind as the Virginia State Convention looms near-
 

-In the 2018 Special Session, then Speaker Kirk Cox, and now Gubernatorial Candidate Cox, led the effort to pass the Obamacare Expansion in Virginia, which in turn funded millions to Planned Parenthood to kill babies.  Don't believe us?  here is a link. 

https://www.whsv.com/content/news/Virginia-lawmakers-vote-to-expand-Medicaid-484085081.html

-In the 2019 Special Session, both Tim Hugo, running for Lt Governor, and Jason Miyares, running for Attorney General,  introduced Red Flag Gun Confiscation Legislation to violate nearly half of the Bill of Rights.  Not only does this unconstitutional scheme violate the 2nd Amendment, but also the 4th, 5th and 6th Amendments.  This effort set the stage for the radical left to pass this gun grab in the 2020 General Session.  Here are some links to read more-  

https://www.princewilliamtimes.com/news/hugo-now-backs-red-flag-gun-law/article_cad6a8ca-bf77-11e9-bea6-fb8304c57809.html

https://www.13newsnow.com/article/news/virginia-beach-delegate-proposes-red-flag-law-for-virginia/291-c7838c54-a9c3-4334-99e2-70dac47db27b

-And then Delegate Glenn Davis, running for Lt Governor, introduced legislation in the 2020 General Session to make it harder for law-abiding citizens to get a concealed carry permit.  His legislation, which then enabled the radical leftists that now control the house to do the same, eliminated online training and mandated in-person training,  The last time I checked the 2nd Amendment neither mentioned training or paying a tax to bear arms.  Here is a link to his legislation. 

https://lis.virginia.gov/cgi-bin/legp604.exe?201+sum+HB142

And even before that, Davis led the effort to create 'gun free' killing zones in Government Buildings.  Here is a link to that.

https://www.virginiamercury.com/blog-va/virginia-beach-republican-to-push-bill-allowing-municipalities-to-ban-guns-in-government-buildings/

And finally, while never elected, Gubernatorial Candidate Glenn Youngkin urged his employees to donate to the Southern Poverty Law Center, a viciously anti-conservative and anti-Christian organization.  You can read about that here.

https://thefederalist.com/2021/03/25/woke-capital-gop-candidate-ex-ceo-once-urged-employees-to-donate-to-the-splc/

You know, after typing this, it seems I am describing the Democratic ticket rather than those seeking the Republican Nomination.

Like I said before, many other candidates do not have public policy efforts on record, but you can read more about their stances on vital issues by clicking here and reviewing the results of our 2021 Restore Virginia Now State Candidate Survey.

https://virginiaconservatives.net/2021-rvn-candidate-survey

In over a dozen years of grassroots politics, one truth stands out- you must never ever reward the poor votes of a politician with your good vote, no matter who they are.

Or else you end up with the inability to tell Party R from Party D.

As we move into the 2021 Primary in the House of Delegates, we will also be shedding the hard light of truth on many candidates and their poor voting record.

For if we hope to Take Back Virginia, the last thing we need is fake conservatives on the ballot.  And you must remember the wise word of King Solomon in Proverbs 22:29-

""Do you see a man who excels in his work? He will stand before kings; He will not stand with unknown men.""

To read more on our efforts to take back the State House of Delegates, and what you can do to help us, click here to join us in working to Restore Virginia Now.

https://www.restorevirginianow.com/

In Liberty,

S. Chris Anders
Director
Virginia Constitutional Conservatives
https://virginiaconservatives.net/
https://www.facebook.com/virginiaconservatives/ 
 
PS- We have a hard fight ahead to take back Our Virginia. For the past 18 months we have been training and preparing for the 2021 State Election Cycle.  But we could use your help.  We have the trained activists and members in place to rip the Richmond Radicals from power, but we need ammunition. And in politics, your donations are that ammunition.  Will you click here to support our efforts to Restore Virginia?  For many of you donating $5,000 is easy and for others $50 is hard.  I get that.  But no matter the amount you are able to give, know that every dime will fund our effort to take back OUR Virginia.

https://donorbox.org/restore-virginia-now

Thank you and God Bless. "
EconomicAdvantagesOfOilAndGas	ACT NOW: Senator Bradley supports legislation that would raise our electricity rates and give more power to transmission line companies.
NeedQuickResponseForClimateCrisis	"Kentucky politicians are trying to raise the gas tax again? 
Lawmakers overspent and now they’re trying to make us pay for it, but Kentuckians can’t afford to pay more at the pump!
 
Click here to learn more and say NO to a gas tax increase!"
LegislatorsMustActAgainstClimateChange	There was corruption. There was mismanagement. And legislators passed a law to fix it. It got vetoed because political power doesn’t always care whether something is corrupt and mismanaged, so long as the right people want it. But one group set the expectation that things needed to change and won an important reform.
EconomicAdvantagesOfOilAndGas	"An Online Panel Discussion by and for U.S. Military Veterans

U.S. military veterans are invited to an online panel discussion, “Electric Vehicles, National Security and American Jobs,” 7-8:30 p.m. ET, Tuesday, Nov. 9.

Hear from leading experts about the national security risks and economic costs of our dependence on oil, and learn how U.S. investments in electric vehicles and charging infrastructure can mitigate defense and security challenges and support American jobs, including for veterans.

Featured speakers include:
- Admiral Dennis C. Blair, retired Commander in Chief, U.S. Pacific Command
- Rep. John Szoka, North Carolina General Assembly; retired Lieutenant Colonel, U.S. Army

7-8:30 p.m. ET, Tuesday, Nov. 9. "
AgencyToStopClimateChange	Pipeline operators ensure the safety of pipelines whether they’re old or new through advanced technology and 24/7 monitoring to help protect the environment.
StopOilPollution	“As a pulmonologist, I’m disheartened during hot, polluted summer days when my patients tell me the air is making it harder for them to breathe — and even worse, when it sends someone to the hospital. “. 
AntiWoke	"New York Republican Chairman Nick Langworthy continues his statewide “Just Say No” tour in Rensselaer to highlight the Party’s opposition to the November election ballot propositions. #JustSayNoNY

Steve McLaughlin
Rensselaer County GOP. "
TackleClimateChange	The eco-Left wants to spend green to go green to make you pay more green.
NuclearEnergyBenefits	"📢 📢 📢  Calling All Progressive Candidates! Ready to run? Already running? Train with re:power!

We're launching a public candidate training series next month! The application deadline is Tuesday, March 30 -- so apply today!

Participants who complete this training series will have the skills and tools necessary to build a campaign plan and launch their campaign infrastructure. You will learn about the critical components of a political campaign -- planning, targeting and base building, budgeting and fundraising, direct voter contact, media and values-based messaging, and more...much more!

https://bit.ly/3c8RFoO. "
TackleClimateChange	Wyoming needs move its economy beyond fossil fuels, and fast. Find out how Albany County can do its part, and how you can help.
AntiWoke	Join Us for Freedom Square powered by Turning Point USA—LIVE from Dream City Church in Phoenix, Arizona— empowering American Christian leaders and faithful with the resources, training, and knowledge they need to engage in civics to strengthen families, communities, and our nation!
EconomicAdvantagesOfRenewableEnergy	Your legislator was a champion for Colorado’s rivers this legislative session! That means a stronger economy, better resiliency in the face of climate change, and restoring our rivers. Show your support for our rivers by signing our card today!
AdvocateForGreenEnergyPoliticalAction	🇺🇸🇮🇱 Drilling Now for Israel's Energy Independence. Inspired by Scripture (Gen 45 & Deut 33) and Informed by Science. 
EconomicAdvantagesOfOilAndGas	"Halloween is just around the corner and we are celebrating with a spooktacular giveaway! 🎃 Enter for a chance to win a family gift pack including a $100 Texaco gas card & four Ama pizzas. The rules are simple:
 
👻 Follow us on Facebook
👻 Comment below with a photo of you (or your keiki) in a Halloween costume!
 
That’s it! 🎉 Winners will be contacted and announced on Monday, November 1. This giveaway is not sponsored, endorsed by, or associated with Facebook."
NuclearEnergyBenefits	For 15 years, the 100 Women Strong giving circle has funded initiatives that empower  women and children across Central Florida. We give with our hearts and our heads, making strategic investments to tackle the biggest challenges that affect women and children. Our efforts address the root cause of these challenges. That’s how change really happens. We’re looking for a few more great women to join us in making a difference.
SupportForNuclearEnergy	Grassroots advocacy is essential to the advancement of nuclear carbon-free energy, says fmr. Asst. Sec. for the Office of Nuclear Energy Dr. Rita Baranwal. Watch her latest interview to learn more about the vital role advocates like you can play in ensuring that all carbon-free energy sources, including always-on nuclear power, are part of the clean energy conversation.
AgencyToStopClimateChange	"Fellow Patriots,

You need to mark your calendar for Tuesday, August 3, 2021 for the Special Meeting of the Virginia Constitutional Conservatives.

Held at the Hamilton Station Gastropub, 17416 Hamilton Station Rd in Hamilton Virginia, from 6:30pm till 9:30pm, we will be discussing-

Our 2021 State Election Cycle effort- Restore Virginia Now.
Our Defeat of the 'home-made' gun ban in the 2021 Session
Upcoming battles by the Virginia Gun Rights Task Force
And our Special Guest, Virginia for Educational Freedom, to discuss their efforts to pass school choice and end the government monopoly on education in Virginia. 
There are vital actions you must take to not only stop the far left radicals, but to rip them from power and restore your rights as citizens of the Commonwealth of Virginia.

I look forward to seeing all of you on August 3rd."
AgencyToStopClimateChange	I don't know who needs to hear this, but our relationship with gas doesn't pass the vibe check.
TackleClimateChange	"Today, we celebrate Constitution Day. It commemorates the formation and signing of the U.S. Constitution on September 17th, 1787.  

Our founding fathers realized first-hand what life was like under tyranny. It is the whole reason they came to this land. They wanted freedom.

Our constitution was created with the intention to protect the people from its government. It gives power to the individual and places limits on the government. It is unlike anything else in the world and is fundamental to preserving our values. 

It seems like many have forgotten that over the last last 20 years. Concepts like free speech are punished on college campuses. Freedom of the press is censored on social media. State and individual rights are encroached upon daily by federal agencies. And even this week, President Biden completely overstepped his power with vaccine mandates. 

We the People of the United States of America need to defend our freedom, our rights, and the constitution. Our children must learn about it in school. If they aren’t aware, they will naively give it away to those who seek to abuse their power.

For a citizen government to be successful, we all need to be engaged every day. It is essential to elect conservatives at all levels of local, state, and federal government. We must hold our elected leaders accountable.

Today, let’s celebrate those God-given freedoms we cherish. Let’s honor our founding fathers by protecting what they entrusted us with. It is not just a piece of paper. It is our values, our ideals, our way of life. It is America.

If we don’t, as Ronald Regan said, “our freedom is only one generation away from extinction.”

Idaho Young Republicans stands resolute in protecting our constitution. We ask you to join us at www.idahoyr.com/join.

God Bless Idaho and God Bless the United States of America!"
SouthwestGasInvestment	"TPUSA LIVE is the unfiltered, grassroots alternative to mainstream media. Watch daily shows, live in-studio content from TPUSA HQ and weekly shows covering politics, pop-culture, sports and everything in-between. Tune in every weekday starting at 5 PM ET / 2 PM PT.

Check out today’s show! 

Human Events Daily host Jack Posobiec discusses Southwest Airlines' Freedom Flu Protest, digital currency, leaked White House audio and more!

The TPUSA LIVE team is joined by host, Jon Root, and special guests Charlie Kirk, Eric Metaxas and Tennessee Senator Marsha Blackburn who will talk about Eric Metaxas’s new book, “Is Atheism Dead?”, China, our woke military, and more!

Breakaway host Jon Root sits down with professional baseball player Dennis Sarfate and watch RELOADED with Paige Roux as she covers how to properly conceal carry. 

We will wrap up the show with POPlitics with Alex Clark as she dives into Kourtney and Travis' engagement, bizarre Bieber beauty and more!"
InroadsMadeByRenewableEnergy	"World’s Best Wednesday🏆enjoy your cup of coffee☕️ this morning with a good laugh! 

#memes😂 #officememe #officememes #michealscott #wednesday #gabelewis #energy #environment #sustainability #gop #kellykapoor #stanleyhudson #dwightschrute #climate #change #kevinmalone #worldsbestboss. "
ClimateActionDonation	"California’s farms help feed the nation, but not everyone has equal access to the healthy foods they produce. 

Climate change and toxic pesticides threaten our food and put farmworkers, children, and communities at-risk. 

We need to create a healthier, more equitable, just, and climate resilient food system in California."
AdvocateForGreenEnergy	"Did you know you can submit a customized comment to the Forest Service about reinstating the Roadless Rule? 

And if you do submit a personalized comment through seacc.org/roadless, you could win a Wild Alaskan Seafood Medley Box from Alaskans Own (plus, many other prizes).

No time? We have four pre-written comments to the Forest Service seacc.org/roadless. Choose from a focus on 1) recreation on the Tongass, 2) the economic benefit of keeping the Tongass intact, 3) the Tongas crucial role in climate change, or 4) subsistence for Southeast Alaskan communities.

Happy commenting! 

#SaveOurRoadlessForest #ProtectTheTongass. "
ChallengesFacingRenewableEnergy	What’s the safest way to transport oil? According to environmentalists, progressive politicians, and the media, it’s anything but pipelines. Are they right?
BuildBetterAct	ENERGY ACTION ALERT: Protect affordable energy and consumer choice in New York. Sign the petition today!
GreenEnergySavesMoney	"We're returning to a state of ""normal."" Oklahoma is reopening, we're seeing solid COVID-19 vaccination rates and the school year is winding down.

Drivers hitting the road this summer will be met with higher gas prices. At the end of April, the national average for gas increased to $2.94 per gallon. Unfortunately, oil & natural gas producers have no say in the value of the product they produce — supply and demand still rule. But Oklahomans can rest assured producers, refiners and transporters are all working around the clock to ensure the needs of drivers are met daily. 

Read more from Petroleum Alliance President Brook Simmons: https://bit.ly/2SAXRQd. "
PoliticalActivismForRenewableEnergy	Science Mom, Dr. Melissa Burt, talks to Jen, a mom of two in Colorado, about how climate change is causing longer lasting, more severe droughts, how it makes her feel, and what moms can do to help. #LaterIsTooLate. 
GreenEnergyWorks	#PrivateEquity is investing in a sustainable future - including projects that deliver cleaner water and energy. Join us for The Hill's Sustainability Imperative Summit and learn more: https://thesustainabilityimperative.splashthat.com/. 
EconomicAdvantagesOfRenewableEnergy	“These are challenging and unprecedented times. We need bold, new initiatives like OpenET to solve our water resources problems.”—Justin Huntington, watermapper, research professor DRIScience.
AdvocateForGreenEnergy	Leo Vasquez, Chair of the Texas Department of Housing and Community Affairs, joins Andrea Gomez and Orlando Sanchez for an hour of lively conversation.
SupportForRenewableEnergy	Electric vehicles produce less carbon, which means less pollution, and a healthier planet for our children to grow up in. Also, they’re just plain cool. Swipe to learn more about our potential future.
EconomicAdvantagesOfRenewableEnergy	Eric’s a liberal environmentalist. Daniel doesn’t believe in climate change. But they can both agree on a better way to heat and cool their homes.
AdvocateForGreenEnergy	California Department of Water Resources Drought Manager, Jeanine Jones, answers questions on recent storm.
AdvocateForGreenEnergy	"Addison County residents - you can help reduce your carbon footprint by switching to natural gas 🌲 🌎

Still using fuel oil? 🤔

According to the U.S. Energy Information Administration the burning of natural gas for energy ""...results in fewer emissions of nearly all types of air pollutants and carbon dioxide (CO2) than burning coal or petroleum products to produce an equal amount of energy.""

There's a smarter way to fuel your home and it starts with natural gas ✅

Sign up for a free, at-home estimate today!"
AntiWoke	Christopher Columbus, the most famous explorer in history, was once a celebrated hero. Now, many consider him a villain, a despoiler of paradise. So which version of Columbus is true?
GreenEnergyWorks	Growing U.S. offshore wind presents enormous economic opportunities for the maritime industry and made-in-America vessels.
TackleClimateChange	"First, DC liberals spent trillions of our dollars. Now, Americans are facing record inflation and are paying more for gas and groceries. Their plan now: Nancy Pelosi and her liberal allies are pushing for new tax hikes and another socialist healthcare plan.
 
Click below and sign up to tell Haley Stevens enough is enough."
CallsToInvestInRenewableEnergy	Diesel buses spew dangerous pollution that causes asthma and other health problems. That pollution is worse inside the bus—where our children are breathing—than outside the bus. Diesel buses also add to global warming and climate heat. That’s why Moms—and students!—want clean, electric school buses.
CallsToInvestInRenewableEnergy	AMP knows the right energy policies keep energy reliable for all Michiganders, empower Michigan businesses, support local jobs, and strengthen our economy. That’s what we’re fighting for.
OilAndGasExtractionRisks	"Will the school board ever grow up? They need the power to face unpleasant facts. 

The school district spending is out of control and is based on deceiving taxpayers into taxing themselves at ever-higher rates. 

“The chickens have come home to roost.”

The school district should be grateful for what it has got instead of constantly raising taxes every 4 to 5 years, for the last 50 years!

Bellbrook does not have a funding problem, it has a spending problem.

If the board members are as smart, as they say, they are, think they are, then why haven't they realized you can not keep ripping people off by taxing the homes 🏡 they live in?

Guilting taxpayers into paying more for the same is the tactic of the ill-informed and entitled. 

As even retired teachers have said, this is about supporting the lifestyles of, arguably overpaid, over benefited, public employees. 

It has to end, the well has run dry. There is no money 💰 tree 🌲 to harvest the cash needed to cover these lavish wages, Cadillac benefits, bonuses, sick days, pickups, and pensions.

All public employees need to respect the taxpayer and view them more than ATMs.

Say what you want, taxes are way too high and the largest most undisciplined, selfish spender,  is the school district. 

The board needs to get a grip and accept responsibility. The board needs to accept the outcome of the last 3-elections.

NO MEAND NO!

The unpleasant fact is they need to knock off the arrogance and get down to managing the $31,000,000.00million dollars they have to educate 2700 children.  

It's not as if the money isn't already there.

If they find themselves unable to deal with it, then they should step aside so others can step in, with fresh new ideas, and get the job done within the current generous budget.

The vote yes people have no special qualifications to tackle budgets, they are pretenders who can not be trusted. They only know how to spend more. They are not as smart as they think they are.

Be smart. Be thrifty like a farmer. VOTE NO on May4th! Please join the Bellbrook-Sugarcreek Property Tax Revolt of 2021.

Stop 🛑 taxing yourself, your friends, and your neighbor's 🏡 homes.

VOTING NO is the well-informed choice.

NO MEANS NO!"
GreenEnergyWorks	"The cement and concrete industry’s Roadmap includes all five of the critical phases in the cement-concrete life cycle in an effort to achieve carbon neutrality across the value chain. 

Learn more at shapedbyconcrete.com."
TackleClimateChange	Shorter winters and higher temperatures are making some activities more risky.
EconomicAdvantagesOfOilAndGas	Did you know if your household went full electric, it could cost more than $25,600 to replace major appliances? Watch this video and learn about the benefits of using natural gas.
AdvocateForGreenEnergy	Watch firsthand account of the battles faced by fishers and fish workers as they are faced with declining fish populations, increasingly common extreme weather events and disruptions due to climate change.
AdvocateForGreenEnergy	🚨NEW HAMPSHIRE, to make change we need your help🚨. 
GreenEnergySavesMoney	Pipelines are designed to meet or exceed stringent federal and state regulations covering pipeline material, strength and thickness. The high-grade steel used helps to provide safe and reliable transportation for crude oil.
SupportForOilAndGas	The Virginia Oil and Gas Association is proud to announce the Virginia Hot Christmas Meal Project. Starting this week the Association will be providing 1350 hot meals to people in need across the Commonwealth. https://www.vaoilandgas.com/2021-hot-meal-project.html. 
TackleClimateChange	Can anyone name ANYTHING Kathy Hochul has done to bring down the cost of food or gasoline? She could SUSPEND the gas tax and pull the plug on the absurd proposal to raise the gas tax by 55 cents per gallon to the highest rate in the country! There are actually many options to lower New York’s energy costs, but Hochul and her friends are doing NOTHING. Tell her to take action at LowerNYGasPrices.com.
ClimateActionDonation	Happy #NationalGrillingMonth! What’s on your menu for your summer cookouts? Leave a comment and tell us what you’re preparing on your #natgas grill. ⬇. 
LegislatorsMustActAgainstClimateChange	"𝗬𝗼𝘂𝗿 𝗯𝗶𝗿𝘁𝗵𝗱𝗮𝘆 𝗶𝘀 𝗰𝗼𝗺𝗶𝗻𝗴 𝘂𝗽 𝘀𝗼𝗼𝗻! 🎉🎈 Did you know that you can ask your friends and family to support organizations that are working to fight climate change – in honor of your special day?

When you create a Facebook Fundraiser for Food & Water Watch on your birthday, you can make an even BIGGER impact in the fight for safe food, clean water and a livable future! Click the button below and search for “Food & Water Watch” to get started."
SupportForRenewableEnergy	Our 2020 Sustainability Report reflects robust ESG performance, including strides we’ve made in safety, environmental and community efforts.
AdvocateForGreenEnergy	Looking for better, cleaner, and safer energy? Bioheat® fuel is the lowest carbon heating fuel available in NY right now and is on its way to net-zero carbon emissions by 2050. Reach out to your fuel provider to ask for Bioheat® fuel today! #bioheat #bioheatfuel. 
EconomicAdvantagesOfRenewableEnergy	Williams is excited to join Greentown Labs as the first midstream corporate partner to support cleantech entrepreneurship that will accelerate the transition to a low-carbon future.
NeedQuickResponseForClimateCrisis	The plan for a government-takeover of Maine’s power grid would cost $13.5 billion. That’s more than $17,000 in debt for average customer. What do you think of the plan? Take our poll: https://bit.ly/31N2eg2. 
AntiTax	Inflation isn’t going anywhere until the Biden Administration changes their policies.
RenewableEnergyGrowth	"All Peoples Green Sanctuary Committee!

If you are interested in environmental justice, saving trees, clean water, solar power, recycling, sustainable policies in government and utilities companies – we invite you to join our next Green Sanctuary Committee meeting on ZOOM Thursday Oct 28th at 6PM. 
Email Debby Sublett at debbysublett@aol.com to receive the ZOOM link."
ReduceEmissions	"October 8th is #NationalHydrogenandFuelCellDay. Today, we celebrate advancements in hydrogen fuel - a clean, safe, and innovative way to combat climate change and lower carbon emissions. 

SoCalGas is championing #hydrogen development for California’s homes and businesses, because we believe in clean, safe, and reliable energy for tomorrow."
GreenEnergySavesMoney	"📣🌞Act now and get $75 off your next bill when you sign up with Arcadia. 

Our simpler sign-up, streamlined billing, and top-rated team allow anyone to add solar to their local power supply — while earning savings on monthly power bills."
ChallengesFacingRenewableEnergy	The Iowa public school system has MANDATED Critical Race Theory and Dennis reviews a shocking document that the state’s teachers are forced to use.
AgencyToStopClimateChange	"Marcus Mighty works in turbine services at Dresden Station, helping to power Illinois – and community services across the state. 
He knows how important it is to keep these critical resources available for all our communities."
ReduceEmissions	Think manmade climate change is making severe weather worse? Think again. Atmospheric scientist and meteorologist Neil Frank shares the real facts about hurricanes:. 
RenewableEnergyGrowth	"Renewable Natural Gas (RNG) made here in Vermont 👍 🌎

RNG is created from methane produced from organic materials in landfills, wastewater treatment facilities, and farms!

Customers can simply sign up to purchase renewable attributes of RNG for a percentage of their natural gas usage 📈 📊

Use our RNG Adder Calculator to find the right percentage based on your budget & energy use 🏡

Visit our site to learn more about RNG and enroll in the VGS Renewable Natural Gas Program!"
AdvocateForGreenEnergy	"Qualifications:

• High school or equivalent (Preferred)
• Customer Service: 2 years (Preferred)
• Computer Skills: 2 years (Preferred)

Full Job Description:

We are looking for a reliable, positive personality, positive energy, customer oriented Front Desk Associate for our growing solar energy company. Starting pay can vary from $25,000 to $35,000/yr. depending on experience and skills. We are looking for someone that is well-presented, is patient with customers, and will go above and beyond to get the job done. 40 hr. work week.

Here is what we are looking for:

1. Personable and Energetic
2. Dependable and on time!
3. Able to work well with others
4. Organized and Trainable
5. Loves to help people

What the job entails:

1. Daily opening office processes
2. Working one on one with customers
3. Scheduling appointments for customers
4. Calling permitting and utility entities for information
5. Answering phones and filing, including digital filing
6. General office cleaning
7. General office tasks, (faxing, mailing, emails, etc.)
8. Daily closing office procedures.

This position also will include applying for building/electrical permits and utility applications for solar compatibility.

Job Type: Full-time, 9 AM to 5 PM, Monday to Friday.

Pay: $25,000 to $35,000/yr. DOE

Education:
• High school or equivalent (Preferred)

Experience:
• Customer Service: 2 years (Preferred)
• Computer Skills: 2 years (Preferred)

Work Location:
• One location

Work Remotely:
• No. "
AgencyToStopClimateChange	"✌ critical problems drive up the cost of health care:

1️⃣  A lack of price transparency 

2️⃣ The bureaucratic middlemen getting between patients and their doctors.

Fortunately, there is a path for policymakers to reform our system to ensure patients are in charge of their care by knowing prices before services are provided and creating more options that bring patients and doctors together."
OilAndGasExtractionRisks	"The ruling party is finally admitting that we can’t operate a 21st century power grid with solar and wind power alone. 

They’ve been dismantling gas and nuclear power plants for years. They’re quietly adding 5 new natural-gas power plants so we can keep the lights on. 

https://youtu.be/BSe9qAMl5-E. "
LegislatorsMustActAgainstClimateChange	"This morning, the House was supposed to vote on bipartisan legislation to help fund NASA—a bill I supported as a member of the Science, Space, and Technology Committee.

Instead, Democrats decided to gut the bill and replace it with radical legislation that would nationalize our election systems, completely disregard the voter laws states already have in place, and fund political campaigns with billions of taxpayer dollars.

I believe every American citizen should be able to safely and freely make their voice heard at the ballot box, but this legislation is just another attempt by Democrats to destroy our institutions and maintain power in Washington."
PoliticalActivismForRenewableEnergy	"Who holds the BOSS accountable? Care Workers do!

Care Workers created CCWU to advocate for industry wide improvements — AND WE’RE WINNING! These victories are just the beginning. Join the movement to make lasting change for this ESSENTIAL industry!

✅  $15/HOUR MINIMUM WAGE FOR DIRECT CARE WORKERS: This is a huge victory and an important step forward to securing the respect and dignity care workers in our community deserve.

✅  WHISTLEBLOWER PROTECTION PUBLIC HEALTH EMERGENCIES BILL: This bill ensured our autonomy as frontline workers and protected us as we evaluated bad actors in our industry that needed reform. This bill assured us that we were cared for too.

✅  THE HEALTHY FAMILIES AND WORKPLACES ACT: Because of the power of our collective voices, SB 20-205 a bill which guarantees paid sick leave for front line workers, passed!

✅  AN ACT TO STRENGTHEN & ENHANCE THE HOME CARE WORKFORCE: In 2019, care workers and allies helped pass SB 238, a bill that would raise wages for home care workers.

We know that these victories are only the beginning. Call the Care Worker Hotline: Let us know what's going on at your workplace and join the fight for lasting change!"
ChallengesFacingRenewableEnergy	The Great Lakes are reaching record warm temperatures, which could generate more lake-effect snow and threaten fish habitats. 
TackleClimateChange	SAGE is the first Indigenous-owned public power company, run by a female-lead board of directors. We are creating renewable energy to benefit future generations. Join us in our mission to leave a legacy on native land: https://anpetuwi.com/. 
EconomicAdvantagesOfRenewableEnergy	Did you know that the price of crude oil is one of the biggest determining factors of gas prices? Learn more about the way gas prices are determined. 
GreenEnergySavesMoney	Biofuels are the future of renewable energy. Follow along →. 
EconomicAdvantagesOfRenewableEnergy	500 member companies providing more than 50,000 Alaskan jobs through responsible oil, gas and mining development.
OilAndGasExtractionRisks	Several scientists have gone on record saying that while climate change is real, the doomsday scenarios are not.
SupportForOilAndGas	"Inspired by Scripture (Gen 49 & Deut 33)
Zion Oil & Gas, Inc. (OTCQX: ZNOG) envisions an Israel that is energy independent from onshore oil and gas finds that have been Biblically promised to Israel."
DemocratOutreach	"“Angel at my table”
Look at this painting.
This painting captures the essence of why the VOTE NO movement fought so hard to protect our communities greatest asset, our Senior citizens.

Jim Renacci will protect our Senior citizens if elected Ohio’s next Governor.

Jim listened and implemented into his platform, what the supporters of the VOTE NO movement were trying to protect. 

If elected he will stop 🛑 all personal property taxes on all Senior citizens in Ohio!

I am asking every VOTE NO supporter to help elect Jim our next Governor.

""An Angel At My Table"" 
(portrait of artist's mother)
Miriam Escofet(b.1967,Barcelona)
Oil on linen over panel, 100 x 70 cm. "
ReduceEmissions	"Residents of Addison County are going to want to take advantage of this unique opportunity 👀

For a limited time we are offering $500 cash to eligible households just for switching to natural gas 💵 💵 💵

How do you get your $500?
✅ Click [Learn More]
✅ Review the Coverage Map
✅ Sign up for a free estimate
✅ Receive $500 cash once the conversion is complete

In order to receive $500 you must...
✔️ Sign up before 03/31/22
✔️ Turn on your meter before 09/30/22

So don't wait, sign up for a free estimate today!"
NeedQuickResponseForClimateCrisis	Lake County officials need to know residents are overburdened with taxes, and raising the price of gas is not the way forward. Tell your lawmakers to oppose this proposed tax hike!
AntiDemocraticCandidates	"New York Republican Chairman Nick Langworthy will continue his statewide “Just Say No” tour to Saratoga to highlight the Party’s opposition to the November election ballot propositions. #JustSayNoNY 

Saratoga County Republican Committee. "
RenewableEnergyGrowth	Can business and conservation coexist? Our economy and our ecosystems? Our energy needs and our climate reality? Yes, they can. Learn more: https://www.cred.org/tomorrow. 
EconomicAdvantagesOfRenewableEnergy	"Has anyone else noticed it has been nearly a YEAR since Socialist Judge Lina Hidalgo issued her Red Level Threat warning for Harris County on COVID-19 and she has STILL has not reassessed this threat level despite two peaks in the rear view mirror… One of which was called out by myself and Senator Creighton as far back as in a July 2020 press release (https://bit.ly/3blayWa) speaking out against another lockdown of the Texas economy and needless disruption of Texas businesses! 

Now Fast Forward to today, past another smaller peak too and at least Fox 26 news, Greg Groogan is  asking the question of ""Lockdown Lina"" when is she going to relent in this video..!

Several of panelists including Bob Price and Gary Polland in this Fox News jump in on the debate in this ""What's your Point"" segment (https://bit.ly/3eFrtEM).

My bill SB1616 ensures protection on the overreaching local orders & changes criminal penalties to civil in local emergency management, like a violation of a local mask mandate. We need protections from political subdivisions using emergency powers to impose sweeping restrictions and criminal penalties on everyday Texans, like what Judge Hildago would still do today, close non-essential business, allowing NO in classroom student education, and I'm sure she still would advocate the release of over 4K felony inmates from the Harris County jail..!!

Watch the video and decide for yourself if SB 1616 is needed! Sen PB. "
OilAndGasExtractionRisks	"Frantic oil buying driven by supply outages and signs the Omicron variant won't be as disruptive as feared has pushed some crude grades to multi-year highs.

https://www.reuters.com/business/energy/physical-crude-oil-market-steams-ahead-after-omicron-blip-2022-01-16/. "
ChallengesFacingRenewableEnergy	Memphis businesses, from neighborhood gas stations and other existing local businesses, to our airport, could all be at risk thanks to a new ordinance proposed by the Memphis City Council. Tell the city council you oppose Ordinance No. 5782!
EconomicAdvantagesOfRenewableEnergy	"Senate Republicans asked Californians to sign a petition objecting to the July 1st gas tax increase. Together, we have received thousands of signatures from all over CA.

Republicans are amplifying your voices by calling on Democrat leaders to HALT the gas tax. #GasIsTooDamnHigh. "
TackleClimateChange	Scientists warn of climate change's impacts on winter recreation in NH. 
AntiWoke	One city wants to ban all fossil fuels including gas stations, gas appliances and gas-powered lawn tools.
OilAndGasExtractionRisks	"As we roll into #MemorialDay weekend, we've got a little contest to spice up your cookouts and lazy days. 🔥 Do you have an oil and gas koozie? We want to see it in action! Here's what you need to do: 

1. Take a photo of you using your oil and gas koozie and share it as a post. Bonus points if it's an Alliance koozie! 
2. Be sure to tag us — @petroallianceok — and use #ShowUsYourKoozie. 

That's it! Do that and you'll be entered to win a gift bag of Petroleum Alliance swag. Winners will be announced next week. 

Now, go enjoy your weekend and remember to #ShowUsYourKoozie! 📷. "
NuclearEnergyBenefits	"When Bob Buckley, senior engineering specialist at BGE, realized the fall-protection mast he and the team had been using were no longer made, he designed and prototyped his own. Now, it keeps employees safe while they perform their day-to-day tasks on top of transformers.

http://ow.ly/o4bP50HFVGt. "
OilAndGasExtractionRisks	"Dear Mr. Stafford,
As an observant of how my property taxes have been wasted by the Local Government in the past, I'm of the opinion that I must buy with my knowledge. Therefore, I will be vote no on any levy increasing taxes.

When the school district’s finances are involved, there are no disinterested people, which is the reason if you’ve ever noticed how school employees backed by the Board of Education are always trying to push the need for a levy.  

When you get right down to it, our school district’s finances seem about as honest as the finances on Wall Street.

Not even St. Pete could expect the truth from the Board of Education under such conditions. 

If the owner of a gas station sells water as gasoline he can be taken to court and sued. But a School Official can stand up and sell to the public ITS OWN ASSETS AS LIABILITIES (ESTIMATED ENCUMBRANCES) to justify the need for additional funding and the BOE smile at them, pat them on the back, shake their hand, and call them their friend.

Most of the levy presentations are not intentional lies, they are only presentations by a group of people who benefit the most from the passage. It is the advice given by a school employee concerned with losing their job and not what is the best usage of our tax dollars.

The fact of the matter is, you can get an expert that just happens to be a school employee to recommend just about anything if it is in the school's own best interest or supports their existing bias. Expert advice is up for grabs and it doesn't always have to work in the school district's favor. The tragic truth here is experts can be terribly, terribly wrong.

It is important to note that with any levy presentation that is offered by the school employee the biggest gains will be worked up into the worst losses. 

Oh, and let’s not forget the leaflets they will be passing out soon, how they are almost always just as true as the tale of THE WIZARD OF OZ. There is generally a basis of the fact that is threaded in with an over-exaggerated imagination.

I want you, the property owner taxpayer to ask yourself this question. Is this an effort to get you, the property owner taxpayer, to buy in?

 I hope that you will only buy what you know.

 Do not make the mistake and buy with your ignorance, but buy with your knowledge. All ignorance is dangerous and the most dangerous is the ignorance of YOUR LOCAL GOVERNMENT! 

Become an involved citizen and an informed voter.

The art of getting other people’s money has been developed into a science by the Local Government. In regards to that subject, the science of government funding, their art of attack is more developed than your art of defense.

In the public finance field, there are always more clever people who can separate you from your hard-earned money without using force.

There is no doubt that Bernie Madoff, for instance, has taken more money from private Citizens than the TOP 10 word twisting levy presenters. They were swindled, and it is a very unpleasant fact that one man can swindle us for so many years without being caught. Madoff is locked up now but yet the Local Government is not put in jail and not likely to be. As they separate you from your money with as much ease and the use of no force as Bernie Madoff did with the people he gave his presentations to.

The government doesn’t earn money they transfer it. No law so it seems can prevent a man from being fooled. It is a fact that we have seen in the Madoff case, for a man to be showered with millions of poor people’s money. The only reason that you, as Citizen, should sign a check over to the Local Government is that you have received full value for your money.

The school district has come to us with a promise and an empty pocket, as our need for educating our children is now diluted with the school district’s need for increased revenue for employee benefits.

This is a fact and I do not say it to be mean. I support the Employees of the school district. But I support the greatest asset of Our Community more, the Citizens.

Buy with your knowledge, as Mr. Stafford has said, MATH NEVER LIES.

I support the Vote No movement.

Name withheld."
AntiWoke	Not all electricity providers are the same. Electric co-ops power businesses, homes, schools and farms across the country and support more than 600,000 jobs. Learn how co-ops do more than just keep the lights on. #CooperativeDifference #Voices4CoopPower. 
LegislatorsMustActAgainstClimateChange	At least one public health administrator and a group that represents others are opposing an initiated-law campaign to limit the duration of emergency orders issued by health departments to 28 days, unless they gain the approval of elected officials. The measure would apply to both local health departments and the Michigan Department of Health and Human Services.
InroadsMadeByRenewableEnergy	ICYMI: a couple of months ago our very own Jeff Jarrett purchased his very own solar generation system. Today we're re-sharing his story about how he came into the solar industry and why solar makes sense numbers-wise for so many customers.
PoliticalActivismForRenewableEnergy	"Breaking: “Abortion is a white supremacist ideology.” CCR adopts resolution condemning Planned Parenthood founder Margaret Sanger and her connection to eugenics. Sanger was documented to have supported abortion with the goal of eliminating the black and mentally ill population. She was also noted to support the KKK. 

Abortion is a white supremacist ideology. Make no mistake, Planned Parenthood, one of the leading abortion advocates and providers, continues to disproportionately target and service minority communities. Roughly 80% of their abortion service locations are in minority neighborhoods. They’re following their original founding mission: to suppress minority communities through murder of the unborn.

This resolution marks the first time recorded that CCR has officially condemned Sanger and Planned Parenthood by extension. Planned Parenthood must reckon with not only its racist history, but also the murder of innocent babies. We call on our representatives to continue to do all in their power to defund and eliminate Planned Parenthood.

CCR is proud to stand for life and protecting the innocent. As the leader of the Trump wing of the CAGOP and youth leaders of social conservatism in California, we are proud to take this step in representing the passions of our chapters and the base of the Party. 

We look forward to continuing pro-life advocacy. 👣👶🏻. "
AdvocateForGreenEnergy	Electric co-ops were built to power to rural America. VCP was built to fight for them.
ChallengesFacingRenewableEnergy	Thanks to Joe Biden gas prices increased 15 cents from May to July.
LegislatorsMustActAgainstClimateChange	Weather is part of the fabric of our lives, and extreme weather poses particular challenges. Now is the time to turn hope and worry into action.
NuclearEnergyBenefits	4 tips for having a productive discussion on climate change this Holiday season. As online climate misinformation continues to spread, facts alone may not be enough. 
ChallengesFacingRenewableEnergy	Through all of the hurdles over the past year, we have given Verizon our all, day in and day out. Still, the company hopes to push us back into unsafe working conditions, with little to no regard for the health and safety of us and our families. Now, more than ever, we need a collective voice on the job at Verizon Wireless. Send us a message to get involved! ✊✊🏻✊🏽✊🏿 #VZWWRising. 
EconomicAdvantagesOfRenewableEnergy	"TPUSA LIVE is the unfiltered, grassroots alternative to mainstream media. Watch daily shows, live in-studio content from TPUSA HQ and weekly shows covering politics, pop-culture, sports and everything in-between. Tune in every weekday starting at 5 PM ET / 2 PM PT.

Check out today’s show! 

Human Events Daily host Jack Posobiec discusses where the Haitian Migrants came from, Hunter Biden, and Jack Exposes Former Planned Parenthood President and FDA Commissioner’s Flip-Flopping on Vaccine Advice While on CNN

The TPUSA LIVE team talks about The View’s Disaster Episode, BLM thinking the NYC vaccine passports is racist, Project Veritas part 2 and more. 

Alex Clark will interview Abigail Schrier - the author of Irreversible Damage: The Transgender Craze Seducing Our Daughters on today’s episode of The Spillover. 

We will wrap up the show with POPlitics with Alex Clark as she dives into weird things Mark Zuckerberg, Jeff Bezos, Elon Musk and other zillionaires eat for breakfast and more!"
LegislatorsMustActAgainstClimateChange	"Phil Waldron, the reitred colonel, who circulated the Jan. 6 PowerPoint says he met with Trump's chief of staff, ""maybe 8-10 times"" and briefed several members of Congress on the eve of the Jan. 6 riot. via Washington Post 
https://wapo.st/3EP7sX7. "
SupportForOilAndGas	"Also on June 19, another one of our drivers reported #oiltheft at China Wok in Edison, NJ, where this Buffalo Biodiesel vat had been broken into and robbed. Buffalo Biodiesel recycles the used cooking oil to make sustainable biofuel—instead, it’s being targeted by interstate organized crime. Please report any info to Edison PD.
NorthJersey.com NJ.com NJ Spotlight News The Star-Ledger New Jersey Herald. "
AntiWoke	"TPUSA LIVE is the unfiltered, grassroots alternative to mainstream media. Watch daily shows, live in-studio content from TPUSA HQ and weekly shows covering politics, pop-culture, sports and everything in-between. Tune in every weekday starting at 5 PM ET / 2 PM PT.

Check out today’s show! 

Human Events Daily host Jack Posobiec is keeping you up to date with a breakdown of today’s current news stories and his analysis.

The TPUSA LIVE team is joined by host, Jon Root, and special guests Charlie Kirk, Pastor Jack Hibbs, Pastor Rob McCoy, & Bob McEwen who will talk about Church and State, America being built on faith, religious liberty and more!

Breakaway host Jon Root sits down with Trenten Merrill, a Bronze Medal Paralympian, to discuss what it’s like to represent Team USA and watch RELOADED with Paige Roux as she covers exactly what to look for in a firearms instructor.

We will wrap up the show with POPlitics with Alex Clark as she shares the latest ConservaTEA in pop culture without the propaganda!"
GreenEnergySavesMoney	"Shout out to Fourth Street Social Club for leading the way with EverGreen! This local gem has earned the prestigious Certified Green Restaurant status and is powered by 100% renewable, locally produced energy, day and night. Visit them at 4thstreetsocialclub.com. 

For more information about SCP’s EverGreen service, visit sonomacleanpower.org/programs/evergreen."
EconomicAdvantagesOfRenewableEnergy	California is #1: February gasoline prices show the state remains highest in the U.S.: https://bit.ly/3siXje1. 
AgencyToStopClimateChange	"World Without Waste has signaled a renewed focus on our entire packaging lifecycle by improving our design, bottle collection and partnerships to reduce waste and carbon emissions.

See how partnerships like @theoceancleanup contribute to a #WorldWithoutWaste: cokeurl.com/u9y7bu. "
PoliticalActivismForRenewableEnergy	"Want someone that will ACTUALLY fight for you?

This is what I’m AGAINST. Random order (not a complete list):

1. Green New Deal 👎

2. CRT 👎

3. Gender Modification of Children 👎

4. Pornography & Pedophile how to books in city & school libraries. 👎

5. Restricting U.S. fossil fuel production. 👎

6. Infringements on 2nd Amendment. 👎

7. Big Tech censoring Conservatives. 👎

8. Cancel culture. 👎

9. BLM 👎

10. ANTIFA 👎

11. Rioting 👎

12. Open Borders. 👎

13. Incentivizing illegals to come here. 👎

14. #FakeNews 👎

15. Regressive taxes. 👎

16. Anything that hinders free, fair, open, & transparent financial markets. 👎

17. Subsidies 👎

18. Election fraud. 👎

19. Unconstitutional mandates. 👎

20. Unduly burdensome regulations. 👎

21. Inflationary policies. 👎

22. 🦏🦏🦏 👎

23. Abortion 👎

24. Foreign influence of elected U.S. officials & elections. 👎

25. Unfair trade practices. 👎

26. Property taxes - especially on primary residences. 👎

27. Government over reach. 👎

28. Unrestricted/untaxed remittances. 👎

29. ANYONE restricting your medical freedom. 👎

30. ANYONE telling you how to raise your children & subverting your values. 👎

barone4congress.com. "
AntiWoke	"NYGOP Chairman Nick Langworthy Takes “Just Say No” Tour to Suffolk County Highlighting the Party’s Opposition to November Ballot Proposals Threatening Election Integrity #JustSayNoNY

Suffolk County Republican Committee. "
EconomicAdvantagesOfRenewableEnergy	"The focus on at-home charging for electric vehicles is something that will ease range anxiety as equitable charging infrastructure becomes more available. No one wants to run out of battery on a road trip, but EV charging won't necessarily mirror the gas station stops we are accustomed to. 

https://www.startribune.com/electric-vehicle-revolution-brings-changes-to-minnesota-garages/600128347/

Many of Minnesota's electric cooperatives offer programs for off-peak charging and charger installation, so check with your local electric cooperative if you #goelectric."
OilAndGasExtractionRisks	"Winter is coming... is the Texas grid ready? Or will se see more blackouts?

State officials are working on a plan to reform the electric grid. Here's our midterm report card on their progress: https://lifepowered.org/will-texas-fix-its-grid-here-is-the-midterm-report-card/. "
NuclearAdvocacy	The climate in Washington needs your voice. Like our page to support nuclear carbon-free energy in our state.
AdvocateForGreenEnergy	General Manager Joseph McNeil, Jr is onsite as our first Anpetu Wi wind farm met towers are placed this week. This is the culmination of years of planning, engineering meetings, community support and fundraising. Pilamayaye - Thank you for your support! 🌬. 
RenewableEnergyGrowth	Have you heard about cleaner, greener Bioheat® fuel? This more sustainable fuel is made using ultra-low sulfur fuels and renewable biodiesel and it can be used in your existing heating system, no conversions needed. Check out this short video to learn more! And don't forget to ask your local heating company about Bioheat® fuel. #newyork #bioheat #bioheatfuel. 
SupportForRenewableEnergy	Protect your affordable, reliable electricity. VCP can help.
EconomicAdvantagesOfOilAndGas	Stephanie Bice is committed to the people of Oklahoma. She fights to lower taxes, help our veterans, end wasteful government spending, and for our oil & gas industry. Democrats want her out of Congress - she needs your help right now to stop their attacks. Rush in a donation now before the monthly deadline to support Oklahoma’s proven conservative leader!
AdvocateForGreenEnergy	"Many of the solutions needed for the cement and concrete industry to reach carbon neutrality are products and technologies that exist today. 

Learn how we can work together to achieve carbon neutrality at shapedbyconcrete.com."
LegislatorsMustActAgainstClimateChange	Over the past 15 years, the electricity generation mix in the U.S. has shifted away from coal and toward natural gas and renewables, resulting in lower CO2 emissions, according to the U.S. Energy Information Administration. Read more at wmb.link/u6o. 
AgencyToStopClimateChange	"Standing for Change
""It is time to stop the hate, stop the games, and get to work for the American people"". "
RestoreVirginia	Congratulations to Justin Musella on making #11 on InsiderNJ's Power List of Millennials.  He will do great things for Parsippany!
OilAndGasExtractionRisks	Question 1 gives politicians the power to overturn projects retroactively, putting small businesses and investors at risk.
TackleClimateChange	"What was left out of the reporting on the IEA report about net zero emissions?  ""To limit climate change, by 2030 the world must install the equivalent of the current largest solar park — every day. "". "
PoliticalActivismForOilAndGas	Climate change poses the biggest threat to human health, and the costs associated with it are projected to be astronomical.
OilAndGasExtractionRisks	"The Lignite Council recently recognized legislative leaders for their work during the 2021 North Dakota legislative session. Five legislators received the Lignite Luminary distinction for sponsoring two or more priority bills to support the coal industry. More than 100 legislators were recognized as Lignite Champions for voting in favor of all of the priority bills.
 
The 2021 Lignite Luminaries are:

Senator Jessica Bell (R-33) Beulah
Senator Rich Wardner (R-37) Dickinson
Representative Jeff Delzer (R-8) Underwood
Representative Chet Pollert (R-29) Carrington
Representative Craig Headland (R-29) Montpelier
 
Read more about the recognition program at: 

https://lignite.com/uncategorized/legislative-champions-of-the-lignite-industry-recognized/. "
ReduceEmissions	As extreme weather picks up this summer, Americans across the country can depend on #natgas to provide a reliable source of #energy for hot showers and warm meals. Watch below ⬇. 
OilCreatesJobs	The last thing Iowa small business owners need is new imposed costs. Sign the letter and protect rural gas stations!
AgencyToStopClimateChange	"Worried about voter suppression in Texas, Georgia, and everywhere else? Us too.

Remember: if our votes didn't matter they wouldn't be trying so hard to suppress them.

Join us on July 28 at 12PM to discuss ways we can fight back against attacks on our right to vote.

https://repower.org/event/pps2/. "
RenewableEnergyInfrastructureGrowth	Like a good char on those steaks and peppers? Natural gas can help improve your cooking game! Watch this video and learn how natural gas helps power New York.
CallsToInvestInRenewableEnergy	"Small businesses power Georgia’s economy, but they can’t succeed if their employees can’t come to work because they can’t afford childcare. 

The American Families Plan cuts the cost of childcare in half for most families and makes sure everyone at the top pays their fair share.

Let’s take the next step together."
LegislatorsMustActAgainstClimateChange	"AFP-Arkansas enjoys working with our partners on aligned policies. During the 93rd General Assembly, AFP-AR worked with Arkansas Right To Life, and other partners from across the political spectrum, to pass S.B. 535 (now ACT 1021), which allows citizens who join nonprofit groups to maintain their privacy by prohibiting state agencies from demanding and disclosing personal information. The bill passed with bipartisan support, 33 to 1 in the Senate and 74 to 12 in the House.

Listen to Believe in Arkansas as we host, Rose Mimms, Executive Director of Arkansas Right To Life, and David Voorman, Senior Policy Analyst for Free Expression, and talk about the founding principle of freedom of speech, how free speech makes our country unique, and why protecting and promoting speech is still as critical today as it was at the founding of our nation."
AntiWoke	"Try not to get whiplash following these doomsday climate predictions.
Will Witt parodies the mainstream climate narrative and its ever-changing fear-mongering predictions. ""Trust the experts who've settled the science!"" or something..."
AntiTax	"Those who cannot remember the past are condemned to repeat it! (George Santayana-1905)
Election Watch 21:
Keith St. Pierre is the architect of the “property tax Ponzi scheme “ requiring a new property tax on our homes every 4-5 years. All because of the lavish wages and benefits he pushed through the school boards he controlled.

Decades ago, in this quest for power and control, he convinced the naive school board to ""give up its power"" over the superintendent. So instead of the school board setting policy and procedures, and the superintendent implementing them, the superintendent now has the power. 

St. Pierre established the ""strong-arm"" superintendent policy now in place.

If you look 👀 up nepotism, you’ll find his picture. For over two decades he handed out jobs to his family members and friends.

Keith is also the person responsible for pushing/strong-arming through Cozad as superintendent.

Within the selection committee, which was set up to interviews and selects the most qualified candidates for superintendent, Doug Cozad was 5th or 6th down on the list. He was one of the least qualified of the candidates interviewed.

There were 3-candidates who were far superior and more qualified, yet St.Pierre forced through this million-dollar, unqualified, hand-picked candidate, Doug Cozad.

He also is who is responsible for the “Taj Mahal on the hill” middle school. A school building that exemplifies his out-of-control excessive spending. A building that was to be an everlasting monument to himself.

During his tenure, he was known as a tyrant /bully to anyone who had a disagreement with his methods/ policy decisions.

St.Pierre is the reason former and current students refer to the High School as “HATE BROOK.”

Never forget St. Pierre's past behavior/actions, leave this Candidate in the category of “ bad mistakes,” not to be repeated. 

*There are far better people to choose from.
Election 21 endorses for School Board  * Mike Kinsey *Audra Dorn *Kevin Price for school board."
LegislatorsMustActAgainstClimateChange	"California families need Mike Garcia to see what’s in front of him:

The danger is real. Extreme weather is more intense and more frequent than ever before -- and all the more reason to act now."
GreenEnergySavesMoney	Go solar for no money down, and interest rates as low as 0.99%. ☀️ #GoSolar. 
GreenEnergySavesMoney	If the Flexible Financing for Rural America Act is passed, the average co-op with typical RUS debt could save $2 million per year in interest payments – money that can be returned to consumers-members by investing  in co-op and community development. Learn more here: https://bit.ly/3xreNrU #Voices4CoopPower #RepriceRUSRates. 
AntiTax	"The average price for a gallon of regular in Connecticut was $3.54, an increase of 25 cents in the last month...

Meanwhile, CT Democrats are still pushing for even HIGHER gas prices with a new ""TCI"" gas tax. Sign the petition StopTheGasTaxCT.com."
EconomicAdvantagesOfRenewableEnergy	"Another entry from the #IPPowerList: 

Dr. Rich Besser, President and CEO of Robert Wood Johnson Foundation, commands the nation’s largest health #philanthropy, which made $600 million in grants in 2020 in pursuit of an ambitious agenda of #healthequity, and a growing focus on #structuralracism. https://buff.ly/3iBrhqS. "
InroadsMadeByRenewableEnergy	Sonoma Clean Power is the public power provider for Sonoma and Mendocino Counties. We bring more power to you with our new Advanced Energy Center. Like or follow our page to find out more.
LegislatorsMustActAgainstClimateChange	The municipal utility in Traverse City, TC Light and Power, is continuing the build-out of a $22 million project to provide fiber broadband internet. But the number of customers signing up for the new service falls well below projections of what will be required to make the project economically viable.
DemocratOutreach	"""Unions put power in the hands of workers."" - President Joe Biden. "
EconomicAdvantagesOfRenewableEnergy	"The U.S. became the world’s No. 1 exporter of liquefied natural gas for the first time ever last month, as deliveries surged to energy-starved Europe.

https://www.bloomberg.com/news/articles/2022-01-04/u-s-lng-exports-top-rivals-for-first-time-on-shale-revolution. "
AdvocateForGreenEnergy	"Please join us on Thursday, June 17th at 2 pm EST for a live, virtual conversation about protecting and preserving sacred sites; places of cultural significance that tie Indigenous peoples to their ancestors and stories. 

SAGE Development Authority is honored to welcome four esteemed panelists for our next Anpetu Wi Dialogue:

Jon Eagle, Sr. 
Tribal Historic Preservation Officer
Standing Rock Sioux Tribe

Joseph McNeil, Jr. 
General Manager
SAGE Development Authority 

Joseph Smith
Land Management Director
Standing Rock Sioux Tribe

Fawn Wasin Zi
Chairwoman
SAGE Development Authority

The conversation is part of our monthly talk series titled For Generations to Come: Anpetu Wi Dialogues from Standing Rock. The talks in the series are devoted to raising awareness for Native American issues and our efforts to develop Anpetu Wi – a utility-scale wind farm - on our ancestral land at Standing Rock."
NuclearEnergyBenefits	Simply put, it would be bad for business. Net-metering offers financial incentives to both residents and businesses across the state of Florida, the solar industry could fall flat overnight without them.
NuclearEnergyBenefits	"Congressman Good takes on the BATFE!

Last week, Rep. Bob Good (R-VA) introduced the Protecting Individual Sovereignty Through Our Laws Act (PISTOL Act).

Rep. Good’s legislation is a direct repudiation of the Biden administration and their attempts to regulate, and ban, AR pistol braces. Click here to read the Press Release.

https://good.house.gov/media/press-releases/rep-good-introduces-protecting-individual-sovereignty-through-our-laws-pistol?fbclid=IwAR20FxKQ-K8KxSzQBtxnBqL_JjVORD1JEIuC4IN_xYBHM9XZnBOEhbEIIJQ

I am very glad to see a Virginian leading the fight against this unconstitutional power grab by DC Swamp bureaucrats. The recent effort by the BATFE is typical of the tyranny we see coming from Washington DC and Richmond, where by a 'royal' decree these rogue agencies are trying to circumvent the Constitution and create law.

The Justice Department recently published a rule which redefines pistols with a stabilizing brace attached to the buffer tube as a short barreled rifle, therefore subjecting these firearms to the draconian requirements of the National Firearms Act (NFA).

Good's PISTOL Act prevents the ATF from considering pistols with brace attachments to be short barreled rifles under the National Firearms Act, and legislatively defines what a pistol is for the purpose of being exempt from the NFA.

“The Biden Administration poses the biggest threat to the Constitutional rights of freedom-loving Americans that we have seen in decades – their unconstitutional attack on pistol braces sets a dangerous precedent for anti-gun legislators to further regulate firearm accessories in the future. The PISTOL Act is the right piece of legislation to fight back against another left wing gun grab.” said Dudley Brown, President of the National Association for Gun Rights.

I could not agree more.

Representative Good should be commended on this effort, and both the Virginia Gun Rights Task Force of VCC and the National Association for Gun Rights support this legislation. 

I also ask that each of you contact the following Virginia Congressional Representatives and urge them to support this vital legislation-

-Representative Rob Wittman   (202) 225-4261
-Representative Ben Cline  (202) 225-5431
-Representative Morgan Griffith (202) 225-3861

 

In Liberty,

S. Chris Anders
Director
Virginia Constitutional Conservatives. "
InroadsMadeByRenewableEnergy	Celebrating the opening of our new #renewablenaturalgas (RNG) fueling station in #Menifee. In CA, as #RNG usage continues to increase, it is important to provide drivers & fleet operators more locations to fuel up. RNG is an affordable way to eliminate air pollution and emissions linked to climate change - link in bio.
CallsToInvestInRenewableEnergy	Call 202-224-3121 and tell your senators to support S1. You hold the power to support voting rights today!
AdvocateForGreenEnergyPoliticalAction	Energy Security is a major factor in national and world security. When the USA (which is rich in Oil and Natural Gas and Oil supplies) can not support our allies they must turn to Russia as the cold of winter sets in.
NuclearEnergyBenefits	The cement and concrete industry is committed to achieving carbon neutrality – learn more about how cement production is becoming more and more sustainable at shapedbyconcrete.com. 
GreenEnergySavesMoney	The reality of a world without petrochemicals is far different than you might think. Electric cars, solar panels and wind turbines all need petroleum to exist.
NeedQuickResponseForClimateCrisis	"Click the link to take our poll: https://bit.ly/34w9wFZ
Government-Controlled Power comes with a price tag of $13,500,000,000  – three times Maine’s annual budget. And Mainers like you would be stuck with the bill."
ReduceEmissions	Did you know natural gas can help prevent blackouts? Watch this video and learn more about this reliable energy source.
AntiDemocraticCandidates	"A very well-written response to the speech by the high school valedictorian, Paxton Smith!  Read and share! 

""We're not mad at the young woman, we're mad at the adults, schools and culture that have failed her. She thinks her freedom and success are contingent on the availability of birth control. That's a lie. There's freedom in choosing something better for yourself, to know that you don't have to prove your beauty or power to yourself or anyone else by having as much sex as you please."". "
RenewableEnergyGrowth	Your electric co-op powers your community. VCP empowers you.
PoliticalActivismForRenewableEnergy	"It’s #WorldBiodiversityDay! 🌲 Carbon-capturing forests, rivers, oceans, and wetlands are some of our most effective tools in responding to  climate change and protecting public health. The wildlife and abundant biodiversity in each  ecosystem play an integral part in maintaining a balanced environment that helps people and the planet thrive. Without healthy natural spaces that are rich in biodiversity, we risk losing cultural traditions and life systems on which we all depend. 

To mark this occasion we are launching a 4 part series on healthy ecosystems and the keystone species who are inextricably connected to them . Over the next few weeks, we will share resources on wolves, salmon, sea otters, and beavers. Read our first blog and take action through the 🔗 in bio. 

“Researchers are breaking new scientific ground to explore relationships between wildlife and the carbon cycle all over the world. These findings further reinforce the importance of other species to our own future. ” - Jennifer Sherry, Wildlife Advocate, Nature Program 💚

#Biodiversity #Nature #Wildlife #ClimateChange #ActOnClimate #30x30 #Protect30x30 #PublicHealth #Environmentalism #OptOutside #NaturalClimateSolutions. "
ProtectFromHarmsCausedByFossilFuels	The fastest way to slow global warming? Reduce methane emissions from the oil and gas industry. Methane is 80x more damaging than CO₂ over a 20-year period.
AntiWoke	"""The judiciary must remain impartial and non-political in order to do its job""

In 2022, we will look at potential candidates for upcoming Judicial seats in Greene County as they become available.

It is time for the taxpayers of Greene County to be given the opportunity to select the ""best and the brightest"" in our legal community.

We will be asking the hard questions and presenting the truth/facts/evidence on who deserves your vote for Judge.

For decades the citizens have had Judges appointed/selected by the power brokers for the rich and politically connected in Greene County.

Justice in our community should not be based on if you are rich or poor, the color of your skin, or if you're politically connected.

For far too long, some in our community have been above the laws of Ohio, protected by those within the courthouse.

This has to end.
This is why ""your VOTE Matters.""

Who wears the ""Black Robes"" and sits in judgment in Greene County, will be one of the most important decisions you make in any given election cycle. 

It is time to choose wisely."
OilCreatesJobs	Reflecting on the impacts of this November’s referendum in Maine, William Reilly, a former EPA administrator states that Question 1 could set a terrible precedent for future energy projects nationwide: “…the state legislature, and not the trained expert agencies, would decide whether they get approved.” https://www.washingtonpost.com/opinions/2021/10/06/this-maine-power-struggle-could-portend-trouble-energy-projects-nationwide/. 
ChallengesFacingRenewableEnergy	Simply put, it would be bad for business. Net-metering offers financial incentives to both residents and businesses across the state of Florida, the solar industry could fall flat overnight without them.
TackleClimateChange	Our next board member who we are proud to introduce, is Phyllis Young, our Vice Chair. Phyllis is a Tribal Elder and co-founded Women of All Red Nations in 1978. She has been actively involved for 15 years on the Board of Trustees for the National Museum of the American Indian in Washington D.C. and served one term as Chair of the Board. She is a former Council Member for the Standing Rock Sioux Tribe. Her community organizing skills were integral to her successful coordination of the Oceti Sakowin Camp during the #NODAPL protests, and she has been a major leader in the international Indigenous rights movement at the United Nations. In 2018 she was awarded the inaugural MIT Oceti Sakowin Fellows for Tribal Community Innovation.
AntiWoke	McDonald’s employees also reported working alongside ailing co-workers and fearing retaliation from management if they speak out about safety concerns. Our story: https://capitalandmain.com/mcdonalds-stores-collect-covid-relief-funds-and-employee-safety-complaints-0504. 
ChallengesFacingRenewableEnergy	"Writer Eyal Press is most interested in documenting a kind of hazard that is not typically accounted for in government safety reports: what he calls “moral injury.” It describes the impact of having to carry out tasks that violate a person’s core sense of self — think drone operators, prison guards, poultry plant workers, and oil riggers. 

These are the workers we won’t see politicians sidling up to for photo ops this Labor Day."
AdvocateForGreenEnergy	"Our New Year's resolutions are simple: 

- More Rigs ✅ 
- More Jobs ✅ 
- Less Imported Oil ✅ 

Think we should send our resolutions in a letter to the White House? 😏 Happy New Year, everyone!"
NuclearEnergyBenefits	As we head outside this summer, understanding how electricity works can keep you and your loved ones safe. Learn more and remember to contact your local utility or PPD for more information.
NeedQuickResponseForClimateCrisis	FREE monthly COVID-19 vaccination clinic in City Heights.  Will will also provide food packages, mask, diapers and feminine hygiene products. Appointments are not required. NEED HELP WITH RENT OR EDD/UNEMPLOYMENT INSURANCE (UI) COME ON BY TO THIS EMPLOYEE RIGHTS CENTER EVENT!  4265 FAIRMOUNT AVENUE (Next to the gas station, corner of El Cajon Blvd and Fairmount Avenue) If you have questions, please call 619-995-8973. 
EconomicAdvantagesOfRenewableEnergy	The cement and concrete industry is committed to achieving carbon neutrality – learn more about how cement production is becoming more and more sustainable at shapedbyconcrete.com. 
AdvocateForGreenEnergy	Scientists warn of climate change's impacts on winter recreation in NH. 
OilAndGasExtractionRisks	Goodhue County farmer forced to sell cattle because of drought. 
StopOilPollution	Puerto Rico's history  colonial exploitation has kept its residents tethered to offshore fossil fuel companies.
TackleClimateChange	Topic: Goldwater's Strong View in 1960 of Civil Rights. Weekly outreach with the Chairwoman. The views expressed are her own with a conservative lens.
AdvocateForGreenEnergy	"Myth: Exelon is threatening plant retirements as a way to pressure lawmakers into boosting the company's profits.

FACT: Exelon has delayed this announcement as long as possible, but the plants simply cannot continue to operate under current market policies that put no value on the clean energy they provide and instead favors fossil fuel energy resources."
PoliticalActivismForRenewableEnergy	"Hold Big Oil Accountable: Offshore drilling destroys our environment and threatens clean beaches, thriving coastal economies, and healthy fisheries.

Oil belongs in the ground, not in our oceans and communities. Donate and help stop disastrous offshore oil drilling.👇. "
AdvocateForGreenEnergy	We have a methane pollution problem — we also have the solution to curb these “ultra-emitting events.”. 
AgencyToStopClimateChange	"Use your voice to help advocate for your community! Each of us has the power to be part of the redistricting process and ensure our voices are heard. 

Learn more about redistricting in Virginia and how you can get involved by drawing your own map here >>  https://www.onevirginia2021foundation.org/community-mapping. "
StopOilPollution	After a new pipeline is assembled, inspected, and tested, it is covered and topsoil replaced to return the area to conditions as close to pre-construction as possible.
AdvocateForGreenEnergy	Five ways trees help to fight climate change.
LegislatorsMustActAgainstClimateChange	"This month, we honor John Lewis’ legacy of protecting voting rights by holding a discussion on the ways in which Black and Brown voters are being targeted by suppressive state laws.

re:power, Indivisible, & Rockefeller Family Fund are coming together to discuss the impact of state legislation that has been passed to date, uplift short and long-term strategies that are working, focus on the plan to counteract these laws, and strategize ways to fight back against the next wave of attempts to silence BIPOC communities.

Join us on Zoom by registering here (https://us02web.zoom.us/webinar/register/2016261232638/WN_HCCk5S0LRXqoSEHxZpv-Vg) or right here on Facebook for the livestreamed event!"
AntiWoke	"New York Republican Chairman Nick Langworthy will continue his statewide “Just Say No” tour to Dutchess County to highlight the Party’s opposition to the November election ballot propositions. #JustSayNoNY 

DutchessCounty GOP
Marc Molinaro
Senator Sue Serino
Ola For Comptroller
Will Truitt. "
AdvocateForGreenEnergy	"We are proud to share more about Tokata (Future) Iron Eyes (Standing Rock Sioux Tribe) who will be joining Ruth Buffalo, Fawn Wasin Zi and Tara Houska for our May 20th Anpetu Wi Dialogue. Tokata was 12 years old in 2016 when she spoke in a video, calling for help in the Standing Rock Sioux Nation's battle against the Dakota Access oil pipeline, drawing people around the world to the story. Since then Tokata has shone with her advocacy of climate justice and raised awareness of Indigenous leadership as protectors of the environment. Learn more about Tokata:

https://youtu.be/eZ-W87E-2n4

RSVP for this event TODAY! https://fb.me/e/RXMLppau. "
EconomicAdvantagesOfOilAndGas	The AIDEA has issued a notice of intent to award SAExploration for pre-development permitting and planning work on the Section 1002 Area oil and gas leases.
AntiWoke	"""the fabled “dirty break” argument that has come to dominate the DSA was rebuked at the comic con not in favor of a clean break to establish necessary class independence, but just acknowledged the reality that the DSA has only ever had any relevance because of its strong ties to the imperialist Democratic Party and to break from it would mean political irrelevance"". "
AdvocateForGreenEnergy	"As long as the sun shines, tȟaté (meaning wind or air in motion) blows, producing energy for our people with the Anpetu Wi wind farm. Did you know that wind power is also a form of solar energy? Wind is caused by the heating of the atmosphere by the sun, the rotation of the Earth, and the Earth's surface irregularities. As we work to build a more balanced future, we all start to clearly see how everything is connected.

#SAGESRST #StandingRock #WindPower #RenewableEnergy #Sustainability. "
PoliticalActivismForOilAndGas	We’re proposing a new octane standard for American fuels. 95 RON can reduce carbon emissions without massive infrastructure investment. Learn more about 95 RON:. 
AntiDemocraticCandidates	The Democrats are trying to take your power by forcing everyone to carry vaccine passports. Entry will only be allowed upon entering a public place with your vaccine passport. This is another example of the Socialist Left trying to take total control over the American people. Stand up against mandating COVID Passports! #NCGOP #RepublicanParty. 
NuclearEnergyBenefits	Boise Mayor McLean has provided strong leadership during the ongoing coronavirus pandemic and preparing for an even bigger threat - climate change. Join us in thanking Mayor McLean for her continued commitment to representing Boise values - protecting our communities, economy, and clean air and water. Learn more:. 
InroadsMadeByRenewableEnergy	"🚲  Check out McGuire Auto Parts of member area White River Electric Association and how they are using an electric bike for their local delivery service! #eBike #BeneficialElectrification  #ElectrifyandSave  #EnergyEfficiency 

🔋 Learn more about the benefits to eBikes here: https://tristate.coop/7-great-benefits-electric-bikes. "
TackleClimateChange	"🔴 Amy Klobuchar just gave a RINGING ENDORSEMENT of H.R.1: “𝐈𝐭 𝐰𝐨𝐮𝐥𝐝 𝐟𝐮𝐧𝐝𝐚𝐦𝐞𝐧𝐭𝐚𝐥𝐥𝐲 𝐢𝐦𝐩𝐫𝐨𝐯𝐞 𝐨𝐮𝐫 𝐝𝐞𝐦𝐨𝐜𝐫𝐚𝐜𝐲 𝐛𝐲 𝐩𝐫𝐨𝐭𝐞𝐜𝐭𝐢𝐧𝐠 𝐯𝐨𝐭𝐢𝐧𝐠 𝐫𝐢𝐠𝐡𝐭𝐬, 𝐬𝐞𝐜𝐮𝐫𝐢𝐧𝐠 𝐨𝐮𝐫 𝐞𝐥𝐞𝐜𝐭𝐢𝐨𝐧 𝐬𝐲𝐬𝐭𝐞𝐦𝐬, 𝐚𝐧𝐝 𝐠𝐞𝐭𝐭𝐢𝐧𝐠 𝐝𝐚𝐫𝐤 𝐦𝐨𝐧𝐞𝐲 𝐨𝐮𝐭 𝐨𝐟 𝐨𝐮𝐫 𝐜𝐚𝐦𝐩𝐚𝐢𝐠𝐧 𝐬𝐲𝐬𝐭𝐞𝐦𝐬.”

BUT: Mitch McConnell and his corrupt Republicans announced they’re going ALL IN to kill this bill in the Senate.

So we’re power-fundraising to hit 25,000 donations today to pressure the Senate to pass the For the People Act. If we fall short, McConnell will be THRILLED! . Do not delay, rush $10 NOW >>. "
LegislatorsMustActAgainstClimateChange	The capitalist parties, the businesses, the schools, the local government all provide no space or platform to openly discuss and debate the necessity of abolition, this is why we launched the peoples assembly last year and are reviving it now. The conviction of Derek Chauvin followed by more police murders shows there is no solution to police violence offered by the state. The state requires police violence to keep this social order intact. Join working families as we come together and build power to achieve abolition!
ReduceEmissions	"This Earth Day, we recognize the importance of bringing sustainability in the built environment to the forefront. The cement and concrete industry is committed to reducing carbon emissions and building a sustainable future. 

Find out more about our carbon neutrality plan at shapedbyconcrete.com."
EconomicAdvantagesOfRenewableEnergy	"Residents of Franklin County are going to want to take advantage of this unique opportunity 👀

For a limited time we are offering $500 cash to eligible households just for switching to natural gas 💵 💵 💵

How do you get your $500?
✅ Click [Learn More]
✅ Review the Coverage Map
✅ Sign up for a free estimate
✅ Receive $500 cash once the conversion is complete

In order to receive $500 you must...
✔️ Sign up before 03/31/22
✔️ Turn on your meter before 09/30/22

So don't wait, sign up for a free estimate today!"
PoliticalActivismForRenewableEnergy	"𝐓𝐞𝐥𝐥 𝐏𝐫𝐞𝐬𝐢𝐝𝐞𝐧𝐭 𝐁𝐢𝐝𝐞𝐧: 𝐓𝐚𝐤𝐞 𝐮𝐫𝐠𝐞𝐧𝐭 𝐚𝐜𝐭𝐢𝐨𝐧 𝐨𝐧 𝐜𝐥𝐢𝐦𝐚𝐭𝐞 𝐜𝐡𝐚𝐧𝐠𝐞 𝐚𝐧𝐝 𝐜𝐥𝐞𝐚𝐧 𝐞𝐧𝐞𝐫𝐠𝐲

The first year of a new presidential administration can be the most consequential. We must prioritize meaningful action to protect the planet. 

Add your name before the deadline ❗❗. "
EconomicAdvantagesOfRenewableEnergy	Pipelines are monitored 24 hours a day, 7 days a week by specially trained personnel, using advanced technology to verify line safety.
RenewableEnergyGrowth	"A new regulation was recently passed, by the Arizona Corporation Commission, limiting access to solar!

While this is unwelcome news for SunSolar Solutions, and homeowners, there’s still time for most Arizona homeowners to receive their solar estimates, without any hassle!

So don’t miss out! Join over 7,000 of your neighbors that have requested estimates, from SunSolar Solutions, by clicking “Get Quote” today!"
DemocratOutreach	"Students across the country have suffered academically, socially, and emotionally throughout the pandemic. 

I am proud to cosponsor the Open Schools Act to help give parents the financial power to move their children to a different educational setting if their local public school is closed to in-person learning.
 
Every child deserves to be in a classroom.
 
Read more: https://bit.ly/3riTY07. "
AdvocateForGreenEnergy	"The law is one of our strongest defenses against industries and interests that would ruin lands, waters, and communities for profit. 

If there's anything we've learned over the last 50 years, it's that your voice matters. For real environmental progress, we need community power on our side."
InroadsMadeByRenewableEnergy	"May was Asthma Awareness Month. Learn why this is a crucial topic for many Virginians.

• • • • • • • • • • • • • • • • 

#valcvef #asthmaawareness #cleanairforall #asthmaawarenessmonth #virginialcv  #environmentaljusticematters #conservation #democracyforall #democracyforallva #virginia #environmentalvoter #va #yourvotematters  #votefortheenvironment #cleanair #votingmatters. "
OilAndGasExtractionRisks	"When Alliance CEO Rebecca Logan spoke to to Alaska Business earlier this summer, Willow was a go, and she was optimistic that support industry jobs would be on the upswing. But the court's recent decision to halt the project puts members back in limbo. 

“The back-to-back losses of 2015 to 2018 and then COVID and the decline in oil production have really taken a toll on the support industry. I’ve been working here for twelve years and we’re at the lowest numbers we’ve ever been at it. We were at 16,000 members when I started: now we’re down to about 6,900 members. So, it’s devastating.”. "
GreenPowerExpensive	"The Right Voices: Join our conversation with Congressman Glenn Thompson  of Pennsylvania. In this video, C3 Solutions Vice-President John Hart speaks with the Congressman about energy and environmental issues facing his state and the nation. The Congressman is passionate about offering conservative, economically free market solutions. 

You can learn more about ""The Right Voices on Climate,"" a series hosted by the Conservative Coalition for Climate Solutions at c3solutions.org or c3newsmag.com. "
LegislatorsMustActAgainstClimateChange	AFP's Tim Phillips and Ezra Escudero sat down with Congressman Bill Johnson to talk about some of the critical issues in Congress, and how they'll impact Ohio and the country.
AdvocateForGreenEnergy	NEW: The DOE commits $162M to funding SuperTruck 3, a huge step for getting to net zero carbon emissions with requirements that aim to boost equity.
NuclearEnergyBenefits	It got hot in Texas last week. It tends to do that in June. But for many Texans, something was different during the first heatwave of the year. They woke up sweating because their thermostats had been turned up by their power companies. Former California Assemblyman and TPPF's Vice President, Chuck DeVore, weighs in on Tucker Carlson Tonight.
AgencyToStopClimateChange	Technology can reliably and cleanly deliver renewable natural gas and hydrogen through existing natural gas infrastructure. 
TackleClimateChange	As we enter the summer season, we think of heat, hotdogs and hurricane season. Now is the time to start gearing up for hurricane season. Click here to learn more about how you can get #HurricaneReady: https://gov.texas.gov/hurricane. 
AntiTax	The condition of Michigan’s roads is better than had been projected for 2021. They would be in even better shape roads if Gov. Gretchen Whitmer hadn’t cut road spending after the Legislature refused to enact a major gas tax hike she had proposed. The governor also authorized $800 million in road repair debt, repayment of which will reduce money available for future repairs.
AgencyToStopClimateChange	Final Day - March 17 - Learn about Zion's latest Unit Program (Stock + Warrants) to invest toward Israel's Energy Independence - https://www.zionoil.com/dspp/unit-program. 
GreenEnergySavesMoney	Energy Unrealism has left Europe’s and Germany’s reliance on politically-risky Russian gas stronger than ever, and this winter looms as potentially catastrophic.
TackleClimateChange	"Andrea and Orlando speak with two candidates running for office in the Primary Election March 1st. Retired Navy Captain Mike Monreal is a candidate for Texas State House District 31 and Phil Covarrubias, a Marine and oil and gas worker, is running for US Congress in District 38.

TLC Live! airs every Wednesday at 11 AM (mas a meno) on TLC's Facebook (https://www.facebook.com/TLCforTexas) and YouTube (https://www.youtube.com/channel/UCTi1LGIYZDNRyEL08eYm90Q) Channels. Join us live or watch us later for great conversations about the issues that affect you!"
EconomicAdvantagesOfNuclearEnergy	Your voice, Washington's clean energy future. Sign up to stay informed on climate progress powered by nuclear carbon-free energy.
NuclearEnergyBenefits	In partnership with the Jamestown S’Klallam Tribe, Washington Policy Center just released this new video showing the importance and sustainability of aquaculture.
NuclearEnergyBenefits	Yet communities of color are 61% more likely to live in a county with unhealthy air. This constant exposure to pollution and toxins on the job, at school, and in our homes is worsening the health of our communities and our planet. Join our movement for clean air.
OilCreatesJobs	A new USGS study confirms that activists used false claims to mislead local officials who implemented policies that would shut down the local oil & gas industry and cost CA thousands of local jobs.
NuclearEnergyBenefits	"WE ARE HIRING! 
 
Solar Power of Oklahoma is looking to IMMEDATLY hire several new Solar Installation Technicians. 
 
Do you pride yourself as being a Hardworking, No-Nonsense, ""Get Stuff Done"" type of person that wants to feel accomplished when your head hits the pillow, all while making great pay and earning your spot on the SPO TEAM? If so, you need to apply for this position. 
 
Join the LARGEST and FASTEST GROWING Solar company in Oklahoma, Solar Power of Oklahoma!
 
Give us a call at 405-608-0095 or come see us at 7801 N. Robinson Ave., J-8, Oklahoma City, OK 73116."
EconomicAdvantagesOfRenewableEnergy	"Government doesn’t create prosperity. People do. We all benefit when people are free to use their skills, knowledge and resources in the best way possible.

The Mackinac Center for Public Policy is a research and educational institute that advances the principles of free markets and limited government. Through our research and education programs, we challenge government overreach and advocate for free-market approaches to public policy that free people to realize their potential and their dreams.

We reject the idea that government is the solution to all problems. In our research and educational programs, we consider:

All People. Our research recognizes the diversity of all people and treats them as individuals with unique backgrounds, situations and goals. People know how to allocate their resources better than government ever could.

All Institutions. Voluntary associations, businesses, communities and families all play important roles in a prosperous state and nation, as well as government.

All Disciplines. Mackinac Center research incorporates the best understanding of economics, science, law, history and morality — moving beyond mere cost/benefit analyses.

All Times. We evaluate long-term consequences of policy decisions on all people, not simply short-term impact on a few.

Learn more and become a supporter at www.mackinac.org/give. "
RenewableEnergyGrowth	NJ will save billions in shoreline damage thanks to offshore wind, officials argue. 
LegislatorsMustActAgainstClimateChange	"Did you know you can submit a customized comment to the Forest Service about reinstating the Roadless Rule? 

And if you do submit a personalized comment through seacc.org/roadless, you could win a Wild Alaskan Seafood Medley Box from Alaskans Own (plus, many other prizes).

No time? We have four pre-written comments to the Forest Service seacc.org/roadless. Choose from a focus on 1) recreation on the Tongass, 2) the economic benefit of keeping the Tongass intact, 3) the Tongas crucial role in climate change, or 4) subsistence for Southeast Alaskan communities.

Happy commenting! 

#SaveOurRoadlessForest #ProtectTheTongass. "
RenewableEnergyGrowth	"Replace car rides and commutes to work with a clean electric bicycle! Qualified SCP customers can now apply to receive $1,000 off the purchase of an eBike from participating local bike retailers.

To learn more and see if you qualify for our Bike Electric incentive, visit sonomacleanpower.org/programs/bike-electric

Photo credit and special thanks to BikePartners Bicycle Shop and Tibidabo Photography!"
OilAndGasExtractionRisks	"🚨 SAVE THE DATE 🚨

Join us and YPE Oklahoma City at the Petroleum Alliance headquarters on July 8 for a happy hour and speaker event! This will be a great opportunity to network with oil & gas professionals and hear from industry leaders. 

Click here to register: https://bit.ly/3y3Tcpn. "
OilAndGasTax	Did you know the oil and natural gas industry contributed more than $38.6 billion to New Jersey’s economy in 2019? Learn how energy can play a vital role in supporting jobs and community growth.
AntiTax	There are four parts to Q1; all of them will harm Maine’s economy by giving the legislature power to impose new laws and restrictions retroactively.
OilAndGasTax	Board Member Julie Simpson for Lake County Board, promised tax relief for Lake County residents, but voted to hike gas taxes instead. Keep her accountable and tell Julie Simpson that Illinoisans can’t afford to pay more at the pump!
AdvocateForGreenEnergy	With the right policy, solar power could account for 40 percent of total US electric generation and 1.5 million American jobs by 2035. Read more:. 
AntiWoke	Power is the ability to make things happen. And all 100 people on the Inside Philanthropy Power List have that ability through #philanthropy. Check it out: https://buff.ly/3zoOsLJ. 
RenewableEnergyGrowth	As momentum builds to harness the power of hydrogen, Williams is focused on the cleanest - green and blue. A hydrogen color code helps explain the original energy source and production method. Read more at wmb.link/bqu. 
AdvocateForGreenEnergy	Groundbreaking new research makes whether or not to log forests more complicated. What happens if our trees are worth more standing?
ProtectFromHarmsCausedByFossilFuels	"""My office is aware that voters’ private and sensitive information is also being requested. We will do everything within our power to protect Pennsylvanians’ personal data,” said Shapiro.  

https://www.northcentralpa.com/news/pa-attorney-general-says-his-office-will-protect-voters-private-information-amongst-a-subpoena-by/article_6e139bd2-1670-11ec-829f-172b513f9f08.html. "
DemocratOutreach	The people of Oklahoma Oil & Natural Gas are proud to support the Regional Food Bank of Oklahoma.
AdvocateForGreenEnergy	"Andrea and Orlando speak with two candidates running for office in the Primary Election March 1st. Retired Navy Captain Mike Monreal is a candidate for Texas State House District 31 and Phil Covarrubias, a Marine and oil and gas worker, is running for US Congress in District 38.

TLC Live! airs every Wednesday at 11 AM (mas a meno) on TLC's Facebook (https://www.facebook.com/TLCforTexas) and YouTube (https://www.youtube.com/channel/UCTi1LGIYZDNRyEL08eYm90Q) Channels. Join us live or watch us later for great conversations about the issues that affect you!"
AdvocateForGreenEnergy	"For many in the US, school’s out for summer — and it’s time to pack up and head out on vacation to one of the nation’s stunning national parks. 

But the climate crisis means many of these parks don’t look like they used to."
PoliticalActivismForOilAndGas	Memphis City Council is proposing a new ordinance that would effectively prevent Memphis gas stations, airports, and local  businesses from operating and maintaining underground infrastructure, hurting the economy and costing Memphis jobs. Tell the city council to vote NO on this Ordinance 5782. https://bit.ly/2QL5gfc. 
NuclearEnergyBenefits	Ranking in the top 15 of all U.S. states in wind energy capacity, Michigan is a leader in American wind. Here in the upper midwest, Michigan is leading the pack, coming in second to South Dakota in installed wind capacity.
RenewableEnergyGrowth	We’re making changes in our own operations and supporting public policies that can speed change in the entire industry. #bpnetzero. 
EconomicAdvantagesOfOilAndGas	Did you know America’s oil and gas industry helps develop lightweight plastics for your vehicle that help save you money? Find out how today!
TackleClimateChange	As this summer of devastating weather rolls on, scientists warn that unchecked climate change will make once-rare events more and more the norm.
PoliticalActivismForOilAndGas	📊📈 Legislative Issue Poll: Liberals are proposing new restrictions on gun dealers that will give unprecedented power to the federal government to delay/deny firearms purchases in all states.  Do you believe the 2nd Amendment is in danger under the Biden Administration?⬇️. 
PoliticalActivismForRenewableEnergy	American Exploration & Production Council (AXPC) is focused on reducing methane emissions from operations and supporting effective and reasonable regulation of methane that balances the essential value of US oil and natural gas production with the global challenge of addressing climate change. Like our page now to hear more about our efforts!
AntiWoke	"Coming next week: ""Corruption within the Sugarcreek Police Department."" Now, this is the BIG Question for the Sugarcreek Community: 

Were the Township Manager and Trustee's ""asleep at the wheel and blissfully unaware"" like they were with the $1.3 million dollars in accounting errors the State discovered? 

Or did they know? Should they have known? If not, why did they not know?

Always asking the hard question of those in power, seeking the truth, no matter where it leads."
AdvocateForGreenEnergy	Old windows are destroying the view. We can do better. Find out how: http://bit.ly/35k2Jdp. 
SupportForRenewableEnergy	Will you sign our pledge to end world hunger and its root causes? If we’re going to take on food insecurity, we need to address crop devastation, broken water systems, political conflict, and more. Show your support for addressing ALL the causes of world hunger: Add your name now.
RenewableEnergyGrowth	We already know Climate Change is a problem today, and Paulette is speaking up. We need climate action now to protect Southeast Alaska for future generations.
RenewableEnergyGrowth	"It’s fact-check time! The #Tongass got its own segment on ABC World News Tonight with David Muir — “Tug of war over Alaska's Tongass National Forest, called the 'lungs of America'” 

A lot was shared, including some misinformation, so let’s review the facts.

View the segment at abcn.ws/3bVU32m. And see more details for the “Climate Crisis: Saving Tomorrow” series here: bit.ly/3oemMVW."
OilAndGasExtractionRisks	"Shame on you, Rep. Herrell. New Mexico deserves better. Our families deserve someone who will fight for our future and our communities

For far too long, our communities and environment in the South have been sold out to big Oil and Gas - we must stop that!"
RenewableEnergyGrowth	"🚲  Check out McGuire Auto Parts of member area White River Electric Association and how they are using an electric bike for their local delivery service! #eBike #BeneficialElectrification  #ElectrifyandSave  #EnergyEfficiency 

🔋 Learn more about the benefits to eBikes here: https://tristate.coop/7-great-benefits-electric-bikes. "
AdvocateForGreenEnergy	"What do women of color need to succeed as they step into positions of power? 

Our very own ED Karundi Williams talks with Poder NC Action's Irene Godinez and West Virginia Danielle about what it's like to be the first BIPOC women in their positions.

https://forgeorganizing.org/article/being-first. "
GreenEnergyWorks	Hey, Pickaway County! We want to make sure you stay up to date on Scioto Farms Solar Project. Like our page to receive project updates and learn more about the benefits of solar power.
NeedQuickResponseForClimateCrisis	Prices are rising from the gas pump to the grocery store. Lawmakers in Washington risk making it worse.
GreenEnergySavesMoney	Technological advancements are making wind turbines more reliable and more effective. These wind turbines in Missouri actually can sense the wind and turn to it. Check it out below. ⬇. 
DemocratOutreach	A one-time release of oil from the Strategic Petroleum Reserve will do nothing to address the broader set of factors impacting prices at the pump, including inflation, supply chain disruptions and higher ethanol costs. The Biden Administration should focus on policies that promote U.S. energy production and refining, like right-sizing RFS mandates. Our full statement:. 
SupportForRenewableEnergy	"Andrea and Orlando speak with two candidates running for office in the Primary Election March 1st. Retired Navy Captain Mike Monreal is a candidate for Texas State House District 31 and Phil Covarrubias, a Marine and oil and gas worker, is running for US Congress in District 38.

TLC Live! airs every Wednesday at 11 AM (mas a meno) on TLC's Facebook (https://www.facebook.com/TLCforTexas) and YouTube (https://www.youtube.com/channel/UCTi1LGIYZDNRyEL08eYm90Q) Channels. Join us live or watch us later for great conversations about the issues that affect you!"
LegislatorsMustActAgainstClimateChange	The UMWA continues its fight for justice against Warrior Met Coal and the Wall Street Owners of the company. Join us!
GreenEnergySavesMoney	We’re making changes in our own operations and supporting public policies that can speed change in the entire industry. #bpnetzero. 
OilAndGasExtractionRisks	Republicans need YOUR help to keep up with the Dems so we can bring back common-sense conservative leadership to Washington. Conservative leader Stephanie Bice is committed to Oklahoma’s oil and gas industry, saving American jobs, fighting for our veterans, and ending wasteful government spending. Chip in by 4/30 at 11:59 PM to stand with Stephanie >>. 
GreenEnergySavesMoney	Oil Search switched its plans for the Pikka development to a phased approach, which it believes will ultimately allow for increased production at a reduced cost.
PoliticalActivismForRenewableEnergy	"Everything you have ever seen about Cuba is a lie.

60 years ago, Communists seized power in Cuba, resulting in a reign of terror, destruction & misery.

Cubans are DONE with Communism & taking to the streets to make their voices heard on an international stage. #SocialismSucks. "
NeedQuickResponseForClimateCrisis	"Yesterday, our democracy stood strong against the Democrats’ partisan power grab that failed to pass the Senate. This sweeping election reform bill was never about “voting rights” like Democrats claimed, it was about one party taking control of our country instead of American voters.

The “For the People Act” would have weakened the security of our elections, banned voter ID laws, and used your tax dollars to fund political campaigns. The radical left has been pushing the lie that this bill is necessary election reform, but Americans know better.

Thank you to the Republican Senators who voted to defend our democracy from being eroded into a partisan and D.C. controlled mess.

While this horrible legislation failed, the fight to protect our elections is not over. We must continue to defend our voting rights and pass legislation that strengthens our democracy instead of weakening it."
ChallengesFacingRenewableEnergy	"Bob Baird, for Sugarcreek Trustee? 
It is a solid yawn. Bring a pillow if he's talking, he'll put you to sleep.

The Sugarcreek voters have better choices. Way Better choices.

This will be part of a review of Bellbrook Former Mayor Bob Baird. 

He moved to the township and at the first opportunity is a candidate for trustee.

He warrants a special look, but not enthusiastically. 

This page has endorsed FRED CRAMER AND MARVIN MOELLER who bring actual knowledge to the Sugarcreek board of trustees.

This is the first round with Bob Baird.  

This is the only page to offer you the flip side to his quest for power. Voters are encouraged to think twice before going with him. Baird has deficiencies that should raise red flags for the township.

The details will follow on this page.
Election Watch 21

Photo by the Dayton Daily News. "
AgencyToStopClimateChange	Rainfall in Northern Québec can become clean energy in your home, reducing Maine’s fossil fuel consumption and the associated greenhouse gases. Learn more about hydropower.
PoliticalActivismForRenewableEnergy	Chugach Electric Members! Voting for the utility board closes for paper ballots May 14th @ 12PM. Electronic voting closes May 18th @ 4PM. As part-owner of the cooperative you have a say in who represents you on the Board of Directors! Board members can help achieve reaching a goal of 100% clean energy by 2050. Learn more here >> https://akcenter.org/community/utility-elections/ #cleanenergy. 
BuildBetterAct	Arkansas is one of the poorest states, but also has relatively high taxes and government spending. Hear from Dr. Jeremy Horpedahl, associate professor of economics at the University of Central Arkansas and an Arkansas Center for Research in Economics (ACRE) Scholar, and Joseph Johns, ACRE policy analyst on tax and spending, as we learn about Arkansas tax policy and its impacts on taxpayers and the economy.
RestoreVirginia	Chispa fights for clean air and water, healthy neighborhoods, and a safe climate for today's Latinx community and the generations to come. Join our movement to protect the future of our democracy, our planet, and our people.
AdvocateForGreenEnergy	The Arctic Refuge is one the wildest landscapes left in the nation, and the home to millions of migratory birds that migrate through all 50 states to nest in this rich habitat. Tell congress to permanently protect the Arctic Refuge from threats like oil and gas development.
LegislatorsMustActAgainstClimateChange	"Joe Biden promised he had a plan to “shut down the virus.” He lied and he failed. Now he wants to shut down businesses. 

Biden’s coercive tactics are un-American, unconstitutional, and won’t work to actually get people vaccinated. Biden and his administration conceded as much.The reason vaccination rates have stalled is because of Joe Biden.
*    He sowed doubt about the vaccine during the campaign – he never apologized.
*    He lied about who developed the vaccine as president.
*    He insulted Americans with questions about the vaccine.

Now, after he has been exposed as a failure and a liar, he has embraced coercive authoritarian tactics. Here are just a few of the lines from his draconian speech:

*    He came out against “freedom or personal choice.”
*    He threatened to get elected state leaders ""out of the way” if they don’t cooperate.
*    He hurried from questions, refusing to answer if his orders are constitutional.

You can be pro-vaccine but anti-coercion. This is America. We believe in freedom and personal choice, and we reject hypocritical wannabe tyrants drunk on power and desperately trying to distract from their own failures."
PoliticalActivismForOilAndGas	"During the Flint Sit-Down Strike, the Flint Women's Auxiliary collected money and provided childcare to support families and boost morale. When the strike turned violent, members of the Auxiliary formed the Flint Women’s Emergency Brigade to protect the workers. The women served as human shields and broke windows to protect the strikers from tear gas. 

Similar groups started in cities across Michigan, with women banding together to do their part in the fight for workers' rights."
OilAndGasExtractionRisks	In public testimony, a Consumers Energy employee admitted that relying too much on intermittent renewable energy sources could mean the company won’t generate enough electric power to meet customer demand at times. Among other things, this could mean the company imposes “demand response” on customers. Such measures often include charging higher prices during peak use periods, but the definition also extends to rolling blackouts and involuntary rationing.
ProtectFromHarmsCausedByFossilFuels	"“Air pollution is actually a big problem here in the U.S.”,  explains NRDC staff scientist Vijay Limaye, PhD. Millions of Americans are living in areas with unsafe levels of soot and smog.

Smog forms when emissions from combusting fossil fuels react with sunlight. 

Soot is made up of tiny particles of chemicals, soil, smoke, dust, or allergens that are carried in the air.

Those particles can penetrate the lungs, enter the bloodstream and worsen bronchitis, trigger heart attacks, and even cause premature death.

Learn more about air pollution and how to protect your health in the video below ⬇️."
OilAndGasExtractionRisks	The Southern California oil spill catastrophe has imperiled coastal and migratory birds. We can’t stand by and leave birds like the Western Snowy Plover exposed. We urgently need your help to protect birds from future oil spills like this one. Start your monthly donation with Audubon today.
OilAndGasExtractionRisks	Homeowners need a reliable #energy source 24/7, 365 days a year. Learn more about why #natgas is the most reliable energy option on the market. #NationalHomeownershipMonth. 
AntiWoke	"Great event in Marlboro for Phil Rizzo and Serena DiMaso 
Lots of new faces and tremendous energy. Phil and Serena both understand that the power belongs to the people , not the political bosses
On June 8th in the Republican primary, Vote Phil Rizzo for Governor and return Serena DiMaso to the Assembly. Vote Column 4. "
ChallengesFacingRenewableEnergy	"DEAR LAUSD BOARD OF EDUCATION: ANNOUNCE FULL FALL OR FACE A TOTAL RECALL.

Everyone else: Cancel your plans. Nothing else takes priority. May 23rd at noon meet up at LAUSD HQ, 333 S. Beaudry Ave.

Bring your friends, signs, water and strollers!

Share on IG, FB or wherever you can.

Unions, politicians, and other special interests are getting in the way of a quality education! We must use our parent power to #reclaimOURschools.

#totalrecall #totalrecallrally #utlauncensored #teacherfreedom #mypaymysay #studentsfirst #utlanow @nbcnews @nbcla @foxnews @foxla @abc7la @abcnews @cbsla @cbsnews @cnn @jaketapper @andersoncooper @womenofwattsandbeyond @austinlaschools @mayorofla @gavinnewsom @lausdbd7 @billmaher @bmelugin33 @informedwithanthony @jorgeventuratv @angelitastruth @abcnews @nbcnews @cbsnews @tuckercarlsontonight @streetpeopleoflosangeles @boarddistrict2 @kellyforlaschools @scott_at_lausd @jackie4lakids @nickmelvoin @opencaschools #enoughisenough @nymag @lamag @ladailynews @jerrynews @edsource @laistpics @schwarzenegger @therock @coreydeangelis @capital.research.center @kevinpkiley @realmattwelch @choicemediatv @trevornoah @laschools @class.disruption @kystokes @profemilyoster @marshall_tuck @saveourschoolspa @gavingoofsom @jamesklug @blackmindsmatter_official @bariweisss9 @kitsonlosangeles @kitsonla @thedailyshow @reopensuhsd @reopencalischools @reopensdusd @reopen.california @reopenlbusd @risetogetherla @megynkelly @marthamaccallum @andrewyang @kgfornyc @concerned_californian @corruptifornia @risetogetherla @gavingoofsom @wakeupwithlinda @nationalparentsunion. "
EconomicAdvantagesOfOilAndGas	Stephanie Bice is committed to supporting our veterans, ending wasteful government spending, and advocating for Oklahoma oil and gas jobs that employ tens of thousands of Oklahomans. Will you support her today and help her keep fighting against the far left’s agenda? Chip in $10 to stand with Stephanie >>. 
AdvocateForGreenEnergy	"We are beginning the procurement for projects to provide customers on Molokai and Lanai the opportunity to participate in a shared solar program (also known as community-based renewable energy) on their island to further reduce use of imported fossil fuels and cut carbon emissions. Shared solar provides a way for customers, including renters, apartment residents, small business owners and organizations unable to install privately-owned rooftop solar, to benefit from solar electricity generated on their island.

As approved by the Public Utilities Commission, the CBRE Phase 2 request for proposals for Molokai and Lanai is open until Feb. 15, 2022, at 2 p.m. HST. Developers, companies, organizations or groups authorized to do business in Hawaii can become a “subscriber organization” to propose a shared solar project. Read more: http://hwnelec.co/7a8q50GYNON."
AntiWoke	"Socialism is seeping through the cracks in the education system and poisoning the minds of young Americans.

Remember: WE THE PEOPLE have the power. PUSH BACK against the power-hungry tyrants! @Sam_Sorbo @TheIsabelBrown @JonnyRoot_

#TPUSALIVE #Socialism #SocialismSucks. "
AdvocateForGreenEnergy	Electric co-ops were built to power rural America. VCP was built to fight for them.
RenewableEnergyInfrastructureGrowth	The adoption of electric vehicles allows us to integrate even more renewable energy into our grids. By 2035, every passenger car, SUV, light pickup and minivan in Hawaiian Electric’s fleet will be a plug-in electric, joining the growing number – today over 12,000 – of electric vehicles on Hawaii roads. Learn more about the electrification of our fleet, converting to the Aloha Kia Niro, Nissan Leaf, BYD E6, Chevy Volt and Ford F150, in this new video.
EconomicAdvantagesOfRenewableEnergy	"Innovations in the production of cement have allowed the industry to significantly reduce emissions.

Learn more about low-carbon cement blends at shapedbyconcrete.com."
EconomicAdvantagesOfRenewableEnergy	When it comes to saving the environment, small changes can make a big impact. Using more biofuel is a simple change that can change everything. It not only benefits the earth but also saves you money at the pump.
EconomicAdvantagesOfRenewableEnergy	The annual emissions of carbon-dioxide (co2) per vehicle is over 11,000 pounds in FL. For an electric vehicle, it is less than 5,000 pounds. 
AdvocateForGreenEnergy	"A lightbulb moment 💡

That’s what you experience when you learn about the myriad benefits of nuclear energy. Learn more about the many ways nuclear energy can help address the climate crisis while supporting local communities: https://bit.ly/3mb4LZb. "
AdvocateForGreenEnergy	"Chairwoman of SAGE Development, Fawn Wasin Zi, will join the Women of the Movement dialogue this month. Fawn has a background in biology, and she firmly believes it is her duty to speak for those, Unci Maka (Grandmother Earth) that cannot speak for themselves, ""I'm personally involved in this on the basic level that I'm a biologist, and I want to save the world"". Learn more about Fawn below, and join us for this month's Anpetu Wi Dialogue with a live discussion with Fawn, Tara Houska, Rep Ruth Buffalo and Tokata (Future) Iron Eyes: https://fb.me/e/RXMLppau

https://youtu.be/1n-jT58btSw. "
EconomicAdvantagesOfRenewableEnergy	According to a Lawrence Berkeley National Laboratory Study, 92 percent of people who live near a wind farm say their experiences with wind projects have been either positive or neutral. It’s not hard to see why rural communities support these projects: they provide a reliable tax base, they create jobs, and they bring money into rural economies:. 
PoliticalActivismForOilAndGas	"Wait till the local teachers realize private school teachers earn sustainably less than public schools. Ironic but true. That they are supporting a trojan horse.

The parents paying $25,000 to $50,000 or more,  a year to send children to these country club day spas are the ultimate in indulging the rich. 

Full of contradictions and, I'm better than you, spoil me attitudes.

Ironically many of these super-rich lead the protest that they are models of inclusion yet they are not for you. You are excluded from their privileged, woke, progressive world. 

Another irony.

Inclusion is your public school where the neighborhood kids go.
“Private schools are indefensible,” many educational experts will tell you. This is why. They are talking about these upper-crust hooty totty snob schools.

A former private-school teacher and parent noticed that these elite institutions, and the high-powered parents that send their children there, are becoming more “obscene”: 

Parents have gained an “ugly new sense of power.""  To the liberal wealthy parent it is the hypocrisy of privilege bought with dollars, ""look I'm rich"" they scream as they point out everything they don't like about you.

A $25,000-a-year school, per student, can’t be anything but a very expensive consumer product for the super-rich. 

For the parents to run to get elected on the public school board, schools that they will not, are not using for their own family's education is, even more, an obscenity. It is an invitation to chaos.

Josh PRESSNELL is nothing but entitlement. He is the worst choice amongst many, a walking enemy of public education. Let Pressnell gather with the other elite parents in Washington Twp, at the Miami Valley school, and let us not be bothered with his boorish behavior.

The photo is of Miami Valley School. It looks like a day spa. Pressnell is not like us. He covered up during the tax campaign that his kids were not even going here. What else do we need to understand his lack of transparency? 

Write-in candidates are the oddballs of the ballot box, the spoilers, a wasted vote for the unorganized. Pass Pressnell over, give him a no, don't let him buy his way onto the school board. All of the above is better.

(The photo is where he spends his money on tuition far over and above his property taxes. It is a school you can not afford. Pressnell is not like you.)

Election Watch 21. "
AdvocateForGreenEnergy	"Join our partners Just Transition NWI for an in-person screening of Indiana Environmental Reporter journalist Beth Edwards' award-winning documentary, In the Water. 

In the Water tells the story of Indiana's legacy of coal ash, the toxic waste product of burning coal."
ChallengesFacingRenewableEnergy	"“If your kids don't go here then you should not make policy here.”

It is basic. 

If your children are receiving an education k through 12 and you are using alternative schools, private or otherwise, then you have no business taking up a seat on the school board. 

Parents are best utilized where they send their children to school. Yet, here we are, a private school parent more involved here than where they send their children.

If they don't understand this priority how can they be trusted to understand your priorities? 

Talk about overreach. 
It is gross.

If this applies to you, if you send your kids to private school yet are running for the school board maybe you need to understand that it is not all about you and your huge ego.

Withdraw your name as a write-in candidate.

Besides you are only running because the Board of Elections refused to allow your wife to, as she failed to meet the requirements for candidates. 

It always gets back to being all about you,  and not anyone else. 
Ego, pride, and power.

All traits we do not need and should fear, in someone seeking control over our school children.

BELLBROOK SCHOOLS ARE ABOUT BELLBROOK STUDENTS."
DemocratOutreach	"No one branch of government can be allowed to have unchecked and unrestrained power to disregard our democratic system to impose a rule that threatens to upend the lives and livelihoods of
millions of people. Tell Congress to ACT:. "
AntiWoke	"Meredith Brinegar comments about ""WHITE PRIVILEGE""
""I am insulated by my privilege, as a white educated heterosexual married woman""

Is this someone Bellbrook wants to lead their city?
*Meredith is troubled about being WHITE.
*Troubled about Being Educated.
*Troubled about being a heterosexual married woman.

Brinegar posts apologetically for being a white, heterosexual, female. Really it's attached! 
Read her own words for yourself.

She has taken a page out of the national progressive socialist playbook, trying to shame people for something they have no control over.

Apologize for being white, is like apologizing for being black, being brown, being female, being male, being short, tall, having brown hair, red hair, all things no one has any control over but God.

She is ashamed for being white, but not ashamed of the vile actions of her fellow Yes PAC supporters over the last two years.

Brinegar was silent when yes Pac members attacked our senior citizens, telling them to move or die. No outrage from her.

She was also silent when the girl's basketball coach was exposed for his racist and sexual comments directed at the Black players. 

Where was her apology to the Seniors Citizens and girl basketball players? She was silent because the offenders were people she supported. They were her people.

Radical Progressive Socialists are HER PEOPLE.
People like radical Kim McCarthy

Where was her outrage, her standing up and speaking out, there was none? 

If you have something to say, Binegar will not listen. She is covered up in her self shame, and progressive ideology.

She is different. She thinks differently. 

She has values different than the majority of the Bellbrook Community. 

Brinegar is a die-hard WOKE Progressive, whose goal is to implement her socialist values and worldview through the power of the office she seeks.

Look at who she is supporting and who supports her.  Kim McCarthy, Josh Pressnell, Katherine Kipling, and Sara Williamson are all part of the PROGRESSIVE Group seeking to change our community.

Meredith Brinegar is one of the main leaders of these progressive socialists. Do not let her slick ""Media pony-show"" fool you.

Mederithe Brinegar is a radical Progressive SOCIALIST.

DO NOT GIVE her the power over your family and our community.

There are far better choices.

Vote for ""Katherine Cyphers"" and ""Forest Greenwood"" for Bellbrook City Council."
EconomicAdvantagesOfNuclearEnergy	"For 15,000 consecutive days, the four nuclear power plants that are closest to Chicago have:

💡 Kept our lights on whenever we needed it
🚫 Avoided harmful air pollutants
👷 Supported good jobs for our friends & neighbors
🧑‍🏫 Funded vital public services

Learn more 👇. "
GreenEnergyWorks	"⚠️Wait! Our poll is missing 31 responses – and yours is one of them!

Are you concerned about extreme weather caused by climate change? Vote by 11:59 PM to voice your opinion on the dangers of worsening floods, hurricanes, winter storms, droughts, and more – while we still have time to combat them!"
OilAndGasExtractionRisks	75% of global warming is caused by oil, gas and coal used for heat, electricity, transportation and industry. Carbon capture is key to decarbonizing the global energy system.
AgencyToStopClimateChange	Are you a Friend of Coal? Show off your coal pride with a special all-black, personalized Friends of Coal license plate!
ChallengesFacingRenewableEnergy	It got hot in Texas last week. It tends to do that in June. But for many Texans, something was different during the first heatwave of the year. They woke up sweating because their thermostats had been turned up by their power companies. Former California Assemblyman and TPPF's Vice President, Chuck DeVore, weighs in on Tucker Carlson Tonight.
AdvocateForGreenEnergy	✨ October is a special month for us because we get to celebrate what it means to be a cooperative. Our video below shows how our Tri-State employees, members and the communities they serve, all play an important role in providing reliable, affordable and responsible electricity. Learn more: https://tristate.coop/cooperative-benefits #CooperativeMonth #BetterTogether #CoopFamily #CoopMonth #BuildBackForImpact. 
ChallengesFacingRenewableEnergy	Help moms across the country harness the power of mother love and make sure that every child has clean air to breathe. Give the gift of clean air by donation now.
GreenEnergySavesMoney	New report shows Illinois job, economic growth in electric transportation sector. 
GreenEnergySavesMoney	"NOW HIRING! FLEET MECHANIC!
Hocon Gas of Norwalk is growing! We are excited to announce the opening of a full time Fleet Mechanic position.

Hocon Gas is a regional company that offers employees great job opportunities.

The Fleet Mechanic will work with the Fleet manager to inspect, maintain, schedule and track repairs on all company vehicles. Job duties are listed below but not all inclusive as we remain flexible with each position at Hocon Gas:

• The Fleet Mechanic will be ordering His/Her own parts and maintaining inventory
• Vehicles included are light, medium and heavy-duty straight service trucks
• Knowledge of Propane and or Oil delivery truck pumping / metering systems preferred, but we will train the right individual(s)
• Welding and light fabrication skills are a plus
• Minimum 2 years of Class 3 - 7 truck experienced preferred
• Must have own tools
• Class “B” CDL Required, Tanker and Haz-mat endorsements obtainable within 120 days
• Ability to pass pre-enrollment drug screen
• Wages based on experience

Send your resume today and get started on your journey with Hocon Gas!

We are located at-
33 Rockland Rd
Norwalk CT, 06854

Job Type: Full-time

Benefits:

• 401(k)
• Health insurance
• Dental insurance
• Vision insurance
• Life Insurance
• Employee discount
• Paid time off

Schedule:
• 8 hour shift

Education:
• High school or equivalent (preferred)

Work Location:
• One Location

Work Remotely:
• No. "
TackleClimateChange	The Arctic Refuge is one the wildest landscapes left in the nation, and the home to millions of migratory birds that migrate through all 50 states to nest in this rich habitat. Tell congress to permanently protect the Arctic Refuge from threats like oil and gas development.
AntiWoke	"""Much of the rhetoric by the Liberation Party refers to a “broken system” that needs to be fixed. This is a faulty premise, the problems workers face in this state are not a result of a “broken system”, but a result of the capitalist system working exactly as it was intended to. We need to get our bearings if we really want to build a solid foundation that can lead towards workers power. That requires recognizing that capitalism cannot be reformed into its opposite - into a workers democracy. "". "
AgencyToStopClimateChange	"As long as the sun shines, tȟaté (meaning wind or air in motion) blows, producing energy for our people with the Anpetu Wi wind farm. Did you know that wind power is also a form of solar energy? Wind is caused by the heating of the atmosphere by the sun, the rotation of the Earth, and the Earth's surface irregularities. As we work to build a more balanced future, we all start to clearly see how everything is connected.

#SAGESRST #StandingRock #WindPower #RenewableEnergy #Sustainability. "
ClimateActionDonation	Climate change is constantly blamed for floods, wildfires, droughts, and storms. But these disasters are not getting more frequent — in fact, less so — and deaths related to severe weather have plummeted worldwide.
LegislatorsMustActAgainstClimateChange	"Utility deregulation caused a disaster in Texas this year… With residents seeing a 10,000% increase in their electric bills. 📈

Tell Richmond not to let the same thing happen in Virginia. TAKE ACTION."
NuclearEnergyBenefits	"We recently partnered with HyDeal LA, an effort to bring more affordable green #hydrogen to Los Angeles. This initiative aims to reduce the production cost of green hydrogen to $1.50/kg by the end of the decade (currently between $4-$7/kg). 

Learn more - https://www.canarymedia.com/articles/los-angeles-seeks-to-jump-start-a-green-hydrogen-market-in-the-u-s/. "
AdvocateForGreenEnergy	"Join Mercy Corps’ global community of humanitarians who provide critical monthly support to help us make a lasting difference for people striving to overcome challenges like COVID-19, hunger, water insecurity, and the impacts of climate change.

Start your monthly gift of $22 and help us meet urgent challenges in 40+ countries throughout 2022 >>. "
NuclearEnergyBenefits	"🚨𝐓𝐡𝐞 𝟐𝟎𝟐𝟐 𝐦𝐢𝐝𝐭𝐞𝐫𝐦𝐬 𝐚𝐫𝐞 𝐨𝐧𝐞 𝐲𝐞𝐚𝐫 𝐨𝐮𝐭, 𝐚𝐧𝐝 𝐰𝐞 𝐧𝐞𝐞𝐝 𝐲𝐨𝐮𝐫 𝐡𝐞𝐥𝐩🚨 

The election results from Virginia show that Republicans will do whatever it takes to gain power. Arizonans need 𝑟𝑒𝑎𝑙 solutions from elected officials, not divisive rhetoric and flat-out lies that distract our government from getting anything done.

We are doubling down on our efforts to reach voters and flip the Governor’s office in 2022. Help us strengthen our outreach and defeat Arizona Republicans. Pitch in $10 today >>>. "
ClimateActionDonation	"In addition to sharing a border, the US and Canada share a common vision: to establish a prosperous and sustainable economy that will help protect the environment and health of communities across North America. As part of the upcoming Climate Summit, both countries are actively working together on strategies to reduce harmful emissions and mitigate the damage they create.

https://www.canada.ca/en/environment-climate-change/news/2021/04/joint-statement-by-the-us-environmental-protection-agency-and-environment-and-climate-change-canada-on-environment-and-climate-change.html. "
AntiDemocraticCandidates	"The more facts and evidence we uncover, the clearer it becomes, the Sugarcreek Police Department needs to be taken over by Greene County Sherriff Gene Fisher. 

When a police department is corrupted from the top-down, influenced by those in political power, Ohio Law no longer applies.  The Police can never become a weapon to be used against the opposition of those in power."
AntiWoke	VOGA followers, the town of Hurley in Buchanan County, Virginia, suffered from a devastating flood, August 30, 2021. The recovery process will be long and hard and as they rebuild they will be needing essential supplies and support. Buchanan County is our biggest gas producing county and they need our help. Please reach out to us if you would like to assist in our efforts.
NuclearEnergyBenefits	"Every little girl dreams of being royalty, but Brianne Yamada knows it takes more than dreams to wear a crown.

Brianne, a project engineer for our power plant facilities, spent months learning Japanese history and exploring Japanese culture to prepare for the 69th Annual Cherry Blossom Festival. She had considered the festival in previous years but was hesitant to embrace public speaking on a large stage. In the spirit of continuous improvement, this year she decided to go for it.

Learn how Brianne was able to overcome her fears while embracing her cultural upbringing in her journey to being crowned Cherry Blossom Festival Queen in our latest blog post at: http://hwnelec.co/2gVZ50EB2K7.

Photo courtesy: Cherry Blossom Festival Hawaii. "
EconomicAdvantagesOfRenewableEnergy	Two decades after the first wind farms came to Kansas, residents are looking back on their experiences with wind power in their communities. Landowners have successfully farmed around towers, school districts have completed much-needed construction projects without raising taxes on residents, and “most people around here don’t even notice [the turbines] anymore,” said Orville Williams of Gray County, Kansas. Keep reading:. 
OilAndGasTax	"CALL Carolyn Bourdeaux: 770-232-3005 and tell them to oppose Pelosi’s socialist spending spree.

❌ Largest tax increase in more than 50 years

❌ Higher taxes on millions of small businesses

❌ Decreased wages and household income

❌ Rising costs for household goods like gas & groceries. "
OilAndGasExtractionRisks	Seabird numbers have dropped by 70% in the past 70 years alone due to human activities, like overfishing and climate change. But there is still time to make a difference. Urge your members of Congress to support the laws and policies that protect seabirds.
AgencyToStopClimateChange	"Myth: Exelon is threatening plant retirements as a way to pressure lawmakers into boosting the company's profits.

FACT: Exelon has delayed this announcement as long as possible, but the plants simply cannot continue to operate under current market policies that put no value on the clean energy they provide and instead favors fossil fuel energy resources."
AntiTax	"New York Republican Chairman Nick Langworthy will continue his statewide “Just Say No” tour in Columbia County to highlight the Party’s opposition to the November election ballot propositions. #JustSayNoNY 

Columbia County GOP. "
AdvocateForGreenEnergy	We’re going to be seeing a lot more heatwaves – and they’re going to be getting hotter and longer – so long as the world keeps burning fossil fuels. It’s that simple.
AdvocateForGreenEnergy	Increasing evidence suggests that the impact of climate change upon the planet and upon our lives has challenged us and our world in profound and unprecedented ways.  This sermon will explore the implications of that challenge and how we are to live with meaning in a time when the future looks more of a threat than a promise. We welcome Rev. David Bumbaugh to our pulpit for this service.  Over a career of more than 40 years, he has served Unitarian Universalist churches across the country and is the Minister Emeritus of Beacon UU Congregation in Summit, New Jersey. David served as Professor of Ministry at Meadville Lombard Theological School in Chicago, where he taught Rev. Bruce Beisner and many other seminarians.
GreenPowerExpensive	"Seattle City Light doesn’t want you to know how much more expensive electric heating is compared to using natural gas.

On January 22, Seattle City Light CEO Debra Smith testified before the legislature in favor of a bill, HB 1084, which would push to reduce the use of natural gas for heating in homes and apartments. During the hearing I tweeted a chart from Seattle City Light’s web page, noting that the cost of electricity for homes with all-electric heat is double those heated with natural gas."
StopOilPollution	"Over the past two years, theft of used cooking oil in the Northeast U.S. has escalated into a roaring black market industry. The shady criminal syndicates behind this surge stand to make millions, and getting in their way can be dangerous. Despite federal crackdowns on these types of ""grease mobs"" in the past, these criminals seem to be getting away with the steal. Here's what we know so far: https://cookingoiltheft.wpcomstaging.com/blog/. "
ChallengesFacingRenewableEnergy	"CALL Cindy Axne: (515) 400-8180 and tell them to oppose Pelosi’s socialist spending spree.

❌ Largest tax increase in more than 50 years

❌ Higher taxes on millions of small businesses

❌ Decreased wages and household income

❌ Rising costs for household goods like gas & groceries. "
RenewableEnergyGrowth	Apex Plaza’s mass-timber design represents the leading edge of sustainable construction.
PoliticalActivismForRenewableEnergy	Every year in Maine, the cost of electricity changes. To understand why a change occurs, it’s important to understand how an electric bill works.
LegislatorsMustActAgainstClimateChange	"The right to vote is enshrined in the US Constitution, and it is a right and a privilege for all those who are citizens to exercise! So, it shouldn't come as a surprise to anyone that we need to screen our Texas voter roll against non-citizens voting in our elections, and in this front page story by Jeremy Wallace, “GOP plans a push for purge of voter rolls,” —- https://www.houstonchronicle.com/politics/texas/article/Here-comes-another-Texas-voter-purge-but-this-16464794.php —- explains what in SB 1 was changed to do this comparison correctly in the future, as maintaining a voter roll with integrity is paramount to having election results both the candidates and the public can trust!

Basically, the bill sets up guidelines on citizenship cross checks using DPS data of the type I advocated for 15 years ago as Harris County Voter Registrar to the Federal Congress. You see, the ""Feds"" could have provided a citizenship list for decades if they wanted to, but we are the largest nation on Earth without one...

Therefore, it's up to the Texas Secretary of State Elections Division to use the DPS data correctly, and yes, to begin a ""purge"" process of voter rolls with local election officials giving the voter a chance to respond to the letter. This happens every two years by federal law - a ""purge"" of those voters who have moved or died, etc... and is not some ""Draconian,"" ""Republican"" operation, but one that should happen in every state in the union by federal law, NVRA, HAVA, the Real ID Act, and now in Texas with the passage of SB 1!

When I first got the Voter Registrar job in 1998 in Harris County as Tax Assessor-Collector, there were 50k deceased and felon registrations on the voter roll - 1% of them were voting! If we hadn't cleaned up these registrations, 500 of them could have decided the presidential election in 2000 like they did in Florida. It's why I was Senator Hughes's 1st co-author on SB 1, as I knew how bad the voter rolls can be from actual experience! --- Sen. PB. "
NuclearAdvocacy	"When the world was facing an existential threat from nuclear weapons - the global community came together to create the Nuclear Non-Proliferation Treaty to keep everyone safe. Today, fossil fuels pose an even greater threat to the safety of us all.
 
That’s why a new global fossil free treaty is so critical. Add your voice and we can stop fossil fuel expansion, fairly phase out existing fossil fuels and ensure a just transition for all."
EconomicAdvantagesOfRenewableEnergy	"Concrete contributes to LEED-certified structures and helps builders reach their environmental goals. 
 
Learn more how we are working toward a carbon neutral future at shapedbyconcrete.com."
StopOilPollution	"When oil spills happen, it doesn’t just affect coastal beaches and wildlife; our familias often deal with the consequences of corporate pollution and disasters for years. 

Swipe through to learn more. 👉🏼. "
GreenEnergySavesMoney	By using portland-limestone cement, a greener option for building, CO2 emissions in the US have been reduced by more than 325K metric tons – equivalent to the carbon stored in over 400K acres of forest in one year.  And that’s just the beginning.
AntiTax	"Buried in the $1 trillion infrastructure bill passed by the U.S. Senate in August is a provision to test taxing drivers by the mile, with millions of dollars earmarked for states that pilot the program.

But Florida drivers already pay among the highest gas taxes and vehicle registration costs in the nation.

Florida state lawmakers need to stand up for taxpayers and reject any scheme to tax drivers by the mile. 

Add your name to the petition below rejecting a per-mile tax in Florida."
GreenEnergySavesMoney	California already imports 70% of the oil we use. A local oil & gas shutdown would force California to import even more of the oil we use, raising gas prices and increasing our dependence on unstable foreign oil.
PoliticalActivismForOilAndGas	"#BREAKING: Speaker Announcement! Joining us at CCR Convention 2021... Ambassador Richard Grenell! 🔥 

Amb. Grenell served as Ambassador to Germany and Acting Director of National Intelligence during the Trump Administration. He has been an advocate for many of the Trump admin policies, the MAGA movement, and the need to oust Governor Gavin Newsom! We look forward to him joining us on July 10th. 🇺🇸 Tickets (public can watch on zoom!) 👉 cacollegegop.com/convention

For more background on Ambassador Grenell:

Richard A. Grenell was confirmed by the United States Senate as United States Ambassador to Germany on April 26, 2018 and served until May of 2020. Grenell was appointed Presidential Envoy for Kosovo-Serbia Negotiations in 2019, and as Acting Director of National Intelligence in 2020. Grenell also led the U.S. government’s initiative to Decriminalize Homosexuality in more than 70 countries around the world. 
 
Grenell started his tenure in Berlin by successfully negotiating with German businesses to sever their ties with the Islamic Regime in Iran and getting the German government to accept the return of former Nazi prison guard Jakiw Palij. He also successfully pressured the German government to increase its defense spending, ban Hezbollah in Germany, and shut down the North Korean Youth Hostel in Berlin. Grenell also focused on stopping the Nord Stream 2 Russian gas pipeline, combating anti-Semitism, and growing German companies’ investment in the U.S.     
 
As Acting Director of National Intelligence, Grenell streamlined the intelligence community, implemented $19 million in budget savings, and declassified documents related to the Russian investigation that had been previously unreleased.  
 
Grenell was the longest-serving U.S. Spokesman at the U.N. serving from 2001 to 2008 and advising four U.S. Ambassadors.  In 2004, he was appointed as Alternative Representative to the U.N. Security Council with full voting rights and privileges.   
 
He has served as the primary communications adviser for public officials at the local, state, federal, and international levels.  In 2012, he briefly served as National Security and Foreign Affairs Spokesman for Presidential Candidate Mitt Romney, making him the first openly gay spokesman for a Republican Presidential candidate. Grenell is also the first openly gay U.S. Government Cabinet official. 
 
Grenell previously taught at the University of Southern California's Annenberg School of Communications and is currently a Fellow at Carnegie Mellon University. He received his Master's Degree in Public Administration from Harvard University's John F. Kennedy School of Management and his Bachelor's Degree in Government and Public Administration from Evangel University."
SupportForOilAndGas	"Congratulations Cleo Parker Robinson!! CBWPA's 43rd Annual Tribute to Black Women ""Legend"" Honoree! 

Join us Saturday, October 9th, as we celebrate Cleo and our 2021 honorees! Visit our website for event information: https://www.cbwpa.org/43rd-annual-tribute-to-black-women-luncheon/

CLEO PARKER ROBINSON is founder and artistic director of the nearly 51-year-old Denver-based artistic institution, CLEO PARKER ROBINSON DANCE (CPRD), leading a professional Ensemble, a second company (Cleo II), a Youth Ensemble, an Academy of Dance, an International Summer Dance Institute, a 240-seat theatre which bears her name, and numerous community outreach programs throughout Colorado, nationally, and internationally. She is the recipient of honors and awards from corporate, civic, community, and artistic entities world-wide, and is continually called upon by a myriad of organizations and performance venues to bring her Ensemble for performances, teaching residencies and motivational workshops. A master teacher/choreographer and cultural ambassador, she and her Ensemble have performed nationwide and internationally throughout Europe, the Caribbean, Asia, and the African continent, with their most recent international tours taking them to Bogota, Colombia in the Spring of 2019 and Mexico in Fall 2019.

Ms. Parker Robinson’s numerous awards and honors include the Colorado Governor’s Award for Excellence (1974), Denver Mayor’s Award (1979), induction into the Colorado Women's Hall of Fame (1989) and the Blacks in Colorado Hall of Fame (1994). Recognized in Who’s Who in America Colleges and Universities she holds an Honorary Doctorate from Denver University (1991), an Honorary Doctorate of Humane Letters from Colorado College (2003), and an Honorary Doctorate of Public Service from Regis University in Denver (2008). The University of Denver honored her with an Alumni Award in May of 2021, and in June of 2021, she is receiving a 2020 Honorary Degree, Doctor of Humane Letters, Honous Causa from CU Boulder.  
In 1991, Ms. Parker served on the task force for the creation of a permanent location for the Denver School of the Arts (DSA), Denver’s first performing arts magnet school, and was subsequently honored In September 2017 at their 7th Annual Fall Gala, in recognition of her long-term commitment to excellence in arts education. She is also co-founder of the National Bahamian Dance Company, based in Nassau.   
In 2011, Ms. Parker Robinson was voted an Honorary Lifetime Trustee of the Denver Center for the Performing Arts, in recognition of her longtime commitment and lasting impact on the Center.  In June 2017, she became the recipient of the highly prestigious DanceUSA Honor Award and in September 2017, the Randy Weeks Arts Leadership Award from the Denver School of the Arts. 

Ms. Robinson has served on NEA panels on Dance, Expansion Arts, Arts America, and Inter-Arts panels for the USIS. Ms. Robinson is a regular panelist for the National Foundation for Advancement in the Arts as well as other national task forces, boards and committees in the arts arena. In April 1999, she was appointed by then President William Jefferson Clinton, with Senate confirmation, to serve for four years on the National Council on the Arts, a 14-member panel advising the Chairman of the NEA on agency policy and programs, and reviews and making recommendations to the Chairman on grant applications. 

Since 2011 and 2012, Ms. Parker Robinson has returned to her greatest passion, the art of the choreographer, creating and presenting two new full-length works, “Dreamcatchers: The Untold Stories of the Americas” and the riveting world premiere of her “Romeo and Juliet”, which was first presented in collaboration with the Colorado Symphony Orchestra. Her work “On the Edge…  Reaching to Higher Ground” premiered in October of 2014 in answer to resurging racial and human rights infractions both nationally and internationally. In Spring 2017, audiences were thrilled with the re-staging of two of her works melding the worlds of classical and jazz composition with the power, passion and beauty of modern dance – “Romeo and Juliet” and “Porgy and Bess”. Fall 2017 saw the premiere of her “Copacetic: A Tribute to Jonathon “JP” Parker”, honoring her father. In the Spring of 2018, she premiered “Lark Ascending” in collaboration with the Boulder Philharmonic. Her “Rhapsody in Black”, created in collaboration with CPRD Associate Artistic Director, Winifred R. Harris, premiered at the Newman Center for the Performing Arts, University of Denver.  In January 2019, in collaboration with the Denver Brass, she choreographed an innovative interpretation of Bernstein’s “On the Town” and Spring 2019 saw the premiere of her collaboration with the Colorado Ballet, entitled “The MOVE/ment” as part of the Tour de Force performance series at the Ellie Caulkins Opera House, Denver Center for the Performing Arts. Her most recent choreographic project brought her to UMKC in Kansas City to set a work on the students of CPRDE alum Gary Abbot, entitled “Check Cashing Day” in tribute to the jazz genius of Bobby Watson and Milt Abel. She is currently working on a new work entitled “Standing On the Shoulders” commissioned by the Vail International Dance Festival for premiere in August 2021.  
   
Cleo Parker Robinson continues to be dedicated to celebrating the human experience and potential through the Arts and Education. Her life-long vision of “One Spirit, Many Voices” remains strong and steadfast, expanding to welcome, embrace, and sustain all people."
ProtectFromHarmsCausedByFossilFuels	Energy Unrealism has left Europe’s and Germany’s reliance on politically-risky Russian gas stronger than ever, and this winter looms as potentially catastrophic.
GreenEnergySavesMoney	Facing depleted harvests, many tribal workers who’d previously fished oysters have turned to working on boats, often as welders, in service of the very industry despoiling their waters. Now, they worry that their efforts to restore their communities will be threatened by new oil and gas drilling just offshore of Terrebonne Parish, after leasing was just reopened in the area by the Biden administration.
AntiWoke	Are you a Friend of Coal? Show off your coal pride with a special all-black, personalized Friends of Coal license plate!
EconomicAdvantagesOfRenewableEnergy	"TPUSA LIVE is the unfiltered, grassroots alternative to mainstream media. Watch daily shows, live in-studio content from TPUSA HQ and weekly shows covering politics, pop-culture, sports and everything in-between. Tune in every weekday starting at 5 PM ET / 2 PM PT.

Check out today’s show! 

Human Events Daily host Jack Posobiec discusses what the Milwaukee DA said about the Christmas parade murderer, China plans to establish a Naval Base in the Atlantic Ocean, the White House urges Ukraine defense amid Hunter Biden and more!

The TPUSA LIVE team is joined by host, Jon Root, and special guests Morgan Zegers and GETTR Senior VP of Marketing and Global Engagement, Kaelan Dorr who will talk about social media and free speech, big tech collusion, Beijing Olympics and more!

Freedom Papers host Morgan Zegers covers Federalist 8, detailing Alexander Hamilton's continued warning & advice on how best to prevent conflict between states, why and how a union exists & the consequences that hostility can bring.

We will wrap up the show with POPlitics with Alex Clark as she dives into the shocking CIA cover-up, footage of pro-abortion activists outside The Supreme Court, 'Freak of the Week' and more!"
OilAndGasExtractionRisks	Did you know that heavy transport like ships & trucks are harder to electrify than cars? The good news is zero-carbon fuels like hydrogen and ammonia can do the job instead.
RestoreVirginia	"From John B. Cooke and Vivianne Horta Melendez - - 
The Cuban Government has been in power for over 60 years. The Cuban People have had enough!! Join us this Saturday to help spread awareness, uplift the Cuban Voices & share what is happening in Cuba 🇨🇺
Bring your flags…lawn chairs…enjoy some Cuban music…eat some great Cuban Food….and most of all CELEBRATE OUR AMERICAN FREEDOM!!!"
AdvocateForGreenEnergy	"𝗬𝗼𝘂𝗿 𝗯𝗶𝗿𝘁𝗵𝗱𝗮𝘆 𝗶𝘀 𝗰𝗼𝗺𝗶𝗻𝗴 𝘂𝗽 𝘀𝗼𝗼𝗻! 🎉🎈 Did you know that you can ask your friends and family to support organizations that are working to fight climate change – in honor of your special day?

When you create a Facebook Fundraiser for Food & Water Watch on your birthday, you can make an even BIGGER impact in the fight for safe food, clean water and a livable future! Click the button below and search for “Food & Water Watch” to get started."
AdvocateForGreenEnergy	Goodhue County farmer forced to sell cattle because of drought. 
AdvocateForGreenEnergy	Texas and Minnesota have more in common than you think, particularly when it comes to preparing for extreme weather.
RenewableEnergyGrowth	New report shows Illinois job, economic growth in electric transportation sector. 
NuclearEnergyBenefits	The Virginia Oil and Gas Association is proud to announce the Virginia Hot Christmas Meal Project. Starting this week the Association will be providing 1350 hot meals to people in need across the Commonwealth. https://www.vaoilandgas.com/2021-hot-meal-project.html. 
TackleClimateChange	Many Arizonans, can’t afford an abortion and struggle to access a clinic. Abortion bans and restrictions force people to continue pregnancies, often without access to maternal healthcare. We all deserve the power, resources, and support we need to thrive!  Learn more.
OilCreatesJobs	"The Permian Basin, which accounts for just under half the nation’s rigs, added one rig to make 267 at work across the region. That’s 137 more than the 130 at work in the Permian last year.

https://www.mrt.com/business/oil/article/Permian-continues-to-account-for-about-half-16536560.php. "
TackleClimateChange	Will you chip in $25 to support re:power alumni like, Nashville City Councilwoman Delishia Porterfield? Delishia participated in our transformative governance and progressive policy training and is currently working to include the people of her community in the redistricting of the Nashville Metro.
AgencyToStopClimateChange	"TPUSA LIVE is the unfiltered, grassroots alternative to mainstream media. Watch daily shows, live in-studio content from TPUSA HQ and weekly shows covering politics, pop-culture, sports and everything in-between. Tune in every weekday starting at 5 PM ET / 2 PM PT.

Check out today’s show! 

Human Events Daily host Jack Posobiec discusses China's new hypersonic missile, gives us a #FreedomFlu update, covers Antifa demanding vaccine mandates and more!

We will wrap up the show with the TPUSA LIVE team joined by host, Jon Root, and special guests Grace Saldana, Morgan Zegers, and virtually, Vivek Ramaswamy and Andrew Bogut who will talk about woke corporations, Australia, and more!"
LegislatorsMustActAgainstClimateChange	We’re building toward a future where all people in Arizona have the power, resources, and support we need to get abortion care! We need you to join the fight today - add your name!
StopOilPollution	This extreme heat is causing infrastructure — like the roads we drive on —  to buckle and collapse. Get more facts from real climate scientists, right here.
TackleClimateChange	Hydrogen takes off: Several airlines have recently made news by announcing plans to invest in ongoing studies of electric and hydrogen-powered aircraft. One of the green startups leading this charge is California based Universal Hydrogen, learn more - https://www.aviationtoday.com/2021/07/19/airlines-show-growing-interest-electric-hydrogen-powered-aircraft/. 
PoliticalActivismForRenewableEnergy	"TPUSA LIVE is the unfiltered, grassroots alternative to mainstream media. Watch daily shows, live in-studio content from TPUSA HQ and weekly shows covering politics, pop-culture, sports and everything in-between. Tune in every weekday starting at 5 PM ET / 2 PM PT.

Check out today’s show! 

Human Events Daily host Jack Posobiec discusses news that the NIH director Francis Collins will resign, updates from Project Veritas, a Facebook whistleblower and more!

The TPUSA LIVE team is joined by host, Jon Root, and special guests Audrey Wikan, Morgan Zegers, and Amy Robbins as they talk about mob mentality, halloween candy and they play 'Law or Nah?'

RELOADED host Paige Roux covers whether parents should expose their children to firearms and watch Breakaway with Jon Root as he sits down with former NFL record holder for longest field goal- David Akers. 

Then we have POPlitics with Alex Clark as she talks about Florida's First Lady, Mr. 305 is a dudeservative, and the Roe baby is alive!

After you’ll watch Only In America with Jeff Webb and Socialism Sucks, Navajo Edition. 

Then at 8:00pm ET / 5:00pm PT watch Charlie Kirk on his Critical Racism Tour at Minnesota State University."
EconomicAdvantagesOfRenewableEnergy	Increasing greenhouse gases are the LEADING CAUSE OF GLACIAL RETREAT over the past 50 years. Replacing single-pane windows with energy-efficient ones could reduce a home's carbon footprint by up to 3 TONS OF CO2 a year. #WeCanDoBetter MORE: http://bit.ly/35k2Jdp. 
AntiWoke	"#BREAKING: Stanford Student Senator Gabby Crooks calls for WHITE GENOCIDE. 

CCR stands against this hateful, racist, and violent rhetoric. Truly violent and racist ideas should concern everyone on our campuses. It is a distinct failure of academic institutions like Stanford for allowing this rhetoric to propagate among the student body. We support our chapters, like the Stanford College Republicans, exposing these beliefs — especially when those at fault are in positions of power and influence. We encourage Stanford students to reject Crooks’ racism and not re-elect her to the Student Senate.

Update: Crooks has deleted her Twitter account and appears to have deleted her Facebook profile.

From Stanford College Republicans: “Gabby Crooks, a senator in Stanford's student government, has explicitly called for the eradication of white people. With Stanford student government elections being held this week, and with Crooks on the ballot, SCR has discovered Crooks' extensive record of racist anti-white remarks on social media. In one tweet, Crooks wrote “yes I think white people need to be eradicated.” In other tweets, she refers to white people as “crackers.” Gabby Crooks is openly advocating for white genocide. These racist and genocidal remarks are disgusting. The left wants you to believe that racism is acceptable, as long as it is targeted at whites. We are not standing for that lie. Crooks' bigotry doesn’t stop at anti-white racism. We will be releasing more hateful statements from Crooks in the coming days, including remarks about Asian Americans – Stanford students deserve to know the truth when they cast their ballots in the ASSU election this week. #StandAgainstHate”. "
EconomicAdvantagesOfNuclearEnergy	Maryland’s economy continually outperforms the rest of the nation, thanks in part to nuclear power. Follow our page today to learn more about the surprising industry that’s strengthening the state’s economy.
ReduceEmissions	Why doesn’t WI allow third-party solar? We’re not sure, but we’re trying to fix it. Sign the petition now!
NeedQuickResponseForClimateCrisis	"Should Big Tech have the power to control what we see, hear...and even think? Online censorship shouldn’t be a partisan issue. In our latest short documentary, Restricted: How Big Tech Took Away Your Freedom, PragerU reveals this growing threat and shows why online censorship is an issue for everyone.
Watch now at Prageru.com/restricted. "
AntiWoke	"""Political persecution: In political conflict, this strongly increases the likelihood of state repression. 

States so often engage in repressive behaviors in times of civil conflict that the relationship between these two phenomena has been termed the ""Law of Coercive Responsiveness"". 

When their authority or legitimacy is threatened, regimes respond by overtly or covertly suppressing dissidents to eliminate the behavioral threat. State repression subsequently affects dissident mobilization, though the direction of this effect is still an open question. 

Replace ""States"" with ""School Boards"" and you will understand how a biased Police Chief ginned up charges, for political purposes, in order to arrest the school district's most vocal and successful opposition leader. 

Click on this link: Https://Stafford.ohiostandyourground.com

Watch the videos and listen to the truth, in their own words of how this ""conspiracy to arrest"" was manufactured by the Police officers and Detective involved, including the Police Chief.

It is the opinion of some, that this ""political prosecution,"" coming from this Police Chief, is all about keeping me from running for school board in November. There is talk he is doing the dirty work of those within the power structure of our school district.

The BIG question: Is this the ""FOP member"" the School Board Attorney, Tabitha Justice, threatened to use in her letter to me? 

Does this explain why the Sugarcreek Police Department and the Greene County Prosecutors have refused to do anything about the actual assault, attempted assaults, threats of violence, harassment, and targeted cyberattacks against me, my family, and my business by the Vote yes Pac members?"
GreenEnergySavesMoney	ICYMI: a couple of months ago our very own Jeff Jarrett purchased his very own solar generation system. Today we're re-sharing his story about how he came into the solar industry and why solar makes sense numbers-wise for so many customers.
ClimateActionDonation	The people of Oklahoma Oil & Natural Gas have contributed more than $60 million to the United Way of Central Oklahoma in the past 10 years.
ChallengesFacingRenewableEnergy	"""The Welfare State"" is this week's topic. ""The collectivists have not abandoned their ultimate goal - to subordinate the individual to the State - but their strategy has changed"" from Barry Goldwater's Conscience of a Conservative. These videos - Thursdays with Theresa - are hosted by the Chairwoman. The views expressed are her own with a conservative lens.    

The Foremost Principle of a Conservative is advancing FREEDOM. Each person is responsible for his own choices. We want enough order – government – to create a climate that allows a person, the freedom to be all he can be while respecting the rights of all."
SupportForOilAndGas	Love cooking with natural gas? Watch this video and learn how this affordable and reliable energy source can benefit the entire state of New York.
NuclearAdvocacy	In every season and in all kinds of weather, we can count on nuclear power to keep the lights on.
LegislatorsMustActAgainstClimateChange	Study: Human-induced climate change responsible for a third of heat-related deaths. 
OilAndGasExtractionRisks	"For Immediate Release: Our Response To President Biden’s Visit to Idaho.

Mr. President,
We hope you enjoyed your time in Idaho this week. It must be a good feeling to get out of Washington, DC. Unfortunately, we were not able to connect while you were here. If we had been able to meet, there are a few topics we would have discussed:

As with all things in life, there are areas you can directly control, those you influence, and others you have no control over. As President, there are clear boundaries about what you can control. As the 10th amendment says, you can only do what is explicitly called out in the Constitution. Everything else must be done by influence. The Legislative branch has the ability to create laws but you do not. EVERYTHING else is owned by the states or individuals. 

Over the past nine months of your presidency, you have consistently overstepped your authority with states rights. Here in Idaho, we believe in self-reliance and independence. Idahoans know what is best for Idaho - not you. 

In addition, the policies you have enacted are negatively impacting the next generation of Americans that we represent:

- Most small businesses are owned by the under 40 group. Increased regulation, tax increases, and mandates are suffocating small businesses. Thousands have closed their doors.

- Inconsistencies in your COVID communication is causing confusion and mistrust. Decisions on schools impact our children. Parents are trying to juggle careers with potentially having to stay home due to closures. Vaccine mandates risk the jobs for many young professionals. The federal government has no place in requiring private citizens or businesses to be vaccinated. You have violated your promise to never mandate vaccines when you campaigned. It also sets precedent for a scary future. You are not exhibiting leadership. It is coercion.

- The rising inflation is hitting Americans at a time without much discretionary spending available. Inflation is the highest since the 1970’s. Home prices are the highest in history. Gas prices are averaging $2 per gallon HIGHER than just 10 months ago. While it may “appear” great to have a wage increase in jobs, it doesn’t matter if the cost increase is higher to do business. Those costs are passed down to consumers or businesses stop hiring as many people.

- Your unwillingness to address crime and homelessness in the country is impacting Idaho. Look at Seattle, Chicago, New York, Portland. Do you really believe things are going well there? We have thousands of people from these states fleeing into Idaho because of the failed policies there. This is placing tremendous pressure on Idaho infrastructure, land and energy use, and more.

- A really in-depth conversation is needed about your foreign and military policy. We are very disappointed in your handling of Afghanistan to put it politely. The mismanagement cost the lives of young Americans. 

- You came to discuss wildfires in Idaho but it turned into statements about global warming. While we all agree in being good stewards of the environment, you neglected to discuss the mismanagement of federal lands that make up about 70% of Idaho. This increases the likelihood of devastating forest fires.

Overall, if you look at many of the nation’s key performance indicators, almost all of them are trending worse than just one year ago. You must recognize this. Your poll numbers are lower and decreasing faster than any President during their first year in office.

Please recognize that we aren’t seeking to condemn. We genuinely want to help. You are the President currently. If you fail, America fails. Please let us know if you have time to discuss further. We’d be happy to meet with you. 

Oh, one last thing… It seems like every time you try to take questions your microphone stops working. We’d be happy to buy you a megaphone so you don’t run into these “technical” issues anymore.

Sincerely,
Idaho Young Republicans 

Young Republican National Federation
Idaho Republican Party
#idpol
#idleg
KIDO Talk Radio
Governor Brad Little. "
ChallengesFacingRenewableEnergy	Even when we are mandated to do something because of “the science,” or when we experience a tidal wave of public opinion in favor of some scientific consensus, just a little bit of knowledge of the issue will help us to respond appropriately. For instance, knowing how viruses and other disease-causing organisms are transmitted from person to person helps one decide when wearing a mask is most appropriate and when it will not make one bit of difference. Understanding weather systems helps one know if the latest natural disaster has historical precedent or might be the new climate change normal. But like real science, this takes work.
SupportForRenewableEnergy	With another hurricane season upon us, we are reminded of the role we play as individual Texans when it comes to preparing for and recovering from a storm. Every Texan can help themselves and their neighbors by maintaining normal routines and not overbuying fuel before or after a storm. #HurricaneReady. 
AdvocateForGreenEnergy	Support an organization making a tangible, lasting impact on world hunger: Last year Mercy Corps reached over 3.7 million people through our food security work that goes far beyond handing out food. Mercy Corps works to resolve underlying causes of hunger, from environmental disaster to the economic crisis caused by COVID-19. Support our work alongside people across the world—donate now.
AntiWoke	Researchers from the National Renewable Energy Laboratory are developing hybrid power plants that combine clean power generation with energy storage, resulting in a reliable, flexible energy system powered by renewable sources.
NuclearEnergyBenefits	"November is Native American Heritage Month, and while we believe that the rigorous and diverse study of history should be a yearlong/lifelong pursuit in order to be a balanced citizen, we would like to offer this as an opportunity to inspire you and your neighbors to learn more about our people. We have a few books that will start you off in the right direction:

'Waterlily' by Ella Cara Deloria
'Our History is the Future' by Nick Estes
'The Heartbeat of Wounded Knee' by David Treuer

#NativeAmericanHeritageMonth #Indigenous #StandingRock. "
OilCreatesJobs	🥶When you go brrrr but gas ⛽️ prices don't.
OilCreatesJobs	Stephanie Bice is committed to the people of Oklahoma. She fights to help our veterans, end wasteful government spending, and for our oil & gas industry. Democrats want her out of Congress - she NEEDS your help right now to stop their attacks. Rush in a donation now before the monthly deadline to support Oklahoma’s proven conservative leader!
SupportForNuclearEnergy	"HUGE wrong way Court of Criminal Appeals ruling gets BIG Amicus Brief response by myself and thirteen other Republican State Senators by filing an amicus brief supporting Attorney General Paxton's request for a rehearing on the Stephens case. You may have already heard about this case, but this is the case that strips all prosecutorial power from the Attorney General's Office. This must be reheard by the Court of Criminal Appeals!!

This is an important legal case to be considered for a rehearing. Because of the CCA ruling, the Office of the Attorney General no longer has the authority to independently prosecute criminal cases in trial courts. The Texas Supreme Court cannot overturn the CCA because they are the same level judicial. Ken Paxton has filed a rehearing motion with the Court of Criminal Appeals on this case. 

If the court does not reconsider its opinion in Stephens v. State and Ex Parte Stephens, election integrity cases will be left exclusively to being prosecuted by local county and district attorneys. The Attorney General’s Office must be able to defend election integrity in our great state. We cannot allow our elections to be manipulated. 

This is an important enough case for you to spread the word to everyone you know! 

I want to thank all my colleagues for dedication to this purpose. 

-Senator Bettencourt

Sen. Brian Birdwell Sen. Dawn Buckingham Sen.Dr. Donna Campbell Sen.Brandon Creighton Senator Bob Hall Sen. Bryan Hughes Sen.Lois Kolkhorst Sen.Jane Nelson Senator Angela Paxton Sen. Charles Perry Sen. Dr. Charles Schwertner Sen.Drew Springer Sen. Larry Taylor

https://senate.texas.gov/press.php?id=7-20220119a. "
OilAndGasExtractionRisks	"Party’s here🎉 Happy Meme Wednesday meatballs! 

#jerseyshore #rareearthelements #oilandgas #environment #jerseyshorememes #jerseyshorefamilyvacation #snookie 
#mikethesituation #beachlife #wheresthebeach #partyshere #climate #renewableenergy. "
NuclearAdvocacy	A turning point for ExxonMobil? This week’s shareholder vote could be a huge step toward aligning business strategies with a decarbonizing economy.
DemocratOutreach	"The Wabanaki Tribes are the original people of this place. There is no better way to protect tribal lands and waters than to restore tribal sovereignty.

MCV supports the growing movement to recognize the sovereign rights of the Wabanaki nations. This issue is central to protecting the air, land, water, and our shared climate future in Maine.

Click through the graphics to learn more and click on the links below to get involved.

🔵 TRIBAL SOVEREIGNTY CHECKLIST 🔵
1) Sign-up for the Wabanaki Alliance's email list: bit.ly/WabanakiAllianceEmailList
2) Sign the petition to share your support: bit.ly/WabanakiAlliancePetition
3) Donate to support the Wabanaki Alliance: bit.ly/WabanakiAllianceDonate. "
ChallengesFacingRenewableEnergy	"Seattle City Light doesn’t want you to know how much more expensive electric heating is compared to using natural gas.

On January 22, Seattle City Light CEO Debra Smith testified before the legislature in favor of a bill, HB 1084, which would push to reduce the use of natural gas for heating in homes and apartments. During the hearing I tweeted a chart from Seattle City Light’s web page, noting that the cost of electricity for homes with all-electric heat is double those heated with natural gas."
AdvocateForGreenEnergy	Find out why climate scientists agree that climate change causes more extreme droughts, bigger fires and deadlier heat.
AdvocateForGreenEnergy	"""Pte oyate"" means buffalo nation. Tens of millions of pte roamed the plains of North America but by the 1880s there were less than 400 left. Their incredible strength and will to survive near extinction reminds us that life is sacred. As a cherished relative, they provided life for the Lakota - and beyond the physical gifts they give, they connect us to the earth and sky and help carry our burdens.

#SAGESRST #StandingRockSiouxTribe #WaterisLife #MniWiconi. "
LegislatorsMustActAgainstClimateChange	"Tatiana Ibrahim is a regular mom who loves her kids, God and country too much to watch them be indoctrinated at school. She's organizing to end the teaching of Critical Race Theory (CRT). Andrea and Orlando speak with Tatiana about what she has learned and how she began to speak up against CRT in her kids' schools.

Watch TLC Live! On Facebook (https://www.facebook.com/TLCforTexas) or on YouTube (https://www.youtube.com/channel/UCTi1LGIYZDNRyEL08eYm90Q), and Comment Live on Facebook Every Wednesday at 11 AM!"
GreenEnergySavesMoney	"Worried about voter suppression in Texas, Georgia, and everywhere else? Us too.

Remember: if our votes didn't matter they wouldn't be trying so hard to suppress them.

Join us on July 28 at 12PM to discuss ways we can fight back against attacks on our right to vote.

https://repower.org/event/pps2/. "
AdvocateForGreenEnergy	"Hydrogen goes off-road: Jaguar Land Rover announced that it would be developing a hydrogen fuel cell powered prototype of its Defender SUV. This is part of the company’s attempt to meet a target of zero tailpipe emissions by 2036. 

Learn more - https://www.cnbc.com/2021/06/15/jaguar-land-rover-is-developing-a-hydrogen-powered-vehicle.html. "
LegislatorsMustActAgainstClimateChange	"The Biden Administration is moving ahead with the largest offshore lease sale in U.S. history, despite campaign promises toward bold and meaningful action on climate and environmental justice.

Lease Sale 257 will offer more than 80 million acres of the Gulf of Mexico to Big Oil, more area than the Trump Administration initially proposed. Moreover, federal officials have unlawfully relied on outdated and irrational environmental analysis in deciding to hold the sale."
LegislatorsMustActAgainstClimateChange	"""The notion that this publicly owned utility will somehow be able to achieve more or cheaper...community solar and offshore wind power…is a fantasy."" - Barbara Alexander, Director of Consumer Assistance for the Maine PUC 

Maine, lets stick to the facts and the experts. They are repeatedly telling us this is a fantasy not reality. 

https://www.pressherald.com/2021/12/19/maine-voices-public-power-a-bad-deal-for-maine/. "
AdvocateForGreenEnergy	Discover how EDF is saving large-scale tropical forests and helping the Indigenous people who defend them.
GreenEnergySavesMoney	"The American Jobs Plan will create millions of good-paying jobs. 🔧 Jobs modernizing our roads, bridges, and highways. ⚡ Jobs building a modern, clean-energy power grid. 🏡 Jobs you can raise a family on. 

Jobs that build America into a brighter future for us all ☀️. "
GreenEnergySavesMoney	An MSU study has concluded that community solar expansion in MI would contribute nearly $1.5 billion to the state’s economy over 30 years.
TackleClimateChange	As a national legal non-profit, no one fights more cases for the environment than Earthjustice. Learn more at earthjustice.org/neverrest. 
AgencyToStopClimateChange	Climate change means farmers have hotter nights, change in rainfall and freezing patterns. 
PoliticalActivismForRenewableEnergy	"Yesterday on August 19, one of our drivers reported #oiltheft at Chute Gates in Terryville, CT, where thieves had broken into this Buffalo Biodiesel vat, cutting off the lock to rob it. We recycle used fryer oil to make sustainable biofuel, but it’s being targeted by interstate organized crime rings. Please report any info to the Plymouth Police Department. 
The Register Citizen Republican American News 12 Connecticut NBC Connecticut WFSB - Channel 3 Eyewitness News Connecticut Public Hartford Courant Record Journal Hour Newsroom. "
AdvocateForGreenEnergy	Climate change means farmers have hotter nights, change in rainfall and freezing patterns. 
AntiTax	On Wednesday, November 17, 2021, the Biden Administration is moving forward with the largest offshore oil lease sale in US history—Lease Sale 257. And we're calling on President Biden to cancel it.
OilAndGasExtractionRisks	"🇺🇸  🇮🇱 Ends Wednesday: $250 Units with $0.25 Warrants

• Inspired by Scripture (Gen 49 & Deut 33)
Zion Oil & Gas, Inc. (OTCQX: ZNOG) envisions an Israel that is energy independent from onshore oil and gas finds that have been Biblically promised to Israel."
TackleClimateChange	Cleaner energy in Pennsylvania is only a click away. Follow our page today to help move our Commonwealth toward a carbon-free future.
EconomicAdvantagesOfRenewableEnergy	Five ways trees help to fight climate change.
RenewableEnergyGrowth	For the first time, all truck fleets participating in NACFE—including Frito-Lay, Anheuser Busch, Penske and DHL—are powered by electric motors.
TackleClimateChange	Did you know? Two-thirds of North America’s birds are at risk of extinction due to climate change. Sign up to find out how you can help fight the bird emergency.
LegislatorsMustActAgainstClimateChange	Thank you to Board Member Lake County Board Member Dick Barr, for putting Lake County residents first and voting NO on the Lake County Gas Tax Increase!
DemocratOutreach	"Morning Fuel returns next week! As cyber threats evolve, it's important to stay up to date on best practices and security measures. Register TODAY to hear from  Oil and Natural Gas Information Sharing and Analysis Center (ONG-ISAC) Executive Director Angela Haun and cybersecurity analysts Hassan Shahzad and Jacob Standley. 

Reminder: Morning Fuel events are FREE, but you must register to get a link to join."
AdvocateForGreenEnergy	"While holiday light displays are beautiful, they can also be a safety concern if they are not set up properly. Follow these safety tips to keep your home safe:

-Only use holiday lights and heavy-duty extension cords that are rated for outdoor use.
-Properly secure lights and décor to the ground, trees, house, or walls.
-Don’t leave lights on all day and night. Consider using a timer, instead.
-Plug your lights and décor into a GFCI (Ground Fault Circuit Interrupter) outlet."
LegislatorsMustActAgainstClimateChange	"CALL Elaine Luria: 757-364-7650 and tell them to oppose Pelosi’s socialist spending spree.

❌ Largest tax increase in more than 50 years

❌ Higher taxes on millions of small businesses

❌ Decreased wages and household income

❌ Rising costs for household goods like gas & groceries. "
ChallengesFacingRenewableEnergy	Birds need your help. Join Audubon as we fight to stop massive giveaway of public lands in Alaska that are home to three national parks and five wildlife refuges. We need to preserve traditional land uses and conserve wildlife habitat, not destroy it.
TackleClimateChange	Miami’s strongest tool against sea level rise? Nature itself. These community and business leaders explain why the Army Corps of Engineers needs to prioritize oyster reefs and mangroves over seawalls as a solution to protect communities, while preserving the Sunshine State’s unique culture, pristine ecosystems and economy. #KeepingFloridaFlorida. 
LegislatorsMustActAgainstClimateChange	Regardless of what party you belong to, this is absolute power - Vote to for Balance - Vote Row B or E. 
AdvocateForGreenEnergy	As part of BGE's Path to Clean, we are committed to electrifying 50% of our vehicle fleet by 2030 as we work to achieve net-zero operations-driven emissions by 2050. By leaning into innovative technology, we're using car-top solar panels to extend driving time along with special batteries to reduce truck emissions when large vehicles are idling. Learn more at bge.com/pathtoclean. #PathToClean. 
OilAndGasExtractionRisks	The Illinois Petroleum Resources Board (IPRB) provides public outreach and educational materials to increase awareness about the importance of the Illinois oil production industry and oil and natural gas to everyday life. Check out our latest newsletter for a roundup of our efforts in 2021!
AgencyToStopClimateChange	King Ned wants to increase his power and force our kids to wear masks in schools. Sign the petition to stop him >>. 
PoliticalActivismForRenewableEnergy	Help make a difference for your co-op and community by joining VCP today! Speak up about the issues that matter to you and are impacting your community! Signing up is as easy as clicking here 👉🏼  voicesforcooperativepower.com/register. 
TackleClimateChange	Oregon Trail Electric Cooperative is helping transform a small rural community by tackling the affordable housing crunch. In John Day, Oregon, a new effort has brought the community together to build 3-D printed houses. Learn more about the cooperative difference for this community. #Voices4CoopPower. 
AntiWoke	Technology can reliably and cleanly deliver renewable natural gas and hydrogen through existing natural gas infrastructure. 
TackleClimateChange	With another hurricane season upon us, we are reminded of the role we play as individual Texans when it comes to preparing for and recovering from a storm. Every Texan can help themselves and their neighbors by maintaining normal routines and not overbuying fuel before or after a storm. #HurricaneReady. 
AntiTax	Clean energy development creates jobs and helps fight climate change. Find out how Albany County can do its part, and how you can help.
AgencyToStopClimateChange	"TPUSA LIVE is the unfiltered, grassroots alternative to mainstream media. Watch daily shows, live in-studio content from TPUSA HQ and weekly shows covering politics, pop-culture, sports and everything in-between. Tune in every week day starting at 5 PM ET / 2 PM PT.

Hour 1: Charlie Kirk, Poplitics with Alex Clark, Human Events with Jack Posobiec & Freedom Seeds with Isabel Brown  

Hour 2: Join us for our daily real-talk hour with Jon Root and special guests Charlie Kirk, Benny Johnson & Alex Marlow as they break down what’s happening across the movement.

Hour 3: Tune into Reloaded with Paige Roux as she dismantles lies about the Second Amendment and Breakaway with Jon Root.

Twitter: 
Watch TPUSA LIVE NOW! Watch daily shows, live in-studio content from TPUSA HQ featuring Charlie Kirk, Benny Johnson & Alex Marlow and watch today’s weekly shows, Reloaded with @somechick1776 and Breakaway with @JonnyRoot_ . Tune in every weekday starting at 5 PM ET / 2 PM PT."
CallsToInvestInRenewableEnergy	"Supporters and Donors,

It is time to finish the hand.  Over the last 18 months we have been working non-stop to prepare for this very moment.  

The 2021 State General Election is literally weeks away, and now is where the rubber meets the road.  Over the past four years, thanks to your dominations, we have been able to stop gun bans, defeat anti-gun radicals in both the primary and general elections, but the real challenge is coming the first week of November.

And that is why I am writing you today.

Thanks to your generous donations and support, we have been extremely successful.  Not only have we won legislative fights, but we have trained over 1,000 fellow patriots in targeted districts for the 2021 State Election.  

But now the right battle begins.  If we hope to rip the Richmond Radicals from Power, we need more ammunition.  Your donations have brought us this far, but without additional resources we may indeed lose. I am personally asking for your increased support right now.

Millions of out of state, gun grabbing dollars are flowing into races around Virginia, planning to finish their efforts to finally destroy liberty, freedom and the right to keep and bear arms.  

But we are ready to fight them.  We have the trained and motivated volunteers.   We have the districts narrowed down to those we can fight and win.  We just need the ammunition to fight.  

So I am asking each of your to click here and donate whatever you can to our final push to Restore Virginia Now.

https://donorbox.org/restore-virginia-now

With your donations, we can swing into action in districts where we have candidates who have pledged to-

 Roll back every single anti-gun piece of legislation passed by the Richmond Radicals these past two years

Stop executive and bureaucratic power grabs that  have completely violated the State Constitution and stop forced lockdowns, masking and forced vaccination

Pass School Choice and break the government monopoly on education

Pass Constitutional Carry

Reduce regulations and make Virginia free again.

But we can only fight with your help.

I thank you for all you have already done.  Our success has only been because of your support.  But the biggest fight comes in November.

With your donations we can roll out tens of thousands of direct mail pieces, hundreds of thousands of telephone calls, texts and emails, and work social media to be sure that champions for Virginia take out the gun grabbing, power hungry socialists and restore Virginia.  

So please click here to donate,  the future of Virginia depends on it!

https://donorbox.org/restore-virginia-now

I have often said that if we are waiting on a politician to save us, we have already lost.  Over the next two and a half months, I and my team will be working with everything we have to win in November.  

Can we count on you to help us?
 

In Liberty,

S. Chris Anders
Director
Virginia Constitutional Conservatives

PS- The radical left is funded by millions of out-of-state dollars. We however, rely on donors such as yourself to fund our efforts to not only keep a close eye on the Criminal Minds, but also to smack down and defeat any and all of their hairbrained schemes. 

Will you help us? 

Know that no matter how much you donate, every dime will be used to stop the Richmond Radicals and Restore Virginia.  Please click here to arm our volunteers with the donations they need to fight and win.

https://donorbox.org/restore-virginia-now. "
ProtectFromHarmsCausedByFossilFuels	"On July 28, one of our drivers reported #oiltheft at Frank's Pizza & Restaurant in Sparta, NJ, where this Buffalo Biodiesel vat had been broken into and robbed by thieves, who left it in the condition shown here. Buffalo Biodiesel recycles the used cooking oil to make energy-efficient biofuel—instead, it’s being targeted by interstate organized crime groups for illegal profit. If you witness or have information about an oil theft at one of our vats, please call 911 and then report the theft to us at 1-800-721-1427.
Daily Voice Morris And Sussex County News 12 New Jersey  NorthJersey.com  The Star-Ledger  NJ.com  NJ Spotlight News  ABC7NY  CBS New York  Daily Record. "
OilAndGasExtractionRisks	"🇮🇱 Zion Oil & Gas on your TV *tomorrow night*

Zion Oil & Gas will be highlighted on ""Insights: Israel & The Middle East"" broadcast on TBN Thursday Night (June 24) at 9:30p ET / 8:30p CT / 7:30p MT / 6:30p PT.

Learn more: https://www.zionoil.com/updates/zion-oil-gas-on-your-tv-thursday-night-june-24/. "
OilCreatesJobs	The world’s thirst for oil will exceed pre-pandemic levels next year, with improving vaccination rates and increasing public confidence in governments’ management of Covid-19 spurring a recovery in travel, the Organization of the Petroleum Exporting Countries said Monday.
NuclearEnergyBenefits	"Building with concrete improves the sustainability and resilience of our nation’s infrastructure. 

Check out our booth at World of Concrete or learn about our Roadmap to carbon neutrality at shapedbyconcrete.com."
AdvocateForGreenEnergy	GE and Veolia North America are working together to improve technologies for recycling wind turbine blades and other components. There’s still progress to be made, but the industry is coming up with creative solutions to make sure wind energy is as eco-friendly as it can be. Read more:  https://www.livingcircular.veolia.com/en/industry/wind-power-hit-recycling-winds-change-thanks-veolia-and-ge. 
NuclearEnergyBenefits	"The focus on at-home charging for electric vehicles is something that will ease range anxiety as equitable charging infrastructure becomes more available. No one wants to run out of battery on a road trip, but EV charging won't necessarily mirror the gas station stops we are accustomed to. 

https://www.startribune.com/electric-vehicle-revolution-brings-changes-to-minnesota-garages/600128347/

Many of Minnesota's electric cooperatives offer programs for off-peak charging and charger installation, so check with your local electric cooperative if you #goelectric."
NuclearEnergyBenefits	The annual emissions of carbon-dioxide (co2) per vehicle is over 11,000 pounds in FL. For an electric vehicle, it is less than 5,000 pounds. 
EconomicAdvantagesOfRenewableEnergy	The low cost of solar power combined with energy efficiency measures can help low-income families save on their energy bills. Learn more:. 
PoliticalActivismForRenewableEnergy	"Meredith Brinegar comments about ""WHITE PRIVILEGE""
""I am insulated by my privilege, as a white educated heterosexual married woman""

Is this someone Bellbrook wants to lead their city?
*Meredith is troubled about being WHITE.
*Troubled about Being Educated.
*Troubled about being a heterosexual married woman.

Brinegar posts apologetically for being a white, heterosexual, female. Really it's attached! 
Read her own words for yourself.

She has taken a page out of the national progressive socialist playbook, trying to shame people for something they have no control over.

Apologize for being white, is like apologizing for being black, being brown, being female, being male, being short, tall, having brown hair, red hair, all things no one has any control over but God.

She is ashamed for being white, but not ashamed of the vile actions of her fellow Yes PAC supporters over the last two years.

Brinegar was silent when yes Pac members attacked our senior citizens, telling them to move or die. No outrage from her.

She was also silent when the girl's basketball coach was exposed for his racist and sexual comments directed at the Black players. 

Where was her apology to the Seniors Citizens and girl basketball players? She was silent because the offenders were people she supported. They were her people.

Radical Progressive Socialists are HER PEOPLE.
People like radical Kim McCarthy

Where was her outrage, her standing up and speaking out, there was none? 

If you have something to say, Binegar will not listen. She is covered up in her self shame, and progressive ideology.

She is different. She thinks differently. 

She has values different than the majority of the Bellbrook Community. 

Brinegar is a die-hard WOKE Progressive, whose goal is to implement her socialist values and worldview through the power of the office she seeks.

Look at who she is supporting and who supports her.  Kim McCarthy, Josh Pressnell, Katherine Kipling, and Sara Williamson are all part of the PROGRESSIVE Group seeking to change our community.

Meredith Brinegar is one of the main leaders of these progressive socialists. Do not let her slick ""Media pony-show"" fool you.

Mederithe Brinegar is a radical Progressive SOCIALIST.

DO NOT GIVE her the power over your family and our community.

There are far better choices.

Vote for ""Katherine Cyphers"" and ""Forest Greenwood"" for Bellbrook City Council."
TackleClimateChange	"Mitakuye owasin: we are all related. The two legged, the four legged, those that swim, and all of Grandmother Earth are related and share a spirit. Rebuilding that connection together is imperative for our children's future.

#NODAPL #indigenouspeople #SRST #SAGESRST. "
RenewableEnergyGrowth	ConocoPhillips was the first U.S. exploration and production company to adopt a Paris-aligned climate risk strategy.
GreenPowerExpensive	"A new regulation was recently passed, by the Arizona Corporation Commission, limiting access to solar!

This new regulation states that energy returned to the grid “...shall not exceed 15% of the total circuit peak load…” The result is that once at least 15% of the energy in one area is generated by solar, you may be required to pay for expensive grid upgrades in order to go solar! (AZ Administrative Code R14-2-2615, page 205. APS Interconnection Requirements for Distributed Generation section 16.9)

So don’t miss out! Join over 7,000 of your neighbors that have requested estimates, from SunSolar Solutions, by clicking “Get Quote” today!"
GreenEnergyWorks	Climate change directly impacts our health. Connecticut's air quality is ranked among the worst in the country. TCI can reduce air pollution, illness, and health costs.
OilAndGasExtractionRisks	We’re just not that into you, gas.
AdvocateForGreenEnergy	Oil and natural gas can help accelerate North Dakota’s economic recovery. Take our quiz to find out how!
EconomicAdvantagesOfRenewableEnergy	Can anyone name ANYTHING Kathy Hochul has done to bring down the cost of food or gasoline? She could SUSPEND the gas tax and pull the plug on the absurd proposal to raise the gas tax by 55 cents per gallon to the highest rate in the country! There are actually many options to lower New York’s energy costs, but Hochul and her friends are doing NOTHING. Tell her to take action at LowerNYGasPrices.com.
AntiWoke	Memphis businesses, from neighborhood gas stations and other existing local businesses, to our airport, could all be at risk thanks to a new ordinance proposed by the Memphis City Council. Tell the city council you oppose Ordinance No. 5782!
LegislatorsMustActAgainstClimateChange	NYGOP Chairman Nick Langworthy Takes “Just Say No” Tour to Geneseo. He is joined by Local Officials in Opposition to November Ballot Proposals Threatening Election Integrity.
GreenEnergySavesMoney	BlackRock’s vote for change at ExxonMobil is the right thing for climate & long term value creation for shareholders. Will other investors follow suit?
RenewableEnergyGrowth	Change starts here. Join EDF today and be part of the movement that's fighting climate change, safeguarding our health against toxic chemicals and pollution, and protecting vulnerable wildlife. Give now to make a difference.
NuclearEnergyEducation	"The giving of buffalo hides and robes traditionally represented love, peace and respect; however, when buffalo were exterminated the art of star quilts began. Star quilts feature the morning star which is found in the direction from which spirits travel to earth and is a link between the living and the dead. We chose to include this design on our Iyoha.co merchandise, as a recognition and acknowledgement of our Anpetu Wi, 'Morning Light' wind farm project. 

Learn more: https://iyoha.co/. "
NuclearAdvocacy	Cutting down trees and burning them to produce electricity creates more climate-busting carbon pollution than coal, gas, or oil. Now Congress wants to label this a climate solution. It’s not. It’s an industry bailout. Please tell Senator Tillis to work with the Biden administration to ensure our forests aren’t used as fuel for electricity.
ClimateActionDonation	As a drought exacerbated by climate change continues to inhale rivers, lakes and groundwater aquifers here in the West, the issue of environmental contamination will become ever more conspicuous.
ChallengesFacingRenewableEnergy	As we enter the summer season, we think of heat, hotdogs and hurricane season. Now is the time to start gearing up for hurricane season. Click here to learn more about how you can get #HurricaneReady: https://gov.texas.gov/hurricane. 
SupportForNuclearEnergy	Reliable, American-made energy that doesn't break the bank is next door at Plant Vogtle. Like our page to support nuclear carbon-free energy in Georgia.
EconomicAdvantagesOfRenewableEnergy	Technology can separate hydrogen from water and deliver it reliably and cleanly through existing natural gas infrastructure. 
PoliticalActivismForRenewableEnergy	"🔥 Gas-burning appliances contribute to the climate crisis and are a major source of indoor air pollution. 

⚡ Building new homes that are powered by clean energy is critical to responding to the climate crisis and cutting air pollution. 

Read more: https://on.nrdc.org/3bEjBC9. "
DemocratOutreach	"Tri-State refunding $10 million in patronage capital to members:
Learn more:
https://tristate.coop/tri-state-refunding-10-million-patronage-capital-members
⚡Patronage capital refunds total more than $140 million in the last six years, showing strength and benefits of the cooperative business model, Tri-State membership.      
⚡Tri-State’s 4% wholesale rate reduction for its members to be fully implemented in March 2022.
“As Tri-State rapidly advances our clean energy transformation, we remain focused on affordability and reliability,” said Duane D. Highley, CEO for Tri-State. “By lowering wholesale power rates and returning capital to our members, we are helping mitigate the increasing costs of doing business and preserving affordability.” 
#Cooperative #Affordability #Reliability. "
GreenEnergySavesMoney	We believe in treating people with respect and fairness and doing the right thing. We take our responsibility to the community very seriously and we’re dedicated to listening, gaining and maintaining trust, and safely constructing and operating the Byhalia Connection Pipeline.
LegislatorsMustActAgainstClimateChange	Will give a $25 gift of love to support re:power alumni like Chanel Powe? re:power helps develop candidates across the country.
AntiTax	"This is the couple who raised the property taxes on your home, and thinks they are way smarter than the “common people” in our community.

No matter the subject, they are Bellbrook-Sugarcreek’s insufferable know-it-all’s. Spewing their progressive narrative and values as the path to enlightenment.

Believing they should be the ones deciding what is best for your child’s health and ideology your child should be taught in school.

Their progressive values are not what I want taught to my children, nor do I want them making medical decisions for what  they “deem best” for the children of our school district.

Do you trust them to sit in a position of power over you and your child? 

I for one, do not!"
TackleClimateChange	"How Black Mississippians Found Their Power During Jackson’s Water Emergency

After the water stopped flowing, a grassroots effort in Jackson is organizing the Black community for future climate and political crises.

To read the full story click the link in our bio.

@nationalcleanwatercollective. "
AdvocateForGreenEnergy	"We are excited to be hosting a two-part series on the benefits of battery storage in-person at our new Advanced Energy Center in downtown Santa Rosa!

-August 13th from 4:00 PM - 5:30 PM: Battery Storage: Technology, Performance, and Trends

-August 14th from 9:00 AM - 12:30 PM: Should You Add Batteries to Your Residential Solar System? 

Visit scpadvancedenergycenter.org/events to learn more and register today!"
ChallengesFacingRenewableEnergy	New data shows renewable power is surging globally but remains off the pace with what's needed to meet the ambitious goals of the Paris climate agreement.
CallsToInvestInRenewableEnergy	"⚠️GIFT MATCH ALERT⚠️

Save Bees and Our Food Supply! 🐝🍎

1 in every 3 bites of food we eat depends on bees and other pollinators!
But rampant toxic pesticide use, climate change, and habitat loss are killing bees, which could lead to food scarcity that would hit low-income communities and communities of color especially hard. NRDC is fighting to protect bee populations and secure the future of our food supply. We need your help before the year ends.

Make your tax-deductible gift before 12/31 and help save pollinators."
OilCreatesJobs	At refineries, dedicated employees form “Hurricane Ride Out Teams” that stay at facilities throughout a storm, protecting the community, environment & integrity of critical infrastructure & working to bring operations back online as soon as it is safe to do so. #HurricaneReady. 
AntiWoke	The sun is shining on Michigan’s solar industry! With enough power installed to support over 90,000 Michigan homes, 2,031 MW of installed capacity on the way, and prices that keep on falling, Michigan’s solar sector is looking brighter than ever. ☀️. 
SupportForRenewableEnergy	Still interested in all things natural gas, ESG and sustainability? Sign up for our Newsletter and be the first to know about these emerging technologies.
TackleClimateChange	"The Tongass National Forest needs your help. So do the people who call it home, the salmon that need its waters to survive, and the entire planet which needs its carbon-capturing trees to combat climate change. 

Earthjustice has been defending the Tongass for decades and our fight’s not over. Join us today and help defend wild places like this."
PoliticalActivismForRenewableEnergy	Will give a $25 gift of love to support re:power alumni like Chanel Powe? Re:power helps progressive leaders across the country.
ChallengesFacingRenewableEnergy	We believe in treating people with respect and fairness, and doing the right thing. We take our responsibility to the community very seriously and we’re dedicated to listening, gaining and maintaining trust, and safely constructing and operating the Byhalia Connection Pipeline.
TackleClimateChange	Electric vehicles produce less carbon, which means less pollution, and a healthier planet for our children to grow up in. Also, they’re just plain cool. Swipe to learn more about our potential future.
AntiTax	NYGOP Chairman Blasts Democrats for Tax-and-Spend Budget Bill, Allowing Cuomo to Remain in Power to Leverage Radical Left Agenda.
ChallengesFacingRenewableEnergy	"From Mike Huckabee - 
""We have a complete meltdown of control at our southern border, with the tragedy of little kids being trafficked as if they were boxes of Mexican fruit-suffering abuse and deprivation; the drug cartels are taking advantage of the border breakdown by pouring deadly drugs into our country that is killing people from New York to Oregon; gasoline will soon be double the cost it was a year ago, and some people can’t find a gas station that has any gas left; employers can’t stay open because people are living off government giveaways of stimulus checks and unemployment instead of taking jobs that are available; our schools are still closed in many places because the teachers don’t want to go back to the classroom, and the Middle East is being burned down by rockets flown by jihadist terrorists from the Hamas stronghold of Gaza. At the rate he’s going, Joe Biden will make Jimmy Carter become a candidate to become the 5th President on Mt. Rushmore.

I admit I didn’t vote for Joe Biden and feared he would lead us off the left side of the cliff, but even I thought it would take longer than 100 days to do it.

I’m especially grieved to see the great progress toward peace in the Middle East that was achieved by the historic Abraham Accords replaced by violence, destruction and death as the terror group Hamas fires thousands of rockets toward civilian targets in Israel. Joe Biden wants to revive the horrible deal with Iran to supposedly cause them to give up building a nuclear weapon, but sensing real weakness on the Biden team has emboldened Iran to buy more rockets for Gaza so they can try to kill Israelis. This at a time when Gaza and the Palestinians could sure use schools, streets, medical care, and jobs. Instead they use the Iranian money and sadly, money you the American taxpayer gives them to buy bullets, bombs, and rockets to kill Jews in Israel."". "
AntiWoke	"History on Chief Brown:
In 2007, Brown ( who was working for the Dayton Police) was at a Christmas party where Larry Miller Jr., a legislative aide with the city of Dayton, was to serve as disc jockey. 

Brown was advised that patrol officers had stopped Miller and nullified the ticket, according to reports. Brown's lawyer said Brown was called after officers determined Miller worked for the city of Dayton.

**Officers also determined Miller was driving without a valid license and had an unloaded gun in the car.

Brown claimed he was not aware (which our sources claim no one believed because he would have had to run the name through the system, and it would have popped up) of the license suspension or a gun in Miller's car when he nullified the ticket, according to reports. 

Nor was Brown who claimed (again, our sources said is not true), or the city, he was aware that Miller was sentenced to three years in prison for attempted ""aggravated murder"" for shooting a Central State University police officer during a robbery in 1989.

Yet Brown still ""FIXED the ticket .""

It appears that Cheif Brown is well versed in playing the political game of ""doing favors"" for those in power.

The question now becomes, is Cheif Brown the ""FOP member"" that School attorney, ""Tabitha Justice,"" threatened in her letter to come after me? 

Does this explain why the Sugarcreek Police ignored my pleas to do something, anything about the threats and harassment I have been receiving because of the VOTE  NO Movement? 

Does this explain why Sugarcreek police failed to stop an assault against me at a school board meeting, attempted assault against me at the water tower, threats and targeted harassment and cyber harassment against me, my family, and business by members of the vote yes Pac, its leadership and school administrators and school employees?

Is this why the evidence was ignored, not collected and I was arrested? Is this why the intoxicated 8 golfers that threatened to assault me were not arrested. Is this why Officer White, lied and said ""they did not detect alcohol"" on the golfers? Is this why officer Klark altered the witness statements?

Cheif Brown has a pattern of behavior of doing favors for those with political power when he was with the Dayton Police Department. Has he been doing the same type of political favors, for the last two years, for the politically powerful in Bellbrook-Sugarcreek?"
AdvocateForGreenEnergy	Burning trees to produce electricity creates more climate-busting carbon pollution than coal, gas, and oil. And wood pellet mills are more likely to be located in environmental justice communities, placing an undue burden on people that are already fighting for clean air and water.
OilAndGasExtractionRisks	Burning trees to produce electricity creates more climate-busting carbon pollution than coal, gas, and oil. And wood pellet mills are more likely to be located in environmental justice communities, placing an undue burden on people that are already fighting for clean air and water.
AgencyToStopClimateChange	"There’s a long list of issues we need our leaders to focus on: 
 
✅ Covid-19 pandemic 
✅ Climate change 
✅ Health care 
✅ Education 
 
So what are Harrisburg Republicans up to? Launching a “dangerous” Trump-inspired election review scam and trying to get your personal information, including your social security number. 
 
Tell them to keep their hands off your personal information. Add your name -->. "
BuildBetterAct	"Working families are fighting to have control over their lives and practice self-determination. Politicians and employers have worked together for generations to make sure businesses are not accountable for protecting workers. Now is the time for change! We are for good union jobs! Jobs that are good for our planet! For jobs that go to our families and neighbors! We are for the PRO Act!

Las familias trabajadoras luchan por tener el control de sus vidas y practicar la autodeterminación. Los políticos y los empleadores han trabajado juntos durante generaciones para asegurarse de que las empresas no sean responsables de proteger a los trabajadores. ¡Ahora es el momento para el cambio! ¡Estamos a favor de buenos trabajos sindicalizados! ¡Trabajos que beneficien a nuestro planeta! ¡Y trabajos que lleguen a nuestras familias y vecinos!

#Proworker #prounion #PROAct #unions #timetothrive #jobsandcare #securejobs #jobs #invest. "
AdvocateForGreenEnergy	The Japanese government has doubled its hydrogen related research & development budget to nearly $300 million since 2019. Using hydrogen in the shipping and steel manufacturing sectors can help Japan reach its 2050 zero emissions goal. Learn more - https://www.wsj.com/articles/japans-big-bet-on-hydrogen-could-revolutionize-the-energy-market-11623607695. 
PoliticalActivismForRenewableEnergy	"🌱  What Environment means in our ESG: 
Tri-State’s long-standing environmental stewardship and resource management are rooted in the strong conservation ethic of our members and the rural communities they serve.

🌱This commitment begins with outstanding compliance, and goes beyond to voluntarily supporting conservation initiatives, and executing ambitious plans for dramatic and reduction of greenhouse gas emissions.

💡  Learn more about this project and many more at: https://tristate.coop/environmental-social-and-governance-report 

🌱  Morgan Creek Ranch is just one of many of Tri-State's  environmental projects:
Our commitment to Morgan Creek Ranch: 
☀️ Providing 50,000 acres of public access to Morgan Creek Ranch.
🌾 Annual habitat improvements including water management, weed control, removal or replacement of historical non-wildlife friendly fences, food plot installations.

#greenhousegas #emissions #emissionreduction #cleangrid #environment #animals #habitat #watermanagement #ghg. "
PoliticalActivismForRenewableEnergy	"Hundreds of anti-voter laws are being proposed across the country, many of them targeting voters of color, young people, and new voters. The For the People Act will stop the worst of these laws. Congress must protect the freedom to vote and pass the For the People Act immediately. 

Without action, our democracy and our access to it is in serious jeopardy, which is why the Senate must ensure fair elections, protect the freedom to vote and pass the For the People Act! To take action, visit sc.org/4thepeople or text ""FTP"" to 69866 to call your Senators now. Special thanks to Geena Rocero."
InroadsMadeByRenewableEnergy	"The 80s called. And they’re pretty stoked at the advancements we’ve made in technology and responsible resource development🎞📺

#memes😂 #80s #80sfashion #80shair #backtothefuture
#martymcfly #delorean 
#technology #boomermemes #resourcedevelopment #greenenergy #rareearth #elements #metals #80smusic #earth #1980s #bobross #art #environment. "
AntiWoke	"David Carpenter thinks as school board President and Doug Cozad, as school superintendent, have the “right to decide” if your exception to wearing a mask, medical or religious, is valid or not.

These two individuals should not be allowed to be in charge of our children.

This has never been about our children’s health, it’s all about power and control over our children, forcing parents to give up their rights over their children.

First masks, then forced COVID shots, it’s all part of the national agenda coming out of Washington."
EconomicAdvantagesOfRenewableEnergy	"Congratulations to Henry Lee, Troy Uyehara, Michelle Sakata, Alan Hirayama, and Alan Lee on being awarded the EPRI 2020 Power Delivery and Utilization Technology Transfer Award! 

Henry, Troy, and Michelle were recognized for their application of tools which allows the company to more efficiently integrate renewable and distributed energy into our grid. 

Alan Hirayama and Alan Lee’s project was focused on developing a methodology to assess hourly hosting capacity for distribution circuits."
ChallengesFacingRenewableEnergy	“As a pulmonologist, I’m disheartened during hot, polluted summer days when my patients tell me the air is making it harder for them to breathe — and even worse, when it sends someone to the hospital. “. 
PoliticalActivismForRenewableEnergy	"Democrats' radical reconciliation bill would take power away from parents and give it to the federal government to approve and set the curriculum in our classrooms.
 
As a father of four, I believe parents ARE the primary stakeholders in their children’s education, not Democrats or Washington D.C. bureaucrats."
AdvocateForGreenEnergy	This is climate change. Find out why 99% of climate scientists agree.
NuclearEnergyBenefits	At refineries, dedicated employees form “Hurricane Ride Out Teams” that stay at facilities throughout a storm, protecting the community, environment & integrity of critical infrastructure & working to bring operations back online as soon as it is safe to do so. #HurricaneReady. 
DemocratOutreach	"Liberals want Washington D.C. to become a state so they can gain more power and control.

Sign your name if you agree!"
OilAndGasExtractionRisks	"Average Gas Price Per Gallon:
-CA: $4.16 (highest in the country)
-National: $3.04

Another gas tax will take effect July 1...
#GasIsTooDamnHigh ⛽️. "
AntiWoke	"Writer Eyal Press is most interested in documenting a kind of hazard that is not typically accounted for in government safety reports: what he calls “moral injury.” It describes the impact of having to carry out tasks that violate a person’s core sense of self — think drone operators, prison guards, poultry plant workers, and oil riggers. 

These are the workers we won’t see politicians sidling up to for photo ops this Labor Day."
LegislatorsMustActAgainstClimateChange	We need healthcare, NOT abortion bans! Access to abortion care gives us power over our own futures — abortion bans only hold us back. Add your name to fight back!
AdvocateForGreenEnergy	"California families need Michelle Steel to see what’s in front of her:

The danger is real. Extreme weather is more intense and more frequent than ever before -- and all the more reason to act now."
RenewableEnergyGrowth	"Join us at World of Concrete for updates on our Roadmap to carbon neutrality. 

Through collaboration, we can achieve this goal – learn more at shapedbyconcrete.com."
NuclearEnergyBenefits	"Making the switch to SCP’s EverGreen electricity service is easy! Enrolling is as simple as visiting our website or calling our local contact center. All you’ll need is your 10-digit PG&E account number to enroll.

Call us at 1 (855) 202-2139 or visit sonomacleanpower.org/programs/evergreen to get started!"
SupportForOilAndGas	"“Kim McCarthy does not support WPAFB. 🇺🇲 HERE IS WHY. 🇺🇲”
She supported the local tax for Bellbrook schools and opposed a tax for Sinclair Community College (in Montgomery County) while living in Greene County. 

Let's explore this contradiction. 

Sinclair offers many students the lowest, and others definitely low cost of tuition in Ohio.

One of the criticism levied against Sinclair was it was providing a facility in Beavercreek for the "" defense industry,"" which was code for 🇺🇲 WPAFB. 🇺🇲

Sinclair provides excellent educational opportunities for young men and women, civilian and military. 

In addition to helping our young people at WPAFB, they have a facility on Clyo Road near Wilmington Pike (next to the BP gas station).

Whatever she is, she is not prepared for leadership, not ready for Sugarcreek.

Too radical, too extreme. She doesn't support the base or helping our young service members access educational programs. 

Why anyone in Greene County would not support the base is beyond me. WPAFB is the largest employer in Ohio and provides for our national defense.  🇺🇲

https://keepsinclairfair.org/disclosure/

Election Watch 21. "
RenewableEnergyGrowth	Celebrating the opening of our new #renewablenaturalgas (RNG) fueling station in #Menifee. In CA, as #RNG usage continues to increase, it is important to provide drivers & fleet operators more locations to fuel up. RNG is an affordable way to eliminate air pollution and emissions linked to climate change - link in bio.
ClimateActionDonation	"⚠️$200K UNLOCKING CHALLENGE⚠️

1 in every 3 bites of food we eat depends on bees and other pollinators! But rampant toxic pesticide use, climate change, and habitat loss are killing bees, which could lead to food scarcity that would hit low-income communities and communities of color especially hard. NRDC is fighting to protect  bee populations and secure the future of our food supply. We need your help before the year ends.

Make your tax-deductible gift this Giving Tuesday and help save pollinators."
AdvocateForGreenEnergy	Find out why scientists agree that climate change causes more extreme droughts, bigger fires and deadlier heat.
InroadsMadeByRenewableEnergy	The most indispensable and fundamental element of our modern society is the reliability and affordability of electricity. With both Texas and California rapidly moving to more wind and solar power to provide generation to power plants, what backup power source will provide the electricity reliability to keep the lights on, the air conditioning humming, and heat flowing? https://bit.ly/3bqq7vJ. 
AdvocateForGreenEnergy	It's actually pretty simple: climate change = more extreme weather. Find out why 99% of scientists agree.
AntiWoke	"TPUSA LIVE is the unfiltered, grassroots alternative to mainstream media. Watch daily shows, live in-studio content from TPUSA HQ and weekly shows covering politics, pop-culture, sports and everything in-between. Tune in every weekday starting at 5 PM ET / 2 PM PT.

Check out today’s show! 

Human Events Daily host Jack Posobiec discusses Sony firing their top PlayStation Exec over pedophilia, the FBI recovering hard drives from Epstein's safe, Don Lemon on the Jussie Smollett case, and more! 

The TPUSA LIVE team is joined by host, Jon Root, and special guests Morgan Zegers and Kangmin Lee who will talk about Remembering Pearl Harbor, a CCW Santa, normalizing Conservative values and more! 

RELOADED host Paige Roux takes you on an exclusive tour of Strategic Armory Corps on the season finale and watch Breakaway with Jon Root as he sits down with Charlie Kirk to talk about how sports brings us together and how we can make it great again!

We will wrap up the show with POPlitics with Alex Clark as she dives into Khloe Kardashian & Tristan Thompson drama, President Trump's hospital secret, a 'Hot Take Tuesday' and more!

#PearlHarbor. "
AdvocateForGreenEnergy	"HUD is charging the husband-and-wife owners of apartments in Oil City, Pennsylvania, with sexual harassment and retaliation against a female resident. HUD’s charge alleges that the husband groped and tried to forcibly kiss the woman when he was in her unit to perform electrical repairs. The charge also alleges that when the female tenant told the wife about the harassment, the wife texted her: “You are out,” “You got 10 days,” and “You are a liar.”  The female tenant and her child were subsequently evicted and charged for unpaid rent and legal fees. The complainant is represented by Southwestern Pennsylvania Legal Aid's Fair Housing Law Center through HUD's Fair Housing Initiatives Program. 

To report sexual harassment, please contact the Fair Housing Law Center at 877.725.4472 or visit fhlaw.org/report-housing-discrimination."
EconomicAdvantagesOfRenewableEnergy	As part of our #ResponsibleEnergyPlan announced in January 2020, our clean energy transition also includes lowering our wholesale rates. Today, we announced an immediate 2% wholesale rate decrease for our utility members, with another 2% wholesale rate decrease in 2022. The wholesale rate decrease was included as part of our processes with our rate regulator, the Federal Energy Regulatory Commission, and requires its approval. Read more at https://tristate.coop/tri-state-reduce-wholesale-rates-ferc-settlement. 
NuclearEnergyBenefits	"Our Campaign Management Bootcamp is an intensive 4 week, 8 course, virtual training curated to teach experienced leaders the fundamentals of how to manage a progressive state or national-level electoral race.                                                                                                                                                                                                                      

AND the course is grounded in a framework of inclusive politics. For us, that means we’ll apply a lens of race, class, and gender to all aspects of campaign management and strategy.

Interested? Good! Click through to learn more and apply!  

https://repower.org/event/cmbc-2022/. "
ClimateActionDonation	"Huge news: The House just voted to pass the Build Back Better Act!

Thank you, Rep. Pallone, for putting New Jersey's working families first by voting to create clean energy jobs right here and take on climate change right now."
RenewableEnergyGrowth	As solar power grows in popularity, solar manufacturers, developers, and installers are only getting more creative with project siting and panel technology. One developer in Massachusetts is aiming to install floating solar installations on some of the state’s ponds and reservoirs–a practice that shows promise for mitigating space concerns for solar installations:. 
AntiWoke	Historically, Democrats supported strong borders because they knew American workers could never compete with illegal immigrants. Now, they regularly support “open borders.” So why the drastic change? Tucker Carlson, host of Tucker Carlson Tonight, explains.
PoliticalActivismForRenewableEnergy	"Breaking News: Bellbrook Swim Coaches wife loses her mind
Meredith Bringner should never hold public office. Watch happens when I start asking Bringner the questions Votes want to know about her, the other candidates she supports, and comments she has made in the past two years about Vote No supporters and myself.

When the questions get too tough, Bringner supporters, in a planned response, start interrupting me, until Mrs. Johnson, flips me off, cusses at me, physically tries to take my phone, hits my hand, and tries to attack me. (It starts at 4:28 on the video)

Could you imagine if I was the one doing this? They would be going crazy.

Both Johnson’s have a history of doing this to me at public events. These people are who you never want in charge of anything.

Did Meredith try and stop Mrs.Johnson? NO.
Did she say anything after Rob Johnson had to drag his crazy out-of-control wife away? No.

The reason is the Johnson’s and the others there trying to stop me were, HER PEOPLE. Her radical supporters.

This was all planned.

Meredith Bringner is the opposite of what has made our community great. She is a radical progressive who will use the power of her office to change Bellbrook into her “woke world view.”

https://youtu.be/wlJnCQhZha0. "
EconomicAdvantagesOfRenewableEnergy	Your legislator, Representative Judy Ambile, was a champion for Colorado’s rivers this legislative session! That means a stronger economy, better resiliency in the face of climate change, and restoring our rivers. Show your support for our rivers by signing our card today!
OilAndGasExtractionRisks	"While holiday light displays are beautiful, they can also be a safety concern if they are not set up properly. Follow these safety tips to keep your home safe:

-Only use holiday lights and heavy-duty extension cords that are rated for outdoor use.
-Properly secure lights and décor to the ground, trees, house, or walls.
-Don’t leave lights on all day and night. Consider using a timer, instead.
-Plug your lights and décor into a GFCI (Ground Fault Circuit Interrupter) outlet."
GreenEnergySavesMoney	Pipeline operators ensure the safety of pipelines whether they’re old or new through advanced technology and 24/7 monitoring to help protect the environment.
EconomicAdvantagesOfRenewableEnergy	Growing U.S. offshore wind presents enormous economic opportunities for the maritime industry and made-in-America vessels.
ChallengesFacingRenewableEnergy	This SATURDAY at 1pm! At CITY HEIGHTS, we also have FREE FOOD PACKAGES, DIAPERS, WOMEN'S HYGIENE PRODUCTS AND MASKS for the entire community! We have 3rd shot/ “Booster” shots and Pfizer vaccines for children 5-11.  We are at 4265 Fairmount Avenue (NEXT TO THE GAS STATION, ALMOST CORNER WITH CAJON BLVD) For more information please call 619-995-8973.
ChallengesFacingRenewableEnergy	"Government Controlled Power:
1. Creates a quasi-government entity to takeover the power grid
2. Authorizes private assets to be seized through eminent domain
3. Comes with a price tag of $13,500,000,000. "
LegislatorsMustActAgainstClimateChange	"Nothing new here, been #Gaslighting us for over 60 years! ""On the tape, made in a Greenpeace sting, he described working with “shadow groups” to fight climate science, and detailed efforts to weaken President Biden’s proposals to burn less oil."" They knew all along!  VIDEO: www.corfc.org/gaslighting
#TruthRising #COrising. "
EconomicAdvantagesOfRenewableEnergy	The world’s thirst for oil will exceed pre-pandemic levels next year, with improving vaccination rates and increasing public confidence in governments’ management of Covid-19 spurring a recovery in travel, the Organization of the Petroleum Exporting Countries said Monday.
AdvocateForGreenEnergy	The American Robin is one of too many bird species that need your protection from habitat loss and climate change. As global temperatures continue to rise, the Robin could vanish from 23% of its summer habitat. Start your monthly donation today and take action for birds on the edge of survival.
OilAndGasExtractionRisks	FACT CHECK: No, the Texas blackouts aren't because of wind turbines. Wind farms in Illinois and Minnesota do just fine when the temperature gets down below zero. Watch our new video:. 
OilAndGasExtractionRisks	Memphis City Council is proposing a new ordinance that would effectively prevent Memphis gas stations, airports, and local  businesses from operating and maintaining underground infrastructure, hurting the economy and costing Memphis jobs. Tell the city council to vote NO on this Ordinance 5782. https://bit.ly/2QL5gfc. 
EconomicAdvantagesOfRenewableEnergy	The Louisiana Land and Exploration Company LLC (LL&E), a subsidiary of ConocoPhillips, is dedicated to enhancing Louisiana wetlands and communities by supporting wetlands-focused research that drives innovative wetlands resiliency.
AdvocateForGreenEnergy	"Decarbonization, diversification, & digitalization. That is what the SoCalGas Research, Development & Demonstration team strives for every single day. 

Rapid development of new technologies will be vital to our success in reaching #NetZero2045. 

Click here to learn more about our research and development team’s 300+ active projects: 
https://bit.ly/3AOUoyG. "
PoliticalActivismForRenewableEnergy	Gas just isn’t what we thought it was. Wind can bring the energy that we’ve been looking for.
AntiWoke	This is the most complex system on Earth. Is it really possible to project with any precision what it will be like 20, 40, or even 100 years from now? Steve Koonin, former Undersecretary for Science in the Obama Administration, challenges the confident assumptions of climate alarmists.
OilAndGasExtractionRisks	NIPSCO is storing coal ash on the shores of Lake Michigan. This toxic substance can cause cancer and other serious health problems.
