ID,System,Setting,Bucket,Theme,Tweet,Anno1,Anno2,Anno3
1,Pacheco,Async,75-100,AdvocateForVaccine,"Covid, the vaccine, and these masks really dividing so many people…all this shit starting to drive me crazy and it’s weird because nobody knows what the fuck about to happen next..",0,0,
2,Pacheco,Async,75-100,AntiCovidVaccine,lip injections have a greater chance of hurting you than the Covid vaccine does 💀,0,0,
3,Pacheco,Async,75-100,AntiCovidVaccine,"y’all do know companies charge more on insurance premiums for people who smoke, just as if you don’t want a vaccine they can increase your premium. why should they pay 10s of thousands towards a covid hospital stay when you can get a vaccine for free ?",0,0,
4,Pacheco,Async,75-100,AntiDemocrat,"ESPN: Rick Dennison out as Minnesota Vikings assistant after refusing COVID-19 vaccine, sources say.
https://t.co/Qyew124cMw

via @GoogleNews",0,0,
5,Pacheco,Async,75-100,AntiRepublican,Misinformation PAYS: ‘Gateway Pundit’ earned $1.1 million in Google ad revenue from a mere 100 stories using vaccine and election misinformation. Dang! https://t.co/tCI0ZN8uWw by @abebrown716,0,0,
6,Pacheco,Async,75-100,BidenadministrationenforcingCOVIDvaccine,"Requiring it is “debatable”?!?! Eat shit, Faucci! https://t.co/9YPOwi8lgL",1,1,
7,Pacheco,Async,75-100,BlameFauci,"Now what?!
https://t.co/c3NYskJpxU",0,0,
8,Pacheco,Async,75-100,Covidvaccineaftereffects,"Ya know, most times you use a sick day, it’s kinda a last minute thing, and having a 2 part COVID vaccine is a unique situation where I’ve scheduled a sick day",1,1,
9,Pacheco,Async,75-100,COVIDvaccineonlyreducestheeffectsofCOVID,"@TotWonderland @W1ggersneed @thaliasmokey @AndrewPerrined @s4m31p4n Literally he’s just saying that the vaccine doesn’t stop you from getting COVID, which is true.",0,1,1
10,Pacheco,Async,75-100,Criticising_political_figures,"Someone help me make sense of this! Happening in THEE SAME STATE that is currently screaming “MY BODY, MY CHOICE” in regard to the covid vaccine but wants to take away the right for a women to say “MY BODY, MY CHOICE”! America is only land of the FREE for rich white men in power! https://t.co/yJ1pDfjgxB",1,0,0
11,Pacheco,Async,75-100,Criticising_The_President,"Shameless military junta has ordered covid vaccine Sinovac from China that costs over US $ 10 million,misappropriating the state-owned fund(over 1300 millions US $) donated by Public Government and Myanmar citizens.#WhatsHappeningInMyanmar #July18Coup https://t.co/51gyIyi8x5",0,0,
12,Pacheco,Async,75-100,Encouraging_getting_the_vaccine,I thought refusing to wear a mask this past year was awful but refusing to get a Covid-19 vaccine is a whole new level of ASSHOLE.,1,1,
13,Pacheco,Async,75-100,Encouraging_people_to_get_the_covid_vaccine,"You can dance like them too if you get your vaccine. #covid #vaccinatedatberger #getvaccinated #doyourpart @ 1555 Berger Dr, San Jose https://t.co/5kf14v9RJG",1,1,
14,Pacheco,Async,75-100,Encouraging_people_to_get_the_covid_vaccine,"S/o to the white lady who gave me her 20% coupon from getting her Covid vaccine so I can get some more money off my hair products. 

“Sweetie I know African American hair products are expensive, here take this.” https://t.co/zEEl63KMb6",0,1,0
15,Pacheco,Async,75-100,Experiences_of_vaccine_side_effects,@MGrimm6 @Scott50355687 @jsilk9 @chrisrock Not really a big difference. It's well documented that vaccine effectiveness (as well as antibodies derived from surviving COVID-19) reduce over time. That's why Jeff was a very smart man for getting the 3rd dose.,0,0,
16,Pacheco,Async,75-100,FDA_Approval_of_covid_vaccine,"AstraZeneca’s absurd and unprecedented dispute with regulators, explained https://t.co/3ho0scUanT via @voxdotcom",1,1,
17,Pacheco,Async,75-100,FDA_Approval_of_covid_vaccine,@kneedull It was contingent on clinical trial data according to this: https://t.co/JqgR8YtWhn,1,0,0
18,Pacheco,Async,75-100,FDAapprovesCOVIDvaccine,Statement of The International Society on Thrombosis and Haemostasis (ISTH) on the Astra Zeneca COVID-19 Vaccine and Thrombosis. 👇 https://t.co/duD6FrMnAp,0,0,
19,Pacheco,Async,75-100,GettingtheCOVIDvaccine,"This job might be a great fit for you: COVID 19 Vaccine Support - Pharmacy Technician - https://t.co/WmVMQ4cfCX #Folsom, CA #CVSJob",0,0,
20,Pacheco,Async,75-100,GetyourCOVIDvaccine,let’s give cody and noel the covid vaccine right now. i’m in need of a thats cringe,1,1,
21,Pacheco,Async,75-100,GetyourCOVIDvaccine,Eve of vaccinations incentives lottery drawings. https://t.co/qEhaRLQPKM,1,1,
22,Pacheco,Async,75-100,Information_about_covid_vaccine_availability_and_appointments,"The WHO has promised to provide Syria with the vaccine in the first quarter of 2021, but the organization has not yet confirmed the exact date of delivery further information on the type of the vaccine, or its price, remain unavailable.
https://t.co/TYvujSCaNe via @enabbaladi",1,0,0
23,Pacheco,Async,75-100,Information_about_covid_vaccine_availability_and_appointments,"The doctor was Jonas Saulk. This is him giving the vaccine he invented to kids, including my dad (not pictured),
at Colfax Elementary/Wightman School that day in 1954. My dad is 75 now. He was first in line for the COVID vaccine too. (4/4)",0,1,0
24,Pacheco,Async,75-100,NewsagenciesreportingontheCovidvaccine,Pushing? As in #OperationWarpSpeed? https://t.co/H1Aeo1dWUT,0,1,1
25,Pacheco,Async,75-100,NewsarticlesaboutCOVIDvaccineprogress,Pls get vaxxed. ASAP. https://t.co/4dAFOgDHA5,0,0,
26,Pacheco,Async,75-100,Praising_frontline_healthcare_workers,"WCS to receive 1,500 more COVID-19 vaccine doses, totaling 2,500 https://t.co/EuZ1ilX34I via @http://twitter.com/wherald/",0,0,
27,Pacheco,Async,75-100,Praising_Government_Leadership,"President Trump:
• secured our borders
• appointed three Justices to SCOTUS
• lowered our taxes
• reformed the VA
• tough on China, Russia, Iran
• no wars
• Peace in Middle East
• America First Trade Deals
• millions of jobs
• best economy in history
• COVID vaccine",1,1,
28,Pacheco,Async,75-100,ProCOVIDvaccine,"Their reasoning is usually summed up in 1 of 3 ways:

- COVID isn’t a death sentence. Depending on age group, 99%+ survival rate.
- They’ve already had COVID and have antibodies. 
- They’re not in a hurry to get a vaccine that didn’t exist 9 months ago.",0,1,0
29,Pacheco,Async,75-100,ProCOVIDvaccine,"New York City is the 1st major city to issue a COVID vaccine mandate for all indoor activities such as restaurants and gyms. The measure begins to take effect on August 16th, with full enforcement fully taking effect on September 13th.  
https://t.co/AcAoPpObWw",0,0,
30,Pacheco,Async,75-100,Promoting_covid_related_news_articles,you are living in the golden age of stupidity: https://t.co/FY2ldRlzLC,0,1,0
31,Pacheco,Async,75-100,Promoting_covid_related_news_articles,"Such disgraceful conduct here by the Harris County DA, who did the exact opposite of what almost any decent person of any political persuasion would do in the same situation https://t.co/yekNDzSYHW",0,1,0
32,Pacheco,Async,75-100,ReceivedfirstdoseofCOVIDvaccine,"Damn, my BF just called to  make an appt to get the Covid vaccine! This is huge, he's Indigenous and refuses to get even a flu vaccine though I've gotta say he's never sick. I bet he's thinking about that Hawaii trip I'm planning on going without him 🤔",0,1,0
33,Pacheco,Async,75-100,Receiving_first_dose_of_covid_vaccine,"2nd dose of the Covid vaccine and it’s hitting wifey a bit hard. FYI that’s a unicorn ice pack and not a fashion statement. #forzacarnevali @ Huntington, New York https://t.co/sdGpohTO90",0,0,
34,Pacheco,Async,75-100,Receiving_first_dose_of_covid_vaccine,"The photo of the year 2021.
An Egyptian ICU Nurse is feeling scared and helpless after losing so many patients to COVID in one night due to a lack of oxygen tanks/concentrators.
#COVID19 #bbc #cbs #cnn #snowpose #AmericaFirst #Covid #vaccine #العناية_المركزة #مستشفى_الحسينيه https://t.co/29EyQv8g2F",0,0,
35,Pacheco,Async,75-100,RepublicansdownplayingCOVID,"In other words turn your friends and family in if they voted for Trump and think the election was stolen and are against the Covid vaccine?
Did I get that right? https://t.co/8CnfHEttfO",1,0,1
36,Pacheco,Async,75-100,RepublicansdownplayingCOVID,"Was this Stitt’s plan all along? Make masks mandates in schools illegal. Children under 12 are not able to get a vaccine. Covid-19 is soaring in Oklahoma, children in hospitals doubling day after day. Who has Oklahoma elected in @GovStitt ?",0,1,0
37,Pacheco,Async,75-100,RepublicansresponsibleforCOVIDdeaths,Wash. St. has the Kirk Cousins of college football coaches. https://t.co/BnQ2KxUNzx,0,0,
38,Pacheco,Async,75-100,Saying_that_you_can_still_get_covid_if_you_have_the_vaccine,@LouGarza86 @benbrookjohn Yes...you do have to space out the Shingles shot and the COVID vaccine.,0,0,
39,Pacheco,Async,75-100,Saying_that_you_can_still_get_covid_if_you_have_the_vaccine,@CRtwotwo Have a better chance making it in the NFL than dying from covid after you get a vaccine or the vaccine itself,0,1,1
40,Pacheco,Async,75-100,Saying_that_you_can_still_get_covid_if_you_have_the_vaccine,@MattHeille @CourtneyRCronin @MeatSauce1 Will NFL demand forfeits if players test positive for covid after getting the vaccine? No league should be testing for covid any more at all.,0,0,
41,Pacheco,Async,75-100,Skepticism_over_the_covid_vaccine,Having survived 4 years at Rocco’s and stealing random drinks off the bar makes me 0% fearful of the COVID vaccine 🤣💚💛,0,0,
42,Pacheco,Async,75-100,Skepticism_over_the_covid_vaccine,"How will they Determine ""Misinformation""? People Died.. Got Bells Palsy... Moderna will change your DNA... Lol Wheres the wrong info at???
https://t.co/aGVz8sPUPC",1,1,
43,Pacheco,Async,75-100,Stating_that_the_vaccine_does_not_cause_covid,"📢 Know The Facts:
The COVID-19 vaccine is free. If you are asked to pay for a COVID-19 vaccine, it is either a scam or a mistake. https://t.co/VWPr9KChOO Visit https://t.co/ilS8IK14xm to find a COVID-19 vaccination site near you. #WMPD4ALL https://t.co/ABkhVHF390",0,0,
44,Pacheco,Async,75-100,Vaccine_accessibility_and_distribution,If the COVID vaccine has taught me anything it’s geography... figuring out all the zip codes and counties across NJ.,1,1,
45,Pacheco,Async,75-100,Vaccine_accessibility_and_distribution,"All school employees and child care workers in Florida, regardless of age, can receive the COVID-19 vaccine, Gov. Ron DeSantis announced on Thursday. https://t.co/OQzLbcizTq",1,1,
46,Pacheco,Async,75-100,VaccineEfficacyDenial,"I guess this is the definition of viral marketing to increase customer spend...
 https://t.co/GIPUamxoK1",0,1,0
47,Pacheco,Async,75-100,VaccineRefusal,Dey got some of y'all niggas tracked they just disguised it as da covid vaccine,0,1,1
48,Pacheco,Async,75-100,VaccineRefusal,"@counternotions It WOULD be nice if every time a vial of COVID vaccine changed hands, its serial number went into a non-erasable database

IBM ads imagined it for heads of lettuce, but mgmt didn’t dare test it out in an application that might’ve mattered

All “imagine if…” to defraud investors",0,1,0
49,Pacheco,Async,75-100,VaccineSymptomReport,R didn’t go to bed until 12:39. O was up At 2 &amp; 6. I now have to be up for a clinical day at a Covid vaccine clinic. I am so freaking tired,0,1,0
50,Pacheco,Async,75-100,WhereToGetVaccine,"How to get the COVID vaccine in Louisiana:

✅ Be 16 or older 
🗓 Make at appointment at one of the 608 providers or at a community event listed at https://t.co/7DeQ6h4nPT https://t.co/oPyFm7JnHk",1,1,
51,,,,,,,,
52,Pacheco,Async,50-75,AdvocateForVaccine,"@thedude77 @robertihde @DeboFoxo13 @US_FDA is going to give full approval of the COVID-19 vaccine. Currently, all hospitals require EVERY employee to be vaccinated or they will fire you. Many more businesses will follow suit upon approval. Also, you risk approval of any health insurance. Forget life insurance",0,1,0
53,Pacheco,Async,50-75,AdvocateForVaccine,TN has one of the lowest vaccination rates in the country. This week health department employees advised not to target teens for COVID vaccine. Why you ask?,0,0,
54,Pacheco,Async,50-75,Against_covid_disbelievers,"@ABC @donwinslow “They call us extremists,” state Sen. Dallas Heard (R-Roseburg) told the gathering. The group Oregonians for Medical Freedom, which has lobbied against childhood vaccinations since well before the COVID-19 pandemic began. https://t.co/QxZUDURY4v",0,1,0
55,Pacheco,Async,50-75,Against_covid_disbelievers,you are God we are gods I can prove it I think it's godlike we found a vaccine to fight Covid.,0,1,1
56,Pacheco,Async,50-75,AntiBiden,@POTUS @GavinNewsom @JoeBiden how are restaurants opening up when #covid is raging in Cali &amp; mutating? The vaccine is not working- 4 in Oregon got ill. Ur doing this to save face but during the election u criticized trump. I’m not a Rep but I hate sneaky shit,1,1,
57,Pacheco,Async,50-75,AntiBiden,"@bgannon97 @mmfa You win the Tweet of the day! I wonder how the virus targets Republicans? (sarcasm). My household of Democrats and myself (also a Dem) tested positive in October 2000. News for Lin: COVID, as other viruses, is blind of political affiliation. The vaccine is a protective measure.",0,0,
58,Pacheco,Async,50-75,AntiCovidVaccine,"“COVID is known to cause blood clots about 165K per 1 million, vs. 1 in a million from the vaccine. Even common medications like Tylenol and Motrin have mild side effects. They are way more common than the side effects you would see from this vaccine.”—@KoneruMd  #GetVaccinated https://t.co/HiHjjqoYPN",0,0,
59,Pacheco,Async,50-75,AntiCovidVaccine,Thinking about how you’re almost just as likely to die in a plane crash as you are of having blood clotting from the Johnson &amp; Johnson COVID vaccine....,0,0,
60,Pacheco,Async,50-75,AntiDemocrat,"@TimesofSanDiego The US has been given over 13 million vaccines but we’ve barely used a third. Very sad. Also, the Bloomberg site on Wed showed the US had been given 19 million in supply then it reduced by almost 7 million. Where’d they go? https://t.co/oCLf6Sap18",0,0,
61,Pacheco,Async,50-75,AntiDemocrat,"Read this &amp; prepare to be dumbfounded by it. @OHAOregon is basically deferring decisions to a big committee, except when it isn't, ala @OregonGovBrown. No wonder our #VaccineRollout is such a clusterf**k! #orpol #orleg #KeepSchoolsShut
https://t.co/SfSU34AUOH",1,0,1
62,Pacheco,Async,50-75,AntiRepublican,Indiana U Sued Over COVID-19 Vaccine Requirement https://t.co/X8IAWK9ohk,0,0,
63,Pacheco,Async,50-75,AntiRepublican,@ShannonBream WILL YOU JUST STOP TURNED ON WHST APPEARS TO BE MORE HARD NEWS YOURE AT IT AGAIN STOP WITH BULLSHIT ABOUT  COVID AND VACCINE GOD DOBYOU NOT A GIVE A DAM ABOUT VIEWERS  LIVES BE CLEAR PROMOTE VACCINE YOURE VACCINATED GOD WTF https://t.co/xinsy3PZK3,0,0,
64,Pacheco,Async,50-75,BidenadministrationenforcingCOVIDvaccine,"@gunner62047957 @monstergenius69 @JoeBiden Yes, but the main aspect of precedent from H v M is that gov’t bodies can legally require mandates like this. +Biden’s mandate also cites OSHA and COVID as occupational hazard—both the Dept of Justice &amp; EEOC have ruled that require a vaccine as a employment requirement is legal",1,1,
65,Pacheco,Async,50-75,BidenadministrationenforcingCOVIDvaccine,Iowa House passes bill banning use of vaccine passports https://t.co/cuevC0bgm1,1,0,0
66,Pacheco,Async,50-75,Covidvaccineaftereffects,"If people think COVID vaccine is bad, shingles was the worst for me. Knocked me out two days.",1,1,
67,Pacheco,Async,50-75,Covidvaccineaftereffects,"@NBSaphierMD I have it right now, I’m not feeling bad from it. It may be because I have already had COVID and I have had the vaccine.",1,0,0
68,Pacheco,Async,50-75,COVIDvaccineonlyreducestheeffectsofCOVID,I can't understand why the cdc is saying you can walk around without a mask if you've been vaccinated. Because the vaccine doesn't prevent you from contracting covid. You just now have some antibodies to help not direly succumb to the symptoms of it.,1,1,
69,Pacheco,Async,50-75,COVIDvaccineonlyreducestheeffectsofCOVID,"@sftechbr0 No, but the manufacturers have said that there might be a need for a booster, since they weren’t how long the vaccine would be effective.
From April 2021:

Pfizer CEO says third Covid vaccine dose likely needed within 12 months https://t.co/ruEHh63RpY",0,0,
70,Pacheco,Async,50-75,Criticising_political_figures,"Oct. 2020.

In debate, Kamala Harris says she won't take COVID vaccine just on Trump's say-so https://t.co/oC9Tf30u2Z",1,1,
71,Pacheco,Async,50-75,Criticising_The_President,@TheLeoTerrell RIGHT.... he’s got BOS hand in the vaccine cookie jar the covid patent ect,0,0,
72,Pacheco,Async,50-75,Encouraging_getting_the_vaccine,"I am not a medical professional but I have listen to medical professionals and read cdc guidelines and want to invite anyone to tweet at me so I can try to answer any questions you might have. #covid, #vaccine and #freedom questions I would love to help you understand.",0,1,0
73,Pacheco,Async,50-75,Encouraging_people_to_get_the_covid_vaccine,At home after the 2nd COVID vaccine. Amen!!! https://t.co/jwsBmzbKTo,0,0,
74,Pacheco,Async,50-75,Encouraging_people_to_get_the_covid_vaccine,getting my covid vaccine at claires,0,0,
75,Pacheco,Async,50-75,Experiences_of_vaccine_side_effects,my grandma is almost 80 years old and was such a champ at getting her covid vaccine both times. She went in to get her second dose with her arm still being sore from the first one. &amp; it was no biggie for her. It amazes me how my grandma has more huevos than some of you lame ppl.,0,1,1
76,Pacheco,Async,50-75,FDA_Approval_of_covid_vaccine,"If only there was an FDA approved vaccine that could prevent covid.  Oh right.  

What Is Betadine? Why Anti-Vaxxers Are Promoting Gargling with Iodine – Rolling Stone https://t.co/iXB6GZwhWF",0,1,0
77,Pacheco,Async,50-75,FDAapprovesCOVIDvaccine,"A good sign: my dad is a pharmacist and he said there’s been a big uptick in people coming in for covid shots lately, notably including people who were on the fence about vaccine at first but are now getting it because of the delta variant",0,0,
78,Pacheco,Async,50-75,GettingtheCOVIDvaccine,Thanks @walgreens for helping me get my first and second COVID-19 vaccine doses in different cities and states. Grateful 🙏 for the science and people who made this possible. Feeling good 👍 and hope everyone stays healthy 💪 and safe. We can and will overcome this! ❤️ #Done https://t.co/PjMQo0d4of,1,1,
79,Pacheco,Async,50-75,GetyourCOVIDvaccine,@PeterHotez Hi Doc did you get my email? It would be from Morgan FeDora Shot Tec Solution for Covid vaccine distribution plan? Ide really like to know what you thought of it. Gratitude 🙏 for all you do to save lives!,0,0,
80,Pacheco,Async,50-75,GotVaccinated,More Hospitals Are Requiring Workers to Get Covid Vaccines https://t.co/fYxcpEF1a6,0,0,
81,Pacheco,Async,50-75,Information_about_covid_vaccine_availability_and_appointments,"Colquitt County Vaccine Update:
The Colquitt County Health Department will have the COVID-19 Vaccine available to those who are 65+years in age starting Monday, January 11 by appointment only.
Call to reserve your spot: (229) 352-6567. https://t.co/I1gD3Q7Yh3",1,1,
82,Pacheco,Async,50-75,NewsagenciesreportingontheCovidvaccine,"@DanRather @RadioAndySXM 1)COVID-19 Vaccine shortages
2)Systemic Racism in our country that effects housing, jobs, neighborhoods, salaries, health care, politics, education &amp; policing
3)Student Loan Debt",1,1,
83,Pacheco,Async,50-75,NewsarticlesaboutCOVIDvaccineprogress,Scientist goes viral for effortlessly debunking Covid vaccine misinformation being spread on TikTok #NewsBreak  https://t.co/Avp7eqa0mh,1,1,
84,Pacheco,Async,50-75,Praising_frontline_healthcare_workers,"169 million in U.S.
More Than 689 Million Shots Given: Covid-19 Vaccine Tracker  [""https://t.co/NjHiJVNBZb""]",0,1,0
85,Pacheco,Async,50-75,ProCOVIDvaccine,"Duhhhhhhhhhhh..
.A man who spent 4 months in hospital with COVID-19 and ended up with a double-lung transplant said he regrets not getting the vaccine https://t.co/IcRS6hyuBg",1,1,
86,Pacheco,Async,50-75,Promoting_covid_related_news_articles,India prepares to deliver 50million doses of Oxford #vaccine https://t.co/UaNhxCziN6 via @MailOnline,1,1,
87,Pacheco,Async,50-75,Providing_resources_to_those_who_are_not_involved_in_the_covid_debate,"By Lena H. Sun and Joel Achenbach

https://t.co/J7yuVBqPZU",0,0,
88,Pacheco,Async,50-75,ReceivedfirstdoseofCOVIDvaccine,Got my 1st dose of the COVID-19 vaccine!🌡Thank you District 33 and Jewel-Osco! #WeGo33 #D33pride https://t.co/IdSYRmZg7S,1,1,
89,Pacheco,Async,50-75,ReceivedfirstdoseofCOVIDvaccine,Just got my first shot of Covid vaccine at the Hynes Convention Center in Boston. So easy. Impressive set up. Navy personnel here from across the country and a private ambulance firm has personnel here also. The shot? It’s a micro second and you don’t even feel it. 🙂,1,1,
90,Pacheco,Async,50-75,Receiving_first_dose_of_covid_vaccine,Registering for the Covid vaccine gives me a sense of hope I haven’t felt in nearly a year.,1,1,
91,Pacheco,Async,50-75,Receiving_second_vaccine_dose,"I live in Tequesta Florida. 
Signed up on my 4th try for the COVID vaccine.
Monday is the day!
Am I nervous. 
For some reason yes, but excited.
I hate this virus.",0,0,
92,Pacheco,Async,50-75,RepublicansdownplayingCOVID,"Bitching about punishing private businesses who choose to defy covid guidelines and then pushing legislation that punishes private businesses who choose to require proof of vaccine, that’s some gall. https://t.co/h9Q3emqLL7",0,1,0
93,Pacheco,Async,50-75,Saying_that_you_can_still_get_covid_if_you_have_the_vaccine,Natural vs Vaccine Immunity for COVID: Is One More Effective? https://t.co/aTPyx6upai,0,0,
94,Pacheco,Async,50-75,Skepticism_over_the_covid_vaccine,@gntlmnking I gotta take the COVID vaccine to leave the UNITED STATES 🇺🇸 who doing that 🤨 NOT I 😒,1,0,1
95,Pacheco,Async,50-75,Vaccine_accessibility_and_distribution,Are there any snowbirds who plan on getting or have gotten the COVID-19 vaccine outside of Iowa? https://t.co/pEp9afWLbu,1,1,
96,Pacheco,Async,50-75,VaccineEfficacyDenial,"Am I the only one who thinks the Covid/vaccine stuff is like man made climate change? Question the science with science and get shut down. 

Fwiw, I'm not an anti-vaxer either.",1,1,
97,Pacheco,Async,50-75,VaccineRefusal,Just saw someone get their covid vaccine in Publix 😖 ah I don’t do needles and wasn’t expecting it,0,1,1
98,Pacheco,Async,50-75,VaccineRefusal,The ultimate Rorschach test of vaccine ethics https://t.co/G3uUCzZ8X5,0,0,
99,Pacheco,Async,50-75,VaccineSymptomReport,"VACCINE DAY: I have #POTS, #EDS, #MCAS, &amp; a genetic #kidney condition. Here’s how the 1st dose of #Moderna went for me. 

Reminder: The lead researcher at @VUMChealth says symptoms after the vaccine are a good thing. Means it’s working. That story: https://t.co/SeJeEdKKBz #WATE https://t.co/gT4Eg6vBBD",1,1,
100,Pacheco,Async,50-75,WhereToGetVaccine,"NEW: Indiana residents 70+ are now eligible to get the COVID-19 vaccine 

Appointments made at: https://t.co/diYU2auXkK @FOX19 https://t.co/JKle4KmHWk",1,1,
101,Pacheco,Async,50-75,WhereToGetVaccine,TONIGHT – NCCDD &amp; NCDSA to Host Down Syndrome COVID-19 Vaccine Presentation ... Read all about it now! Follow this link: https://t.co/Awu7jJJIj5 https://t.co/02pPuPoYDd,0,1,0
102,,,,,,,,
103,Pacheco,Async,25-50,AdvocateForVaccine,"Midwesterners, please take the covid vaccine like you would take someone's extra zucchini. Maybe you don't think you need it for yourself, so take it for the sake of your neighbor.",1,1,
104,Pacheco,Async,25-50,AdvocateForVaccine,"The line about the unvaccinated causing Covid virus mutations is nonsense.

I have natural immunity, and we don’t know if the vaccine actually encourages mutations.

Y’all are just guessing. It’s silly and dangerous, stop it.

Get the vaccine if it’s right for you.",1,0,0
105,Pacheco,Async,25-50,Against_covid_disbelievers,"Michigan boy dies in his sleep three days after getting vaccine https://t.co/cWhT73a95G via @nypost 

Reposting this for the people in the back…🧐 STOP 🛑 forcing the COVID vaccine 💉 on children. This has not been vetted nearly enough to be administering this to our kids.",0,0,
106,Pacheco,Async,25-50,AntiCovidVaccine,LITERALLY. they never said you are 100% protected. Just like the flu shot every year. You’re not guaranteed to not get it buuuut if you do get it you are gonna have way less severe symptoms. I had covid w the vaccine and had almost no symptoms as well. https://t.co/MFqfzQBpv3,0,0,
107,Pacheco,Async,25-50,AntiDemocrat,Members of Congress and their staff are exempt from Biden's vaccine mandate https://t.co/96eTm45ngI,0,1,1
108,Pacheco,Async,25-50,AntiRepublican,"@govkristinoem Every point you make is a lie, omission or misstatement on this issue of vaccine “mandates.” Saying no to federal funding will collapse South Dakota. Which seems your intention, as well as the impact of your “leading” covid-19 non-response in South Dakota. Suing @_monumenthealth? https://t.co/2XRXwMmQNK",1,1,
109,Pacheco,Async,25-50,BidenadministrationenforcingCOVIDvaccine,Quietly he got vaccinated back in January - loudly I will say it now:  GO GET VACCINATED!  ITS A VACCINE - NOT A VOTE! https://t.co/UM3g8e6V9U,0,0,
110,Pacheco,Async,25-50,BlameFauci,"So getting the “jab” (as it’s called in many circles because they literally are too afraid to write the words “Covid Vaccine”) is “the mark of the beast”, so what is it called when you take medication ACTUALLY meant for a beast??? https://t.co/oq39OaJ3af",0,0,
111,Pacheco,Async,25-50,Covidvaccineaftereffects,The only side effect I’ve gotten from the COVID vaccine is that I’ve pooped at least 8 times in the last 24 hours. Besides that I’m all good lol,1,1,
112,Pacheco,Async,25-50,COVIDvaccineonlyreducestheeffectsofCOVID,"@DontBeGoatish @LMcD34785232 @lindseyadler Not at all, most cases of covid after vaccine are JJ vaccinated people",0,1,0
113,Pacheco,Async,25-50,Criticising_political_figures,"@mr_rod_nelson @Lam37820433 @David_Lord_2020 3.8 million deaths from Covid, compared to 1,338 deaths after receiving a vaccine. You have better chance at winning the @TexasLottery",0,1,0
114,Pacheco,Async,25-50,Criticising_The_President,Fuck you President Biden and Kamala Harris you’re the cause of COVID-19. Going up because you let all these illegal aliens in our country with COVID-19 fuck you and fuck your vaccine,1,1,
115,Pacheco,Async,25-50,Criticising_The_President,"CDC director tells Bret Baier government 'looking into' potential COVID-19 vaccine mandate

https://t.co/bweOXFEyPu",0,1,0
116,Pacheco,Async,25-50,Encouraging_getting_the_vaccine,"JUST a common sense point:

FACT: Dr. Fauci &amp; CDC have BOTH REPEATEDLY SAID that Vaccinated people CAN &amp; DO carry, pass &amp; catch Covid. Vaccine only lessens severity.

So common sense says UNMASKED VACCINATED carries the SAME Community RISK as UNvaccinated.",0,0,
117,Pacheco,Async,25-50,Encouraging_people_to_get_the_covid_vaccine,My grandparents are signed up to get the Covid vaccine.,0,1,1
118,Pacheco,Async,25-50,Encouraging_people_to_get_the_covid_vaccine,"https://t.co/93x9jzm2Aw
Hopefully we can all get a vaccine soon so we can get back to normal? 
#voiceeffects #oldpeople #elderlypeople #vaccine #travel #drugs #orgy #trending #funny #jokes #comedy #catdad #funtimes #staysafe #covid #coronavirus #tiktok #SarcasticArepa https://t.co/cCFab6PO32",1,1,
119,Pacheco,Async,25-50,Experiences_of_vaccine_side_effects,I was able to get the COVID vaccine on Thursday I was picking up my Rx @Walgreens I saw a guy waiting for a shot So Rachel the Pharmacist over heard me asking if he was getting COVID vaccine She had 2cancels so she gave 1 to me. I’m 75 &amp; have health problems. No side effects! https://t.co/sGHQNZPM7z,1,1,
120,Pacheco,Async,25-50,FDA_Approval_of_covid_vaccine,".@AlbertBourla This pandemic will not be over until it’s over for everyone, everywhere. I’m calling on you, as @Pfizer CEO, to pledge your commitment to making sure the COVID-19 vaccine is distributed fairly &amp; equitably across the world. #OneWorldProtected",0,0,
121,Pacheco,Async,25-50,FDAapprovesCOVIDvaccine,"BREAKING NEWS ===&gt;&gt;&gt; The FDA is permitting the use of the Pfizer vaccine for ages 12 to 15 years old.

@NBCConnecticut #NBCCT 
https://t.co/ZUe2UJov9W",1,1,
122,Pacheco,Async,25-50,GettingtheCOVIDvaccine,"New COVID vaccine appointments available for 19808 at Acme 2682, 4365 Robert Kirkwood Highway, Wilmington, DE. Make your appointment at https://t.co/awKQxyEGRC",1,1,
123,Pacheco,Async,25-50,GotVaccinated,Breathing a sigh of relief as my father - participant in polio vaccine trial - finally got his covid 💉. 😅 - and got spot without me refreshing website for appointments q15 minutes. #vaccinerollout is happening! https://t.co/N8Ewqd4t7k,1,1,
124,Pacheco,Async,25-50,Information_about_covid_vaccine_availability_and_appointments,"@sparkles9890 We appreciate your message and concerns, RI Dept. of Health posted the following messages within the past 24 hours regarding Covid-19 vaccinations: “ People who live, work, or go to school in RI can now get 24/7 help scheduling a COVID-19 vaccine appointment on",1,1,
125,Pacheco,Async,25-50,Mentionsamayor,"For my friends and followers outside Seattle: some insight and humor from Seattle's @mudede
A local treasure. https://t.co/vrWfatfzNt",0,0,
126,Pacheco,Async,25-50,NegativeviewonTrump,"The good news is that we can get back to some semblence of normalcy according to this article from the NY Times from May 11, 2021.

CLICK BELOW
https://t.co/CdGhhEkvO4
CLICK ABOVE https://t.co/oZmSv2d5i3",0,0,
127,Pacheco,Async,25-50,NewsarticlesaboutCOVIDvaccineprogress,@AnnGrayCheryl @SwainForSenate @DeSantisFan1998 Right. The vaccine works so well. 😂😂😂😂😂😂. https://t.co/wRn6jHA8Kw,0,0,
128,Pacheco,Async,25-50,Praising_frontline_healthcare_workers,"Civic Leaders @Astro_Flow Astronaut Leland Melvin encourage others to take #COVID vaccine, lean on science &amp; healing for all in community.  https://t.co/NB49ChM6fY",0,0,
129,Pacheco,Async,25-50,Praising_Government_Leadership,"@SCAshenis @DrEricDing @Walmart @Starbucks @Disney Yes. I don't think COVID vaccine is on that list in Texas. Some parents don't allow their kids to be vaccinated on religious grounds. Fortunately, some districts in Houston are offering students the vaccine at school. #Blackmail",0,0,
130,Pacheco,Async,25-50,ProCOVIDvaccine,Gallatin County COVID-19 cases continue upward swing; vaccine rollout accelerates https://t.co/zLyHARzowU,0,0,
131,Pacheco,Async,25-50,Promoting_covid_related_news_articles,"So excited about the 3rd Covid-19 #vaccine from @JNJInnovation ! As a caregiver for a cancer patient, this is why science &amp; research are so vital! @SenTinaSmith",0,0,
132,Pacheco,Async,25-50,Providing_resources_to_those_who_are_not_involved_in_the_covid_debate,Check out this cartoon https://t.co/ulvx1NupfY via @TheWeek,0,1,1
133,Pacheco,Async,25-50,Providing_resources_to_those_who_are_not_involved_in_the_covid_debate,Source: https://t.co/a0cD3FE5tW.,1,0,1
134,Pacheco,Async,25-50,ReceivedfirstdoseofCOVIDvaccine,"Yipeeee!
My husband is finally scheduled for a #Covid #Vaccine!",1,1,
135,Pacheco,Async,25-50,ReceivedfirstdoseofCOVIDvaccine,"Got my first covid vaccine today
#TMSHASGRIT https://t.co/wt6o1hYfjP",1,1,
136,Pacheco,Async,25-50,Receiving_first_dose_of_covid_vaccine,thinking about how i’m getting the covid vaccine on thursday 🥰,1,1,
137,Pacheco,Async,25-50,Receiving_second_vaccine_dose,Two weeks post-second COVID vaccine. #FullyVaccinated,1,1,
138,Pacheco,Async,25-50,RepublicansresponsibleforCOVIDdeaths,@gophersnyankees @ByKristieAckert That’s not how it works. https://t.co/MDLAceEpD0,0,1,0
139,Pacheco,Async,25-50,Saying_that_you_can_still_get_covid_if_you_have_the_vaccine,"@SabreMatt @buda3915 There is no “COVID vaccine.”  What you deceitfully call one is a mechanism that causes your body to produce a spike protein associated with the original strains of COVID with the goal of priming the body’s immune response for future exposure.

It mitigates symptoms, not contagion",1,1,
140,Pacheco,Async,25-50,Skepticism_over_the_covid_vaccine,@Surgeon_General CDC left students knowingly in institutional ACES too high for 5 decades. 2020 sent students back to schools knowing ACES (sending children into clear and present ACES related Covid Death risk factors) with no viable vaccine &amp; Now want to give us a vaccine to save our lives.,1,1,
141,Pacheco,Async,25-50,Stating_that_the_vaccine_does_not_cause_covid,"@Bigtruck123456 @downtownkc The FDA also authorized the vaccine for emergency use. So saying that the very organization that says ""Getting vaccinated to prevent COVID-19 will help protect you from COVID-19"" is why you won't get the vaccine is a lame excuse.",0,0,
142,Pacheco,Async,25-50,The_vaccine_does_not_work_because_you_can_still_get_covid,Why TF are we opening schools in #Davis with this new variant and kids unvaccinated. My 21 yo is off to be tested this morning because his friend got Covid from a work colleague. His friend already received 1 dose of the vaccine!! @phylogenomics,0,1,0
143,Pacheco,Async,25-50,Vaccine_accessibility_and_distribution,All Iowans age 16 &amp; up now eligible for COVID-19 vaccine! https://t.co/gl5gEY4NPz,1,1,
144,Pacheco,Async,25-50,Vaccine_accessibility_and_distribution,"@jojolbaker I’ll just add that as Brian Williams said “Texas isn’t Vegas, what happens there doesn’t stay there.” All the Covid variants are there, and they will spread. All Texans should be allowed to get the vaccine. This is a crap tweet from Keith.",0,0,
145,Pacheco,Async,25-50,VaccineEfficacyDenial,"@TurkeyDinosaur_ @EmsedgeHorne @jennyeye That's where you're wrong. Those recovered from Covid are still encouraged by physicians to take the vaccine. The antibodies generated by the disease are strengthened by those in the vaccine.  You'll be wanting the Vax despite having contracted Covid. 
Take it.",0,0,
146,Pacheco,Async,25-50,VaccineEfficacyDenial,"I have natural immunity!!  I lived through Covid and have antibodies now. People like me don’t need a vaccine. We have the real deal!!! They never address this!!!!!! Yes, I’m shouting without all caps!!!!! https://t.co/4NPvXGBVIR",0,0,
147,Pacheco,Async,25-50,VaccineEfficacyDenial,"“The risk of hospitalization (was) eight times higher” among people with only vaccine-induced immunity, compared to people with natural immunity from having had Covid, with the Delta variant predominate.

https://t.co/YdhZIpJGDw",1,1,
148,Pacheco,Async,25-50,VaccineRefusal,I mean… I thought it was a cancer vaccine that caused the zombie apocalypse in that movie too but I still went and got the actual Covid vaccine.:: https://t.co/nWeCoDwzmD,0,0,
149,Pacheco,Async,25-50,VaccineSymptomReport,"Pfizer Covid vaccine day 3, no fever today just general body achiness",1,1,
150,Pacheco,Async,25-50,VaccineSymptomReport,the second dose of the covid vaccine makes you feel like shittttt deadass played myself i'm having the worst time,1,1,
151,Pacheco,Async,25-50,WhereToGetVaccine,"🚨🚨TODAY🚨🚨
There are more than 2,900 open COVID-19 vaccine appointments available in Cranston, more than 2,700 open slots at the Dunk in Providence, and over 470 at the Middletown mass vaccination site. 

AND walk-ins welcome at Providence &amp; Cranston sites! @Globe_RI https://t.co/UebWOB41uG",1,1,
152,Pacheco,Async,25-50,WhereToGetVaccine,@UWEauClaire and @echealthdept are offering a special three-day clinic May 4-6 to offer doses of the Johnson &amp; Johnson COVID-19 vaccine at Zorn Arena on the UW-Eau Claire campus. The one-dose vaccine will be available from 11 a.m. to 7 p.m.,1,1,
153,,,,,,,,
154,Pacheco,Async,0-25,AdvocateForVaccine,Guys if you need a covid vaccine! Here’s some info regarding the vaccination clinic at my work place. I am vaccinated! Now it’s your turn guys!!! Lets help each other to stop this 🦠 .. https://t.co/ooTZF3QqUY,1,1,
155,Pacheco,Async,0-25,Against_covid_disbelievers,Just saw where a firefighter passed away from Covid up here. Fifty years old. This person has been eligible for the vaccine since December. This didn’t have to happen. Get the damn vaccine.,1,1,
156,Pacheco,Async,0-25,AntiCovidVaccine,@UncleTacitus @govkristinoem Dude stop it... No one has said this.. Making up a false narrative.. Some businesses and airlines ask for a negative Covid test or proof of Vaccine because WE IN A PANDEMIC..... seriously do better,0,1,0
157,Pacheco,Async,0-25,AntiCovidVaccine,"@AmandaUtley2 @CDCgov I don’t claim to know more, but other people who do say he’s wrong.

He’s also promoting a medication for COVID that hasn’t actually been tested for it. Weird - I guess you’re okay with no clinical trials for that, but have a problem with the tested vaccine.",0,0,
158,Pacheco,Async,0-25,AntiDemocrat,@seanhannity Chinese Virus and Pelosi jumping the line to get the Trump Covid Vaccine,1,1,
159,Pacheco,Async,0-25,AntiRepublican,"Insanity.
Rand Paul says he won't get a Covid vaccine https://t.co/oJzksKepLl",1,1,
160,Pacheco,Async,0-25,AntiRepublican,"Recent work for Finland's largest paper @hsfi, exploring Covid-19 vaccine hesitancy in Mississippi, the least vaccinated state in the nation. For this article, writer @asberner spoke with both sides — supporters and opposers of the vaccine. https://t.co/IxJ7Gyikjh",0,0,
161,Pacheco,Async,0-25,BidenadministrationenforcingCOVIDvaccine,"Biden administration says COVID-19 booster shots will start Sept. 20

https://t.co/JbZBieUHG0",0,0,
162,Pacheco,Async,0-25,Covidvaccineaftereffects,The only reaction from the COVID vaccine has been a sore arm where I was injected at and a mild headache. Everyone has been telling me that I would probably get sick from the second shot. I’m glad they were wrong. https://t.co/ZJCGw6B5P8,1,1,
163,Pacheco,Async,0-25,COVIDvaccineonlyreducestheeffectsofCOVID,Idk why people think when you get the vaccine you don’t get covid... it’s like the flu shot. You’re getting flu from the shot to decrease the chance of getting it not preventing it...,1,1,
164,Pacheco,Async,0-25,Criticising_political_figures,@KevinKileyCA @Liberty_Ctr The original sin of this pandemic is the Republcan politicans and media personalities who politicized the COVID vaccine.,1,1,
165,Pacheco,Async,0-25,Criticising_The_President,@TomiLahren Many of the illegals have Covid but they mostly aren’t tested since the #DemoCommunists don’t want the answer nor the illegals immediately given the vaccine when invading.  It’s complete #Treason by Biden admin to have open borders during a pandemic. Should close the border ! https://t.co/Ps1vcmwCW8,1,1,
166,Pacheco,Async,0-25,Encouraging_getting_the_vaccine,"@SupJaniceHahn When vaccine rates slow more, know that you all contributed to that. There is now zero incentive to convince these people ‘cause you all just taught everyone nothing will change for them. Society will never reach “covid zero.” Stop pretending that’s the goal. It’s unrealistic.",0,0,
167,Pacheco,Async,0-25,Encouraging_people_to_get_the_covid_vaccine,"@CopperpotChestr @TadGhostal3 @WSJ @WSJopinion the vaccine if you haven’t already done so, whether or not you’ve had COVID-19. Our best hope of winning this contest with the virus is to get as many people immunized now as possible. That will save lives, and reduce the likelihood of even more variants appearing that might 2/3",1,1,
168,Pacheco,Async,0-25,Experiences_of_vaccine_side_effects,"Not gonna lie: the last 12 hours post-COVID vaccine have been rough. Chills, low fever, exhaustion, and just generally feeling crummy. I’m assured it will pass by tomorrow (and some of it already has). 

Regardless, one crap day is worth it. The body is an amazing thing.",1,1,
169,Pacheco,Async,0-25,Experiences_of_vaccine_side_effects,"My review after Covid vaccine # 2.....I feel awful - fever, chills, exhausted, body aches. 😣",1,1,
170,Pacheco,Async,0-25,Experiences_of_vaccine_side_effects,The second dose of the Covid vaccine is no joke. I’ve feel like I’ve been put through the ringer.,1,1,
171,Pacheco,Async,0-25,FDA_Approval_of_covid_vaccine,FDA authorizes Johnson &amp; Johnson’s single-dose Covid-19 vaccine https://t.co/0a9V8H4qq6 via @statnews,1,1,
172,Pacheco,Async,0-25,FDAapprovesCOVIDvaccine,very exciting to wake up to the news that the @US_FDA has fully approved Pfizer’s covid-19 vaccine. also very exciting to see @US_FDA twitter bio https://t.co/Uq5BDg5KcI,1,1,
173,Pacheco,Async,0-25,GettingtheCOVIDvaccine,Just walked by to ask if any left-over vaccines may be available &amp; to get on the wait list. Moscone Center COVID Waitlist will reopen on the 23rd.  #COVID19 #vaccine #ValentinesDay https://t.co/bE8U7G0TQk,1,1,
174,Pacheco,Async,0-25,GettingtheCOVIDvaccine,"New COVID vaccine appointments available for 98036 at Walgreen Drug Store, 20725 HIGHWAY 99, LYNNWOOD, WA. Make your appointment at https://t.co/W3ki0Bekd0",1,1,
175,Pacheco,Async,0-25,GetyourCOVIDvaccine,"One week after I get my 1st dose of the COVID vaccine, I get this.  #shoulditellthem @ Fort Lauderdale, Florida https://t.co/E91vbHNLuH",0,0,
176,Pacheco,Async,0-25,GotVaccinated,"I am Fully Vaccinated now.... It's time to return to the normal life.... hopefully... very soon. 🙏🏾 Gonna celebrate a little at ICCON Park on I-Drive in Orlando, FL. #vaccinationdone✔️ #vaccine #health #safety #life #lifestyle #medicine #orlando #return #pfizer #covid_19 https://t.co/qqDfKMEsqU",1,1,
177,Pacheco,Async,0-25,HealthcareWorkers,"@lifebiomedguru @PatriotRN10 @richardursomd Could this be part of it?

https://t.co/s9PjSVd310",0,0,
178,Pacheco,Async,0-25,Information_about_covid_vaccine_availability_and_appointments,"New COVID vaccine appointments available for 98126 at Walgreen Drug Store, 6330 35TH AVE SW, SEATTLE, WA. Make your appointment at https://t.co/W3ki0Bekd0",1,1,
179,Pacheco,Async,0-25,NegativeviewonTrump,@SeniorMoments17 @PrestonsTrey @Reuters Add this dramatic God-Awful tweet to your senior moments. (https://t.co/SHnt0HeBkp),0,0,
180,Pacheco,Async,0-25,NewsagenciesreportingontheCovidvaccine,"“I stood in line at a Baptist church early on a Saturday morning to get my second COVID vaccine shot. When I walked out of that church, I felt the walls of my world expand &amp; sensed freedom rush back in. With it came my old companion: restless dissatisfaction.”

Beautiful &amp; timely https://t.co/jXHuGU02nj",0,1,1
181,Pacheco,Async,0-25,NewsarticlesaboutCOVIDvaccineprogress,COVID-19 Myth vs. Fact: Vaccine Hesitancy Home Study https://t.co/2ykgENQ72Y #covid #vaccinehesitancy #twitterx,0,1,0
182,Pacheco,Async,0-25,ProCOVIDvaccine,"@OutBoulder County is conducting a brief, anonymous survey about thoughts and needs regarding the COVID-19 vaccine to help them better serve the community!

Go to https://t.co/EcTp111ETW",0,0,
183,Pacheco,Async,0-25,ProCOVIDvaccine,"@KariLake @gcu @AllianceDefends For over a year and a half nurses were allowed to work with patients, including those with covid. Now suddenly they can't work unless they get an experimental vaccine that does not prevent becoming infected or the spread of the virus.

This is not science based or logical.",0,0,
184,Pacheco,Async,0-25,Promoting_covid_related_news_articles,The United States of Confusion #CovidVaccine #vaccine #Covid_19 https://t.co/DCZCNVmiDZ,1,0,1
185,Pacheco,Async,0-25,Promoting_covid_related_news_articles,"I’ve been quiet on here the last few months, so I am going to kick things off by sharing something I have been looking forward to sharing for a very long time.

Second COVID-19 vaccine dose = ✅

Time to start the next chapter 🙂

#CovidVaccine https://t.co/qwFHuBDg0E",0,0,
186,Pacheco,Async,0-25,Providing_resources_to_those_who_are_not_involved_in_the_covid_debate,"@Noodle_Keg @lightstix1 @CNN Just incase you don't like NYT

https://t.co/ODoSood4T6",0,0,
187,Pacheco,Async,0-25,Providing_resources_to_those_who_are_not_involved_in_the_covid_debate,"@Kaleb27895390 @FoxNews Like this one? LOL
https://t.co/u4sKWKhSV8",0,0,
188,Pacheco,Async,0-25,ReceivedfirstdoseofCOVIDvaccine,Got my second covid vaccine!! Yay 😊 https://t.co/oFbtWdUE3y,0,0,
189,Pacheco,Async,0-25,ReceivedfirstdoseofCOVIDvaccine,I finally have a Covid vaccine scheduled 😭🙌🏻❤️,1,1,
190,Pacheco,Async,0-25,Receiving_first_dose_of_covid_vaccine,Yes!!! I just got my first vaccine shot #COVID #vaccine #Moderna https://t.co/KCpNH6BdTZ,1,1,
191,Pacheco,Async,0-25,RepublicansdownplayingCOVID,"Unfortunately, @GovAbbott forgot about children 11 and under, who are still not eligible for vaccine, but are at risk for covid. https://t.co/OJFakKm5eI",1,1,
192,Pacheco,Async,0-25,Saying_that_you_can_still_get_covid_if_you_have_the_vaccine,"Everyone just get vaccinated for crying out loud

Can the Covid Vaccine Protect Me Against Virus Variants? https://t.co/ScTWAEMHes",0,0,
193,Pacheco,Async,0-25,Saying_that_you_can_still_get_covid_if_you_have_the_vaccine,"Excellent study by Stamatatos et al. looking at the importance of vaccination. Bottom line-Even if you’ve had COVID, get the vaccine! https://t.co/mf72tym7Af",0,0,
194,Pacheco,Async,0-25,Skepticism_over_the_covid_vaccine,@ThePyleFyle @TimBurnIAFF @JesseKellyDC Vaccinated are getting everyone sick. Vaccinated are cause of Delta Variant. COVID-19 is a bio weapon. The hastily prepared vaccine is nothing but a key to the first boobytrap.,1,1,
195,Pacheco,Async,0-25,Skepticism_over_the_covid_vaccine,"Vaxxed, masking, and still got COVID. I’m so grateful for the vaccine because I truly can’t imagine how much worse this would be without it. Get vaccinated. Please.",0,0,
196,Pacheco,Async,0-25,Vaccine_accessibility_and_distribution,"A special thank you to The @CourierTimes reporter, @marioncallahan, for her recent story on Bucks County vaccine sites and Lower Bucks Hospital.

Check it out: https://t.co/307F2GBR4S https://t.co/IGrUrLqv3z",1,1,
197,Pacheco,Async,0-25,VaccineEfficacyDenial,"COVID is here to stay, no matter what. 
Plenty of ppl get the flu vaccine, they get the flu. Since COVID now has a vaccine, why are they locking everything down, but they never did for the flu? I’m so confused.",1,1,
198,Pacheco,Async,0-25,VaccineEfficacyDenial,@TheRealDomo13 Are you saying that the vaccinated have only had 6 deaths due to Covid? Or are you saying that the vaccine has only killed 6 people? Cause the second one is not fact at all.  Treatment should still be at the top of the list... Do you think people should be dying of this,1,1,
199,Pacheco,Async,0-25,VaccineRefusal,"@sdlizlifestyle @LegionSocialist @POTUS Exactly why I left my job at the hospital. I had COVID last month, sick for 3 weeks. I had the Moderna vaccine in March.",0,0,
200,Pacheco,Async,0-25,VaccineRefusal,"Woman in the hot tub: “I’m not getting a Covid vaccine. I don’t trust vaccines. My brother got a flu shot and was sick for 6mo. Then another kid I knew got autism after a vaccine. Plus I already had Covid a year ago and it was nothing.”

Me: *gets out of the hot tub* https://t.co/eYPGFbMrPq",1,1,
201,Pacheco,Async,0-25,VaccineSymptomReport,"Covid vaccine symptom watch, Day 3: I’m basically back to normal. I’m back to feeling like a 31 year-old lady! Yesterday I had like one chill every now and then and I felt like my body was about 80 years old all day. My body has never hurt like that before in my life.",1,1,
202,Pacheco,Async,0-25,WhereToGetVaccine,NC COVID vaccine clinic. Reserve your appointment today! Available for tomorrow and the following Friday! https://t.co/4Zt0U5WXrT https://t.co/5X0H8TP1TU,1,1,
203,Pacheco,Async,0-25,WhereToGetVaccine,"New COVID vaccine appointments available for 29210 at Walgreen Drug Store, 1223 SAINT ANDREWS RD, COLUMBIA, SC. Make your appointment at https://t.co/W3ki0Bekd0",1,1,
204,,,,,,,,
205,Fang,Sync,0-25,advertising for covid related jobs,"See our latest San Bernardino, CA job and click to apply: COVID 19 Vaccine Support - Pharmacy Technician - https://t.co/XNjCFPVWi7 #pharmtech #cvspharmtech",1,,1
206,Fang,Sync,0-25,announcing vaccine eligibility,"🚨GA! COVID Vaccine Resources 🚨 

Fulton County Vaccine Sign Up Link  https://t.co/lA3bm7F2O6
 
FCBOH Vaccine Info: https://t.co/81W7km2vge
 
DPH Vaccine Information: https://t.co/ZtGcrx6YG5
 
Vaccine Site Locator: https://t.co/6fM0yoNH1q",1,,1
207,Fang,Sync,0-25,announcing vaccine eligibility,"Lou Metro residents age 70 and older can now request a Covid-19 vaccine appointment. https://t.co/R6A1oXODfB

#heuserhearing #COVID19 #CovidVaccine",1,,1
208,Fang,Sync,0-25,announcing vaccine eligibility,"Fulton County (GA) homebound residents can #GetVaccinated I'm their home thanks to #VaxUpFulton. 

To learn more as to how to schedule an appointment or get walk up clinic or mobile sites, visit: https://t.co/SAGD2HnHWB https://t.co/LAmHTOWOhV",1,,1
209,Fang,Sync,0-25,anti-vaccine conspiracy outcomes,"Make people aware  40 to late 50s needs the covid vaccine next,  we will lose alot of our work force if we don't...",0,,0
210,Fang,Sync,0-25,anti-vaccine conspiracy outcomes,"Dear Big Pharma and other health experts that heroically assisted us through the covid pandemic, I now challenge you with your next big vaccination…. The Poison Ivy vaccine will save millions from the constant itching and suffering caused by this god forsaken plant… pls help",0,,0
211,Fang,Sync,0-25,corelation between trauma and covid,"Underlying factors + covid = covid death

Underlying factors + vaccine = natural death https://t.co/7kBBT0F6IL",0,,0
212,Fang,Sync,0-25,covid related deaths,I'm sad to give this update: my friend who got COVID-19 and suffered severe brain damage is brain dead. His family is saying their goodbyes. Think about more than yourself. Please think about those you love and what you will put them through. Please get the vaccine.,1,,1
213,Fang,Sync,0-25,covid related deaths,Today I learned my grandma had to be convinced to get the vaccine because her church told her she’d be getting the ‘mark of the beast’. This is even after losing her son to Covid. There are many reasons I abandoned religion but being fed BS like this while growing up is def one.,1,,1
214,Fang,Sync,0-25,covid related deaths,"@Hefehh72 @ashbergh @DadsOnSports @WelchC8289 @josephperson Spot on. I’m half vaccinated so far, like the rest of my family. I chose to do so to go back to international travel. Far less than 1% infected ever died. You have a greater chance dying on your daily commute. Fear of a vaccine is silly. Fear of covid is also silly.",1,,1
215,Fang,Sync,0-25,criticism of governments' response to vaccine,"Florida Governor Ron DeSantis privately received Johnson &amp; Johnson COVID-19 vaccine shot last week, governor’s office confirms. https://t.co/9V2sEAYUIb",0,,0
216,Fang,Sync,0-25,criticism of governments' response to vaccine,"@luizagmoraes @DrKatrin_Rabiei I am it here to defend Biden, but I believe the US is donating 500 million doses to countries in need.

https://t.co/Ssy0kF53GQ",0,,0
217,Fang,Sync,0-25,criticism of governments' response to vaccine,"Disgraced, twice impeached, one term, insurrectionist ex-President Trump says if he hadn’t developed the vaccine, 100 million Americans would be dead. Fails to mention his ineptitude and mismanagement allowed COVID to get out of control, and that he had decided to “downplay” it. https://t.co/IGgYKRLvrF",1,1,0
218,Fang,Sync,0-25,disproportionate impact and equitable recover across racial lines,"Disproportionately affected by COVID-19, now Latino and Black communities struggle to access the vaccine https://t.co/W4GxPtCxL6",1,,1
219,Fang,Sync,0-25,family covid vaccine experience,🤞🏻for getting the first dose of the Covid vaccine in early February and then just 10 more days! 10 days until we have SOME students in the building. I cannot wait! #WeAreFamily @IPROMISESchool https://t.co/NZvssscFSk,0,,0
220,Fang,Sync,0-25,family covid vaccine experience,"Got first Covid vaccine shot today.
See you in a few weeks for round 2.  
Thanks Walgreens 

@Walgreens",0,,0
221,Fang,Sync,0-25,family covid vaccine experience,"""What happens when older adults are vaccinated, but their children and grandchildren aren't? Can grandparents now safely visit with family, or are there still certain precautions they need to take?"" 

https://t.co/Emg7AV7HL4",1,,1
222,Fang,Sync,0-25,family covid vaccine experience,"#justforfun: ""\"" is a backslash, ""/"" (like found in a website URL) is *forward* slash. 🤓 For example: https://t.co/82VX2Tnb16 = ""Seattle dot gov forward slash vaccine""

(Fortunately, most modern browsers are smarter than we are &amp; auto-correct incorrect slashes.) CC: @MayorJenny https://t.co/ezjFySATmW",0,,0
223,Fang,Sync,0-25,family covid vaccine experience,"Just got my 1st shot of the COVID vaccine!!! This is a big deal b/c I live in a very rural area &amp; until recently, the vaccine wasn’t available. That’s why there’s this pic I took of Britney in Vegas attached. It’s THAT exciting. #COVID19Vaccination #stillwearamask #TrustScience https://t.co/8PqPGfMhwH",0,,0
224,Fang,Sync,0-25,halting vaccination due to adverse effects,"COVID-19 mass vaccination program:  60 M vaccinated 2342 deaths; one vaccine JNJ halted at 7 M vaccinated for 8 cases of blood clots 1 fatal. The majority of deaths must have occurred with Pfizer and Moderna vaccines still being administered daily in the US as of April 14, 2021. https://t.co/ibd80PyEUy",0,,0
225,Fang,Sync,0-25,halting vaccination due to adverse effects,Panama Pharmacy is unaffected by the recent news from the CDC and FDA regarding the Johnson and Johnson COVID-19 vaccine. We are still able to provide first doses of Moderna and second doses of Pfizer daily. Please feel free to contact us with any questions or concerns.,0,,0
226,Fang,Sync,0-25,halting vaccination due to adverse effects,"@sophiaPl11 @stacey_rudin I don't know what that screen shot is, but the trials finished before EUA was authorized.

""Pfizer and BioNTech Conclude Phase 3 Study of COVID-19 Vaccine Candidate, Meeting All Primary Efficacy Endpoints | pfpfizeruscom"" https://t.co/KlZZaXKsXk.",0,,0
227,Fang,Sync,0-25,immediate personal side effects,"Not my normal step count. Effects of the Covid vaccine doing it's thing. KILLER headache, nausea, and body aches this morning. Slept most of the day. Tylenol and water have been my friends today. Feeling better now. https://t.co/OZ2D2T286W",1,,1
228,Fang,Sync,0-25,inefficacy of vaccine,"Vaccines work, but viruses mutate.  Will likely need a booster at some point, but initial vaccine works well!  It’s science.  Get vaccinated https://t.co/3YecXUUxeq",0,,0
229,Fang,Sync,0-25,inefficacy of vaccine,"@zags_fanatic An ""effective"" vaccine that has already killed thousands???

And it's no coincidence that Covid numbers have gone down since testing has also gone down.

Covid is just the new FLU!!!

And the flu has killed thousands of people every year with no issue.",1,,1
230,Fang,Sync,0-25,inefficacy of vaccine,"Chinese Flu shot!!
https://t.co/00h5FveyLi

As supply begins to outstrip demand for COVID-19 vaccine, surveys show that vaccine reluctancy may still prevent the U.S. from achieving herd immunity in the p...",0,,0
231,Fang,Sync,0-25,inefficacy of vaccine,"have to spread and mutate even more.” 

“Along with the vaccine, the best ways to slow these variants are to follow standard COVID-19 strategies, like wearing a mask, social-distancing and avoiding large gatherings.” 

@TucsonStar https://t.co/EHvTH7ad8F",0,,0
232,Fang,Sync,0-25,inefficacy of vaccine,"Or women’s bodies. Only a choice when the GOP deems it so. Polio, small pox, MMR, we even have a vaccine against chicken pox. Covid might have a small death rate, although not small to those family members, but many still have residual effects including me. Ducey is pandering. 💉 https://t.co/L3ujKZTcyl",0,,0
233,Fang,Sync,0-25,inefficacy of vaccine,They'll all need boosters. Covid's not defeated with one round of vaccine. It took years to wipe out smallpox and polio. This will takes years. https://t.co/7Z5lHmCVHD,0,,0
234,Fang,Sync,0-25,institutional adverse childhood experiences,@PDSA_ITP It specifically says that patients that have ITP are not explored at this time and is complex.  So if you have ITP you are taking a huge risk of reactivating ITP or making your ITP worse!  There should be a study on how Covid vaccine effects autoimmune disorders.,0,,0
235,Fang,Sync,0-25,non-covid vaccine comparision,"Right now, vaccine supply is still limited. Until a substantial number of Ohioans can be vaccinated, proper prevention, like wearing masks &amp; social distancing, will reduce your risk of being exposed to or spreading #COVID19. https://t.co/LoGKxTsK8E #InThisTogetherOhio https://t.co/0ZiK2hrEHb",0,,0
236,Fang,Sync,0-25,proof of vaccine,"I’m in studio for Lauren all am.
-hot day 
-State employees must show proof of vaccine or be subject to weekly Covid testing
-Today, code enforcement starts going to businesses to check on outdoor fire code compliance after Covid modifications
-USS Carl Vinson deploys https://t.co/woTKDJjun5",1,,1
237,Fang,Sync,0-25,side effects of vaccine,"Covid vaccine side effects thread 💉 - 
Got my second moderna vaccine shot yesterday and I’m so sick. Fever, chills/aches, nausea/throwing up, headache, just feeling absolutely terrible. How about you guys?",1,,1
238,Fang,Sync,0-25,side effects of vaccine,"@emily_tweets @InsideOutAlice I’ve had both doses of the #FauciOuchie  Slight headache after 2nd jab. No extra eye, bigger boobs, or tail. 

Tylenol took care of the headache. Some others have had mild symptoms of COVID after the 2nd jab. And that just means the vaccine 💉 is working.",1,,1
239,Fang,Sync,0-25,state vaccine eligibility,"✅ All people 50 + years old are now eligible for the COVID-19 vaccine. 

Albany Co. residents should pre-register here: ⬇️
https://t.co/31QpaLtgmI

Or use the state's eligibility tool: ⬇️
https://t.co/0xxxeAXzCG https://t.co/WEYXWC5wZM",1,,1
240,Fang,Sync,0-25,state vaccine eligibility,"Vaccinations will be at Raymond James Stadium starting Monday, March 1. Testing will be at University Mall starting Tuesday, March 2. Learn more here 👉🏻 https://t.co/kphhjVmhQi https://t.co/BvI3nFliXe",0,0,1
241,Fang,Sync,0-25,state vaccine eligibility,"All NYers 16+ are now eligible for walk-up COVID vaccines at city run sites. See our previous post for locations available this week or check https://t.co/An0f5dMXdA to find a location near you. 

#BOOMHealth #covid #vaccine #nyc #bronx https://t.co/OWghv9rbW0",1,,1
242,Fang,Sync,0-25,state vaccine eligibility,"Maryland to launch statewide Covid vaccine portal, but local registration sites will remain open https://t.co/rcPQxHlco5 via @BaltBizOnline",0,1,1
243,Fang,Sync,0-25,state vaccine eligibility,"People with health conditions will need either doctor's note, proof of comorbidity or signed certification to get vaccine - As early as February 14, people with health conditions can begin scheduling vaccinations through the state-run site. https://t.co/cpTXxDpb3e via @WGRZ",1,,1
244,Fang,Sync,0-25,trump supporters saying biden is wrongfully taking credit for vaccine,"AFRICAN AMERICA PROBLEM:

"" KAMALA HARRIS ISNT SHE GREAT.... WEVE OVERCOME AGAIN LIKE OBAMA‼""

▪︎NOT AFRICAN AMERICAN
▪︎NO SHARED PAST HISTORY
▪︎DESCENDANTS OF SLAVES STILL REGARDED AS UNACCEPTABLE.

A 33 YEAR GENOCIDAL PANDEMIC ECONOMIC DISASTER 
https://t.co/qlAoMv41AX",0,,0
245,Fang,Sync,0-25,trump supporters saying biden is wrongfully taking credit for vaccine,Trump administration lobbied against states on COVID-19 vaccine funding https://t.co/Ivdpr5vXTr,0,,0
246,Fang,Sync,0-25,trump supporters saying biden is wrongfully taking credit for vaccine,"Hear why Trump supporter says he won't get the vaccine

CNN asked supporters of former President Donald Trump in South Dakota who are attending an event organized by MyPillow CEO Mike Lindell why they refuse to get the Covid-19 vaccination 🤯

https://t.co/9soHAu1FTi",0,,0
247,Fang,Sync,0-25,trump supporters saying biden is wrongfully taking credit for vaccine,"That will certainly help, assuming there is enough vaccine to administer. The incompetence of the previous administration in dealing with the COVID crisis never ceases to amaze me🤦‍♂️ https://t.co/NcQNizd6EV",0,,0
248,Fang,Sync,0-25,vaccine certification,"@LaFemme_Negrita If they were vaccinated, I’ve would’ve had more empathy. But usually people who travel to other countries are required to get vaccinated. Example: Canada has a vaccine mandate and you have to have a negative COVID-19 test 72 hours prior.",1,,1
249,Fang,Sync,0-25,vaccine certification,"Today we gladly join many of our respected colleagues in the music venue and restaurant business by laying out vaccine and negative covid test requirements for entering FITZGERALDS. patio and rather limited capacity SIDEBAR space will proceed without these requirements, for now. https://t.co/o7tkcotpgj",1,,1
250,Fang,Sync,0-25,vaccine certification,@markpoloncarz @NFL Will NFL demand forfeits if players test positive for covid after getting the vaccine? My opinion: No league should be testing for covid any more at all.,0,,0
251,Fang,Sync,0-25,wholesome reactions to getting the vaccine,@NC_Governor My wife and I got our first Moderna shot in Onslow County today. Smooth operation. In and out in less than 40 minutes. Keep the vaccine coming. We are ready to beat COVID.,1,,1
252,Fang,Sync,0-25,wholesome reactions to getting the vaccine,Again i restate i will not be taking no covid 19 Vaccine..Fact - 3 members of Congress still tested positive for Covid-19 despite taking the 1st shot. Oh they are going to tell you that they needed the 2nd shot in 21 days to be fully protected...🤔🖕🤣,0,,0
253,Fang,Sync,0-25,wholesome reactions to getting the vaccine,Mark has inevitably caught my cold that I had and we get our first Covid vaccine shot tomorrow. I'm such a worry wart and I'm scared of how much more sick he's going to feel after. I'm so nervous. I hate it.,0,,0
254,Fang,Sync,0-25,wholesome reactions to getting the vaccine,"Glad I'm feeling fine 48 hours post 2nd COVID vaccine since my 18 month old has diarrhea and a fever 🤒 He is now pretty content, drinking and peeing though 🙏 Headed to the pediatrician later just in case.",0,,0
255,,,,,,,,
256,Fang,Sync,25-50,announcing vaccine eligibility,"@HoustonHealth Hi, my mother was scheduled to receive the Covid-19 vaccine on Wednesday at 1 pm at the Sharpstown Health Center.

Will that still proceed given the weather?",0,0,
257,Fang,Sync,25-50,announcing vaccine eligibility,"Publix Supermarket.. a place you can pick up fresh fruit, vegetables and now a Covid-19 vaccine. Tonight at 11pm you’ll find out who’s eligible to receive these shots and what stores you’ll find them in! @WFLA https://t.co/GjJwTyf2jM",1,1,
258,Fang,Sync,25-50,announcing vaccine eligibility,"Over the weekend, #BCH sent out an email update to the community regarding COVID-19 rates &amp; hospitalizations, testing, Vaccine Clinic hours, &amp; third doses for eligible individuals. 

Read more at https://t.co/p4O9D0G8Bp

Our community is weathering the pandemic …

1/2 https://t.co/dgveru6Z31",1,0,0
259,Fang,Sync,25-50,anti-vaccine conspiracy outcomes,Damn 😳 Nvm covid sexy as fuck I'm canceling my vaccine https://t.co/cLvFynaOK6,0,1,0
260,Fang,Sync,25-50,anti-vaccine conspiracy outcomes,"During the vaccine priority period I helped ~100 eligible people get appointments here in NYC. But I refused to help anyone who was confirmed to have had Covid

Turns out I was right, by a lot

It’s deeply troubling that I nailed this issue, while our medical leadership did not",0,0,
261,Fang,Sync,25-50,anti-vaccine conspiracy outcomes,If you think the Covid vaccine comes from aborted babies pls stay away from me,1,0,0
262,Fang,Sync,25-50,appeal to get vaccinated,"Y’all, our #COVID ICU unit is full. All of our ICUs are full. All of our ICU teams are flooded. Our ED is packed. We are turning away hospital transfers because there isn’t room. The #DeltaVariant is real. Masks work. Vaccines are safe and effective. Please get your vaccine! https://t.co/HX3igoXAMW",1,1,
263,Fang,Sync,25-50,concerns about  effects of vaccines,"If ur using the excuse that the #covid vaccine isn’t FDA approved:  Know what else ISN’T? 
*Vitamin &amp; mineral supplements
*Infant formulas 
*All dietary supplements (ginseng to melatonin, appetite suppressants, everything @ GNC)
*Tobacco products *CBD *Cosmetics
The list goes on!",0,1,0
264,Fang,Sync,25-50,corelation between trauma and covid,@DrMarthaGulati @pfizer @iamritu @DocSavageTJU @mmamas1973 @purviparwani @DBelardoMD I have not seen. It has been seen in patients with Covid-19. Probably stress induced as is likely the case with the vaccine. Did patients have usually risk factors for Shingles? There is some stress in individuals getting vaccine.,1,0,1
265,Fang,Sync,25-50,corelation between trauma and covid,"Nice article about COVID-19 efficacy for those who were infected w/ SARS-CoV2…the vaccine reduces morbidity &amp; mortality, compared to those who were infected &amp; were not vaccinated.

#COVID19 #pandemic #VaccinesWork #VaccinesSaveLives #thisisourshot 

@ThisIsOurShot @VacunateYa https://t.co/0YksO1Rf7K",0,0,
266,Fang,Sync,25-50,covid related deaths,This is great. It's only fitting that the one country that gave absolutely no fucks about Covid is rewarded with enough vaccine for everyone. USA! USA! USA! https://t.co/9OuRxfgHfO,0,0,
267,Fang,Sync,25-50,covid related deaths,Foreal tho!! I can bet you the anti vaccine ppl will be the first to go to the hospital if they got covid! https://t.co/xpthXoYzqA,0,0,
268,Fang,Sync,25-50,covid related deaths,Lmao for real when people was like now we need that covid vaccine to travel had me lost https://t.co/BeVVSDacLb,0,0,
269,Fang,Sync,25-50,criticism of governments' response to vaccine,"This explains why when I ordered a salad for lunch the other day my dressing choices were French, Russian, Italian, vinaigrette, Moderna, Pfizer or Booster. #COVID19 #vaccine #CovidVaccine https://t.co/YtsSPIDNaT",0,1,0
270,Fang,Sync,25-50,criticism of governments' response to vaccine,This is great. It's only fitting that the one country that gave absolutely no fucks about Covid is rewarded with enough vaccine for everyone. USA! USA! USA! https://t.co/9OuRxfgHfO,1,0,1
271,Fang,Sync,25-50,criticism of governments' response to vaccine,Americans really think the vaccine is only out to target and kill them as if other countries don’t also have their own vaccines for covid……,0,0,
272,Fang,Sync,25-50,family covid vaccine experience,"@TheLucasBlack True. I got first shot, got covid 1week later, then got 2nd vaccine when I came back to work. Healthcare worker. My sisters got covid, they chose not to get vaccine after. It's a choice, should not be mandated.",1,1,
273,Fang,Sync,25-50,family covid vaccine experience,Each time someone I love gets the covid vaccine I breathe a little easier 😰,0,1,0
274,Fang,Sync,25-50,family covid vaccine experience,I’m so glad to see my friends that were against the covid vaccine start getting them. Better late than never. 👏🏽,0,1,0
275,Fang,Sync,25-50,halting vaccination due to adverse effects,New Orleans Archdiocese Asks Catholics to Avoid Johnson &amp;amp; Johnson COVID Vaccine https://t.co/mw5UwsBLgI via @YahooNews,1,0,1
276,Fang,Sync,25-50,halting vaccination due to adverse effects,"https://t.co/uSXefpygMg

A key FDA committee meets Friday to review the one-dose COVID vaccine from J&amp;J. Authorization for its use in the US is expected to swiftly follow.",1,0,0
277,Fang,Sync,25-50,halting vaccination due to adverse effects,"Will this change your mind about getting the coronavirus vaccine?? (I got both doses of #Pfizer, months ago, when it had emergency use authorization).
NEW today: FDA approved that Pfizer one for the prevention of #COVID19 in people ages 16 and older.
https://t.co/9P8hw22Kqp https://t.co/1aFOFBMbC0",0,0,
278,Fang,Sync,25-50,immediate personal side effects,"Side effects to Pfizer vaccine so far are mild. I’m feeling tired ✅, headache ✅, light-headed ✅, &amp; muscle pain ✅. I was itchy the 1st hour, but it went away without medication 

All better than Covid - trust me, I’ve had it https://t.co/NLJSMJgWSB",1,1,
279,Fang,Sync,25-50,inefficacy of vaccine,"Y’all upset we gotta get booster shots for the covid vaccine but will get an annual flu shot, Tdap booster, Hep B booster, etc.??? https://t.co/aFDWX8n07R",0,1,0
280,Fang,Sync,25-50,inefficacy of vaccine,"You people understand that there is absolutely no evidence AT ALL to support the idea that the vaccine prevents you from getting and spreading COVID, right? This would have happened wether they were vaccinated or not, ya ding-bats. https://t.co/DeyNWCLcB5",1,1,
281,Fang,Sync,25-50,inefficacy of vaccine,@WashTimes How the hell does it work when u still get infected buy covid. Last i remember a vaccine like polo and the measles will prevent u from getting it. So explain to all Americans how this is a vaccine and it works. Without the bullshit. All u do is lie.,1,1,
282,Fang,Sync,25-50,institutional adverse childhood experiences,"@wiccapyre Yes… It does, in fact, make me feel like a big boy. I’m a big boy who accepts the risks of COVID-19 and weighs them against the risks of experimental gene therapy experiments, in the forms of AstraZeneca and Moderna, and an experimental vaccine in the form of J&amp;J…",0,0,
283,Fang,Sync,25-50,institutional adverse childhood experiences,@nytimes I am at high risk for severe complications from COVID I survived round 1. I will not be getting the vaccine. I believe in natural immunity https://t.co/zTRVne9Pd2,0,0,
284,Fang,Sync,25-50,non-covid vaccine comparision,Welp looks like imma be wearing a mask forever lmfao…. COVID vaccine my dick.,0,0,
285,Fang,Sync,25-50,non-covid vaccine comparision,@CorieWhalen Something I was worried about and is already happening is that Covid vaccine skepticism has drastically increased the reach of those who are against all them (like MMR for kids) and that the number of kids not getting the “regular” vaccines will skyrocket.,1,1,
286,Fang,Sync,25-50,non-covid vaccine comparision,The experts will soon push Mu  only because they believe Mu will force another vaccine on the 🌎 for profit A new COVID-19 variant called Mu that might be able to evade immunity from vaccines has been detected in almost every US state #NewsBreak  https://t.co/3XvIlXnArf,0,1,0
287,Fang,Sync,25-50,pharmacy hiring,"Our community is part of the Merrimack Valley Regional Collaborative, bringing the COVID-19 vaccine to our community. Check our website for vaccine clinic and appointment information https://t.co/jiBtgre2UF",0,0,
288,Fang,Sync,25-50,proof of vaccine,It's so crazy to me how we have a covid vaccine that's completely optional but yet it's legal for your employer to require it for you to work there... like tf. Yall don't see non wrong with this!?,1,1,
289,Fang,Sync,25-50,proof of vaccine,"I understand @POTUS and @TheDemocrats reluctance to enforce vaccination rules around COVID based on the violent environment, but why no incentive to be vaccinated? Yet still need test to return into the country from travel, etc. Risk vs cost to incentivize the vaccine seems easy?",1,1,
290,Fang,Sync,25-50,proof of vaccine,"""Pentagon to require COVID vaccine for all troops by September 15""
Cue the wailing in 3...2...1",1,1,
291,Fang,Sync,25-50,state vaccine eligibility,"Following the CDC announcing new COVID-19 vaccine guidelines, local health departments in Northeast Tennessee say it will still take longer for them to expand vaccine access to new age groups. https://t.co/jDJz2v1nWc",1,1,
292,Fang,Sync,25-50,state vaccine eligibility,"If you live in King County Wa and are qualified for a Covid 19 vaccine, this site is open for booking. Advice: Click skip when it asks for your insurance information. By the time you get it filled it, the time you picked will be gone https://t.co/WzPqJYtVtk",0,1,1
293,Fang,Sync,25-50,state vaccine eligibility,St. Joseph Health to begin administering COVID-19 vaccine to Phase 1B patients this week https://t.co/JUEIa5AgY9 via @theeagle,1,1,
294,Fang,Sync,25-50,trump supporters saying biden is wrongfully taking credit for vaccine,@GovernorVA What’s up with the extremely slow rollout of the COVID vaccine? You can’t blame Trump on this one. Get it together Ralph.,0,1,0
295,Fang,Sync,25-50,trump supporters saying biden is wrongfully taking credit for vaccine,"@FOX61News COVID-19 is out of control in India, where most vaccines are made. How did that happen? -PBS

Y we sending vaccines to india when they don't need it. Cuz it feels good?What about helping the conservative states that need it. Is the pres admin playing vaccine politics",0,1,0
296,Fang,Sync,25-50,trump supporters saying biden is wrongfully taking credit for vaccine,"@MichaelRenberg @RealJamesWoods Tomorrow. 
Meanwhile Pelosi will ratchet up 1/6 coverage &amp; blame Trump for the decaying border &amp; Covid....AGAIN. 
IN a month double jeopardy will be legal and they will come after you with a vaccine &amp; a booster ID exclusively for police &amp; white men. Has BLM left the room?",1,0,0
297,Fang,Sync,25-50,trump supporters saying biden is wrongfully taking credit for vaccine,"So now we need the covid vaccine that gives us a mild form of covid in case we have asymptomatic covid.

And then we can reopen civilization.

According to the people in charge of our tax dollars.

😐

#CovidVaccine #COVIDIOTS",0,0,
298,Fang,Sync,25-50,vaccine appointments,"New COVID vaccine appointments available for 43964 at Walgreen Drug Store, 1820 FRANKLIN ST, TORONTO, OH. Make your appointment at https://t.co/W3ki0Bekd0",1,1,
299,Fang,Sync,25-50,vaccine certification,Texas Gov. Abbott signs law banning COVID-19 vaccine passports https://t.co/SCmGVGgwrH,1,1,
300,Fang,Sync,25-50,vaccine certification,DoD is requiring military personnel to  get the Covid-19 vaccine by September 15th.,1,0,1
301,Fang,Sync,25-50,vaccine certification,"It seems the Covid vaccine requirement for the US military allows for exemptions “consistent with the current policies for all the other vaccines” such as ""evidence of existing immunity"" by antibody test or ""documentation of previous infection”",1,1,
302,Fang,Sync,25-50,wholesome reactions to getting the vaccine,"🚨Covid Vaccination appointments still available for TODAY and TOMORROW at the Oncenter in Syracuse🚨

https://t.co/kE6fbKfRzl",0,0,
303,Fang,Sync,25-50,wholesome reactions to getting the vaccine,2nd dose of covid vaccine got me fucked up,0,0,
304,Fang,Sync,25-50,wholesome reactions to getting the vaccine,"@Jonnyrocket70 @thehill Actually, shutting down the economy and then becoming the epicenter of Covid-19 + failing at vaccine distribution isn’t exactly a good job. Keeping your vineyard tasting room open and shutting down the rest while going to a $500 per plate restaurant sans mask is a disgrace.",0,0,
305,Fang,Sync,25-50,wholesome reactions to getting the vaccine,"I have a sticky note on my laptop that I see every day. It says, “GOAL: STAY OPEN.”Busted our tails to keep kids &amp; staff safe throughout this pandemic, while providing a great education to in-person &amp; remote students. I lost a teacher to COVID.  Can I at least get a vaccine??",0,0,
306,,,,,,,,
307,Fang,Sync,50-75,advertising for covid related jobs,"If you can’t leave your home, it doesn’t matter how convenient Mesa County’s mass vaccination site is. @ColoradoMesaU and @MC_PublicHealth teamed up to deliver vaccines to some residents. https://t.co/ebe4tG3ebp",0,0,
308,Fang,Sync,50-75,advertising for covid related jobs,"Thank you @BlueStarFamily, @RedCross, @FLOTUS,  and #DrFauci for today’s town hall focused on providing guidance/updates on the COVID-19 vaccine. Thank you for all you do for our servicemembers, veterans, and military-connected family members. https://t.co/oxR3inEWLe",0,0,
309,Fang,Sync,50-75,announcing vaccine eligibility,"How to find a vaccine in New Hanover county. Walgreens currently seems to be the easiest bet locally.

COVID-19 Vaccine | Health | NHC Health | North Carolina - https://t.co/yoLFlv7She",0,0,
310,Fang,Sync,50-75,announcing vaccine eligibility,"You can’t step foot on campus without the COVID-19 vaccination...that’s the message Rutgers University, in New Jersey, just announced.

Will we see the same thing at schools across Illinois?

Answers and a doctor’s take on @cbschicago at 5PM.

https://t.co/zxkExA0YH8",0,0,
311,Fang,Sync,50-75,announcing vaccine eligibility,Relevant; California Covid priority zip code maps ; 🥴🤔🥁 https://t.co/JKJzVvDPdE https://t.co/KnrCmn3Uzu,1,1,
312,Fang,Sync,50-75,anti-vaccine conspiracy outcomes,"Thanks, Bob! LOUDER FOR THOSE IN THE BACK! 💉 #COVID #vaccine #Delta #GetVaccinatedNow https://t.co/bGlLivLKEP",0,0,
313,Fang,Sync,50-75,anti-vaccine conspiracy outcomes,I’m all wrapped up with my Covid vaccine @ Wellspan / York Hospital Medical Education Pavilion https://t.co/0RpYVgqvBB,0,0,
314,Fang,Sync,50-75,anti-vaccine conspiracy outcomes,"Any Lubbock parents out there willing to share their concerns heading into this school year? I’m working on a story about COVID, mask mandates &amp; kids too young to get a vaccine. DM me if you’re interested!",0,0,
315,Fang,Sync,50-75,concerns about  effects of vaccines,"Now that the #VACCINE has FDA approval we'll see tons of therapeutics to treat #COVID come to market, like Pfizer's recent patent of a drug combining #HydroxyChloroquine &amp; #Ivermectin, because you can only get an EMERGENCY Approval when there's no alternative
#NoVaccinePassports",0,0,
316,Fang,Sync,50-75,corelation between trauma and covid,"@marijaynealexis @radiantradish2 @StephBandosik @NYGovCuomo I would recommend reading this preliminary finding as well (p. 32). Again, you may want to ask these friends what about the vaccine specifically caused pregnancy loss. There is no doctor that would rule that as the cause without evidence.  https://t.co/QwBEsNiw8w",0,0,
317,Fang,Sync,50-75,corelation between trauma and covid,"@OhsHiasTheres You are being grossly disingenuous… COVID-19 doesn’t kill kids, on a statistically significant basis, even when they’ve been diagnosed with serious medical conditions. If older relatives want the vaccine, they can get the shot…",0,0,
318,Fang,Sync,50-75,covid appointment,"New COVID vaccine appointments available for 33069 at CVS Pharmacy in POMPANO BEACH, FL, 3 S POMPANO PKWY, POMPANO BEACH, FL. Make your appointment at https://t.co/F1YpdC74ae",1,1,
319,Fang,Sync,50-75,covid related deaths,"Big blow to the @DNC Nazi Party.

The Covid Vaccine is the SuperSpreader https://t.co/Fqvi4dR2ir",0,0,
320,Fang,Sync,50-75,covid related deaths,White Republicans are refusing to get the COVID-19 vaccine more than any other demographic group in Texas https://t.co/IZ3b9XQ9v6 via @TexasTribune,0,0,
321,Fang,Sync,50-75,covid related deaths,@saraht2728 Just move to Florida. They don’t give a f*ck about a Covid vaccine 🤣🤣,0,0,
322,Fang,Sync,50-75,criticism of governments' response to vaccine,“Covid? We have a vaccine. There is no vaccine for crime.” https://t.co/nLRd142Bmf,0,0,
323,Fang,Sync,50-75,criticism of governments' response to vaccine,https://t.co/svrwzQovSD it takes is ONE WISE LEADER and that's me regardless of these imposters!!!#X!!!,0,0,
324,Fang,Sync,50-75,criticism of governments' response to vaccine,Stop asking my if I got my Covid vaccine or if I plan to get it. It’s none of your business 👋🏼,0,1,0
325,Fang,Sync,50-75,disproportionate impact and equitable recover across racial lines,"Rev. Dr. Jim Thurman is telling his story about accepting the vaccine. He says the history of mistreatment of African Americans led to his own hesitancy, but he continued to listen about COVID. Today, he’s taking his second dose @LEX18News",1,1,
326,Fang,Sync,50-75,family covid vaccine experience,"The fear when I struggle to breathe, the pain that feels like it’s a knife ripping my chest open... for almost a year.... 

will it go away now? Or at least be less severe? 🤞🙏  Because I’m now scheduled for my first COVID vaccine 💉 on Monday!! 💃",0,0,
327,Fang,Sync,50-75,family covid vaccine experience,@joshuago78 @brianwc @NBCNews Wait till you see this headline https://t.co/bk5SqCrsoh,0,0,
328,Fang,Sync,50-75,family covid vaccine experience,took the first dose of the covid vaccine today my arm is just a little swore that all,0,0,
329,Fang,Sync,50-75,FDA vaccine approval,@IngrahamAngle Read this about vac https://t.co/RGOlOnNiux FDA release says no long-term testing of side-effects. Also drug approved by FDA not avail in US. Pfizer using identical substitute so no liability for FDA. Incredible hypocrisy. Some Amer lose job for not taking..while others exempt.,1,1,
330,Fang,Sync,50-75,halting vaccination due to adverse effects,Johnson &amp; Johnson COVID vaccine morally wrong? Catholic bishops caution just that https://t.co/onHk3pQnrR #FoxNews,0,0,
331,Fang,Sync,50-75,halting vaccination due to adverse effects,"Blood clots tied to J&amp;J’s COVID-19 shot are similar to issues with AstraZeneca’s vaccine, @FDA official says.

https://t.co/A2LC2kVp8G",1,1,
332,Fang,Sync,50-75,halting vaccination due to adverse effects,"Russia's Sputnik V vaccine is 91.6% effective against symptomatic Covid-19, interim trial results suggest

https://t.co/RyoJtG7rg4",0,0,
333,Fang,Sync,50-75,inefficacy of vaccine,"To my medically educated friends: I need help. My dad is saying he didn't get the vaccine because he had COVID (see screenshot.) I'm admittedly not informed enough to know if this is true AND more importantly, if it would stop him from transmitting it to my unvaxxed child. Help? https://t.co/7yNcFLC46l",0,0,
334,Fang,Sync,50-75,inefficacy of vaccine,"If you're one of those who won't take a vaccine because you say something like ""Covid has 99% survival rate."" Yet you are using the #JohnsonandJohnson vaccine news to help try and prove your point to not take a vaccine - you are destroying your own argument.",0,0,
335,Fang,Sync,50-75,inefficacy of vaccine,". Scott Gottlieb says people who had Covid won’t be immune forever, should get vaccinated

https://t.co/ZMS26GUKXd",0,0,
336,Fang,Sync,50-75,institutional adverse childhood experiences,An HIV vaccine with 97% antibody response in phase 1 human trials!!  Hopeful results using RNA technology from the Covid vaccine.  #HIV #sciencetwitter https://t.co/7lnm2cBhJ7,0,0,
337,Fang,Sync,50-75,non-covid vaccine comparision,"You received a vaccine against smallpox. It is safe and effective. Do you have fear of acquiring smallpox?
No.
Why is the the same not true for the covid vaccine?",1,1,
338,Fang,Sync,50-75,non-covid vaccine comparision,"@MsOBarr @GregAbbott_TX I’m a Texan.
I vaccinated.
I walk around w/o a mask because I am vaccinated, my chances of catching anything but a weak case of COVID is 0, EVERYONE has access to vaccine now, &amp; because I am a human w God given inalienable rights &amp; I will not cater to your irrational fear of me.",0,0,
339,Fang,Sync,50-75,non-covid vaccine comparision,@enms @ahopeross @jkenney So if I had Covid I had a vaccine and people are still getting Covid you clearly are shedding the virus WAKE UP,0,0,
340,Fang,Sync,50-75,proof of vaccine,"The owner of a Missouri taxi company said his transportation service will not pick up passengers who wear masks or have received the COVID-19 vaccine, despite a surge of new cases in the state.

""We don't allow any type of masks in our vehicles. The second one,",0,0,
341,Fang,Sync,50-75,side effects of vaccine,"@Novavax vaccine update. Yesterday I had swelling &amp; tenderness at the injection site. Now swelling is down, but I have a 100 degree fever. Otherwise I feel fine. Happy because I’m having an immune reaction. This means I probably received the COVID-19 vaccine rather than placebo. https://t.co/bIKRscAXbU",1,1,
342,Fang,Sync,50-75,state vaccine eligibility,"I am happy to announce that @crusade_church was designated as a COVID-19 vaccination site. My office has worked tirelessly to ensure there was equitable and effective access to the vaccine, prioritizing our district. 

Learn more: https://t.co/NdAqyMPGxR
Dates: April 8th-9th https://t.co/4RHJSUsF7m",0,1,0
343,Fang,Sync,50-75,state vaccine eligibility,"Here’s the link to Denver Health @DenverHealthMed COVID-19 Vaccine Interest Registration Form to join their waiting list:

https://t.co/STB6vZaCxt",1,1,
344,Fang,Sync,50-75,state vaccine eligibility,"This article is a great rundown of resources for COVID-19 vaccination in Michigan! 

Today is the first day that all adults 16+ in Michigan are eligible to receive the vaccine. Check it out! #COVID19
#GetVaccinated

https://t.co/Rmx29XXcZY",1,1,
345,Fang,Sync,50-75,trump supporters saying biden is wrongfully taking credit for vaccine,@JRehling @GOPLeader And you think Biden is going to do something? Where's my check? Where's my Social Security increase? No COVID-19 vaccine available for me yet even though I'm over 70. Why hasn't he done something yet?,0,1,0
346,Fang,Sync,50-75,trump supporters saying biden is wrongfully taking credit for vaccine,"China and Russia spreading anti-US vaccine misinformation, White House says.  https://t.co/AdOc2pHEfl",0,0,
347,Fang,Sync,50-75,trump supporters saying biden is wrongfully taking credit for vaccine,We need more flexibility @Emily_DeRuy COVID: Bay Area counties agree to vaccine distribution plan after weeks of squabbles with state over Blue Shield deal https://t.co/dYXbr20Cna via @mercnews,0,0,
348,Fang,Sync,50-75,vaccine certification,@briantylercohen @gkanders @KristiNoem does any one know the statistics on Lalapalooza? I'm just curious how it all turned out with vaccine cards and covid test proof,1,1,
349,Fang,Sync,50-75,vaccine certification,"😄 “The nonexistent threat of Hoosiers being required to present a COVID-19 vaccine ""passport"" as a condition of receiving government services did not stop the Republican-controlled General Assembly from approving legislation Thursday banning the practice” https://t.co/D3Eyrm7xTY",1,1,
350,Fang,Sync,50-75,vaccine certification,"@SylvesterTurner @LinaHidalgoTX
For Covid-19 vaccine, you need to include those of us who are faculty/staff at community colleges and universities, not just K -12, with essential workers in group 1B.",0,0,
351,Fang,Sync,50-75,wholesome reactions to getting the vaccine,"The @Patriots organization sent the jet to El Salvador to deliver 500,000 doses of the COVID vaccine. 

image via @ComunicacionSV https://t.co/XUoBfDGiY6",0,1,1
352,Fang,Sync,50-75,wholesome reactions to getting the vaccine,"C'mon guys!  Get the vaccine.  It's cool, smart, and muy macho.

NYTimes https://t.co/gIVqWwPqDD",0,1,0
353,Fang,Sync,50-75,wholesome reactions to getting the vaccine,I hope not James I got covid after my vaccine https://t.co/M12Uxcdko7,0,1,0
354,Fang,Sync,50-75,announcing vaccine eligibility,Relevant; California Covid priority zip code maps ; 🥴🤔🥁 https://t.co/JKJzVvDPdE https://t.co/KnrCmn3Uzu,1,1,
355,Fang,Sync,50-75,corelation between trauma and covid,"@gorskon In the context of COVID-19, my children who are under 12 cannot be vaccinated yet. Nor can millions of other children in the U.S..
Further, the vaccines may not work well for immune compromised people. They count, as does the minority that suffers vaccine failure.",0,0,
356,Fang,Sync,50-75,state vaccine eligibility,@Walgreens I just had to help 3 elderly people sign up on line to get a Covid 19 vaccine because none of them understood how to go online to sign up. This is a major fail on your part. They should be able to go into any Walgreens and get an appointment. #ridiculous #CovidVaccine,0,1,0
357,,,,,,,,
358,Fang,Sync,75-100,advertising for covid related jobs,"@sdduba Councilor Rick Kiley asks about people who have previously had COVID and what a vaccine can do for them. This was all at the SF City Council's informational meeting this afternoon, where they received an update on COVID from Dr. Mike Elliot, Dr. Mike Wilde and Dr. Charles Chima",0,0,
359,Fang,Sync,75-100,advertising for covid related jobs,Enrolled Veterans at Phoenix VA any age can walk in to get a COVID-19 vaccine until 1 pm. https://t.co/XJ9Md58UAn,0,0,
360,Fang,Sync,75-100,advertising for covid related jobs,For those who need a vaccination option. #covid19 #covid_19 #covidvacccine #vaccine #coronavirus @ District Health Center https://t.co/RrStFP3SOw,0,0,
361,Fang,Sync,75-100,announcing vaccine eligibility,"UK's vaccine advisory body JCVI refuses to approve vaccinating healthy children aged 12-15 years, there is ""insufficient” evidence to offer mass COVID-19 vaccination for this age group.",1,1,
362,Fang,Sync,75-100,announcing vaccine eligibility,"Indiana Attorney General Todd Rokita and State Health Commissioner Dr. Kristina Box are warning Hoosiers of a new scam targeting consumers who have received their COVID-19 vaccine.
https://t.co/PUKcrhH1Xz",0,0,
363,Fang,Sync,75-100,announcing vaccine eligibility,"In the US? Sign up for the national COVID-19 vaccine standby list, so that we make sure vaccines do not go to waste: https://t.co/SJ1warLCzs #DrB",1,1,
364,Fang,Sync,75-100,announcing vaccine eligibility,"@isabethner @DrTomFrieden What you are saying is no different than many areas in this country. In Key West, the shores of New Jersey, Delaware, Maryland, etc the tourism is big business. The masks, social distancing and hand hygiene are gone. At least having the vaccine gives us a odds against Covid.",0,0,
365,Fang,Sync,75-100,anti-vaccine conspiracy outcomes,@JoBell_15 @HillaryClinton So myocarditis was a factor in young adults way before the Covid vaccine. Thanks for pointing that out!,1,0,0
366,Fang,Sync,75-100,anti-vaccine conspiracy outcomes,"Marshawn Lynch Asking Dr. Fauci Hard-Hitting Questions About The COVID-19 Vaccine Is The Interview We Didn’t Know We Needed

https://t.co/ZQ33OEYg4j",0,0,
367,Fang,Sync,75-100,anti-vaccine conspiracy outcomes,"At one-year mark, US arrives at 'critical nexus' point: Latest COVID-19 updates

https://t.co/9XPSwpbUjy",0,0,
368,Fang,Sync,75-100,covid related deaths,Obviously nearly 40% are Republican or they'd take the Covid vaccine!,0,0,
369,Fang,Sync,75-100,covid related deaths,"College next?
https://t.co/nbyr0bpu0O",0,0,
370,Fang,Sync,75-100,covid related deaths,"@ehundman She’s being short-sighted about the risks

But IF I’d had a bad reaction to any vaccine (say, Shingrix)
OR
IF I lived somewhere with only 1% of America’s COVID prevalence AND IF my only choice was the less-effective Sinovac formulation AND IF I were 40

Then I might hesitate, too",0,0,
371,Fang,Sync,75-100,criticism of governments' response to vaccine,"Several of #HopeforHarlem’s sponsors are Houses of Worship participating in the vaccine #WeekendofFaith, and we have representatives here providing vaccines as well! 

Stop by before 5pm or find a COVID-19 vaccination location near you: 
https://t.co/WNebejbTN2 https://t.co/2z4WbJmqib",0,0,
372,Fang,Sync,75-100,criticism of governments' response to vaccine,How about this fact checking? https://t.co/2ot5V6zSJ7,0,0,
373,Fang,Sync,75-100,criticism of governments' response to vaccine,https://t.co/SZwuhW7Png works faster than @HillaryClinton #Arkancide #COVID #vaccine https://t.co/KP6Q11sdBe,0,1,1
374,Fang,Sync,75-100,disproportionate impact and equitable recover across racial lines,"@RepPressley continues to be an advocate for Vaccine access and equity. Many thanks to the organizers of @BlackBOSCOVID for the Vaccine access event at the Reggie Lewis Center.

https://t.co/ebSBrC2GGh",1,1,
375,Fang,Sync,75-100,family covid vaccine experience,"From Mississippi Today.
MAP: Where Mississippians can get the COVID-19 vaccine https://t.co/IoARTX1j77",0,0,
376,Fang,Sync,75-100,family covid vaccine experience,"For what it’s worth, the biggest side-effect I’ve had from the vaccine is that now I can’t get Covid. 👍",0,0,
377,Fang,Sync,75-100,family covid vaccine experience,“The director of the Centers for Disease Control and Prevention on Friday overruled a recommendation by an agency advisory panel that had refused to endorse booster shots of the Pfizer-BioNTech Covid vaccine for frontline workers.”https://t.co/m6Vvh4u1fv,0,0,
378,Fang,Sync,75-100,family covid vaccine experience,"@notcrepes The Pfizer vaccine has been proven to be about 85% effective after the first dose. Pretty amazing news!
but it’s important to remember what they mean when they say “effective“. It does not mean that we won’t get Covid, it means that we don’t get deathly ill.",0,0,
379,Fang,Sync,75-100,halting vaccination due to adverse effects,"What are your take on the Johnson &amp; Johnson #COVID vaccine? Is it slightly better than the #Moderna &amp; #Pfizer ? Asking for me. 

#COVID19Vaccine #CovidVaccine #COVIDVaccineArrives #JohnsonAndJohnson #Vaccine",0,0,
380,Fang,Sync,75-100,immediate personal side effects,"@bigceee My arm hurts from getting the Covid vaccine yesterday, and the pain meds didn’t help 😩.",1,1,
381,Fang,Sync,75-100,inefficacy of vaccine,"""The vast majority of cases are among those who are unvaccinated. The best way to combat the delta variant is to get vaccinated""
 https://t.co/8UmSu7ihEf",0,0,
382,Fang,Sync,75-100,inefficacy of vaccine,"@mtgreenee If we just go with your numbers and ignore that the majority of those deaths were not related to the vaccine, you have this math: 600,000+ Americans did not survive covid while 160,000,000+ Americans survived the vaccine and have the benefit of being protected.",0,0,
383,Fang,Sync,75-100,inefficacy of vaccine,@alecialynn @shasptrip59 @BadMedicalTakes Yep. The mRNA vaccine has no chance whatsoever of infecting you with Covid. Which is what I meant.,0,0,
384,Fang,Sync,75-100,inefficacy of vaccine,"Meanwhile people are struggling to pay rent, keep their businesses open,  get a COVID vaccine...not to mention the rising homicide rate. But our leaders wanna play petty games on Twitter. Ridiculous. https://t.co/RSaaHMsFpq",0,0,
385,Fang,Sync,75-100,institutional adverse childhood experiences,@Jim_Jordan The teachers &amp; staff are at risk as well especially if their childhood education was in Ohio schools.  A Covid vaccine isnt going to protect teachers&amp;staff from toxic stress exposures or the unsuitable work conditions that presents.,1,0,0
386,Fang,Sync,75-100,non-covid vaccine comparision,"@ganjanodrama @paigenpumpkins All of those vaccine side effects are actually more common with covid than they are with the vaccine hundreds of times more common. You don't care one iota about those with REAL vaccine reactions, because if you did you would protect them by getting vaccinated.",0,1,1
387,Fang,Sync,75-100,non-covid vaccine comparision,My side effects of the covid vaccine are worse than actually having covid and the flu😭,0,0,
388,Fang,Sync,75-100,non-covid vaccine comparision,"""Doctors and public health officials urge all eligible people to get the COVID-19 vaccine as Delta variant spreads""  https://t.co/eYlCrUt0Ya",0,0,
389,Fang,Sync,75-100,non-covid vaccine comparision,"There are many things about #COVID that are complicated and nuanced. But as it’s become clear that ‘vaccination’ does not prevent transmission there is NO, regardless of your politics, justification for vaccine mandates from employers, governments, etc. Period, the end.",0,0,
390,Fang,Sync,75-100,proof of vaccine,I’m opposed to these states/jobs mandating Covid vaccine,1,0,0
391,Fang,Sync,75-100,proof of vaccine,"Good questions! 

Heritage Health requires a referral from a doctor licensed in ID. 

Right now, Spokane doesn’t have any readily available for the public. My friend @Wilsoncriscione did a great article on why WA is behind.

His story: 
https://t.co/QF7MTmQzDQ https://t.co/wp8c1eLpeP",0,0,
392,Fang,Sync,75-100,proof of vaccine,"@SM_Blush Incorrect, the Covid vaccine does not violate the Nuremberg code.

https://t.co/vmMLeNquW2",0,0,
393,Fang,Sync,75-100,proof of vaccine,"@RonDeSantisFL Why are you banning masks in schools? 

https://t.co/jI3a4zQlNn",0,0,
394,Fang,Sync,75-100,side effects of vaccine,18 hours after my second covid vaccine &amp; my arm has never hurt more in my life. but i’m still thankful i got it. brb while i ice my arm 🥴,1,1,
395,Fang,Sync,75-100,state vaccine eligibility,"Houston ZIP codes that need COVID vaccines the most don't have enough, data shows https://t.co/Nvz6q98phz",0,1,1
396,Fang,Sync,75-100,state vaccine eligibility,"Central Florida fam, you can still do this but if you’re not a priority patient (I am not), take a look at the Walmarts currently accepting people to add to the list vs. ones totally full: https://t.co/Ev4EScEIJw https://t.co/gLrsFQy3yr",1,1,
397,Fang,Sync,75-100,state vaccine eligibility,~270 COVID-19 vaccine appointments are still open at the Carlson Center in Fairbanks!  https://t.co/UPPhuGgvas,0,1,1
398,Fang,Sync,75-100,trump supporters saying biden is wrongfully taking credit for vaccine,"Why SC is failing in its Covid-19 response

https://t.co/VHOIGX71H4",0,0,
399,Fang,Sync,75-100,trump supporters saying biden is wrongfully taking credit for vaccine,"Biden calls reporter 'pain in the neck' for question about Veterans Affairs COVID-19 vaccine mandate

Biden looked so frail and old, he was having a hard time speaking at times, like he was confused.

https://t.co/FT6HuTULGe",0,0,
400,Fang,Sync,75-100,trump supporters saying biden is wrongfully taking credit for vaccine,India has a list of nearly 152 countries asking for coronavirus vaccine and is expected to supply near 16 million doses to at least 60 by March. #COVID,0,0,
401,Fang,Sync,75-100,trump supporters saying biden is wrongfully taking credit for vaccine,Another $2k stimulus for those who get the covid vaccine? Who says no?????,0,0,
402,Fang,Sync,75-100,vaccine certification,Is It a HIPAA Violation to Ask About a COVID Vaccine? Here’s What Experts Say https://t.co/gzhvZPK9Sk,1,1,
403,Fang,Sync,75-100,vaccine certification,@jeffrgunn23 @ItsonlymeLinda @geojohwee @DanCrenshawTX Has Crenshaw changed his approach to Covid? No. He held a maskless fundraiser in a bar at the peak of the pandemic last summer. He hasn’t shared info about his own vaccine. He continues to push against mask mandates.,0,0,
404,Fang,Sync,75-100,wholesome reactions to getting the vaccine,I just got the Pfizer COVID vaccine. https://t.co/V3djgjOTHe,0,1,0
405,Fang,Sync,75-100,wholesome reactions to getting the vaccine,could it be any harder to get the covid vaccine,0,0,
406,Fang,Sync,75-100,wholesome reactions to getting the vaccine,Perhaps people asking questions about (criticizing) COVID vaccine safety might be willing to quickly note whether they themselves had received a COVID vaccine?,0,0,
407,Fang,Sync,75-100,wholesome reactions to getting the vaccine,@Conlabrisa What does Trump have to do with the fact you can still get covid after receiving the vaccine? 😂,0,0,
408,,,,,,,,
409,Fang,Async,0-25,2nd dose side effects,Got the Pfizer vaccine this morning. My arm hurts. Like pulled muscle hurts. Ugh. ( but I’d rather have a sore arm than Covid),1,,1
410,Fang,Async,0-25,Against anti-vaxxers,"Every religion in the world forbids us to kill innocent people. By not getting Covid-19 vaccine, you are putting lives of innocent people at risk.
Please get the shot.
Be part of the solution rather than the problem.Believe in science and not in rumors.@CDCgov @WHO #CovidVaccine",1,,1
411,Fang,Async,0-25,Anger over mask mandates,"Indiana University students must comply with the school's COVID-19 vaccine mandate for the fall semester after a federal judge refused on Monday to block the school's inoculation requirement, one of the first rulings of its kind during the pandemic.

https://t.co/4uRAGlM2Iq",0,,0
412,Fang,Async,0-25,Anger over mask mandates,"I’m finding it hard to have empathy for these folx who refuse to get the vaccine, refuse to wear masks, refuse to social distance, and then contract COVID-19. 

This is a situation that could have been avoided if you listened to the health experts in MARCH 2020.",0,,0
413,Fang,Async,0-25,Anger towards COVID Deniers/COVID Deniers Passing Away,WE HAVE BEAT THE FLU AND NOW DIE OF COVID THE DEMOCRATS GAVE TO US AND NOW THEY GIVE US MORE STRAINS !! BECAUSE OF THERE OPEN BORDERS!! THE DEMOCRATS DON'T CARE HOW MANY PEOPLE GET KILLED  FROM THERE VACCINE OR VIRUS https://t.co/IkgTgCiwuz,0,,0
414,Fang,Async,0-25,Anger towards COVID Deniers/COVID Deniers Passing Away,"@MeghanMcCain is so entitled. I'm embarrassed for her. 

#DrFauci job is to give us answers on covid that he knows / have been confirmed. Not pull answers out of his ass on CNN. 
Vaccine has been out for how long now? How many people received the vaccine?

https://t.co/8K3T6renX3",0,,0
415,Fang,Async,0-25,Anger towards COVID Deniers/COVID Deniers Passing Away,"@AlamedaCounty @RepSwalwell @CAgovernor Any ideas when Psychologist’s who are seeing patients struggling with Major Mental Illness and Addictions, can get the Covid vaccine?",0,,0
416,Fang,Async,0-25,Anger towards COVID Deniers/COVID Deniers Passing Away,"@ClaireCon_ My dentist, who is a conservative, told me people are either going to get vaccinated or get covid. Took him a month to convince his wife and daughter to get the vaccine.",0,,0
417,Fang,Async,0-25,Anti-Biden and Pro-Trump Sentiment,"@Lancegooden The money will be sent to Central American to help stop illegal immigration to the US   Also, when and where can I get a COVID-19 vaccine?  And...I think you need to fact check about the Keystone Pipeline jobs.",0,,0
418,Fang,Async,0-25,AntiDemocrat,@RadioFreeTom @antypynky55 What a waste of our tax dollars that could be aiding in much needed Covid relief and vaccine distribution! This is a mockery and nothing to be applauded. It is to say the least shameful.,0,,0
419,Fang,Async,0-25,AntiRepublican,"#Breaking Why has Texas Governor Greg Abbott had three Covid vaccine shots? Only immunodeficiency and organ transplants are allowed to receive it?  Regeneron treatment as well, it is not available in Texas like Florida. Where only unvaccinated positive people can receive it.",1,,1
420,Fang,Async,0-25,AntiTrump,"@MariaBartiromo
You're insane .
The Citizens of this Country want out of the Middle East .
Biden did the right thing .
You @FoxNews people are Traitors .
Spreading Misinformation and Killing People by lying about the COVID-19 vaccine .

.https://t.co/As7CtiRVfA",1,,1
421,Fang,Async,0-25,Become a Pharmacy Technician Alerts,"Mayor of San Antonio says that Texas Health and Human Services Commission says that all teachers, school staff and childcare facility workers are eligible to receive COVID-19 vaccine anywhere in Texas https://t.co/2VhyzzYBKv",0,,0
422,Fang,Async,0-25,"Comparing the COVID Vaccine to other Deadly Disease Vaccines(polio,measles)","A vaxx is like a mask. My friends got vaxxed to prevent the spread as well as 2 protect themselves. We could still spread COVID &amp; we just wanna be done with this. No vaccine, no visit. My home. My rules. My rights. https://t.co/nQmoVZZizG",0,,0
423,Fang,Async,0-25,"Comparing the COVID Vaccine to other Deadly Disease Vaccines(polio,measles)",@ScriptTrooper @robgpugh @TheMFingCOO Imagine if being infected with Covid had the same results as Polio? The vaccine for Polio was tested (experimental) on 1.8 million children in several countries deeming it safe and effective. The vaccine all but wiped out Polio in the Western hemisphere. Iron lung vs survival.,1,,1
424,Fang,Async,0-25,"Comparing the COVID Vaccine to other Deadly Disease Vaccines(polio,measles)","@LenMacPT Multiple flu viruses circulate during one season. In the US there are usually a flu A (H1N1), a flu A (H3N2) virus, and two flu B viruses in the vaccine). COVID-19 is a new disease caused by a novel coronavirus SARS-CoV-2 that has not been seen before in humans. Covid is not flu",0,1,1
425,Fang,Async,0-25,Comparisons to other virus vaccines,"@bergerbell I got the vaccine and am currently very ill with covid so FUCK this take. It’s not “panic porn fueled media.” People are still getting sick, covid is still capable of spreading. https://t.co/o4y29wrq8U",0,,0
426,Fang,Async,0-25,Comparisons to other virus vaccines,@johncardillo The Covid vaccine was supposed to be the panacea of vaccines.  however it ain’t.  Good choice.  And it’s definitely not something I would discuss with my doctor. Like you I’ve done a good amount of research. Taking a calculated decision,0,,0
427,Fang,Async,0-25,Comparisons to other virus vaccines,It ain’t FDA approved for 1 &amp; for 2 now it’s a whole new strain of Covid out because of the damn VACCINE. so what they do now? Make another vaccine for the last one? 😂,0,,0
428,Fang,Async,0-25,Comparisons to other virus vaccines,@MiserableSDFan Makes too much sense. Like getting a covid vaccine. Can’t fix stupid.,0,,0
429,Fang,Async,0-25,Dispelling misinformation regarding death,"On Tuesday, @_DCHealth reported 127 new COVID-19 cases —there were no deaths. 

Case rates are at levels not seen since before vaccine was generally available. The rate of transmission (no infections for every confirmed case) is also back in the red at 1.35 as of July 28 https://t.co/9jfrFSCMcl",1,,1
430,Fang,Async,0-25,Dispelling misinformation regarding death,"@DrTessaT Wow. Covid 99% survival just by staying home &amp; sleep.  Hospital Ventilator survival rate 20%.   
Vaccine 100% Irreversible",1,,1
431,Fang,Async,0-25,Dispelling misinformation regarding death,"@Jay9185 @androidlondon @abirballan @stacey_rudin @HelenTeaPot @PanData19 I am still on vacation, but will check this out later. I don't do many PDFs on my phone. Suffice to say that death is not the only outcome, and you are comparing deaths from COVID to advise effects from a vaccine. That is bad science.",1,,1
432,Fang,Async,0-25,Dispelling misinformation regarding death,"There is so much that is unknown about COVID that it is very difficult to predict what will happen in USA in Flu 🤧 Season 2021. @NIH

But much COVID deaths are expected because:
1. Scientists believe vaccine good for 6 months
2. Infections of vaccinated under 6 months increasing https://t.co/54Dqb0e6GO",1,,1
433,Fang,Async,0-25,FakeNews,"I have been thinking.  I received the Covid vaccine.  I wear  a mask in public.  I social distance in public.  I wash my hands diligently.  Some people, I think around 40% of people, think I am crazy, so nothing has changed for me.",0,,0
434,Fang,Async,0-25,Family Members Receiving the COVID Vaccine,My mom received her first COVID vaccine today!!!! One step closer to being able to visit and give her a HUG!!!!!  #COVID #vaccine #mom #hope #hugs,1,,1
435,Fang,Async,0-25,HopefulPeopleGetVaccinated,"I already got a COVID-19 shot, so I stuck w/iced coffee at @dunkindonuts today! 😂

$1 from every iced coffee/cold brew at RI/Bristol Co., MA. locations goes to @HasbroChildrens today— and some locations have pop-up vaccine clinics!

https://t.co/1Y1FMdqS41 #IceDD4Hasbro @wpri12 https://t.co/ok6gqVYa5R",0,,0
436,Fang,Async,0-25,HopefulPeopleGetVaccinated,Oh hey just finished for the day and turned on this game and wuuuuuuutttt is happening right now??? Awesome Google ad for COVID vaccine tho.,0,,0
437,Fang,Async,0-25,HopefulPeopleGetVaccinated,Happy and proud of my son- he’s one of the earliest 12 year olds to get the 2nd Pfizer COVID vaccine. https://t.co/4GhL5TKc67,0,0,1
438,Fang,Async,0-25,Information aimed towards minority communities,Watching NAACP Unmasked Covid-19 Town Hall Series The Vaccine and The Black Community on Live on YouTube. Moderated by ABC’s Deborah Roberts #NAACP #COVID19,1,,1
439,Fang,Async,0-25,POCVaccineAwareness,"👉🏿The purpose of this clinic is to address the vast racial inequity in COVID outcomes and vaccine distribution by vaccinating our Black, Brown, and underrepresented minority communities hit hard by COVID. https://t.co/MgA1fRcHI2",1,,1
440,Fang,Async,0-25,Positive outcomes of vaccine,"I began feeling feverish a few days ago and took an at home covid-19 test. Both came back positive.. less than 4 days later im almost 100% symptom free, minus some minor lethargy. 

I took the Pfizer vaccine, 
And implemented some of my own home remedies",1,,1
441,Fang,Async,0-25,Positive outcomes of vaccine,"@seekdivinetruth @Mosely4Congress Disabled here too. Broken back and severe arthritis.  I tend to be a homebody myself.  But I look after a friend who suffers from Parkinson’s and is 75, so his 18 year old daughter, myself and he went for the vaccine. If I get Covid I would definitely die and I run the household.",0,,0
442,Fang,Async,0-25,Pro Trump and against Biden/Obama,"Never forget that big pharma is a business, vaccines are products, and you are the consumer.

Businesses do whatever they can to increase sales. This includes fear tactics and peer pressure in their marketing.

https://t.co/03oksvpvGE",0,,0
443,Fang,Async,0-25,Pro Trump and against Biden/Obama,"Biden slammed for taking credit for COVID-19 vaccine, not thanking Trump https://t.co/toZKI0dIoY",1,,1
444,Fang,Async,0-25,Proof of Vaccination(vaccine card/passport),"👏🏽👍🏽💉

The Supreme Court allowed Indiana University on Thursday to require students to be vaccinated against the coronavirus

https://t.co/LpNuHCFKtv",1,,1
445,Fang,Async,0-25,Reminders of the 2nd vaccine,Just received the long awaited text to register for my covid shot appointment through my VA healthcare. I have to admit I am so excited!  Sunday afternoon vaccine sounds like a great way to wrap a weekend! https://t.co/voU4VeFETj,0,,0
446,Fang,Async,0-25,Reminders of the 2nd vaccine,"WE DID IT!!🎉🎉 Our 2nd &amp; Final @pfizer Covid Vaccine is in the books!✅✅ As we get our final dose, we think about those 5000,000+ lives who didn't get this chance to get vaccinated😢😢 We are all so thankful &amp; blessed to have this privilege. Let's do it in honor of them💙💙🙏🙏 https://t.co/YYCggRERNB",1,,1
447,Fang,Async,0-25,Reminders of the 2nd vaccine,"@Mavumavu91 Received the first and second dose of Pfizer back in April. First dose, nothing. Second dose, felt hungover for a day. Got covid 2 weeks ago… had a 101 fever and then kicked it all within the same 24 hours. vaccine 100% helped me make swift work of it. 😂",0,0,1
448,Fang,Async,0-25,Unknown Long-Term Effects of COVID Vaccine,"@MarcFish15 The long term health risks of long Covid far outweigh the risk of anything from the vaccine. Hundreds of thousands of people have been stricken with these long term type symptoms, things I am very, very familiar with. You have no idea how much damage this will do to our HC system",0,,0
449,Fang,Async,0-25,Vaccine availability,Ventura opens eligibility https://t.co/PQcbahbpXa via @abc7 Seniors will not be eligible for vaccination until the end of February. Ventura is ignoring the governors direction to prioritize seniors. How many seniors have to die in Ventura Before we get access to the vaccine,1,,1
450,Fang,Async,0-25,Vaccine availability,"Fulton County (GA) homebound residents can #GetVaccinated I'm their home thanks to #VaxUpFulton. 

To learn more as to how to schedule an appointment or get walk up clinic or mobile sites, visit: https://t.co/SAGD2HnHWB https://t.co/LAmHTOWOhV",1,,1
451,Fang,Async,0-25,Vaccine availability,"Why is the covid vaccine not being given out? Where is the organization? Phase 1a, phase 1b, the clinics, pharmacys have no answer when queried.",1,,1
452,Fang,Async,0-25,Vaccine availability,"💉COVID VACCINE OPPORTUNITY💉 
There will be a COVID-19 vaccine clinic in Garfield this Saturday for folks that are elligible - make sure you click this link or call the number below to sign up for appointments. https://t.co/XaNYVr9CKZ #arnews #nwanews #arcovid https://t.co/q60BqsRzta",1,,1
453,Fang,Async,0-25,VaccinePassportNews,"NEW: Michigan colleges with vaccine mandates this fall:

• U of M
• MSU
• Albion College
• Kalamazoo College
• Oakland University
• Lawrence Technological University
• Wayne State University
• University of Detroit Mercy

@WOODTV 
 https://t.co/QnvA99EWIC",1,,1
454,Fang,Async,0-25,VaccineRolloutNews,"For those in the Twin Cities, there’s open appointments to get your Covid-19 vaccine at Oxford Community Center on 05/01/2021. Sign up in the link below! 💉 
RT!
https://t.co/LnwjI1LQW6",1,,1
455,Fang,Async,0-25,VaccineTestScience,"Someone who knew they had tested positive for COVID came into work. I had two family members contract COVID in late January after a major miscommunication. They both had one dose of the vaccine, thank goodness!",0,,0
456,Fang,Async,0-25,VaccineTestScience,"@TheRandomMtrix @NateSilver538 Nope: the CDC only discourages people with known severe reactions to individual vaccines’ ingredients

And says those reactions are “rare.”

Then says an alternate vaccine is likely safe, “ask your doctor” bc vaccination is important, safer than COVID

“Allergies” is NOT a reason",0,1,1
457,Fang,Async,0-25,VaccineTestScience,"@TheXandan @NicolasVerge As of this morning, they are now requiring proof of vaccination or a negative COVID test. Press release confirms. 

Still, the people who test negative the day before could be positive and not know it. And the vaccine maxes defense but infection could still occur.",0,,0
458,Fang,Async,0-25,VaccineTestScience,"@timcorrimal @Getsmart4 @RosemaryG @HlaoRoo @leftnotright @p_staatz @HenryZeniewicz @pari_passu @PeterToupin Have a great weekend everyone. Stay safe, be safe. Get the vaccine. 2 people I know got and recovered from Covid-19 just in the last 2 weeks.

Keep up the good fight!",0,,0
459,,,,,,,,
460,Fang,Async,25-50,Adverse Childhood Experience's being casued by COVID,"When you get a COVID vaccine, you are not being injected with a coronavirus. Rather, you’re being exposed to the “code” for 1 of 29 cell surface proteins (antigens) - the spike protein. https://t.co/qDNu3BuhRj",0,0,
461,Fang,Async,25-50,Against anti-vaxxers,@BillGates I would like to see Bill Gates take the Covid-19 vaccine on social media along with his entire family. Is Bill Gates a hypocrite? Prove me wrong. I want to see your grand children taking it.,0,0,
462,Fang,Async,25-50,Against anti-vaxxers,"Conservative radio host, former vaccine skeptic ill with Covid-19 https://t.co/wQDTzPS3rQ via @nbcnews",1,1,
463,Fang,Async,25-50,Anger over mask mandates,Today this lucky healthcare worker got the second dose of the COVID-19 vaccine. Still wear masks. Still was hands. Still be safe. 💉 🍀 📅 😷 🙏🏼❤️💪 @ VA Long Beach Healthcare System https://t.co/Ty1dUTRBTA,0,0,
464,Fang,Async,25-50,Anger over mask mandates,"BREAKING: in new memo to the force, @SecDef directs the military to “immediately” require all troops to get the Covid vaccine https://t.co/pQnEtPkPug",0,0,
465,Fang,Async,25-50,Anger over mask mandates,"#StopTheDeathSpreaders 👇😷 

⚕️ Major medical groups call 
for employers to mandate 
Covid-19 vaccines for health 
care workers. 😍 
| .@CNN 🌐
https://t.co/qVYiiQRA44",0,0,
466,Fang,Async,25-50,Anger towards COVID Deniers/COVID Deniers Passing Away,"You love to see it! Check ins for covid vac at CVS. Inside: 20 or so masked people waiting on a Sunday am to get it! #covid #vaccine #sunday #herdimmunity @ Millburn, New Jersey https://t.co/JkyUOKQ5nt",0,0,
467,Fang,Async,25-50,Anger towards COVID Deniers/COVID Deniers Passing Away,Goodness gracious! The second moderna Covid shot has made me so sick. I am aware that viruses have to have a housing (dna can’t just float around freely) and the housing sans virus dna is what is in the vaccine. Too bad my immune response doesn’t know what my brain does.,0,0,
468,Fang,Async,25-50,Anti-Biden and Pro-Trump Sentiment,@DrTomFrieden @kenjeong More like the world surging vaccine production and sending everyone possible to get shots in arms. In Europe's and Asia's economic and political interests to stop COVID from running amok in Africa. America and Canada should do the same for Mexico and other southern neighbors.,0,0,
469,Fang,Async,25-50,Anti-Biden and Pro-Trump Sentiment,"“People react in different ways to COVID.” I go into attack Republicans mode, Google search, criminal records, recorder of deeds... Come to think of it that’s my default mode. “Biden Officials Furious About Trump Not Leaving Any Vaccine Plans https://t.co/nYLSlFahCK via @YouTube",0,0,
470,Fang,Async,25-50,AntiDemocrat,"@SarahSpain And Covid has killed nearly 700,000 Americans and counting.

What if masks &amp; the vaccine are god’s gift to save Christians from the virus?.

How about making the vax’ed card the new voter id since people who are vax’ed care about not only themselves but the health of the country.",0,0,
471,Fang,Async,25-50,AntiDemocrat,"@TomPelissero I truly believe that this (natural consequences) is how we get our society back from Covid and anti-vaccine people - as large employers and big public events require vaccine for entry, our anti-vax friends will face wave after wave of FOMO.",0,0,
472,Fang,Async,25-50,AntiRepublican,Running a “PSA” that further politicizes the vaccine by opening with a false line that hints that Gov. Ron DeSantis doesn’t recommend COVID vaccines (he does) is certainly a choice. https://t.co/RqiMKnxirW,0,1,0
473,Fang,Async,25-50,AntiTrump,"SO true, this thread. Tribe I belonged to 20+ yrs - major media, me = net TV news lane - kowtows still to Former Occupant's sycophants, as well as to FO's own snail trail of lies, delusions. 630K+ Americans dead from COVID. Herd immunity from infection, not vaccine? 😱🤬😱🤬 https://t.co/TuSRtQ6HaH",0,0,
474,Fang,Async,25-50,AntiTrump,I am curious how people who refuse  the covid vaccine because it was developed using cloned fetal cells from a 70s abortion feel about slavery reparations or possibly giving back native American their land unjustly taken,0,0,
475,Fang,Async,25-50,AntiTrump,"@dougducey hasn’t pretended to care about COVID since Trump visited last yr. It was only a matter of time since TX/MISS removed the mandate that he would follow.Easier for people to be aholes now that a vaccine is an option.A mask was a simple ask, too bad a lot of Americans suck https://t.co/NEKtoA7htc",0,0,
476,Fang,Async,25-50,Become a Pharmacy Technician Alerts,COVID Vaccine Clinic next Friday June 4th *Walk Ins no appointment needed* J&amp;J Vaccine From 2PM to 7PM behind the COA Building. #teamacushnet #COVID19MA https://t.co/Lthm5gWMsO,0,0,
477,Fang,Async,25-50,"Comparing the COVID Vaccine to other Deadly Disease Vaccines(polio,measles)",#SinceMostTrumpstersBelieveNonsenseAndFakeNews-I would like to know the percentage of Republicans who died by not wearing masks or social distancing &amp; also by not taking the Vaccine! I’ll bet Republicans doubled up the Democrats on Covid deaths! TrumpHasKilledTheirRelatives!#DAMN https://t.co/Ts3mDkpR6P,0,0,
478,Fang,Async,25-50,"Comparing the COVID Vaccine to other Deadly Disease Vaccines(polio,measles)","I wish we could track who’s worn a mask and practiced social distancing the past 11mo... if you didn’t you don’t get a vaccine yet, because COVID isn’t real right?",0,0,
479,Fang,Async,25-50,Comparisons to other virus vaccines,“Covid is a hoax and those vaccines aren’t real.” —said my 4 relatives who now have Covid and feel awful. Am I super mad and extremely scared for them? Yes. Get. The. Vaccine. https://t.co/gqhw6pphFk,0,0,
480,Fang,Async,25-50,Comparisons to other virus vaccines,"Bro...this covid ish is exhausting. Trying to convince loved ones to get the vaccine, the resistance, the disinformation it's extremely disheartening....",0,0,
481,Fang,Async,25-50,Comparisons to other virus vaccines,"Two diseases running rampant :
1.COVID 
2. Stupidity .
A vaccine can help the first ; Darwin’s Theory may well deal with the other !! https://t.co/WUlIaB0CYL",0,0,
482,Fang,Async,25-50,Dispelling misinformation regarding death,"“A small number of people have a legitimate reason to decline the vaccine — say, those with an allergy.”

There’s no mention of the millions declining vaccines because they had Covid

Discrimination against unvaccinated Covid survivors is disgusting &amp; I’ve lost patience for it https://t.co/U4BKMEiUnn",0,0,
483,Fang,Async,25-50,Dispelling misinformation regarding death,"Day after COVID 19 vaccine, no adverse side effects just very tired. #spoonie #ChronicLife #vaccine #JohnsonAndJohnsonVaccine",0,0,
484,Fang,Async,25-50,Dispelling misinformation regarding death,"""Reactivation of herpes zoster, not genital herpes, has been a rare side effect for some who received the COVID-19 vaccine, medical experts say""  https://t.co/zBBTZ220XT",0,1,0
485,Fang,Async,25-50,Family Members Receiving the COVID Vaccine,"Just had my 2nd Pfizer COVID-19 vaccine shot!  Wish I would’ve brought a few gel caps with baking soda, vinegar, and red food coloring in each so I could pop them in my mouth and bite down a few minutes after the shot.",0,0,
486,Fang,Async,25-50,Family Members Receiving the COVID Vaccine,My grandparents just received the first dosage of the covid vaccine. I’ll keep y’all updated,1,1,
487,Fang,Async,25-50,Family Members Receiving the COVID Vaccine,@brikeilarcnn Thank you for including @darceylynn10 and I in your Covid segment today. My sister just received her vaccine on  on Wednesday. Please be safe. 🙏🏽😷,1,1,
488,Fang,Async,25-50,FDANews&Discourse,"The FDA is aiming to give full approval to the Pfizer/BioNTech's COVID-19 vaccine by early September. This move will likely spawn further vaccine mandates. 
Currently, Pfizer's COVID vaccine is operating under an EUA for people 12 and older. 

https://t.co/HpRjtCDYLH",1,1,
489,Fang,Async,25-50,HopefulPeopleGetVaccinated,Me leaving the clinic after my second COVID vaccine dose this Friday. https://t.co/5naJ4ZCgxg,1,0,0
490,Fang,Async,25-50,HopefulPeopleGetVaccinated,hey @greta did you sign up for your covid vaccine? I found out I did get the real vaccine in the @moderna_tx trial. I’ve been vaccinated since September. No problems other than a headache and chills after the second dose. I didn’t grow a tail or horns. https://t.co/HU23JHYGgP,1,1,
491,Fang,Async,25-50,HopefulPeopleGetVaccinated,"In Memphis, 91-year-old Rep. Barbara Cooper gets her second dose of the Moderna COVID-19 vaccine and urges other Black Tennesseans not to wait. By @StockardSam. https://t.co/YCeRYyQc0y",1,1,
492,Fang,Async,25-50,PandemicNews,https://t.co/0XDPLb0XWL. Unpopular opinion: case counts are not important.  There WILL be cases forever.  The goal is to reduce the numbers of hospitalizations and deaths.  Stop reporting “cases”.  We must focus on vaccine resistance and misinformation.  Ignorance+Fear=⬆️⬆️Risks,0,1,0
493,Fang,Async,25-50,Positive outcomes of vaccine,"“Snafu” indeed: they’ve cancelled my mother’s facility’s clinic for next week, again, with no reschedule. Having ignored CDC recommendations to rapidly vaccinate the elderly, @OHAOregon management now seems unclear how to get it done at all.

https://t.co/jqaO4b3VND",0,0,
494,Fang,Async,25-50,Positive outcomes of vaccine,This past Thursday was two weeks from my parents getting their second Covid vaccine. Going to see them tomorrow for the first time since last fall.,1,1,
495,Fang,Async,25-50,Positive outcomes of vaccine,"The following people should NOT be eligible for Covid vaccine priority in the US

-Those who PCR tested positive 
-Those who were positive for antibodies 
-Those who were strong presumptive positives—defined with clear metrics

This is probably around 45 million people (+/-20%)",0,0,
496,Fang,Async,25-50,Pro Trump and against Biden/Obama,@MarshaBlackburn Why do we all have to suffer thru more Covid surges-all because a minority of politicians to lazy ( following TFG schtick &amp; self-centered to $$ over lives Tx &amp; Fl @RandPaul INSIDER TRADING FOR REMDESIVIR BS STOCKS INSTEAD OF #COVID VACCINE https://t.co/cjCOaZgcMY,0,0,
497,Fang,Async,25-50,Pro Trump and against Biden/Obama,No offense but Virginia is doing a terrible job and the Governor is unresponsive. They need to step up their game big time. @GovernorVA 👎🏿https://t.co/5VsT0nCLci,0,0,
498,Fang,Async,25-50,Proof of Vaccination(vaccine card/passport),"“Knowingly not protecting children from harm goes against everything that teachers stand for.”

Violations of Abbott’s order can result in a fine of up to $1,000. Georgina Pérez, a TXSBOE member from El Paso, is raising money to help pay ISD fines. https://t.co/HaM2uRYMrG",1,0,0
499,Fang,Async,25-50,Proof of Vaccination(vaccine card/passport),@hgargan @AnneMooreorLess @juliebrixie It also prohibits a state governmental entity from producing or issuing or contacting to produce or issue a vaccine passport. The Covid vaccine cards are produced and issued by the federal government. The original tweet is just not true.,1,1,
500,Fang,Async,25-50,Reminders of the 2nd vaccine,"From receiving the COVID vaccine to volunteering at the mass vaccination site in Saint Louis, what an eventful month! Priceless seeing so many happy people after their first dose. Let’s beat this thing! 🦠 💉😊🙌🏻😊 https://t.co/J9R8OxA1EV",0,0,
501,Fang,Async,25-50,Vaccine availability,"@POTUS THANK YOU MR.PRESIDENT 🌷😷
Biden to move up deadline for COVID vaccine eligibility to April 19 https://t.co/X9FjsFIkep",0,0,
502,Fang,Async,25-50,Vaccine availability,"New COVID vaccine appointments available for 64118 at Kansas City #2, 207 NE Englewood Rd, Kansas City, MO. Make your appointment at https://t.co/zDv5jbnayu",1,1,
503,Fang,Async,25-50,Vaccine Eligibility Updates,DSHS has directed all vaccine providers to expand COVID-19 vaccine eligibility. #vaccine #STCN #SouthTexasCommunityNews Teachers Now Eligible for COVID-19 Vaccine  https://t.co/zWrRWEvLDz,1,1,
504,Fang,Async,25-50,Vaccine Eligibility Updates,"#Repost @cabqehd
• • • • • •
📣 STARTING TODAY all New Mexicans aged 16+ are eligible for the COVID-19 vaccine. Register online today at https://t.co/KoBLGgAZ6F or by calling 1-855-600-3453. @ New Mexico https://t.co/wtf7oDUESQ",1,1,
505,Fang,Async,25-50,VaccinePassportNews,#Resistance #Resisters . Should airlines require people to show proof of Covid vaccine in order to take a flight? Comments/Opinions/ Thoughts? 🤔🤔,1,1,
506,Fang,Async,25-50,VaccineRolloutNews,"Pt. 1: Today marks 100 days as Mayor!

Here’s highlights from the first 100 days:

1. Establishing a City COVID mass vaccination site at Lot 33

2. Doubling Lot 33’s daily allotted vaccine count

3. Launching a Santa Ana River Taskforce to explore solutions for the river bottom https://t.co/4WVxMZQOXE",1,1,
507,Fang,Async,25-50,VaccineRolloutNews,"Councilman Desulme Town Hall Today
English &amp; Spanish 5:00 - 6:00 pm
HaitianCreole 6:00 -7:00 pm 
Topics:
• COVID-19 Vaccine
• Housing and Social Services Dept.
• Code Compliance Dept.
• Community Redevelopment Agency
• NW 7th Ave Project Update
• Parks and Recreation Dept. https://t.co/XpMSwmlftC",0,1,0
508,Fang,Async,25-50,VaccineTestScience,"@VaughnVandelac @MTBamford @TomiLahren I work in nursing homes and everyone is vaccinated and no sign of covid since. The virus can still spread if you are in an affected area.
 The point of the vaccine is to help your immune system fight the virus. Even if you are assymptomatic, you still can get the virus.",0,1,0
509,Fang,Async,25-50,VaccineTestScience,"second negative covid test is in, i got both vaccine shots...Puerto Rico I'm coming 🛩🇵🇷",0,1,0
510,,,,,,,,
511,Fang,Async,50-75,2nd dose side effects,"Got my first shot of the Covid vaccine today 😁 No terrible side effects yet, just a slightly sore arm.",0,0,
512,Fang,Async,50-75,Adverse Childhood Experience's being casued by COVID,@LindseyGrahamSC NO HE DIDN'T! The mRNA vaccine platform used has been around for well over a decade. It had already been tested in animals &amp; human in trials with great success with viruses other than covid 19 including some corona viruses. He cut a little red tape.... he doesn't get a Nobel. https://t.co/6kv6Akh7K6,0,0,
513,Fang,Async,50-75,Against anti-vaxxers,Hospitalized right-wing radio host 'fighting for his life' with COVID https://t.co/ipduhuk2X5 via https://t.co/fOv7HQ6JHC,1,1,
514,Fang,Async,50-75,Against anti-vaxxers,"My son is my #1 reason to continue to mask 😷 up in shared indoor spaces despite being vaccinated myself. As a baby, he is too young to get the Covid vaccine. There are now ZERO available pediatric ICU beds here in North Texas. https://t.co/JYs9DnlTVK",0,0,
515,Fang,Async,50-75,Anger over mask mandates,"@MackkAndCheese_ @maddyysmiiith Then continue to wear your mask and fill out of a form for the vaccine. I was accepted in less than a week for it. There’s ways to protect yourself, there are also treatments available now if you do get covid. ❤️",0,0,
516,Fang,Async,50-75,Anger over mask mandates,"@yawto @TheFauph so yes, I do back vaccine requirements including doctors requirements for care. Insurance providers here in the states have already started denying coverage for covid hospital stays if you are unvaccinated and are able to have it.",0,0,
517,Fang,Async,50-75,Anger towards COVID Deniers/COVID Deniers Passing Away,"“Is this your card?” the gate agent at the Mets game asked me, squinting at a photo of the taped-together square on my phone screen. “What... what happened to it?” @KatieKausch https://t.co/MqnmmcW20g",0,0,
518,Fang,Async,50-75,Anger towards COVID Deniers/COVID Deniers Passing Away,Getting my covid vaccine Tuesday. 🤩,0,0,
519,Fang,Async,50-75,Anti-Biden and Pro-Trump Sentiment,"If @MrBeastYT was in charge of administrating the COVID vaccine, America would be vaccinated. 

JUST SAYING https://t.co/uVcgAFdxlG",0,1,0
520,Fang,Async,50-75,Anti-Biden and Pro-Trump Sentiment,"@marcorubio Senator do you really not care to be truthful or factual when you utter statements. ""Nothing to do with covid"" means to even semi intelligent individuals NOTHING. Thus in your mind Vaccine distribution, vaccinators, providing funds in the PPP for really small businesses is NOTHIN",0,0,
521,Fang,Async,50-75,AntiDemocrat,lol literally no one cares about Covid. There is an alleged effective vaccine. How about you talk about Evergreen or what’s going around the border https://t.co/NeIvsqQ8uB,0,1,0
522,Fang,Async,50-75,AntiDemocrat,"Wisconsin, land of the walking dead.  

Sen. Ron Johnson says he'd support a vaccine mandate for an 'incredibly deadly' virus but not COVID-19, which has killed more than 613,000 Americans #NewsBreak  https://t.co/3EwVX83Vr8",0,0,
523,Fang,Async,50-75,AntiRepublican,These negotiations have highlighted a new type of foreign policy that has emerged since the beginning of the pandemic; vaccine diplomacy.  https://t.co/npr8TjKnPW,0,0,
524,Fang,Async,50-75,AntiRepublican,"@CNN “Is this fine just for COVID vaccine mandate?”

“Yes”

“What about all the other vaccines that are already mandated by schools and businesses alike that also help save lives?”

deathSantis: https://t.co/GHAhTee8xD",1,1,
525,Fang,Async,50-75,AntiTrump,"If you'd like to report someone engaging in targeted harassment and spreading lies about the COVID vaccine, I offer you this tool. https://t.co/I0jX4cqc37",0,0,
526,Fang,Async,50-75,AntiTrump,No I will not add a covid 19 vaccine frame to my photo cause I ain’t getting that shit!!!! 🙄 https://t.co/5mFodtk9x3,0,0,
527,Fang,Async,50-75,AntiTrump,@ebajek85 Holy moly it is an actual rare side effect for Pfizer... https://t.co/21iM3Ur2HM,0,0,
528,Fang,Async,50-75,Become a Pharmacy Technician Alerts,"Jason Garwood wrote THE WARRENTON DECLARATION, the comprehensive Biblical-theological response to Covid-mask-vaccine issues. Hear him Wed, Aug 11, WORLD PRAYER NETWORK - 5pm Pacific, 6pm Mountain, 7pm Central, 8pm Eastern. https://t.co/T22WYnJa57
Also see
https://t.co/Ie5hCki6YU https://t.co/EQBo3GpYRv",0,0,
529,Fang,Async,50-75,Become a Pharmacy Technician Alerts,"Attention Anaheim!  There will be a Covid Vaccine Clinic this Thursday August 5th 4-7pm at Ponderosa Park.  Please share and make sure you get your shot!

#AnaheimDistrict4 #Anaheim #COVID19 #vaccination #vaccine #VaccinesWork https://t.co/sELAJaAtI1",0,0,
530,Fang,Async,50-75,"Comparing the COVID Vaccine to other Deadly Disease Vaccines(polio,measles)","It may seem like the pandemic is over, but the Delta variant is spreading fast across our state. Experts think it is 90% of COVID cases in Colorado. Being fully vaccinated protects you and your family. Find a vaccine at https://t.co/y03yNVFqCR #PowertheComeback https://t.co/GORNBPAnnU",0,0,
531,Fang,Async,50-75,Comparisons to other virus vaccines,"Ever since I got my #Covid_19 vaccine I've been able to talk for longer periods without completely losing my breath. Used to be ~20 min, now &gt; 40.

In the grand scheme of things, it's a tiny win, but I'm taking every win I can. #LongCovid #GetVaccinated",0,0,
532,Fang,Async,50-75,Comparisons to other virus vaccines,"@mike45726695 @sameolvee @GottaFollowHim @JosueMartinezz @DAZNBoxing @Canelo My iq is low?? Andrade pulled out the Jermell Charlo and Derevyanchenko fight. Jermall called out Benavidez but when Benavidez was down to scrap it up Jermall said he needed the covid vaccine shot, that he wasn't old enough, Jermall won't fight Andrade nor Jacobs",0,0,
533,Fang,Async,50-75,Concerns regarding Johnson and Johnson vaccine,"https://t.co/pdMNcL4BX0

Shares of Moderna Inc. gained 4.7% in trading on Friday after the company said that European regulators recommended authorizing its COVID-19 vaccine for teens ...",0,0,
534,Fang,Async,50-75,Discussing vaccines in schools,"@GovKemp announces that teachers and school staff, public and private, on March 8 will be made a part of the population that can receive the Covid vaccine to get students back to in person instruction. https://t.co/9POii5vVU7",1,1,
535,Fang,Async,50-75,Dispelling misinformation regarding death,This is why covid-19 is a real problem right now. The rise of cases is growing exponentially faster than the spring. Mask up! Get the vaccine! We may have opened to fast n too soon. https://t.co/JK2ttZXleM,0,0,
536,Fang,Async,50-75,Dispelling misinformation regarding death,"The 6 cases reported were women between the ages of 18-48

https://t.co/fwxCf1qswg",0,0,
537,Fang,Async,50-75,FakeNews,@bbrucker2 @omniadeo @DoYourResearch6 @shawna_burley @tepperleen @DonnaLynnNH None of the studies you posted say that the vaccine keeps you from getting covid though (which is what he's talking about). You didn't answer the challenge to your assertion &amp; you can't because these vaccines don't stop or slow the spread. they may even spread it more,1,1,
538,Fang,Async,50-75,Family Members Receiving the COVID Vaccine,"Just got my second COVID vaccine shot, now my Haitian immune system is up to date. Now back to the money! I feel great btw",0,0,
539,Fang,Async,50-75,Family Members Receiving the COVID Vaccine,"A lot of people have been asking questions about their 2nd dose of the COVID-19 vaccine.

You have to go to the same location where you got the 1st. Some details from our big four counties here: 

https://t.co/PqdOcdU28w 

@wfaa @SoniaAzadTV #COVID19 #vaccine #Texas",0,0,
540,Fang,Async,50-75,FightingDisinformation,Tucker Carlson has a bonkers new Covid vaccine conspiracy theory https://t.co/fQFAora1oP via @msnbc,1,1,
541,Fang,Async,50-75,HopefulPeopleGetVaccinated,"@Laurie_Garrett Regardless of the problem being at Emergent Biosolutions, it is likely to be remembered as involving the Johnson &amp; Johnson COVID-19 one shot vaccine.  They may need to do some clean up.",0,0,
542,Fang,Async,50-75,HopefulPeopleGetVaccinated,"@AwkwrdnBlk I am struggling with having students back in overcrowded classrooms.  I worry about them and their families.  I have had my vaccines, but there are people who have had COVID more than once and the vaccine is not 100%.",0,1,0
543,Fang,Async,50-75,PandemicNews,"So now they’ve found a “delta variant” for COVID that’s supposedly “COVID on steroids.” 

I REALLY think they’re up to something with this vaccine. They’re pushing it entirely too hard and it’s too much “new news” coming out that’ll scare someone to get it. Hmm.",0,1,0
544,Fang,Async,50-75,Positive outcomes of vaccine,So can I drink after getting Covid vaccine?? Asking for a friend @CDCgov,0,0,
545,Fang,Async,50-75,Positive outcomes of vaccine,I have come to the conclusion that getting the Covid vaccine makes everything taste and smell like lemon pledge. #modernacovid19vacccine #round2vaccine @ Kaiser Permanente https://t.co/gq0N6EXlgI,0,0,
546,Fang,Async,50-75,Pro Trump and against Biden/Obama,Why a Leaky COVID Vaccine Could Be the World&amp;apos;s Next Nightmare | Steve Deace Show https://t.co/747BS5C0XL,0,0,
547,Fang,Async,50-75,Pro Trump and against Biden/Obama,What?  https://t.co/tM48PBNl3m,0,0,
548,Fang,Async,50-75,Proof of Vaccination(vaccine card/passport),"In a video shared with students this morning, Prather said the college has not yet made a decision to require the COVID-19 vaccine for all students. But, he urged students to get the vaccine and warned of possible consequences if they do not.",1,1,
549,Fang,Async,50-75,Proof of Vaccination(vaccine card/passport),"Virginia lawyers weigh in on legality of schools mandating COVID-19 vaccine. @VCCS_SO @VCU @UVA @ODU @JMU @longwoodu @LibertyU @vawesleyan @EMU_News @williamandmary
@MaryBaldwinU @MaryWash @marymountu @GeorgeMasonU
@wlunews

What are your thoughts on this?
https://t.co/GWPAgdD6oT",1,1,
550,Fang,Async,50-75,Reminders of the 2nd vaccine,"Second shot and now safe!  Super easy, super quick, and staff at ⁦@NYCHealthSystem⁩ Queens super friendly!  Have you gotten your covid vaccine yet?  https://t.co/oYQElE18Qc https://t.co/F3ZpPYlL7E",1,1,
551,Fang,Async,50-75,Reminders of the 2nd vaccine,I just got my 2nd dose of the Covid vaccine now i feel fine! My girlfriend is getting here now,1,1,
552,Fang,Async,50-75,Reminders of the 2nd vaccine,My dad got the first dose of the covid vaccine 😭😭😭. I’m so happy. (He is 75),0,0,
553,Fang,Async,50-75,Vaccine availability,Breaking News - All adult Americans eligible for Covid Vaccine by May 1st,0,1,1
554,Fang,Async,50-75,Vaccine availability,"2 Kansas City area colleges to require COVID vaccine, others 'strongly recommend' it https://t.co/CHKaw4vffV",0,0,
555,Fang,Async,50-75,Vaccine Eligibility Updates,Want a COVID vaccine but not in priority groups? This site explains how to sign up for leftover COVID vaccines if a nearby provider has some that need to be used. https://t.co/IokTkK5Jnb,1,1,
556,Fang,Async,50-75,Vaccine Eligibility Updates,"Chicago Tribune: Illinois close to having 70% of residents 65 and older vaccinated, but rising COVID-19 hospitalizations and cases will prevent state from opening up further.
https://t.co/tiwCZThJpx

via @GoogleNews",0,0,
557,Fang,Async,50-75,VaccineRolloutNews,"Students who have not yet received their COVID-19 vaccine but would like to are invited to stop by the vaccination clinic through noon today in the third-floor commons area of the student center.
 
Help keep our campus safe and #VaxEm! https://t.co/WHXaxVT6Bx",1,1,
558,Fang,Async,50-75,VaccineRolloutNews,"Official: Merck to help produce rival J&amp;J’s COVID-19 vaccine

CORONAVIRUS

by: ZEKE MILLER Associated Press

Posted: Mar 2, 2021 / 08:38 AM EST / Updated: Mar 2, 2021 / 08:38 AM EST

https://t.co/USuq9tsF6Y",1,1,
559,Fang,Async,50-75,VaccineTestScience,"Friendly PSA:

If you don’t plan on getting the COVID Vaccine when you can for reasons other than medically appropriate ones, delete yourself from my friends list.",0,0,
560,Fang,Async,50-75,VaccineTestScience,"Studies indicate if you've had pneumonia before you are at more risk to contract COVID-19. Perhaps my having 2 different strains of the pneumonia vaccine has increased my odds against getting covid. A vaccine I discussed with my Dr., not forced by Govt. or blackmailed by society.",0,0,
561,,,,,,,,
562,Fang,Async,75-100,Anger over mask mandates,JUST IN: @duqedu will require all students to be vaccinated against #COVID19 in the fall. https://t.co/KjXVqDPs7L,0,0,
563,Fang,Async,75-100,Anger over mask mandates,"“It’s just a free-for-all:” In a state that imposes no restrictions on where people can get a coronavirus shot, desperate Texans are traveling hours to find one, @MorrisReports writes. #TexasCOVID #COVIDVaccine #vaccine #txlege #pandemiclife #coronavirus https://t.co/ijJy1vKztt",0,0,
564,Fang,Async,75-100,Anger towards COVID Deniers/COVID Deniers Passing Away,Regional Director Kim Tedford talks about #COVID19 vaccines with @JMCSchools teachers today! Still haven’t gotten your COVID-19 vaccine? Stop by our office before 6 p.m. today and get vaccinated! Everyone 12 years and older is eligible. #WeCanDoThis #ThisIsOurShot https://t.co/uZ6JCZYYTg,0,0,
565,Fang,Async,75-100,Anger towards COVID Deniers/COVID Deniers Passing Away,"@J_Luc1o @1marcolopez I hope that you take some time to reflect. This is for your own health, your students, the families you serve and your co-workers at WESD. The vaccine will protect and benefit us all. AZ has the highest COVID-19 infection rate in the world.",1,0,1
566,Fang,Async,75-100,Anti-Biden and Pro-Trump Sentiment,WATCH: Sleepy Joe Biden Struggles To Answer One Questions From Reporter After Receiving Second Dose Of COVID Vaccine [VIDEO] https://t.co/KsQRZU5rH1 https://t.co/6yb7WDlKDz,1,1,
567,Fang,Async,75-100,AntiDemocrat,Decisions are complicate https://t.co/7CWfTukkYj,0,0,
568,Fang,Async,75-100,AntiDemocrat,@LeirWilson @thedailybeast What do you call adverse reactions? And that is US or worldwide? https://t.co/WT4I5bsDwq,0,0,
569,Fang,Async,75-100,AntiRepublican,"Typical #dumpocrats they are terrible with mathematics @JoeBiden another fail. No breakthrough, #Trump was doing this same rate of making vaccines 

https://t.co/T0MfN4Vw9n",1,0,0
570,Fang,Async,75-100,AntiRepublican,Might be Glenn’s pushback against the vaccine mandates and tyrannical COVID restrictions that triggered Chelsea’s public meltdown? That plus her need to maintain credibility with the professional Left types at the Intercept and Democracy Now! https://t.co/XBKsg0Tkoq,0,0,
571,Fang,Async,75-100,AntiTrump,That Covid vaccine commercial is cringey and awkward  AF 🥴,0,0,
572,Fang,Async,75-100,AntiTrump,#PopeFrancis Encourages Covid Vaccines in Media Campaign https://t.co/xiMhXdbJu1,0,0,
573,Fang,Async,75-100,AntiTrump,@ebajek85 Holy moly it is an actual rare side effect for Pfizer... https://t.co/21iM3Ur2HM,0,0,
574,Fang,Async,75-100,Become a Pharmacy Technician Alerts,Community Partners Launching COVID-19 Vaccine Sites for Underserved Populations https://t.co/L7Of1TVPwN via @PRWeb,0,0,
575,Fang,Async,75-100,Become a Pharmacy Technician Alerts,"Covid-19 Vaccine Opportunity this Monday, September 20th from 4-7pm at Jefferson Elementary School. @ Jefferson Elementary https://t.co/FwrxsMWJm4",0,0,
576,Fang,Async,75-100,"Comparing the COVID Vaccine to other Deadly Disease Vaccines(polio,measles)",Tabling for the Community Safety and Health Event....handing out masks hand sanitizer and COVID Vaccine information including a walk-in vaccine clinic....if your in the Bronx stop by!,0,0,
577,Fang,Async,75-100,Comparisons to other virus vaccines,People posting their Covid vaccine cards like a fortnite victory,0,0,
578,Fang,Async,75-100,Comparisons to other virus vaccines,"THANK YOU, SCIENCE! 💚 #Covid_19 #Vaccine #Moderna #Grateful @ Round Rock, Texas https://t.co/GdGyCUifmf",0,0,
579,Fang,Async,75-100,CVS job openings,"ICYMI ➡️ This past weekend, alongside many of our community partners, #ServeYourCityDC/#W6MA successfully kicked off our mass vaccination efforts!

BIG THANK YOU to @JessArnoldTV &amp; @wusa9 for highlighting how #WeKeepUsSafe here in #DC: https://t.co/eFm6kgQn0d https://t.co/gsLRGofDBr https://t.co/viXBYGsiyo",0,0,
580,Fang,Async,75-100,CVS job openings,Just got my first COVID-19 vaccine. Thanks Southern Nevada VA Medical Center! https://t.co/Shmi69J6g5,0,0,
581,Fang,Async,75-100,Discussing vaccines in schools,"So glad I work for the school district I do! USA TODAY: Miami private school won't hire people vaccinated against COVID-19

https://t.co/U7QGdZmOXg",1,1,
582,Fang,Async,75-100,Dispelling misinformation regarding death,CC expect patients to look up to CC  following CDC Covid vaccine guidelines when CC not following CDC ACES GUIDELINES for K12 education that presents students digressed childhood to elderly lifetime health ?,0,1,0
583,Fang,Async,75-100,Dispelling misinformation regarding death,All medicines and vaccines have side affects please consult your physician before scheduling for the Covid 19 vaccine. #CovidVaccine #Covid #Pfizer #Moderna #JohnsonAndJohnson #veterans #Utah #WARNING #labels #share #CDC #VAERS #AmericaFirst #advocacy https://t.co/o6cExaoOgH,0,0,
584,Fang,Async,75-100,FakeNews,Curious how many people who've chosen not to get a COVID vaccine will actually wear masks in public.  Guessing less than 5%?,0,0,
585,Fang,Async,75-100,Family Members Receiving the COVID Vaccine,"COVID vaccine dose #2 is currently circulating in my system and getting antibodies kicked into gear! 

Team @SaintAlsHealth has worked around the clock to ramp up vaccine clinics — thank you to my colleagues who are working extra shifts to get the job done. #LetsEndCOVID https://t.co/IqPlK8lQvM",0,0,
586,Fang,Async,75-100,Family Members Receiving the COVID Vaccine,"For those scheduled to receive the COVID-19 vaccine today at OJC in La Junta, here is a quick visual of where to enter. (Western Ave. is not widely known!) @ Otero County, Colorado https://t.co/d5K74Hyp3R",0,0,
587,Fang,Async,75-100,FightingDisinformation,@MoreHeadCo okay so what will you do? what are you gonna do to prevent spreading covid? what are you gonna do when you or someone you love ends up on a ventilator?? you can’t get the vaccine once you’re at that point. but go ahead and continue to put peoples lives at danger :-),0,0,
588,Fang,Async,75-100,Giving Info about COVID and the Vaccine to Minorities in America,"Join us at 1 pm PST (4 pm EST) today for a Webinar on the COVID-19 Vaccine presented by Dr. Kubi.
#kubimedical #kubiweightloss #weightlossjourney https://t.co/REWpJKwUDE",1,1,
589,Fang,Async,75-100,HopefulPeopleGetVaccinated,@JMom03355725 @billritter7 It’s nothing like mandating a flu shot. The flu vaccine has a 40-60% efficacy while the Covid vaccine is 90% on average. Apples and oranges.,0,1,0
590,Fang,Async,75-100,HopefulPeopleGetVaccinated,"The body bags keep piling up for vaccine deaths. Do they have enough refrigerator trucks? #vaccinedeaths
https://t.co/4SNSHDc9eS",0,0,
591,Fang,Async,75-100,Origin of the vaccine,"#Skepticism about the COVID vaccine 💉 is troubling with a quarter of people indicating they will never take the vaccine. 
#vaccinehesitancy definitely threatens herd immunity which is said to be up to 80% #RAC #healthequity https://t.co/QzhLIhowRP",0,0,
592,Fang,Async,75-100,PandemicNews,Scientific study shows that the COVID-19 vaccine isn’t effective  unless you post it on social media,0,0,
593,Fang,Async,75-100,Positive outcomes of vaccine,"Taking the vaccine is to protect teammates (family, friends, colleagues, public) from getting Covid. https://t.co/C9WFMCn0wW",0,1,0
594,Fang,Async,75-100,Positive outcomes of vaccine,@finneas am I the only one annoyed that with all this good news about the Vaccine for Covid-19  they never mention the person who we have all benefited from because her cells keep growing to this day. Henrietta Lacks is her name. Google her as her story is something amazing.,1,1,
595,Fang,Async,75-100,Pro Trump and against Biden/Obama,Just received my second COVID-19 vaccine 😎🥳🤩 woohoooo! https://t.co/nQ6vfHOVya,0,0,
596,Fang,Async,75-100,Pro Trump and against Biden/Obama,COVID-19 vaccine dose #1 DONE ✅,0,0,
597,Fang,Async,75-100,Proof of Vaccination(vaccine card/passport),B.C. will implement a #vaccine passport for events and activities #canada #kanada #COVID19 https://t.co/VcfyZMBXKp,1,1,
598,Fang,Async,75-100,Reminders of the 2nd vaccine,"Our @TexasChildrens Center for Vaccine Development went to work on coronavirus vaccines in 2010 convinced that after SARS in 2003 there would be a 2nd. Then after 2012 we were convinced there would be a 3rd, so when the covid sequence became available in Jan 2020 we were ready https://t.co/jFWYXSRJDy",0,0,
599,Fang,Async,75-100,Reminders of the 2nd vaccine,Crestwood employees received their COVID-19 vaccine today! Many thanks to Akron Children’s Hospital for sending us their ‘best-of-the-best’- great caring people! https://t.co/a0uh2OcAJV,0,0,
600,Fang,Async,75-100,Vaccine availability,Come down to the Elder Beerman site for the Johnson and Johnson COVID Vaccine. NO LINES!!!,1,1,
601,Fang,Async,75-100,Vaccine availability,Additional COVID-19 vaccine doses on the way as local need increases https://t.co/mKGktCQ1DC,1,1,
602,Fang,Async,75-100,Vaccine Eligibility Updates,@GovRonDeSantis you made two new announcements regarding vaccine distribution on two separate occasions this week. Why doesn’t the state COVID website reflect these new initiatives? Technology does allow for more timely updates. #catchup and maybe reduce confusion.,0,1,0
603,Fang,Async,75-100,Vaccine Eligibility Updates,New online map will help Iowans schedule Covid-19 vaccine shots https://t.co/d0AfIgD5TT,0,1,1
604,Fang,Async,75-100,VaccineAdvocacy,"We about to have more vaccines than Pokemon - ""Novavax reports its COVID-19 vaccine is 96.4% effective against mild, moderate and severe symptoms""  https://t.co/D5nC4Vtq9k",0,1,0
605,Fang,Async,75-100,VaccineRolloutNews,@TheRealWBTC @Cat_Ho There was an article about this trend nationally in today's WSJ: Covid-19 Vaccine Sites Start to Shut Down https://t.co/0mXJ7kbra3,1,1,
606,Fang,Async,75-100,VaccineRolloutNews,"Novavax Reports Its COVID-19 Vaccine is 96% Efficacious, Based on Phase 3 Trial Results 👏🏻👏🏻 https://t.co/H8ddXIk6An",1,1,
607,Fang,Async,75-100,VaccineSideEffects,That covid vaccine got my arm sore af,1,1,
608,Fang,Async,75-100,VaccineTestScience,@BBCWorld The professed person who claims to be following science neglects science. There are many who have already had Covid and high degree of immunity with no reason to get vaccine.,1,1,
609,Fang,Async,75-100,VaccineTestScience,Johnson &amp; Johnson’s Vaccine Offers Strong Protection but Fuels Concern About Variants https://t.co/OjWmGjlPsY,1,1,
610,Fang,Async,75-100,VaccineTestScience,"@LargeMarve @dfreedman7 Experienced a side effect, or experienced an unrelated condition that anti-vaxers insist must have been caused by a vaccine?

Actual research shows the covid shots are very safe. The rhetoric of anti-vaxers doesn't follow facts, though, but rather ideology.",1,1,
611,Fang,Async,75-100,WhereToGetVaccine,"Now offering the FREE*  COVID-19 vaccine at CVS Goleta (5875 Calle Real Goleta CA 93117).@karimhenin 
 #covid19vaccination https://t.co/9mjjJIbV65",1,1,
612,,,,,,,,
613,LACA,Async,0-25,AdvocateForVaccine,"My cousin in Maryland is a doctor and she’s on the news for her COVID vaccine outreach to the local Latino community! Super proud of her!

https://t.co/pXE2agEebF",1,0,0
614,LACA,Async,0-25,anti_vax,It’s easier to get gunshots than vaccine shots in South Florida. 😏  #spewinz #GaryQuote #gary #quote #vaccine #COVID #guns #humor https://t.co/QdfbZ1Ntkt,0,0,
615,LACA,Async,0-25,AntiDemocrat,is this fuckstick TRYING to incite a riot? what the fuck????? https://t.co/B25oyWLUj4,0,0,
616,LACA,Async,0-25,AntiRepublican,@lovegetty1 @megancoyne23 He's known about mandatory covid vaccine for 5 months. he's not leaving because of the vaccine he's leaving because he didn't make the 2 deep on his fourth college.,0,0,
617,LACA,Async,0-25,BlameFauci,"Sometimes I wonder, do Trump supporters feel stupid at times now knowing while he was pushing that COVID was a hoax, he secretly got the vaccine early AND stole their money ? 🤔 like how does he even still have a platform for that scam ???",0,0,
618,LACA,Async,0-25,Criticising_The_President,Who does Megan McCain think she is? Just because she cohosts “The View” doesn’t mean she gets bumped to the front of the Covid Vaccine line. Shameful.,0,0,
619,LACA,Async,0-25,encourage_getting_vax,"While unpleasant, these common side effects are a sign that your body is responding properly to create immunity from the virus that causes #COVID19. Trust the Facts ➡ https://t.co/6nruYkxpUG https://t.co/uiTsjkQibh",1,1,
620,LACA,Async,0-25,Encouraging_getting_the_vaccine,Tried to reach my Dr. 3 days ago and yesterday still no message or phone call back my only guess would be because we got into it at last checkup because I wouldn’t take the COVID vaccine  or any others well if that is the case would be nice to no not just ignored,0,0,
621,LACA,Async,0-25,Experiences_of_vaccine_side_effects,"The weather was too perfect not to get out, but that post Covid vaccine run was no joke! #headache #bodyaches #hopetherunhelps https://t.co/oT0sF7MYie",1,1,
622,LACA,Async,0-25,getting_attention_of_politician,@seanrobinson1e4 Is health insurance on the COVID vaccine lottery prize list,0,0,
623,LACA,Async,0-25,getting_attention_of_politician,"Joan Donovan first pointed out where the microchip conspiracy started back on March 18, 2020. Then we followed  🐇 🕳 

✍️ https://t.co/T8CTibAZoa

📻 https://t.co/QsZUyNeG9h https://t.co/hTZDQ8lNRC",0,0,
624,LACA,Async,0-25,GotVaccinated,"#Hawaii Outlines Plans for COVID Vaccine Passport

https://t.co/foXIDxZh3A via #AFARmedia

[  #IdeaTherapy ]
Evolving with you!

#CoCreativity #MarketingTriage 

#IDEAcatalyst sharing #CultureShifting facts  #TrekkerATLAS  

#TheIDEAcatalyst

#TRAVELengram #DigiBITACORA",0,0,
625,LACA,Async,0-25,Information_about_covid_vaccine_availability_and_appointments,It amazes me how the #Republican #SoundMachine  makes #mask a #freedom rather than #publichealth issue. By doing this thean #accessory to most of the #Covid deaths. #India situation is #tragic . #vaccine will help but population overwhelms the amount of vaccine they can get https://t.co/By4GMeJ0oA,0,0,
626,LACA,Async,0-25,negative_discourse_around_politicians,@KristiNoem @JoeBiden You know what’s un-American? Sitting idly by while an 1/8 of your state gets infected by CoVid worrying about how to disenfranchise transgender men and women while bloviating about an international vaccine passport to travel.,1,1,
627,LACA,Async,0-25,news_about_vax,"More than 500K Americans dead from COVID-19 v. 1 unconfirmed death by a clotting disorder allegedly caused by the J&amp;J vaccine. While any death is tragic, the numbers don’t lie. But lying liars sure will.",1,1,
628,LACA,Async,0-25,news_about_vax,"This and the Covid Pill Vaccine, a vibe https://t.co/WAIcFEAxPE",1,1,
629,LACA,Async,0-25,positive_discourse_around_politicians,"The president from El Salvador provided every kid with a laptop and access to wifi, provided homes/apartments to low income families (he actually had them built) and is giving everyone access to the COVID vaccine... wow",1,1,
630,LACA,Async,0-25,Praising_frontline_healthcare_workers,I am so thankful for Des. I got my second COVID vaccine and I am DYING and have been awake for over 2 hours and she got up with me and massaged my back because my body hurts. 🥺🥺 I’m the luckiest bitch ever,1,0,0
631,LACA,Async,0-25,Praising_frontline_healthcare_workers,"my papaw is 82 and just got his second shot of the covid vaccine and it’s all he can talk about. He keeps saying “you better get it as soon as you can, everyone needs to get it.”

He was way more excited about the vaccine than the super bowl and that man LOVES sports.",0,0,
632,LACA,Async,0-25,Praising_Government_Leadership,@mrsrdc1 @GargoyleVette @LSeabrookWFTV @WFTV @GovRonDeSantis @OrangeCoFL GOP mission accomplished https://t.co/MgwvjPDa3o,1,1,
633,LACA,Async,0-25,Praising_Government_Leadership,@ChipYost Look like you doing it all for your reports. Just saw you do a segment on the Disneyland covid vaccine center and you was driving the van with all the equipment and reporting. You handy to have around 😁 &amp; I’ll be looking forward to your story tomorrow👌🏾,0,0,
634,LACA,Async,0-25,Promoting_covid_related_news_articles,"We're hiring! Temporary Covid-19 Vaccine Clinic Roles Apply: https://t.co/ZmRQZOyk1H Nursingjobs Cedar Rapids, IA",0,0,
635,LACA,Async,0-25,Promoting_covid_related_news_articles,"I was debating which is worse, covid vaccine sleep or menstrual sleep because both equal horrible/weird nights of sleep. Then I discovered the remains of a cookie I apparently tried to sleep eat last night. Ugh. Menstrual Sleep wins this round ....  #dustingcrumbsoff",0,0,
636,LACA,Async,0-25,Providing_resources_to_those_who_are_not_involved_in_the_covid_debate,"@GabSmolders Ideally lose weight/strength train but if that doesn’t happen the way I hoped, I’m also hoping to unplug/read more, get my first tattoo(?), get the COVID vaccine, and fix my teeth with Invisalign this year so that’s something",0,0,
637,LACA,Async,0-25,Providing_resources_to_those_who_are_not_involved_in_the_covid_debate,"From today, May 11, through Saturday, May 15, our @LBHealthDept is providing two general admission tickets to the Aquarium of the Pacific to anyone receiving their first COVID-19 vaccination as an incentive for eligible people to get vaccinated. ➡️https://t.co/a8LlPnBVg6 https://t.co/OjeqZbBkcv",0,0,
638,LACA,Async,0-25,received_vax,"At a vaccine event in #Inglewood and I had to share this. #BestMask I’ve seen yet! #Vaccine #COVID #MaskUp @ Inglewood, California https://t.co/j9qM6Vt6wW",1,1,
639,LACA,Async,0-25,received_vax,Moving back to Texas this weekend thank god I’ve got my vaccine I’ll still wear a mask though don’t worry Covid Warriors 😘,1,1,
640,LACA,Async,0-25,Receiving_first_dose_of_covid_vaccine,Where are my teacher friends!! My friends at my H‑E‑B on Blackhawk just called and asked me to spread the word! They have the COVID vaccine available with spots available Wednesday-Thursday-Friday this week!! Call them if you are interested!!!,0,0,
641,LACA,Async,0-25,Receiving_first_dose_of_covid_vaccine,should i drive to beaumont to get this covid vaccine 😭,1,0,0
642,LACA,Async,0-25,Receiving_second_vaccine_dose,He took a 6 dose anthrax vaccine because of a minute chance of an bio attack. But draws the line at the COVID vaccine. Make it make sense. I won’t even get into the terrible side effects of the anthrax shot. https://t.co/lBwd64uJP8,0,0,
643,LACA,Async,0-25,Receiving_second_vaccine_dose,The 65+ Crowd Is Vaccinated and Ready to Party  https://t.co/RHGwOz54iA,0,0,
644,LACA,Async,0-25,Saying_that_you_can_still_get_covid_if_you_have_the_vaccine,PLEASE EAT BEFORE YOU GET YOUR COVID VACCINE NOT EATING BEFORE IS LIKE IF YOU'RE GETTING A SURGERY OR SOMETHING.,0,0,
645,LACA,Async,0-25,Saying_that_you_can_still_get_covid_if_you_have_the_vaccine,"This is so gross that people would rather risk jail time and thousands in fines with fake vaccine cards instead of just getting a vaccine 

https://t.co/GZkOECwKys",0,0,
646,LACA,Async,0-25,sharing_stories_related_to_covid,"Congratulations @KizzyPhD
#BlackExcellence
#COVID19
https://t.co/tPgtn963U8",1,1,
647,LACA,Async,0-25,sharing_stories_related_to_covid,"A lesson about bringing in volunteers and nonprofits to help during an emergency:
https://t.co/EQxrJqCUff",1,1,
648,LACA,Async,0-25,side_effects_of_vaccine,"#justsaying 🤷‍♂️
COVID-19 vaccine's impact on menstrual cycles needs to be investigated after 30,000 women report changes, says top scientist
https://t.co/FgvJSIkLBU",1,1,
649,LACA,Async,0-25,side_effects_of_vaccine,"@RWMaloneMD Can people who had have anaphylactic reaction to covid get antibodies or something else if vaccine causes anaphylaxis? My throat closed up, couldn’t breathe, gasping for air. I couldn’t speak or get any sound out. Felt like I was dying. It took days for my throat to open up.",1,1,
650,LACA,Async,0-25,Skepticism_over_the_covid_vaccine,"Second Covid vaccine is in the arm! While I'm waiting my 15 minutes, I'm thinking about getting another shot. Should I go with the ""Super Soldier Serum"" or the ""Super Soldier Serum with added Gamma Radiation?"" Decisions, decisions. https://t.co/Ac3fUg68ao",0,0,
651,LACA,Async,0-25,WhereToGetVaccine,"Orange County announces test run for its own COVID-19 vaccine passports

https://t.co/bqHGxkOBj0",0,0,
652,LACA,Async,0-25,Stating_that_the_vaccine_does_not_cause_covid,"This juggernaut of misinformation and straight out lies, has to stop!

FACT CHECK: Does The Pfizer COVID-19 Vaccine Contain Graphene Oxide? #NewsBreak  https://t.co/QsOZryrPeW",0,0,
653,LACA,Async,0-25,vax_reduces_fatality,"@DrKatieRizzone @CDCgov CDC recommends 14 days between the COVID vaccine and other vaccinations. Maybe people are thinking zoster is different because it’s live? But doesn’t seem like the CDC is differentiating.
https://t.co/374U2ttPmy",0,0,
654,LACA,Async,0-25,The_vaccine_does_not_work_because_you_can_still_get_covid,The COVID Vaccine tears ACLs… #changemymind,0,0,
655,LACA,Async,0-25,vax_is_ineffective_or_harmful,"If you aren't following today's anti-vax committee testimony in Ohio regarding how the covid-19 vaccine makes you ""magnetic"", what are you even doing? https://t.co/BzBxWN9zgF",1,1,
656,LACA,Async,0-25,Vaccine_accessibility_and_distribution,"According to my mom, he’s stopped eating and is down to 130lbs (6’0”.) It’s very likely that he’s on his way to being counted among the 615,000 and climbing US Covid-19 deaths, most of which are now vaccine preventable.",0,0,
657,LACA,Async,0-25,vax_approved,"This is very welcome news for a father of a six-year old and a nine-year old!

https://t.co/G90EPznOfa",1,0,0
658,LACA,Async,0-25,VaccineEfficacyDenial,"""There is no causal link between the Oxford-AstraZeneca COVID-19 vaccine and blood clots, according to medical experts""  https://t.co/xtkGIaLXUs",,0,
659,LACA,Async,0-25,vax_appointment_availability,"When a freezer failed at the Jamaica Plain VA Medical Center, 1,900 doses of the Moderna COVID-19 vaccine were compromised.

An investigation is underway to determine why the alarm system on the freezer didn't work. @7News 

https://t.co/qBLlqeIcfq",0,0,
660,LACA,Async,0-25,VaccineKills,@VennyVedivici Yeehaw! Dumb Texans will invest a substance for deworming livestock that they have no idea what’s in it. But refuse to get the science backed covid vaccine because they don’t know what’s in it 😵‍💫.  BYW I live in Texas. 😬,0,0,
661,LACA,Async,0-25,VaccineSymptomReport,Am I sick because of my covid vaccine yesterday or because of the food I ate last night,1,1,
662,LACA,Async,0-25,VaccineRefusal,"NBC News: Trump administration awarded a firm $1.3 billion to make Covid vaccine syringes. Where are the syringes?.
https://t.co/zyMmaABS4h

via @GoogleNews",0,0,
663,,,,,,,,
765,,,,,,,,
766,LACA,Async,75-100,vax_reduces_fatality,"@b_akumbi @NathanMackBrown @Phoenixwmn @JoeBiden The Pfizer Vaccine helps prevent you from contracting Covid-19 (the most life threatening virus in over a century), the vaccine keeps you from getting so sick you need hospitalization (and good luck finding an available bed) &amp; it keeps you from selfishly giving someone else Covid",1,1,
767,LACA,Async,75-100,GotVaccinated,"@jenkatesdc Jen - do you know if any status mentioned at #ACIP of AstraZeneca enrollment of 6-11 yr olds in UK? They indicated last week they were going to do that w US later.

https://t.co/3tNa13plkY",0,0,
768,LACA,Async,75-100,Providing_resources_to_those_who_are_not_involved_in_the_covid_debate,@_RungeKutta @HumphreyPT Here’s some info https://t.co/HaDio7uLOn,1,1,
769,LACA,Async,75-100,VaccineRefusal,"This is a toughhhhh time for proponents of free speech. 
Because yes to free speech but not to saying shit that kills ppl. 
#covid #literacy #extremism #violence #vaccine",0,1,0
770,LACA,Async,75-100,AntiDemocrat,"And unlike what a certain TV news organization said, the Marco Island chiefs have not been suspended *yet*. That’s why it says “to be suspended” on @ndn’s headline. They may very well appear to work tomorrow morning.

MORE here: https://t.co/RM3B2Lp7CM",0,0,
771,LACA,Async,75-100,Experiences_of_vaccine_side_effects,"Of course I’m sick the 1 night I plan a date with my husband. The crappiest part, it feels like the side effects of the covid vaccine. 😣😣

Let’s hope it’s just a normal virus. 🤞🏻🙏🏻",1,1,
772,LACA,Async,75-100,news_about_vax,"May 19 all restrictions lifted on Restaurants, Gyms, Museums, Theaters, Broadway, Retail, Shops, and Offices, with social distancing maintained. Food and beverage curfew lifted as well. Residential gatherings increased to 50. Subway resumes 24/7 service.

https://t.co/keNU2fZLEc",1,1,
773,LACA,Async,75-100,AdvocateForVaccine,"""Shifting our country’s mindset from individual exceptionalism to a communal one will be difficult; transparency and reporting efforts will be necessary to hold ourselves accountable."" ....boom! 
https://t.co/7DNh9Ge82c",1,1,
774,LACA,Async,75-100,vax_appointment_availability,"@TristanReed_ Has it? In some areas, you can get the third shot now. Example, https://t.co/kY4JrbZsUj https://t.co/YqiX07hv26",1,1,
775,LACA,Async,75-100,Receiving_second_vaccine_dose,not a fellow coworker believing that getting the covid vaccine will rewrite your dna and destroy placentask,0,0,
776,LACA,Async,75-100,AntiRepublican,"https://t.co/cQnoH7bZfE

Isn't capitalism great?",0,1,0
777,LACA,Async,75-100,negative_discourse_around_politicians,"@dcexaminer Insanity. Why aren't people rising up in protest against Biden's obscene illegal open border? Whaddawegoingtodo?  Sit on our thumbs while a million illegals are deposited in American cities, towns? Many Covid-infected while Biden issues vaccine, mask mandates for legal residents?",1,1,
778,LACA,Async,75-100,vax_reduces_fatality,"@AfghaniVVhite93 @Mijitalisa @TravisAllen02 Or did someone she doesn’t even know contract COVID and die?!?

Mask up! 😷

I wear a mask because there’s still no vaccine for rampant stupidity.",0,0,
779,LACA,Async,75-100,Receiving_first_dose_of_covid_vaccine,The fact I have to be worried if I will be turned away and deemed unworthy of the Covid Vaccine but they let you make an appointment🤚🏻,0,0,
780,LACA,Async,75-100,BlameFauci,"@FoxNews Maybe if you had tweeted this every day we wouldn't be worrying about masking up again.
https://t.co/u4sKWKhSV8",0,0,
781,LACA,Async,75-100,VaccineSymptomReport,"Total vaccination doses given globally so far:
175,561,807
from 93 locations - data from the Covid-19 vaccine tracker: the global race to vaccinate https://t.co/2vzSDgN7gK via @FinancialTimes",0,0,
782,LACA,Async,75-100,VaccineEfficacyDenial,"Amazon’s offering to help Biden’s vaccine push. There may be a reason why.
 https://t.co/XafC2yq3ie via @politico",0,0,
783,LACA,Async,75-100,Praising_Government_Leadership,"Dear #government, 
the covid vaccine is free, which is cool. Can we make cancer treatment, mental health care and other medical stuff free too?",1,1,
784,LACA,Async,75-100,Skepticism_over_the_covid_vaccine,"Wonder wat DMX thought about the Covid Vaccine?? 🤔 Oh? He might have died from it?? Well, that's interesting 🧐",1,1,
785,LACA,Async,75-100,vax_reduces_fatality,"Melbourne lockdown - Victoria in Australia enters fourth #covid lockdown to curb outbreak; mask wearing mandatory, schools closed, places of #worship &amp; all non-essential venues ( #church ?) to be shut with less than 10% vaccine in #Australia  https://t.co/o8V2pcuMTq",0,0,
786,LACA,Async,75-100,AdvocateForVaccine,The sexiest words ever spoken = “I have my Covid vaccine” https://t.co/MvuPL0Fqj2,1,1,
787,LACA,Async,75-100,Skepticism_over_the_covid_vaccine,"Im a liberal. I hate trump
 I wanted Bernie for president. 
But I'm unvaccinated because Im already unhealthy and if I get sick from the vaccine I'm dead. If I get sick from covid I'm dead. I'm not gonna willingly inject a foreign substances into my body without knowing more",1,1,
788,LACA,Async,75-100,AdvocateForVaccine,"7/  99.99% !!! For Christ sakes. Get your vaccine!!! 

https://t.co/6ar4aKWQye",1,1,
789,LACA,Async,75-100,Praising_Government_Leadership,I got my covid vaccine during my lunch break and of course all my kids wanna hit that ONE spot in all my afternoon sessions🤦🏻‍♀️,0,0,
790,LACA,Async,75-100,VaccineEfficacyDenial,Federal judge upholds Indiana University's COVID-19 vaccine requirement https://t.co/xgNi0V80Em,0,0,
791,LACA,Async,75-100,Information_about_covid_vaccine_availability_and_appointments,It amazes me how the #Republican #SoundMachine  makes #mask a #freedom rather than #publichealth issue. By doing this thean #accessory to most of the #Covid deaths. #India situation is #tragic . #vaccine will help but population overwhelms the amount of vaccine they can get https://t.co/By4GMeJ0oA,0,0,
792,LACA,Async,75-100,vax_is_ineffective_or_harmful,So finally the #Healthcare Industry has found an Apple equivalent business model of selling upgrades. Soon we will be asked to keep ourselves plugged in for updates #OnLighterNote #Covid19Vaccine https://t.co/prGWrUzpWt,0,1,1
793,LACA,Async,75-100,negative_discourse_around_politicians,"@FoxNews Maybe if you had tweeted this every day we wouldn't be worrying about masking up again.
https://t.co/u4sKWKhSV8",1,0,0
794,LACA,Async,75-100,Experiences_of_vaccine_side_effects,@gaijingirl2004 The risk for me for long term impacts of Covid was far greater than the potential risk of long term impacts of the vaccine Basically the odds game for serious consequences from the potential of getting the virus her father higher than potential long term effects from the vaccine.,0,0,
795,LACA,Async,75-100,Saying_that_you_can_still_get_covid_if_you_have_the_vaccine,"I got placed on a list this rising during my school meeting. It was the list of staff that have NOT registered for the free COVID vaccine 💉 from CHOP. 

I will not be participating in this lab experiment, respectively.",0,0,
796,LACA,Async,75-100,anti_vax,"@SCUBA2024 Mike, it's just to prolong this BIG LIE that @JoeBiden and many other's are hiding!  Just look at what there own Chinese allies said at the @WHO!!
https://t.co/V4UqIUAAS3",1,1,
797,LACA,Async,75-100,side_effects_of_vaccine,@Linda280Inspire I have a client who is dealing with something called GBS or CBS and according to medical staff it’s an after effect from having covid or the vaccine. It’s an infection that just pops up and he can barely walk now. I spent a nice bit of time today removing energy from him horrible,1,1,
798,LACA,Async,75-100,WhereToGetVaccine,options.” “The COVID-19 Vaccine Interest Notification List is not only where people receive alerts when they are eligible for vaccination but it’s also used by State-run vaccination sites to contact eligible Rhode Islanders if they have any unused,1,1,
799,LACA,Async,75-100,Receiving_first_dose_of_covid_vaccine,"Jessica Borusky is an art instructor at the University of North Florida.
Today she was able to get the COVID-19 vaccine at the federal location in Jacksonville. @WJXT https://t.co/M6YOhoJj9a",1,1,
800,LACA,Async,75-100,Experiences_of_vaccine_side_effects,"Of course I’m sick the 1 night I plan a date with my husband. The crappiest part, it feels like the side effects of the covid vaccine. 😣😣

Let’s hope it’s just a normal virus. 🤞🏻🙏🏻",1,0,0
801,LACA,Async,75-100,received_vax,"@ericmbudd @BlackGirlTris You may have more luck with Walgreens now, though. According to this story, they’re now willing to shift appointments, which they weren’t when I called. I guess the question is what kind of availability there is. https://t.co/tPt3AXfUae",0,1,0
802,LACA,Async,75-100,Encouraging_getting_the_vaccine,Science has confirmed that period cramps are way worse than Covid vaccine side effects.,0,1,1
803,LACA,Async,75-100,VaccineSymptomReport,Gud murning! Just woke up becuz my arm still hurts from the covid vaccine 😪,1,1,
804,LACA,Async,75-100,anti_vax,Which one will I get first: COVID-19 vaccine or RTX 3080? https://t.co/TNwnMiNSzh,0,0,
805,LACA,Async,75-100,vax_reduces_fatality,@dermiepie we're at way over a million a day the last couple days so seems pretty easy actually https://t.co/7FAfSImbpI https://t.co/lQszD6dJ43,0,0,
806,LACA,Async,75-100,vax_is_ineffective_or_harmful,@ThereGoesTonio there's literally no long term research for any COVID vaccine at all. but studies did note that if u took moderna when it first came out a second outbreak is more likely and plausible,1,1,
807,LACA,Async,75-100,VaccineSymptomReport,my forms for the covid-19 vaccine spell Johnson &amp; Johnson as “Janssen” bc thats how Viet ppl pronounce it https://t.co/SGBQQoUvLz,0,0,
808,LACA,Async,75-100,encourage_getting_vax,"When they offer, take it and be thankful

https://t.co/6EXMcYcSh5",1,1,
809,LACA,Async,75-100,Skepticism_over_the_covid_vaccine,"Facebook Subpoenaed by DC Over COVID-19 Vaccine Misinformation in Drive to Overcome 'Jab Hesitancy'

https://t.co/449VX9luzf",1,0,0
810,LACA,Async,75-100,received_vax,@SpeakerPelosi @IsraeliPM Are the Israel going to help vaccine the Palestine’s from COVID-19? It’s the Jesus Christ thing to do,0,0,
811,LACA,Async,75-100,GotVaccinated,"@ryanstruyk @ErikaAbrahamss2 @ryanstruyk Why  COVID-19 vaccine?
Get Vaccinated
Authorized COVID-19 vaccines can help protect you from COVID-19.
You should get a vaccine when it is available to you.Once you are fully vaccinated, you can start doing  things that you had stopped doing because of the pandemic",0,0,
812,LACA,Async,75-100,VaccineEfficacyDenial,@CoachBon The sample size is the whole world. Over 1 billion have been vaccinated or had covid already. That there is not one case of a reinfected or vaccine infected person documented to have spread Covid asymptomatically is enough to prove life shouldn’t be edited for that possibility,0,0,
813,LACA,Async,75-100,vax_appointment_availability,Just last week people were talking down on a football player not wanting to get the vaccine. Now a coach who has the vaccine...got covid. It's very quiet from the NFL now...,0,0,
814,LACA,Async,75-100,vax_reduces_fatality,"Whitmer asks for more COVID-19 vaccine, wants high schools and sports to go remote https://t.co/Sy3kkT8BBf",0,0,
815,LACA,Async,75-100,Criticising_The_President,So a fun thing happening rn is that I’m 8 months out from my vaccine and I’m pretty sure i caught Covid at work this week,0,0,
816,,,,,,,,
817,LACA,Sync,0-25,CovidConservative,"My mom has severe rheumatoid arthritis. She is already taking Embrell, which lowers her immune system. They want her to take another immunosuppressive medication plus the Covid vaccine. From daughter to mother, it's a NO!!!",0,1,0
818,LACA,Sync,0-25,CovidConservative,"@POTUS Dear President Biden, you have a big job ahead. Here is my list: COVID vaccine distribution, filibuster, expand th court, DC a state. They have no representation. I wish you every success. I'm just a little old lady. I pray for you everyday🇺🇸🗽",,0,0
819,LACA,Sync,0-25,CovidDebunking,"@JasonPuckettTV Hi, Jason. We watch you on our WCNC Charlotte TEGNA station. Just curious: Do employers have a right to require that all their employees receive a COVID-19 vaccine before returning to work in the office?",,0,0
820,LACA,Sync,0-25,CovidDebunking,Keeping seeing sentiments like this that just don’t seem to go along with actual facts  https://t.co/2c2rawCZ8f https://t.co/wGcAtkzGGF,,1,1
821,LACA,Sync,0-25,CovidLiberal,"@fawadchaudhry Hey @asmashirazi what do you like about this pathetic tweet ? 
Instead of making these  PTI jokers accountable you are ""liking"" their insulting tweet against opposition leadership?
What a losers you media Big shots 🤮 are. Ask them about short supplies of covid-19 vaccine in Pak",0,1,0
822,LACA,Sync,0-25,CovidLiberal,"And a year ago, COVID was still very much going and people understood the context of restrictions and PA didn’t have the strict enforcement like CA and NY so 52% of us were pretty on board. 

But the winter lockdown and vaccine rollout, that was when it got old.",0,1,0
823,LACA,Sync,0-25,GetAVaccine,"Tuscaloosa News: Maddox proposes COVID-19 worker bonuses, vaccine incentive payments

https://t.co/wpMtcl7rmq",1,1,0
824,LACA,Sync,0-25,GetAVaccine,The lack of infrastructure for developing and distribution of the Covid vaccine and the deregulation of basic public services in Texas are examples of how laws are passed intended to cut corners for the sake of saving a buck but in the end costs lives.,,0,0
825,LACA,Sync,0-25,GetAVaccine,@KatherineJWu Do you have Clubhouse? We have a debate on COVID vaccine this Saturday night at 9pm ET. Would love to have ur perspectives!,,0,0
826,LACA,Sync,0-25,GoodNewsAboutVaccines,"Hope you are growing your own food. Let me remind you everyday. Plant seeds.🌱
https://t.co/7CAgcsvNbw",,0,0
827,LACA,Sync,0-25,GoodNewsAboutVaccines,"Sources:

https://t.co/e7NnX2Py55

and

https://t.co/SgvdITYc0S",,0,0
828,LACA,Sync,0-25,GotFirstDose,"Big thanks to my 'good friend' @krissproles who told me my first Covid vaccine shot is administered in the buttocks. So, I'm in the exam room with nothing but a t-shirt &amp; socks. Nurse walks in 'mam, this goes in your arm.' MAM? If you see this man approach with caution. #ass https://t.co/vMAyn3gxVL",,1,1
829,LACA,Sync,0-25,GotFirstDose,"I got the second dose of the COVID-19 vaccine about five hours ago. I was told that if I have side effects, this is likely the dose that it would happen with, but honestly, I've only experienced soreness at the injection site. My vaccine administer was much less gentle this",,0,0
830,LACA,Sync,0-25,JudgingUnvaccinated,"Megan McCain said"" Britney Spears is being made to take medication against her will"" I wonder her position on forcing Americans to get a friggin COVID 19 vaccine ?",0,0,1
831,LACA,Sync,0-25,JudgingUnvaccinated,@TCBPubHealth My wife and I both had the Pfizer vaccine in March and April.  We both have Covid so it sounds like the answer is no.,,0,0
832,LACA,Sync,0-25,online_references,As long as you come around for the second shot we good. https://t.co/oxe6IREq1E,1,0,1
833,LACA,Sync,0-25,online_references,"Want to work at Yamhill County? We're hiring in Mcminnville, OR! https://t.co/qkZD42Wz6n Nursingjobs",1,0,1
834,LACA,Sync,0-25,ScrewYouGovernment,"Livid to read about Harris County (Houston, TX) DA @kimoggforda abusing her power by charging a doctor who sensibly and transparently administered 10 quickly expiring vaccine doses rather than allowing them to go to waste. Ogg ought to be censured. https://t.co/KE7LzEvdZX?",,1,1
835,LACA,Sync,0-25,ScrewYouGovernment,Tbh the worst part about getting the covid vaccine is when I was standing in line outside a long black hair from the lady standing next to me drifted over by me and landed on my arm ☹️,,0,0
836,LACA,Sync,0-25,ThankYouDoctors,"The @NFL could care less about their players getting CTE, but has extensive monitoring (and now implicit vaccine requirements) for COVID-19 when their players are at the least risk from the virus.

Tells you quite a bit about what is wrong with our Country!",,0,0
837,LACA,Sync,0-25,ThankYouDoctors,@biostockguru I'll be doing some selling tomorrow. https://t.co/EOO4uVttyU,,0,0
838,LACA,Sync,0-25,ThankYouGovernment,Join the CVS Health team! See our latest job opening here: https://t.co/sVmd8DyQfw #CVSJob #HealthyCareer,,0,0
839,LACA,Sync,0-25,vaccine_efficacy,If you suck uncircumcised penis.. don’t worry about whats in the covid vaccine.,0,0,1
840,LACA,Sync,0-25,vaccine_efficacy,"@krumblin_herb It’s a very serious issue and I’d love to guide you. In addition to my gay uncle’s death, my 3-year-old trans daughter and I narrowly escaped death after we accidentally ate a marijuana on Halloween. The hospital gave us our 17th dose of the Covid vaccine and now we’re good.",1,0,1
841,LACA,Sync,0-25,vaccine_efficacy,Am I crazy for wanted to have a child BEFORE I get the Covid vaccine? Like am I being rational or irrational,,0,0
842,LACA,Sync,0-25,vaccine_first_dose,@DavidHollandMD Nope. I was@on the couch with chills and felt like crap@after my first shingrix.   Took Motrin before my second and no issues.  Nothing with the Pfizer Covid vaccine.,0,0,1
843,LACA,Sync,0-25,vaccine_first_dose,Day after my 2nd Covid vaccine and feeling fine other than a sore left arm to match my sore right arm. (torn rotator cuff). Ray is feeling achy. The staff &amp; organization @ State Farm Stadium (Glendale) impressive. Who says govt can't work?,,0,0
844,LACA,Sync,0-25,vaccine_first_dose,"Featured Covid-19 Vaccine Reports, COVID-19 Vaccine, Moderna COVID-19 Vaccine, Moderna, Vaccine - Sacramento, California - I had mild arryhthmias  year's ""before"" the Moderna vaccine shot.  After... Food Poisoning https://t.co/IIywfx4RTK",,0,0
845,LACA,Sync,0-25,vaccine_get_a_vaccine,"@GeoffGrammer Same here, was surprised I got the notification too... https://t.co/ecSJTMvNBY",,0,0
846,LACA,Sync,0-25,vaccine_get_a_vaccine,I want covid vaccine and two thousand dollar,,1,1
847,LACA,Sync,0-25,vaccine_get_a_vaccine,"Tried to schedule covid vaccine, denied because I have covid. Anyone know how long I need to be ""well"" before I'm eligible?",,1,1
848,LACA,Sync,0-25,vaccine_get_a_vaccine,If y’all haven’t already done so please get your covid vaccine. Cell service has always been spotty in Doak and that extra 5G will go a long way!,,1,1
849,LACA,Sync,0-25,vaccine_politics,"@mtgreenee @GOPLeader What percentage of your constituents need food banks to eat? What are you doing to help your constituents w/food insecurity? What about covid rates &amp; vaccine availability for those who elected you? What are you doing, really, to help GA?? Do you know??",,1,1
850,LACA,Sync,0-25,vaccine_politics,"@VAKruta @DailyCaller Great collection of rappers pissed for at what's going on.
We need to stand strong together
https://t.co/w53cbLudpw",1,1,0
851,LACA,Sync,0-25,vaccine_politics,is this fuckstick TRYING to incite a riot? what the fuck????? https://t.co/B25oyWLUj4,1,1,0
852,LACA,Sync,0-25,vaccine_rollout,The Covid vaccine was worked on for 10 years. It did not start from scratch. My ppl worked on the trials. It was 15 countries working around the clock to get a vaccine. Sites were going up in 72 hrs to get everything straight for the trials. Ppl didn’t sleep for 6 months,,1,1
853,LACA,Sync,0-25,vaccine_rollout,"Sign up below: ⬇️ 

https://t.co/tK8zqCuICs",1,1,0
854,LACA,Sync,0-25,vaccine_rollout,"💉💉💉
Open SmartNews and read ""Sources: US to recommend COVID vaccine boosters at 8 months"" here: https://t.co/NaksvJEIK3 
To read it on the web, tap here: https://t.co/dIXcao4cVC",,0,0
855,LACA,Sync,0-25,vaccine_rollout,"From the Jeffco COVID-19 Unified Command, which I serve as City Council Liaison: most vaccine locations are not operating today due to weather. Update on the call center: Brunos Event team is now managing,  hours have been expanded to M-Sat., 8 am - 8 pm, the number is the same. https://t.co/Y2NeUGFynP",,1,1
856,LACA,Sync,0-25,vaccine_symptoms,"@UncleRico23 @GBDave I don’t know if your wife had covid, but in my experience, we are seeing people get redness at the site of injection. I had Moderna, was swollen and red for almost a week. Took Benadryl it went away. Had my 2nd vaccine on Friday and no issues with swelling/redness. https://t.co/tYEke5ipnM",,1,1
857,LACA,Sync,0-25,vaccine_symptoms,"SATURDAY, MAY 8! We're hosting a day of free COVID-19 vaccinations in @uptown23rd, presented in partnership with @Walgreens Community Pharmacy. 

ALL Oklahomans ages 16 and up are eligible to receive their first or second dose of the Pfizer vaccine at this event. https://t.co/43wcCXZkDY",,0,0
858,LACA,Sync,0-25,VaccineAppointmentAvailable,Federal officials told .@Walgreens to follow their guidance on the timing of the second dose of the .@Pfizer vaccine — three weeks later — after they discovered the company was administering it four weeks later to match the .@Moderna appointment schedule. https://t.co/Sm97xS8nCq,,0,0
859,LACA,Sync,0-25,VaccineAppointmentAvailable,Struggling to schedule my covid vaccine because I’m scared I’ll be too sore the next day to do anything,0,1,0
860,LACA,Sync,0-25,VaccineAppointmentAvailable,Someone on insta really DM’d me talking about Imma unfollow you because I got the covid vaccine,,0,0
861,LACA,Sync,0-25,VaccineConspiracy,"Amazing how they spin this total disaster, came from a bat cave, we can use it to steal an the election and secure future elections, man eaten by alligator but died of Covid, man dies from vaccine but cause ALS, wtf is the truth anymore https://t.co/H0DY4xEr3K",,1,1
862,LACA,Sync,0-25,VaccineConspiracy,"@Kris_thyme @BigFatDramaGirl @PearlsFromMyrna The post was mainly about vaccine but I'll be getting to the antibodies again but for now enjoy this reading.
https://t.co/Iz04XtR4Ci",,0,0
863,LACA,Sync,0-25,VaccineDoesntPreventCovidNegative,"https://t.co/lLBcpcltwV
Why is no one talking about this????",,0,0
864,LACA,Sync,0-25,VaccineDoesntPreventCovidNegative,I’m betting $500000 the next variant will be... #Mu 2 #Mew #Mewtwo #Pokemon #virus #covid #vaccine #Variant https://t.co/GiQ5ddx4C3 https://t.co/UxMKCZFwCq,,0,0
865,LACA,Sync,0-25,VaccineSymptomsNegative,"@PhilCollinsFeed And so forth, I did big sacrifices with the bitcoins worth of$80 Trillions of dollars overthrown theres is an big mysteries ways  that finds in many good ways and the Climate Changes and the COVID'S VACCINE ,too and much more so speechless in myself at all! Goit!",,0,0
866,LACA,Sync,0-25,VaccineSymptomsNegative,"1.4 Covid-19 vaccine doses per 100 in Africa, 32/100/Europe, 49/100/USA.—BBC World Service",,0,0
867,,,,,,,,
868,LACA,Sync,25-50,CovidConservative,"@brianchinino I wish I had a rosier view. But I’d rather people start figuring out NOW how to support music venues/music festivals and their employees through this year since we’re clearly not in a best-case situation with the vaccine rollout, on top of the current COVID spikes everywhere.

☹️",,0,0
869,LACA,Sync,25-50,CovidConservative,US authorities seize more fake COVID vaccine cards sent from China https://t.co/cOGIM5eUJi via @nypost,,0,0
870,LACA,Sync,25-50,CovidDebunking,@ZuFromTheBando @Hgielhsa_B @alf_princessk The unvaccinated can definitely spreading it. Why was the vaccine created for then? Getting vaccinated reduces your changes of getting sick and dying. Your body has a response to defeat the virus sooner which means the virus is in your body less so you spread Covid less.,,1,1
871,LACA,Sync,25-50,CovidDebunking,"@Lovelyirishgirl @Lindsay31712712 @nytimes Because it is not a variant, COVID-19 is real, however so called variants are vaccine reactions, respiratory illnesses such as the flu and bacterial pneumonia as well as asthmatic/allergic reactions from breathing through dyed fabrics and coated paper mask-ALL RELABLED COVID-19",1,1,0
872,LACA,Sync,25-50,CovidLiberal,@thomaskaine5 Somewhat. I'm a covid long hauler now suffering from post covid #PTSD. I had effects from the vaccine (both shots) but I would get the vaccine again in a heartbeat. I still get panic attacks. I wish they would go away. It takes time. Thank God for #therapy,0,1,0
873,LACA,Sync,25-50,CovidLiberal,Montana becomes the first U.S. state to ban vaccine requirements for employees https://t.co/eZINVJiDrp,,0,0
874,LACA,Sync,25-50,CovidLiberal,"The a @Cubs should be ashamed of themselves for having such a low COVID vaccine percentage as a team. The players are in embarrassment to themselves, the organization and the city of Chicago",,1,1
875,LACA,Sync,25-50,GetAVaccine,"Call me crazy but what if the real reason covid is coming back is cause people aren’t vaccinated, and the the vaccine actually works. It’s almost as if the vaccine was designed to help eliminate wide spread. What do I know though I’m just a construction worker 😂",,1,1
876,LACA,Sync,25-50,GetAVaccine,"UNVACCINATED: If you haven’t yet, would you get the COVID-19 vaccine if you were paid $100? #KAKENews",1,0,1
877,LACA,Sync,25-50,GetAVaccine,@jelenawoehr I give covid vaccines. Make sure the people giving the vaccine is aware beforehand of the problem. Have them go to a real clinic and not a pharmacy. If its like mine they will have emergency resources like Epi right there and a place to lie down.,,1,1
878,LACA,Sync,25-50,GoodNewsAboutVaccines,"@Melissa_VA_757 That I'm alive, got my Covid-19 2nd vaccine last Tues, and that things are now finally, though slowly, going back to normal.",,1,1
879,LACA,Sync,25-50,GoodNewsAboutVaccines,Ooo so now hes going off more about covid being a lab created biological weapon and giving the vaccine to persons in nursing homes is equivalent to giving them a euthanasia shot.,,0,0
880,LACA,Sync,25-50,GoodNewsAboutVaccines,@BigReddXcel https://t.co/cyKrs7N7UF      This article does a good job of explaining the statistics uses to calculate vaccine effectiveness.,0,0,1
881,LACA,Sync,25-50,GotFirstDose,Day 1 after receiving the COVID vaccine,,1,1
882,LACA,Sync,25-50,GotFirstDose,So i received my first COVID vaccine shot yesterday... and i feel pretty fine ... my arm is sore but overall I’m straight,,1,1
883,LACA,Sync,25-50,JudgingUnvaccinated,"But, but but: parents remain largely skeptical about vaccinating their children, with just 3 in 10 saying they’d be willing to do so right away. And about a third of respondents said they definitely *won’t* let their child receive the vaccine.

My latest: 
https://t.co/lFFOCEuhvj https://t.co/2YXKQFB1S0",,1,1
884,LACA,Sync,25-50,JudgingUnvaccinated,"@RepBradWenstrup @GOPLeader @GOPDoctors Even though I am fully vaccinated, with two doses of the Pfizer vaccine, I'm keeping mine on for the inbred, brain dead idiots who arent smart enuff to wear a mask! If u don't want to wear a mask, maybe u shud get COVID-19, see how dying feels. I'm not gonna take the chance.",,1,1
885,LACA,Sync,25-50,online_references,"@JediWarrior6 @60Minutes Another bot! Take a read:
https://t.co/eFxXMyATb9  BUH BYE",,1,1
886,LACA,Sync,25-50,ScrewYouGovernment,"@kaeyaversee I'll humor u bc u think I'm not. 
The vaccine has caused 2 deaths in my family. Ages 29 and 54. 
My blood type is O-. If u didn't know its rear. Covid effects for me would be no more then small headache. ""Look it up."" Yes I wear a mask in public. I'm respectfully not risking it.",,0,0
887,LACA,Sync,25-50,ScrewYouGovernment,Niggas saying they rather die of Covid than the vaccine and idk what level of stupid that is but it’s up there,,0,0
888,LACA,Sync,25-50,ScrewYouGovernment,@JoeOnisick @HankYeomans I’m sure the folks who made the COVID vaccine did so without college. 🙄,,0,0
889,LACA,Sync,25-50,ThankYouDoctors,@caughtUHequina @GovMLG I’m Republican and pro vaccine and not a “Covid denier”! Stop the labels and hatred!,,0,0
890,LACA,Sync,25-50,ThankYouDoctors,"Good thought. Those vaccinated can get CoVID but we are less likely to get it and thus spread it. As I understand the science, unvaccinated people would be sick longer, spread it longer, have higher viral loads when sick. Getting a vaccine when you can is our quickest way out. https://t.co/llUSuGfi3q",,0,0
891,LACA,Sync,25-50,ThankYouGovernment,"U.S. President-elect Joe Biden receives COVID-19 vaccine live on television - The Hindu https://t.co/x3uxy8ZmrE 

Was looking Similar from our Chowkidaar to get Sympathy from Fools but unfortunately he also thought not to take risk @AamAadmiParty",,0,0
892,LACA,Sync,25-50,ThankYouGovernment,@CongressmanRaja Hey Congressman! Could you kindly ask the Biden admin to lift the blockade of raw material supply to India for COVID vaccine?,,0,0
893,LACA,Sync,25-50,vaccine_efficacy,You’re weird if you would rather get covid then get the vaccine,0,0,1
894,LACA,Sync,25-50,vaccine_efficacy,"If you can still get Covid after getting the vaccine , why in the fuck are y’all taking the mask off ? Lol",,0,0
895,LACA,Sync,25-50,vaccine_efficacy,"@BlueVotr Yes a 64 yr old brother-in-law, no vaccine, lived in Texas, just moved to Oklahoma for son to attend college, died within 2 weeks of move n OK due  to COVID complications 🥲",0,0,1
896,LACA,Sync,25-50,vaccine_first_dose,I’m so mad cuz my mom and brother got offered the Covid vaccine from their job and they don’t wanna take it 😑,,0,0
897,LACA,Sync,25-50,vaccine_first_dose,"looking like a rat, just got my second covid vaccine though !! i guess there are (some) perks to being immunocompromised 😤 https://t.co/gEI7xQssw7",,0,0
898,LACA,Sync,25-50,vaccine_first_dose,"Dear Ted; 
My Aunt is Fox T.V Followers, but because of her previous pneumonia, asthma and breathing issues placed at high risk, she finally agreed to get the vaccine. She caught pneomia,and was hospitalized at time she also Dx Corvid19.DON""T Die #Ted

 https://t.co/vuCTtHsZxF",,1,1
899,LACA,Sync,25-50,vaccine_get_a_vaccine,never in a million years did i think people would be responding to my snapchat of my covid vaccine &amp; telling me i’m crazy for getting it???? HUH ??? i thought we were all in agreement???? VACCINE = NORMAL LIFE ??? get the vaccine when u can dummies,,1,1
900,LACA,Sync,25-50,vaccine_get_a_vaccine,#InMoments Faith Clark is a pharmacist who is advocating for everyone to get a COVID-19 Vaccine—because her mother died from the coronavirus last year. Watch her story in a few minutes on @SpecNews1RDU. https://t.co/mOismEvUgd,,1,1
901,LACA,Sync,25-50,vaccine_get_a_vaccine,Have a friend or loved one you’re trying to motivate to get the shot? Share this link with them: https://t.co/HcGMh79TNR,,1,1
902,LACA,Sync,25-50,vaccine_politics,I claim a religious exemption to not take the COVID vaccine': Lawyers say those words are not enough https://t.co/Xy1KlnjQQ0,,1,1
903,LACA,Sync,25-50,vaccine_politics,Well vaccine mandates for the work place means I’m one step closer to getting back in the gym again. Sorry if you’re upset about it. But think about how I felt trapped in my apartment for 2 years while people who didn’t take Covid seriously were out doing whatever they wanted.🤷🏻‍♂️,,1,1
904,LACA,Sync,25-50,vaccine_rollout,Another simplified and fun covid vaccine explanation vid https://t.co/Cpg7PxDDU7,,0,0
905,LACA,Sync,25-50,vaccine_rollout,"REMINDER!!! Registration for tomorrow’s vaccine clinic at Cranston East closes in one hour! Sign up by 7pm tonight, and we’ll see you tomorrow for your free covid vaccine! Graduation is in 42 days! @CranstonSchools https://t.co/jrUV12UFM5",,1,1
906,LACA,Sync,25-50,vaccine_rollout,Australia abandons COVID-19 vaccination targets after new advice on AstraZeneca shots https://t.co/x6VBhMTKSC,1,1,0
907,LACA,Sync,25-50,vaccine_symptoms,It’s been 5 days since I got my second shot of the Pfizer vaccine and I still feel like I have a severe hangover. Beats getting Covid and potentially getting permanent damage to my body or dying,,1,1
908,LACA,Sync,25-50,vaccine_symptoms,"💔Teen Dies Days After Getting Pfizer COVID-19 Vaccine, CDC Investigates Case #NewsBreak  https://t.co/7rsZbzaJaq",,1,1
909,LACA,Sync,25-50,VaccineAppointmentAvailable,I’m watching the Cuesta College Board of Trustees meeting. They’re discussing allowing the college president to impose a COVID-19 vaccine requirement. https://t.co/g0j0VV39Dj,,0,0
910,LACA,Sync,25-50,VaccineAppointmentAvailable,"@GiantFood Just got this:
Message last updated: 6:12 PM EST
There are currently no COVID-19 vaccine appointments available. Please check back later. We appreciate your patience as we open as many appointments as possible.",,1,1
911,LACA,Sync,25-50,VaccineAppointmentAvailable,@wacda_law I’d like to know why PWD are not prioritized for the COVID vaccine,,0,0
912,LACA,Sync,25-50,VaccineConspiracy,"🪖The Armor 🪖
⚡Piercing Shell⚡       
✈️The Air Game🛩️ 
🇺🇸Symposium🦅                 💥10,11,12 August🔥
⚠️3 November ⚠️
👺STEAL👹⚖️
LIVE 7PM CT 
@ https://t.co/T3jrh8O8II
Interview with COVID virus &amp; vaccine expert 
Dr. Peter McCullough on how both are 
😷 bio-weapons 💉",,1,1
913,LACA,Sync,25-50,VaccineConspiracy,"Tennessee GOP going straight anti-vaxxer!

“Tennessee Department of Health halts all vaccine outreach to kids – not just for COVID-19, but all diseases – amid pressure from GOP.”

https://t.co/zEcsLSeSGK",,1,1
914,LACA,Sync,25-50,VaccineDoesntPreventCovidNegative,"@Melv_dz That nigga Biden got a flu shot, not a covid vaccine 😂😂😂",,0,0
915,LACA,Sync,25-50,VaccineDoesntPreventCovidNegative,Day two after my partner’s second covid vaccine. No adverse reactions at all. Just a sore arm. 👍🏻,,0,0
916,LACA,Sync,25-50,VaccineSymptomsNegative,"if you just got the vaccine, and take a covid test, will u show up positive",0,1,0
917,LACA,Sync,25-50,VaccineSymptomsNegative,My arm is STIFF where I got the Covid vaccine!,,1,1
918,,,,,,,,
919,LACA,Sync,50-75,CovidConservative,"If our federal partners could pursue authentic gangs, illegals and car jackers with same enthusiasm as collecting fake vax cards New Orleans would be a paradise. Cap Black.
https://t.co/bJmwxzuUmG @ClastonB @TheChadFactor @JamieMariePope",,1,1
920,LACA,Sync,50-75,CovidConservative,@Skepmi @EdanClay @jocowboys87 @GOP Except they were . As part of Warp Speed they received back end production funding while Moderna took their $$ upfront. Don’t low information voters like Sharon know that all Government Contracts are public domain- here is the warp speed Pfizer contract : https://t.co/jYpTuH1VV4,1,1,0
921,LACA,Sync,50-75,CovidConservative,"@eileenr57625763 @GinaChev @MedicalDS @BazingaKatie @chungk1031 Not familiar with that, no. But it seems these same scare tactics are being used to get people to get the vaccine. The oddities surrounding COVID have existed from day one. Schools closed/ heavily reduced on campus attendance, liquor stores/weed dispensaries open…",,1,1
922,LACA,Sync,50-75,CovidDebunking,"@BuddyBoy Great question that I am not 100% sure of the answer for. On the state’s Covid website it says to sign up for the Get Vaccinated Oregon site, but “if you are unable to use the GVO tool, you can also explore the Vaccine Information by County. https://t.co/JauBwZFUXG",,0,0
923,LACA,Sync,50-75,CovidLiberal,"Rooting 4 qualified LG #MandelaBarnes 2 replace whiny Senators from WI. I  can't suffer anymore. Whining about 1/6 family picnic, 3k unverfied post-Covid vaccine deaths in 30 days, yet 🙊 on 400k+ deaths in TFG admin.  Pushing vax, propaganda &amp; conspiracies et al is pathetic. https://t.co/zkBKiSCpnm",1,1,0
924,LACA,Sync,50-75,CovidLiberal,@GovRonDeSantis did you know. That the COVID vaccine WILL make you grow horns..  It does. Trust me. I know more about COVID than anyone.,0,0,1
925,LACA,Sync,50-75,CovidLiberal,"@CongPalazzo Can you tell me if you have has the covid vaccine shot. Also, are you agreeing with Texas on abortions.",0,0,1
926,LACA,Sync,50-75,GetAVaccine,"Looking for a COVID vaccine in SE Texas or SW Louisiana? @Walmart has vaccines available in Beaumont, Liberty, Silsbee and lots in Port Arthur. @kroger has shots in Orange and Sulphur. Get your vaccine before you get COVID.",,1,1
927,LACA,Sync,50-75,GetAVaccine,"Please get the vaccine. 

Remember, monoclonal antibodies are also under EUA. Makes no sense to be OK with that but not the vaccine.

Don’t expect monoclonal antibodies if you’re un/vaccinated and get SEVERE covid-19 pneumonia…. if you’re too sick, you don’t qualify then 😢.",,1,1
928,LACA,Sync,50-75,GetAVaccine,"It you refuse to get a vaccine, you should forfeit your right to healthcare when you get sick with Covid.",,1,1
929,LACA,Sync,50-75,GoodNewsAboutVaccines,NBC Nightly News takes a look at West Virginia and what makes it the leader in COVID-19 vaccine distribution. https://t.co/QSFkeLWC3W,,1,1
930,LACA,Sync,50-75,GoodNewsAboutVaccines,The covid vaccine teaches your body how to create antibodies. Since I had covid and already have antibodies. Does my immune system go full Selena Gomez and say “tell me something I don’t know”???,,0,0
931,LACA,Sync,50-75,GotFirstDose,No better place to get my first dose of the covid vaccine this morning. Hopefully I brought some mojo to the building facing Columbus tomorrow #canes https://t.co/hJddXjlkUf,,1,1
932,LACA,Sync,50-75,GotFirstDose,@newsbreakApp How dare these tourists take away my chance of Covid vaccine? Go home.,,0,0
933,LACA,Sync,50-75,GotFirstDose,Got a COVID-19 vaccine?,,0,0
934,LACA,Sync,50-75,JudgingUnvaccinated,"A message from @HIIndustries to its employees following President Biden’s COVID-19 vaccine mandates.

The company is working on getting unvaccinated employees to meet the new requirements.

The manufacturer employs about 11,500 people in Pascagoula.

@WLOX https://t.co/BxejQss546",,0,0
935,LACA,Sync,50-75,JudgingUnvaccinated,"@covfefe2016c @NancyFe28442406 @drunkenny1 ""Viruses and what not."" (Oh boy.) Learn a lot of information  by reading and watching a lot of good interviews and reports from credible news and  science sites, and participate in a Covid Vaccine trial, and you will know a lot too.",,1,1
936,LACA,Sync,50-75,JudgingUnvaccinated,@Patti5151 @JackPosobiec Not if you already had Covid and have anti bodies. Your immune system is much better than a vaccine we know doesn’t work. I work in healthcare and was recently exposed by a fully vaccinated doctor. I never had symptoms and tested negative.,,0,0
937,LACA,Sync,50-75,online_references,"@The_Jak_Life @Timcast You’re absolutely correct , memes are always on deck. But ya , here ya go … https://t.co/G3MgK8D7Do",,1,1
938,LACA,Sync,50-75,ScrewYouGovernment,"No Vaccine Passports in FL:   ""Ask for proof of COVID vaccine, face a $5,000 fine in Florida""
https://t.co/tzvm2dbXx0",0,1,0
939,LACA,Sync,50-75,ScrewYouGovernment,i can’t wait until this covid shit over bc i’m tired of hearing about what y’all think about the vaccine lol,,0,0
940,LACA,Sync,50-75,ScrewYouGovernment,"Californian dies hours after getting COVID-19 vaccine, prompting probe https://t.co/JuCvxOJPyo via @nypost",,0,0
941,LACA,Sync,50-75,ThankYouDoctors,"@cdcotton Well he is, but at least there will be decorum. At least civility. I am ready for that. I trust him to get the COVID vaccine out faster and without bias.",,0,0
942,LACA,Sync,50-75,ThankYouDoctors,"Because of limited vaccine supply, so far we’re only able to hold mass vaccination events that are *invitation only* for individuals who sign up/pre-register to receive notifications from @CityofSTLDOH.

Sign up to stay informed about future opportunities: https://t.co/fBn6cXPnsE",,0,0
943,LACA,Sync,50-75,ThankYouGovernment,"@ow Right.... like this should be investigated, but pausing rollout in the meantime seems like a real bad show of faith for a vaccine the public is already skeptical of. 

Wonder how many people will die of COVID while we investigate a literally one in a million side effect.",,0,0
944,LACA,Sync,50-75,ThankYouGovernment,@MCPS https://t.co/ce3nueLT26 We’re all MCPS teachers.,,0,0
945,LACA,Sync,50-75,ThankYouGovernment,"Monday to Friday for eight hours a day the Covid 19 vaccine administration at Mountain View Community Center goes burrrr!  

Everyday we’re getting stronger and closer to herd immunity. Keep your guard up!  #togethermv #maskup #getyourshot https://t.co/McPhs8p1Rn",,0,0
946,LACA,Sync,50-75,vaccine_efficacy,"In December of 2020 he tweeted ""I have a very low risk of A) Getting COVID and B) dying of it if I do. Why would I risk getting a heart attack or paralysis by getting the vaccine?"" We have an answer now to question B). https://t.co/JDOvKb6skb",0,0,1
947,LACA,Sync,50-75,vaccine_efficacy,"“But unlike COVID-19, violence against women cannot be stopped with a vaccine. We can only fight it with deep-rooted and sustained efforts”

During this Women’s History Month, we need to commit to do better. https://t.co/F6HTwoWx1N",0,0,1
948,LACA,Sync,50-75,vaccine_efficacy,"@drpatesblog I had someone tell me that the COVID vaccine is not *actually* a vaccine.
I couldn’t find where or why she would say this. 
Thoughts?",0,1,0
949,LACA,Sync,50-75,vaccine_first_dose,first dose of covid vaccine ✅,,1,1
950,LACA,Sync,50-75,vaccine_first_dose,Thank you Mt. Carmel Pharmacy! https://t.co/nU7mN3NbKI,0,1,0
951,LACA,Sync,50-75,vaccine_get_a_vaccine,"@msterrysmith @pattie541 @AvengerResister @GOP Record low unemployment, incredible economy before Covid, fast tracked the vaccine, started no new wars (unlike previous Presidents), first President to support gay marriage from the beginning, reduced the flow of illegal immigrants, made us energy independent…",,0,0
952,LACA,Sync,50-75,vaccine_get_a_vaccine,@Dlt268rt @ItsMrsRabbitToU He told his viewers to basically take the Covid-19 vaccine and to take the pandemic seriously.,1,0,1
953,LACA,Sync,50-75,vaccine_get_a_vaccine,"Hopeful:
Pfizer about to be available for kids 5+ in October
https://t.co/9hzs5yWnoK",,0,0
954,LACA,Sync,50-75,vaccine_politics,Still no covid for me. And never taken a test. Not will I. Vaccine? No fucking chance but y'all feel free to.,,0,0
955,LACA,Sync,50-75,vaccine_politics,"the covid vaccine is the reason the gas prices are going up, because they assume the economy is going to start booming again. would you rather we just don’t have a vaccine and just keep all these businesses closed for the next year just to keep gas prices low?? https://t.co/YFRcD4JJ9Z",,1,1
956,LACA,Sync,50-75,vaccine_rollout,@ASP @ChrisEvans_USA @ChrisEvans @MarkKassen @DonnaShalala I sure hope they get this covid under control soon and get enough vaccines because we need to stop the spread of covid because it is hurting the economy .hopefully joe biden can help .push for more distribution of the vaccine so more people can get it .,1,1,0
957,LACA,Sync,50-75,vaccine_rollout,"Governor admits problems with vaccine rollout in Latino and Black communities
https://t.co/SqbbvqZ5j4",,1,1
958,LACA,Sync,50-75,vaccine_symptoms,this covid vaccine i got from autozone got my body trippin,,1,1
959,LACA,Sync,50-75,vaccine_symptoms,"Covid it makes it that much harder. She got the vaccine, but she felt it in her spine. The nurse had to call a doctor who had to call her surgeon just to make sure she could get it and it still affected her spine. But at least she is safer from covid now. Just all of this sucks",,1,1
960,LACA,Sync,50-75,VaccineAppointmentAvailable,"@narendramodi ji Plz Speak to the voters of India we are waiting to hear from you sir from last few days.  On Covid vaccination. When will we receive our vaccine shots, Also please let us now what are the steps   That Indian Government is taking to speed up the vaccination drive",,0,0
961,LACA,Sync,50-75,VaccineAppointmentAvailable,"Hispanic adults are twice as likely as white adults to say they want a COVID-19 vaccine, but practical problems have prevented many from receiving it. - https://t.co/dYBZatEHaD",,0,0
962,LACA,Sync,50-75,VaccineConspiracy,@realW1GGL3Z @classicmocha @thesmartest1uno @tuxlemons Because the Covid vaccine did not cause over 12k deaths. Only three of the more than 6000 ( not 12K) deaths reported to VAERS have been confirmed to have been from the vaccine. Anyone can report anything to VAERS. All reports have to be investigated.,1,1,0
963,LACA,Sync,50-75,VaccineConspiracy,"I wrote this joke before I got the COVID vaccine:

I took a rapid COVID nasal test &amp; the results were about as clear as an 80’s pregnancy test. Blue line = Negative, Blue AND Red line = Postive, just a Red line = I’m pregnant, Purple line = Twins? Did I get this right?",,0,0
964,LACA,Sync,50-75,VaccineConspiracy,"@CBSNews She wants to make sure her children don't get it...smh
The vaccine isn't 100% you won't catch it even though it will be very mild. Kids can catch there isn't a vaccine for young ones yet. Some children have died from Covid-19",,0,0
965,LACA,Sync,50-75,VaccineDoesntPreventCovidNegative,Why isn’t there a study of the sick COVID vaccinated being done to determine if one vaccine is less effective! Seems like common sense! But nothing about COVID seems like common sense!,,0,0
966,LACA,Sync,50-75,VaccineDoesntPreventCovidNegative,Where’s that video with that cute twink that explains how the Covid vaccine works ?,,0,0
967,LACA,Sync,50-75,VaccineSymptomsNegative,"According to COVID vaccine guidelines, if I gain 8 lbs I am technically obese (BMI 30.1) &amp; thus eligible for group 1B.

Our Rube Goldberg machine of a vaccine distribution program is incentivizing me to get less healthy (Which I will promptly do bc high cholesterol &gt; long COVID).",,0,0
968,LACA,Sync,50-75,VaccineSymptomsNegative,I refuse to date or marry anyone who is anti mask 😷 or anti COVID-19🦠😷 vaccine 💊💉 I'm serious you can't trust someone who won't #MaskUp #staysafe #WearAMask,,0,0
969,,,,,,,,
970,LACA,Sync,75-100,CovidConservative,Millions of people now have the Covid vaccine because of Biden Biden Biden Biden Biden Biden Biden not dumpy Trumpy https://t.co/d7mZW9XGcf,,0,0
971,LACA,Sync,75-100,CovidConservative,"@OctopusHero @Johnny_Dice_ @davenookum @OhioWarRoom @JDVance1 OH MY GOD, that has never been the purpose of the vaccine! It is supposed to keep you from getting horribly ill from COVID and/or dying! How are you all still basing your dumb little “GOTCHA!” points on these made up fucking scenarios? Quit being a petulant child and get the shot",0,0,1
972,LACA,Sync,75-100,CovidDebunking,@shxxxsta @GavinNewsom I don’t need the vaccine...and it’s not even a vaccine. Vaccines ACTUALLY prevent  a disease or virus. The covid shot does not. It’s all bull shit.,1,1,0
973,LACA,Sync,75-100,CovidDebunking,"@BreitbartNews Is the cure worse than the disease?  You suspect it is. I would rather take my chances with vitamin C &amp; Covid-19 than a vaccine. 99.7% of the people who get covid-19 recover.  71% of people who wear masks get Covid.  100% of blood type O, who take vitamin C",,0,0
974,LACA,Sync,75-100,CovidLiberal,https://t.co/yflLBa4kph has the constantly updated global #vaccine story https://t.co/KLF2vWoG3t,,0,0
975,LACA,Sync,75-100,CovidLiberal,"If the United States keeps up with @CherokeeNation, we will continue efficient and effective distribution of the #COVID vaccine. #PublicHealth #CherokeeStrong https://t.co/Eo0TlKRLWS",,1,1
976,LACA,Sync,75-100,GetAVaccine,"I waited an entire year to take this picture. First shots of the Moderna COVID-19 vaccine are done.
Thank you to the team leading the #BlackDoctorsCOVID19Consortium. https://t.co/TIt8fVWMKn",,0,0
977,LACA,Sync,75-100,GetAVaccine,"My mom, who is high-risk and works in a nursing home, got her covid vaccine today 😭",0,1,0
978,LACA,Sync,75-100,GoodNewsAboutVaccines,"This would truly be an incredible outcome of the COVID pandemic if it works. 

A vaccine for cancers? Holy shit. https://t.co/QfT4C9gi3L",,1,1
979,LACA,Sync,75-100,GoodNewsAboutVaccines,"My thought of the evening.... 😂🤣😂
#Covid_19 #CovidVaccine #CovidMemes #CovidVaccination #VaccineHumor #Vaccine @ Tucson, Arizona https://t.co/eM7NDydkQI",0,1,0
980,LACA,Sync,75-100,GotFirstDose,I’m headed to receive my first part covid vaccine 💉  🙏🏿♥️ https://t.co/YRSlaA2ePk,,1,1
981,LACA,Sync,75-100,GotFirstDose,Got my 2nd COVID-19 vaccine today! #Moderna,,0,0
982,LACA,Sync,75-100,JudgingUnvaccinated,"@1Taesmith @broadwaytail I don’t know why there’s even debate about the vaccine. It’s literally 2 shots that reduce your chances of being hospitalized or DYING from COVID by more than 80%. Unless you’re immunocompromised, there’s no excuse. Unvaccinated people are dying. It’s not about “stances”",,1,1
983,LACA,Sync,75-100,JudgingUnvaccinated,"If the vaccine doesn’t prevent you from getting COVID, why tf I would take the vaccine? Stupid ass idea they made up if you ask me",,0,0
984,LACA,Sync,75-100,online_references,Some resources for agencies managing the effective and equitable distribution of COVID-19 Vaccine from @Esri https://t.co/f3B0ZvSEA7 https://t.co/vB8vY593o7,,1,1
985,LACA,Sync,75-100,online_references,"@MargaretAxelrod @Tennessean This is a really interesting study on disparities in vaccine rollout by race and ethnicity.

https://t.co/2xaHy2OyPu via @KFF",,1,1
986,LACA,Sync,75-100,online_references,"Explaining HIPAA: No, it doesn’t ban questions about your vaccination status https://t.co/6QTrEwHFWZ",,1,1
987,LACA,Sync,75-100,ScrewYouGovernment,"@j0rgiiito @abc15 Bullshit. First it was Hydroxychloroquine, now this nonsense.

You want help with Covid? Take the damn Vaccine!  

https://t.co/aDfbJRDYyR",0,1,0
988,LACA,Sync,75-100,ScrewYouGovernment,Trumpy continues to fuck us (we the people) that their is no reserve of covid vaccine. States are in a panic!!  What was promised is one more lie!!,,1,1
989,LACA,Sync,75-100,ScrewYouGovernment,"“BuT iT wAs RuShEd” go get your shot of the fully FDA approved Pfizer covid vaccine &amp; stfu. I swear I don’t want to hear it anymore. If you won’t get it now, then you are just a horrible person who gives zero fucks about others. #Pfizer's COVID-19 #COVID19 #VaccinesWork https://t.co/mwqsABW6G1",,0,0
990,LACA,Sync,75-100,ThankYouDoctors,Thank you to our local #pharmacist John Walker for the #covid_19 #vaccine number 2!! #pandemicheroes #pharmacy #publichealth @ Walgreens https://t.co/ZIzMpcexfa,,1,1
991,LACA,Sync,75-100,ThankYouDoctors,🙈🙈🙈 I am going to be so very happy when we get past Covid eventually lol. Bring on vaccine requirements pleeeease soon. (Also let me get a vaccine soooooon) https://t.co/Dc4njUE4Hy,,0,0
992,LACA,Sync,75-100,ThankYouGovernment,New vaccine mandates by President Biden within the United States. #covid #covid19 #vaccine #usa #america #president #joebiden #biden #todayworld https://t.co/mEPis0zRVR,,1,1
993,LACA,Sync,75-100,ThankYouGovernment,"Thanks @POTUS and NETHealth for our COVID vaccine. One down, one to go!",,1,1
994,LACA,Sync,75-100,ThankYouGovernment,"#ICYMI Watch LA Mayor Eric Garcetti's update on COVID-19 testing infrastructure and the work to distribute the COVID-19 vaccine safely, efficiently, and equitably.

#covidvacccine #COVID19 #losAngeles #communityhealth #equity

https://t.co/WO7JYrTcev",1,1,0
995,LACA,Sync,75-100,vaccine_efficacy,"""FDA says Johnson &amp; Johnson’s single-shot COVID-19 vaccine is safe and effective""  https://t.co/wqqvdfXSbs",,1,1
996,LACA,Sync,75-100,vaccine_efficacy,"@Sandpuppy02 @RepSwalwell People who have had Covid are getting it again and ending up in the hospital. 
The vaccine protects us from the new variants where natural immunity fails.
Get the shot.",,1,1
997,LACA,Sync,75-100,vaccine_first_dose,Very lucky that as someone who is high risk and on the frontlines w/covid testing that I was able to get my first round of the Moderna Covid-19 vaccine! So far so good... will update on any potential side effects for the next 2 days. https://t.co/sVYlv3k84N,,1,1
998,LACA,Sync,75-100,vaccine_first_dose,Getting my first covid vaccine next week and I’m so excited 😊,,1,1
999,LACA,Sync,75-100,vaccine_get_a_vaccine,"My friend lost her husband yesterday to #COVID19 😢 Healthy. Under 50. He left behind triplets in college, and my friend Daria. #VaxUp and protect yourself so you don’t leave loved ones behind #DeltaVariant #covid #vaccine #vaccination #vax https://t.co/JfoYr0hwGG",,1,1
1000,LACA,Sync,75-100,vaccine_get_a_vaccine,@niklander2 COVID Vaccine,,0,0
1001,LACA,Sync,75-100,vaccine_get_a_vaccine,"@OccupyDemocrats @MeidasTouch I am proudly vaccinated. I received the Moderna vaccine on February 5th and March 5th in Citrus Heights, California.

I cannot wait to get the annual influenza vaccine, and, on top of that, a COVID-19 vaccine booster shot, regardless of the vaccine maker.

#NeedThoseBoosterShots",0,1,0
1002,LACA,Sync,75-100,vaccine_politics,@GovMurphy @CDCgov @NJDeptofHealth Guess no confidence in the vaccine if your telling people to mask up vaccinated or not! So the vaccine doesn’t protect anyone from getting Covid than! Your a hypocrite! You want to control everyone! There are vaccines for the flu and people still get sick from the flu!,,1,1
1003,LACA,Sync,75-100,vaccine_politics,"@DemocratChique @contrarymary197 @kylegriffin1 Well one and done, then.

If he’s refusing the vaccine then no more COVID related care at that hospital. 

That should be their penance.",1,1,0
1004,LACA,Sync,75-100,vaccine_politics,Yo #Missouri &amp; @GovParsonMO you might want to be a little more aggressive when encouraging people to vaccinate! This shit isn’t going away! The next variant isn’t playing! Masks are minor. Major lockdowns are next. https://t.co/mjQDR3nMS4,,1,1
1005,LACA,Sync,75-100,vaccine_rollout,Health department launches waiting list for eligible people struggling to get a Covid vaccine https://t.co/JA4pOJK189,,1,1
1006,LACA,Sync,75-100,vaccine_rollout,The world's biggest vaccine producer is running out of Covid-19 vaccines https://t.co/KiYIKSzpdL,,1,1
1007,LACA,Sync,75-100,vaccine_rollout,VACCINE EXPANSION: @JacksonHealth on Tuesday started to offer the #CovidVaccine to people age 55 and older with a specific medical condition. We also learned teachers will be among the next to get the shot. More info at link below... 👇👇👇 https://t.co/Or5S3Huktl,,1,1
1008,LACA,Sync,75-100,vaccine_symptoms,@AllCharisma  just got my second vaccine for covid the worst part of getting a shot like is the sore muscle in the upper arm,,1,1
1009,LACA,Sync,75-100,vaccine_symptoms,"I got my 2nd COVID vaccine yesterday ✌🏻 so far - the most notable symptoms were my arm feeling like dead weight right after i got it, nausea on and off, and this morning: my body feeling like i just worked out 😭 but so far, we are golden",,1,1
1010,LACA,Sync,75-100,vaccine_symptoms,"Got the vaccine Tuesday, tested positive for covid Saturday 😎 perfect. https://t.co/SabJtWbou3",0,1,0
1011,LACA,Sync,75-100,VaccineAppointmentAvailable,"#Illinois moving to phase 1b for the #COVID19 #vaccine distribution on Monday.  #MondayMotivation #frontlineworkers #eldercare 

https://t.co/KrfGTnikQT",0,1,0
1012,LACA,Sync,75-100,VaccineAppointmentAvailable,"CDC: you need this underlying medical condition to qualify for the Covid vaccine
Walgreens to me, a person with that condition: https://t.co/lWO3Qtiat8",0,1,0
1013,LACA,Sync,75-100,VaccineAppointmentAvailable,"""FDA grants emergency use authorization for Johnson &amp; Johnson's COVID-19 vaccine""  https://t.co/5IVVca9qeZ",,0,0
1014,LACA,Sync,75-100,VaccineConspiracy,"@PeterHotez Dr. Hotez, good news, but… how do we, without a COVID passport,  know that the person next to us at the grocery has had a vaccine, and is not just an #antivaxxer and #antimasker? #SeriousQuestion #RealConcern",,0,0
1015,LACA,Sync,75-100,VaccineConspiracy,i love seeing people who have no scientific or medical background having hot takes on covid/vaccine. like baby sit this one out...,1,1,0
1016,LACA,Sync,75-100,VaccineDoesntPreventCovidNegative,"@Bob_Wachter I don’t have your credentials, but I think you are trying to justify your fear. The vaccine protects you much more than has been talked about. So if you are vaccinated and in the company of someone with COVID, you are protected. Breakthrough cases are not a serious risk.",0,1,0
1017,LACA,Sync,75-100,VaccineDoesntPreventCovidNegative,@johnpavlovitz My husband and I also caught Covid despite being fully vaccinated. It only works if everyone that can takes the vaccine. Feel better soon!,1,1,0
1018,LACA,Sync,75-100,VaccineSymptomsNegative,"Millions Are Skipping Their Second Doses of Covid Vaccines https://t.co/3OT8aYl312 Wise up! Prevent yourself from having a miserable,  miserable death! I care about your future, so get your 2nd vaccine.",,0,0
1019,LACA,Sync,75-100,VaccineSymptomsNegative,"Bro they say you’re arm is sore after the covid vaccine but they didn’t say you can’t lift your arm!!! I can’t even lay on my side, it feels like I ran into a metal pole. Blessed to have gotten the shit but fuck man I feel like I got shot🔫",1,1,0
1020,,,,,,,,
1021,LACA,Async_double,25-50,AdvocateForVaccine,Coming out to the Capital #Pride Rally in Freedom Plaza? Well you can also get your free COVID-19 vaccine! #TakeTheShotDC @MayorBowser @DCLGBTQ @_DCHealth https://t.co/9zqEtZ4CtG,,1,1
1022,LACA,Async_double,25-50,anti_vax,"@jbm32753 I'm fine with this...
Not taking shelter during a tornado warning, impacts you.
Not get a flu shot or Covid Vaccine, impacts others.

Not the same thing.",,0,0
1023,LACA,Async_double,25-50,anti_vax,they're trying to force us to get the covid-19 vaccine to be able to attend college. what happened to our body our choice???,,1,1
1024,LACA,Async_double,25-50,AntiDemocrat,"Rapper Nicki Minaj blasts 'dumb a**' Joy Reid for chastising her COVID vaccine hesitancy on MSNBC, rips Reid as hypocritical and 'homophobic' https://t.co/4x5UKofR16",,1,1
1025,LACA,Async_double,25-50,AntiDemocrat,"The government is distracting everyone with #covid &amp; #vaccine headlines so no one is paying attention to #inflation / loss of purchasing power in the dollar so they can continue to get away with printing money

PPI #inflation hotter in August, +8.3% y/y (+0.7% m/m) vs. +8.2% est. https://t.co/06RUgqCCU7",1,1,0
1026,LACA,Async_double,25-50,AntiRepublican,Who does Megan McCain think she is? Just because she cohosts “The View” doesn’t mean she gets bumped to the front of the Covid Vaccine line. Shameful.,,1,1
1027,LACA,Async_double,25-50,AntiRepublican,"@Garner4Senate It's the WORST law ever.  Stop playing politics with the lives of children, elderly and all of Arkansas. May God have mercy on UR health should I get COVID-19 because I want to hear U say, ""I wish we did not take away mask &amp; I took the vaccine."" @TomMarsLaw @AsaHutchinson",,1,1
1028,LACA,Async_double,25-50,BlameFauci,@darksecretplace Trump gave everyone Covid? What planet are they  on? It was China &amp; Trump was the only one who tried to protect us by blocking flights from China and fast tracking the vaccine. These Leftists are pathetic and delusional.,,0,0
1029,LACA,Async_double,25-50,BlameFauci,"Apparently SCOTUS is more considerate for human health in a pandemic than our @JaniceMcGeachin and @chadforidaho

https://t.co/X5u7FkafC6",,0,0
1030,LACA,Async_double,25-50,Criticising_The_President,@TomSlaughter2 @Matttt_007 Except if it’s a covid vaccine,,0,0
1031,LACA,Async_double,25-50,encourage_getting_vax,"…and most of the people I see here in #Mississippi still refuse to wear #masks &amp; take the #covid #vaccine‼️😤
Our #heathcareheros are exhausted❣️ https://t.co/wkJISDuFz6",1,1,0
1032,LACA,Async_double,25-50,Encouraging_getting_the_vaccine,PLEASE wear your mask. Keep your distance. Get your vaccine if you can. Texas is definitely NOT in the clear. I can already feel another COVID surge about to happen.,,1,1
1033,LACA,Async_double,25-50,Experiences_of_vaccine_side_effects,"@mirandacello Fully vaxxed as well. A friend came down with covid despite being vaxxed &amp; I got freaked. Grateful for the vaccine keeping her from getting seriously ill. 

and you should try fishnets &amp; cosets out sometime.
they’re great for those off days.",0,1,0
1034,LACA,Async_double,25-50,Experiences_of_vaccine_side_effects,@VoteDemOutFL @collum_emma @GovRonDeSantis Your side needs always stay mad. Stay the victim. Your cult leaders programmed you that way. Keep the conspiracies while normal America strives to rid of this Covid. Fact. The more people we vaccine the sooner this ends. If Florida City site can reach their maximum doses better.,,0,0
1035,LACA,Async_double,25-50,getting_attention_of_politician,I love that in my country we praise the institute that create our own version of the covid vaccine with a funk music 😌 https://t.co/qn18UzMpxc,,0,0
1036,LACA,Async_double,25-50,getting_attention_of_politician,@amyklobuchar @ChelseaClinton Are children more at risk from adverse effects of the vaccine or COVID-19?,,1,1
1037,LACA,Async_double,25-50,GotVaccinated,"The US is up to 11% of the population that has gotten at least one dose of the vaccine. It's going slower than I'd like, but it's nice to see happy charts again! We're getting there...

https://t.co/gSiWZj5ywc https://t.co/9czB6IIWCi",0,1,0
1038,LACA,Async_double,25-50,GotVaccinated,I spoke with people who got appointments scheduled and vaccinated. They offered some tips on how to get to the front of the line! https://t.co/jytQyrcU2i,0,1,0
1039,LACA,Async_double,25-50,Information_about_covid_vaccine_availability_and_appointments,"If you’re still looking to get a COVID-19 vaccine, the JCPenney clinic at the Fashion Square Mall is offering walk-up doses from 10:00-11:30am &amp; 12:30-2:30pm. They have 300 doses to give out today!",,1,1
1040,LACA,Async_double,25-50,negative_discourse_around_politicians,"JUST IN: A group of Oklahoma parents and the Oklahoma State Medical Association on Thursday filed a lawsuit against Gov. Kevin Stitt and the state legislature over a new, controversial law that prevents schools from requiring masks and COVID-19 vaccine

https://t.co/jKj65eNHGR",1,1,0
1041,LACA,Async_double,25-50,negative_discourse_around_politicians,"@grantstern Looks like a @FreshMarket store. That's almost as stupid as @Publix paying a $100,000 bribe to @GovRonDeSantis for Covid vaccine distribution rights.",,1,1
1042,LACA,Async_double,25-50,news_about_vax,Register now to see 2021's Women of Innovation Finalists - including Covid vaccine research  experts like Pfizer's Laurie Chipperfield - accept their awards at https://t.co/GB69VUwmle.    Presented by https://t.co/K2qhXauT5L in collaboration with https://t.co/nRO1o8gl2g! https://t.co/4gjbwZ9kQL,,1,1
1043,LACA,Async_double,25-50,news_about_vax,"One of the best threads on #vaccine efficacy against #Delta I’ve seen in a long time, as well as a look at why the Israeli study may be an outlier #Covid. Great read 👇🏼 https://t.co/x3axUdZLDf",,1,1
1044,LACA,Async_double,25-50,Praising_frontline_healthcare_workers,@InovaHealth is on the frontlines of the pandemic providing care for the community &amp; innovative solutions for COVID-19 vaccine supply challenges. Check out this @NBCNightlyNews feature about “pooling” doses. This change could provide 400+ more doses daily for Inova’s clinic. *cl https://t.co/DzZIpfYzFR,1,0,1
1045,LACA,Async_double,25-50,Praising_Government_Leadership,"@BBCJonSopel @BorisJohnson ThankU. Keep this issue on the headlines that unscientific bans such as these are only causing harm, COVID tests/vacc/masking and isolation works and will work moving forward. Encourage vaccine passports. #safetravel #travelban #liftthetravelban #LiftTheBidenBan",,1,1
1046,LACA,Async_double,25-50,Promoting_covid_related_news_articles,@GabeTheCentrist So was your mom convinced Covid was fake? Or did she not trust the vaccine?,,0,0
1047,LACA,Async_double,25-50,Promoting_covid_related_news_articles,@SenRubioPress @MarioDB Now there’s a priority in the aftermath of the Trump Insurrection and 390K Americans dead from COVid and a screwed up delivery system for vaccine. Way to stay focused.,,0,0
1048,LACA,Async_double,25-50,Providing_resources_to_those_who_are_not_involved_in_the_covid_debate,"Greatest country in the world?
How come so many with full freedom in America are ignorantly eschewing the vaccine?
Idea: Tell them getting Covid will take ten years off their lives. https://t.co/un5zyehATg",0,0,1
1049,LACA,Async_double,25-50,Providing_resources_to_those_who_are_not_involved_in_the_covid_debate,AHEAD: @HanoverVa needs help from those aged 75 &amp; older and want a COVID-19 vaccine. You need to call the Hanover Call Center at 804-365-3240. Administrator says people aren’t answering their calls and they want to expand access to other priority groups. Details on @NBC12 at 5/6.,,0,0
1050,LACA,Async_double,25-50,received_vax,Proud to say I gave Command Sgt. Maj. Todd Sims his first #covid vaccine yesterday https://t.co/by9xCxZYSp,,1,1
1051,LACA,Async_double,25-50,Receiving_first_dose_of_covid_vaccine,@TArthur114 3 weeks ago Covid vaccine 💉 👊👍I am on 1a group,,1,1
1052,LACA,Async_double,25-50,Receiving_second_vaccine_dose,Headed out for the 2nd dose of the Covid 19 vaccine! Last time I took Cher with me because I “Believe” in life after Covid. Now I am taking Pat Benatar with me so the can “Hit Me With ‘their’ Best Shot!” @ Daybreak https://t.co/Zxyz3negfr,,1,1
1053,LACA,Async_double,25-50,Saying_that_you_can_still_get_covid_if_you_have_the_vaccine,@LKsham22 @fox35orlando So how exactly is DeSantis profiting when even fully vaccinated people are still getting covid? All this is doing is giving anti vaxers another reason to not believe in the vaccine.,,1,1
1054,LACA,Async_double,25-50,sharing_stories_related_to_covid,"A. People pushing Covid Vaccine 
B. Church Staff
C. Both

 “I got an idea. Let’s offer folks free beer, free doughnuts and their name put into a raffle to win a million dollars”",0,1,0
1055,LACA,Async_double,25-50,sharing_stories_related_to_covid,@DreamBi35064054 @LindaYinzer @rick_lebeau @Sarahluvshkey77 Those sugar cubes with the pink liquid were researched much longer than the Covid vaccine.,0,1,0
1056,LACA,Async_double,25-50,side_effects_of_vaccine,"If we being honest COVID messed up a lot of people man, including myself. I experienced it in January and till this day even after I’ve gotten the vaccine…I have my taste back (vaguely) and I can smell but it’s very strange.",0,1,0
1057,LACA,Async_double,25-50,Skepticism_over_the_covid_vaccine,Ugh my brother got the covid vaccine. I was fucking with him about it and he stopped messaging me.,1,0,1
1058,LACA,Async_double,25-50,Skepticism_over_the_covid_vaccine,"Intent to Kill: The Chinese Government Withheld COVID Data, Vaccine Formula From the World https://t.co/pbYh6InFbo",,1,1
1059,LACA,Async_double,25-50,The_vaccine_does_not_work_because_you_can_still_get_covid,"@grd1806 I have zero pity for someone who dies of covid after furst rejecting the vaccine.

Fuck off forever. Into the void with ya.",,0,0
1060,LACA,Async_double,25-50,Vaccine_accessibility_and_distribution,"NEW: Pfizer will seek approval for a ‘kid dosage’ of its Covid-19 vaccine for children as young as 5. So far, its vaccine has been the only one approved for kids as young as 12. https://t.co/seRQdaKxdo",,1,1
1061,LACA,Async_double,25-50,VaccineEfficacyDenial,"@MalindaG53 @Jim_Jordan Pfizer was the first to produce the vaccine, not part of warped trumps delusions. Trump lied about how serious covid is, over and over. Than takes credit for a vaccine.",,0,0
1062,LACA,Async_double,25-50,VaccineKills,State announcement pushes Ventura County residents 65-and-up closer to COVID vaccinations https://t.co/BLwA75Xx2Y via @vcstar Ventura is ignoring the governors direction to prioritize seniors. How many seniors have to die in Ventura Before we get access to the vaccine?,,0,0
1063,LACA,Async_double,25-50,VaccineKills,"After 600,000+ deaths, so called ""prolifer"" @GregAbbott_TX refuses to protect the lives of children who aren't old enough for the vaccine. Abbott you will literally have the blood of children on your hands.
#AbbottFailedTexasAgain #DeltaVariant @GOP 
https://t.co/8AJ18XA3MC",,0,0
1064,LACA,Async_double,25-50,VaccineRefusal,"@MaxBoot @PostOpinions And then you read the "" I refused the vaccine, got Covid and admit I was wrong"" or they died of Covid",1,1,0
1065,LACA,Async_double,25-50,VaccineSymptomReport,@GovTimWalz @TinaSmithMN @WhiteHouse Instead of focusing one what race gets Vaccine why don’t we make sure ALL of us get it. More so Minnesotans w pre existing conditions. #COVIDvaccines #vaccine #COVIDVaccination #Minnesota #COVID #Covid_19 @amyklobuchar,,0,0
1066,LACA,Async_double,25-50,vax_appointment_availability,@andrewpfister I really wish that the only acceptable proof was a digital covid card that can only get created once your name is found in the vaccine db.  There are way to many fake cards on the market right now.,,0,0
1067,LACA,Async_double,25-50,vax_approved,"Dear Jenson, 

Research for the vaccine was started 20 years ago. You may never read this, buy someone will: https://t.co/zmfbS9hYOo https://t.co/9ygD1jZ8rG",,0,0
1068,LACA,Async_double,25-50,vax_is_ineffective_or_harmful,"The COVID vaccine does not make you immune from diabetes and/or obesity, but what do I know? I’m a CoNsPiRaCy ThEoRiSt",0,0,1
1069,LACA,Async_double,25-50,vax_reduces_fatality,5% othe global population has  gotten a vaccine but wealthy counties are getting vaccines 25x faster. All of us in wealthy countries have a responsibility to advocate for vaccine access for all. Together we can make 👇this whole map green #VaccineEquity https://t.co/S48bPnUGWP,,0,0
1070,LACA,Async_double,25-50,WhereToGetVaccine,I was just able to schedule a COVID vaccine in Manhattan for 9am today! Same day appointments!,1,1,0
1071,,,,,,,,
1072,LACA,Async_double,50-75,AdvocateForVaccine,"@KingstonJW @MikeCreef No medical treatment is perfect, but the vaccine is highly effective.

https://t.co/8NPEJFo6fX",,1,1
1073,LACA,Async_double,50-75,AdvocateForVaccine,"As a sickkie girl who catching covid would really effect, getting the vaccine is so fucking exciting.",,1,1
1074,LACA,Async_double,50-75,anti_vax,i am genuinely terrified for my mom to get the covid vaccine... i don’t trust it🥴,,1,1
1075,LACA,Async_double,50-75,AntiDemocrat,So everyone who gets the covid vaccine one of the side effects is that they vote Democrat,,1,1
1076,LACA,Async_double,50-75,AntiDemocrat,"Cubans are not protesting COVID vaccine shortages, they are protesting a shortage of freedom provided to them by the Communists regime that destroyed their nation. Liberals and the media (I know redundant) are incapable of telling the truth! Let freedom ring! https://t.co/vMqkrjx2e4",,1,1
1077,LACA,Async_double,50-75,AntiRepublican,@WAVY_News Biden also suggested Thursday that the military consider adding the COVID-19 vaccine to its list of required vaccinations for servicemembers. Let’s do this shit already @POTUS stop being gunshy it’s creating divide in the military. Mandate it already. Stop the mask bullshit.,0,0,1
1078,LACA,Async_double,50-75,BlameFauci,McMaster calls Biden hypocritical about encouraging Americans to get COVID-19 vaccine https://t.co/8AJH5wLN3x,,0,0
1079,LACA,Async_double,50-75,BlameFauci,Pathological liar or seriously losing what’s left of his mind 🤦🏻‍♀️🤦🏻‍♀️  He literally took the damn Covid vaccine himself before he went into the White House thanks to Trump’s #OperationWarpSpeed! 😂😂😂 #BidenRemorse #BidenRegret https://t.co/H3yhnXOf4b,,0,0
1080,LACA,Async_double,50-75,Criticising_The_President,@CEStephens @LouisianaGov The original sin of this pandemic is the Republcan politicans and media personalities who politicized the COVID vaccine.,,0,0
1081,LACA,Async_double,50-75,Criticising_The_President,@thehill The original sin of this pandemic is the Republcan politicans and media personalities who politicized the COVID vaccine.,,0,0
1082,LACA,Async_double,50-75,encourage_getting_vax,@tedcruz It’s so ridiculous this is a political issue!  Please MAN up and tell your supporters to get the fucking vaccine!!!! It will save lives and get us out of this BS that’s now coming around the second time!!!!!! This is not political!!!  I’m sick of Covid but we all need the VAX!!,,1,1
1083,LACA,Async_double,50-75,encourage_getting_vax,Here’s why the “COVID vaccine” isn’t an actual vaccine https://t.co/nzOx7upi38,,0,0
1084,LACA,Async_double,50-75,Encouraging_getting_the_vaccine,Packed house at Reid Chapel AME this morning for the Johnson &amp; Johnson COVID Vaccine https://t.co/eBAhXMh6u0,0,1,0
1085,LACA,Async_double,50-75,Encouraging_getting_the_vaccine,"I can't stop thinking about how you need to register for your covid vaccine! 
I did it! https://t.co/EHP4RUF0fG",,1,1
1086,LACA,Async_double,50-75,Experiences_of_vaccine_side_effects,I can’t tell if I’m depressed because I hate my life or if it’s part of the covid vaccine symptoms.... https://t.co/Fvp4lXYzh4,,1,1
1087,LACA,Async_double,50-75,getting_attention_of_politician,"My son was the last person in my family to get the vaccine.
@CNN let's not forget how we got here. @POTUS likes to take credit for vaccines in arms. You might hate him, but without #DonaldTrump &amp; his #WarpSpeed program we'd have another 5yrs to wait.
https://t.co/Ebf3nxBPxE https://t.co/bLLD8XTN3f https://t.co/RqA7SNkn3Y",0,1,0
1088,LACA,Async_double,50-75,GotVaccinated,@Northdusk12 I will take any covid vaccine when I can get it,0,1,0
1089,LACA,Async_double,50-75,Information_about_covid_vaccine_availability_and_appointments,"New COVID vaccine appointments available for 99206 at Rite Aid, 12222 East Sprague Avenue, Spokane Valley, WA. Make your appointment at https://t.co/Jgxe9gMBYv",,1,1
1090,LACA,Async_double,50-75,negative_discourse_around_politicians,Arizona Attorney General: COVID-19 Vaccine Mandate for City Employees Is Unconstitutional https://t.co/d45GguLlkR,,0,0
1091,LACA,Async_double,50-75,negative_discourse_around_politicians,@kirstiealley He killed NYC economy and is back tracking now. Boy he can't make up his mind! As I recall he didn't want the Covid vaccine and then changed his little mind.,,1,1
1092,LACA,Async_double,50-75,news_about_vax,@WMUR9 Just got my appt for Covid vaccine today for May 6.,,0,0
1093,LACA,Async_double,50-75,Praising_frontline_healthcare_workers,"Dad got his second dose of the #covid vaccine ON HIS BIRTHDAY!! 🥳🥳 

Wishing a happy birthday to the happiest little vaccine receiver on his special day!! 

#pandemic #birthday #covid19 #vaccine  #navyvet #military https://t.co/TaXo5icMYE",,0,0
1094,LACA,Async_double,50-75,Praising_Government_Leadership,"This is great and easier with J &amp; J’s one dose Covid vaccine. I know of so many people here in NYC who would get vaccinated this way, but won’t through making an appointment https://t.co/jIeX8F6Okd",,0,0
1095,LACA,Async_double,50-75,Promoting_covid_related_news_articles,Here’s a special sneak peak for Paulina’s informative segment on the Covid-19 vaccine! Remember to continue to stay updated on COVID news as this is only the latest information as of 02/05/2021 ! https://t.co/taJ77JiWZ5,,1,1
1096,LACA,Async_double,50-75,Providing_resources_to_those_who_are_not_involved_in_the_covid_debate,"BREAKING: You can now go to any @Mets or @Yankees game (#LGM) to get a COVID-19 vaccine at the stadium and a free ticket to a future game! 

Follow Mr. Met’s lead... don’t forget to wear your mask 😷 https://t.co/0AWmNyKo9M",,0,0
1097,LACA,Async_double,50-75,received_vax,"Received my first Covid vaccination this morning. I'm TERRIFIED of needles, so I asked my #SSPMSpackers for some advice. Walnut, my favorite stuffed animal made the trip with me to make sure I'd be ok. 

Also, it was great seeing so many educators here getting the vaccine. https://t.co/M0E5wvG3zy",,1,1
1098,LACA,Async_double,50-75,received_vax,"My friends and I got the covid vaccine today. even when we’re miles away, we are still doing things together 🥲 @lacruda666 @nancyyymarieee",,1,1
1099,LACA,Async_double,50-75,Receiving_first_dose_of_covid_vaccine,Have you or are you getting the covid 19 vaccine?,0,1,0
1100,LACA,Async_double,50-75,Receiving_second_vaccine_dose,U.S. FDA authorizes COVID-19 vaccine boosters for the immunocompromised https://t.co/byK2ckVz1g,1,1,0
1101,LACA,Async_double,50-75,Receiving_second_vaccine_dose,"I have good news friends.
I was able to schedule my covid-19 vaccine booster just a few minutes ago.

On April 8th, I'll be one step closer to putting this pandemic behind me.

Please get vaccinated.
If not for yourself, do it for me. #HerdImmunity",,1,1
1102,LACA,Async_double,50-75,Saying_that_you_can_still_get_covid_if_you_have_the_vaccine,@GeebiousMaximus @NYGovCuomo Actually the US EEOC has stated that employers may require covid vaccines. https://t.co/Dn7SkgE4es,,0,0
1103,LACA,Async_double,50-75,side_effects_of_vaccine,Tomorrow I get my 2nd Covid vaccine Shot! I’m kid of scared ... I hope I don’t get bad side affects 😩,1,1,0
1104,LACA,Async_double,50-75,Skepticism_over_the_covid_vaccine,"hate to see it, my cousin - very brave desexualized by the covid-19 vaccine. This is exactly what q was warning about https://t.co/HEvxf2Dh5I",,1,1
1105,LACA,Async_double,50-75,Stating_that_the_vaccine_does_not_cause_covid,"I agree with other scientists. I like the term #postvaccinationinfection better then #breakthroughinfection. 
The latter gives the impression that the vaccine doesn’t work. It does. This “infection” is the vaccine downgrading severe COVID disease into an annoying cold!",,1,1
1106,LACA,Async_double,50-75,The_vaccine_does_not_work_because_you_can_still_get_covid,"Rather than using Johnson &amp; Johnson’s 50% efficacious vaccine, why don’t severely impacted COVID-19 patients get treated with hydroxychloroquine, as President Trump had suggested a year ago?  

#MerckDoesntDealInBadQuality..

https://t.co/kguD293FUE.. https://t.co/5569QujaYg",,0,0
1107,LACA,Async_double,50-75,Vaccine_accessibility_and_distribution,Epcot’s COVID vaccine testing lab. 🙃 @ Epcot https://t.co/QLRFp7TJ2q,,0,0
1108,LACA,Async_double,50-75,Vaccine_accessibility_and_distribution,"Everbridge’s COVID-19 Shield™: Vaccine Distribution enables government, healthcare and all types of businesses to protect the health and safety of their constituents, maintain vital communications and roll-out more effective and efficient vaccination... https://t.co/gXmpuD633g",1,1,0
1109,LACA,Async_double,50-75,VaccineEfficacyDenial,"The vaccine deniers who are now suffering from covid, through spoke persons are now regretting that they did not take the vaccine and how they regret spreading their anti vaccine message.",,0,0
1110,LACA,Async_double,50-75,VaccineEfficacyDenial,"@6kidkluever @teresaSOlovely @Duanecia You can be vaccinated and get covid. That’s not the purpose of the vaccine. The vaccine prevents you from dying from covid. Your friends mom should’ve gotten tested when she felt sick, even if she’s vaccinated or not",,0,0
1111,LACA,Async_double,50-75,VaccineKills,The people who make baby oil have a covid vaccine? Im good Johnson and Johnson 🤷🏽‍♂️.... https://t.co/4TzY2iRGKM,0,1,0
1112,LACA,Async_double,50-75,VaccineKills,@thephatic And with the blood clots that come with COVID those anti vaccine men may be faced with erectile dysfunction next. At least they won’t procreate.,0,1,0
1113,LACA,Async_double,50-75,VaccineKills,"@ColumbiaBugle @mattgaetz @RepMattGaetz BRAINWASHED FOOLS! Hey the Golden King and his family all got the vaccine ""in secret"". So his followers wouldn't know as that's admitting that the COVID VIRUS IS NOT A HOAX! It nearly killed the facist Orange leader! He had it really bad. FAKE VIRUS HOAX!!!!",,0,0
1114,LACA,Async_double,50-75,VaccineKills,"Fact check: Are Biden's vaccine mandates 'unlawful'?

https://t.co/qOzQtf81zE
If so, then get rid of the ""mandates"" for Polio, Mumps, Rubella, Smallpox, etc. They kill a lot less people than Covid-19.",,0,0
1115,LACA,Async_double,50-75,VaccineRefusal,If the Pfizer vaccine for covid-19 that is FDA approved hasnt had any hiccups and is safe push the shit out of mandatory vaccinations. Make people want to go back to work by letting the business owners breath so they can hire or increase work by buying the needed stuff they need. https://t.co/sWifNCaEQi,,0,0
1116,LACA,Async_double,50-75,VaccineSymptomReport,"@BabeTruth2 @KenPaxtonTX @SpeakerPelosi Studying an extra COVID-19 vaccine dose in people with autoimmune diseases
https://t.co/fDGqXE9oxi",,0,0
1117,LACA,Async_double,50-75,vax_appointment_availability,"New COVID vaccine appointments available for 07310 at Acme 1083, 125 18Th Street, Jersey City, NJ. Make your appointment at https://t.co/awKQxyEGRC",,1,1
1118,LACA,Async_double,50-75,vax_approved,FDA approved Pfizer Covid Vaccine but will it even matter?,,1,1
1119,LACA,Async_double,50-75,vax_is_ineffective_or_harmful,"A nurse's training didn't protect her from vaccine misinformation. Now, she's one of the victims of Covid-19

https://t.co/Ro3lluzP0J",,0,0
1120,LACA,Async_double,50-75,vax_reduces_fatality,"I had a cousin die from covid this morning and another who is battling. This ish is real! Take the damn vaccine or do something to protect yourself and your loved ones.  
This isn't about politics or conspiracy theories. People are dying and hospital resources are stretched thin.",1,1,0
1121,LACA,Async_double,50-75,WhereToGetVaccine,"Journalists: Does your state not yet allow for y’all to sign up for a COVID-19 vaccine? Have you been trying to find an unused one at the end of the day? Tell me your experience. 

Been getting messages from folks in diff cities and I’d love to hear your experience too.",,0,0