System,Setting,Bucket,Theme,Tweet,anno_1,anno_2,Agree,tiebreak_1,tiebreak_2,,,,,,,,
Fang,Async,0-25,AntiGunBan,"Gas prices skyrocketing. Energy costs up triple digits. Grocery stores running out of basic goods — just in time for the holidays. This is your gift  🎁 from the Democrats — so give it back to them and register Republican! ⤵️

You can dump the Dems in two mins, on your phone ➡️  https://vote.gop/?utm_source=106087. ",0,0,TRUE,,,,,,,,,,
Fang,Async,0-25,AntiGunBan,"ACT NOW: Iowa consumers shouldn’t have their fuel choices dictated by government mandates, but that’s exactly what will happen if HF 2128 passes.",0,0,TRUE,,,,,,,,,,
Fang,Async,0-25,AntiWoke,"Do you know what’s going on in your kid’s school? The three R’s – reading, writing, and arithmetic – have taken a back seat to a fourth R. Max Eden, Senior Fellow at the Manhattan Institute, explains what that fourth R is, and why it’s so destructive.",0,0,TRUE,,,,,,,,,,
Fang,Async,0-25,AntiWoke,"""Faces of those who want to tax your homes""
These are the faces of the people who want to tax grandma and grandpa out of their homes, all because the school employees demand a $22,540,000.00 million dollar pay raise!
These out-of-touch people do not care that families are struggling to pay bills, put food on the table and just survive this financial crisis. 

This entitled, selfish group of educational elitists firmly believes that they have the ""right to tax your homes every 4-5 years and you should just get used to it!"" 

The Taxpayers should just ""shut up"", and as the yes PAC supporters have said publically, which the school board refuses to denounce, telling our Senior  Citizens that they ""should just move out or DIE!""

These are the very people who have ""divided our community into have's and have not."" They have brought hate and intolerance into Bellbrook-Sugarcreek.

This ""cult of hate"" has used personal attacks as a political weapon for the personal destruction of their political opponents all in an effort to hold on to the power they wield over our school district.

These despicable people proudly declared open WAR on every VOTE NO supporters in our community.

On May 4th, VOTE NO, accept their challenge of battle and defeat them at the ballot box, and hand them their 4th levy defeat.

NO MEANS NO!",0,0,TRUE,,,,,,,,,,
Fang,Async,0-25,ProtectEnvironment,Did you know? Drilling an oil well in Illinois typically takes about 4-5 days and directly or indirectly supports 40-50 jobs across 6-10 companies. Completing a well directly or indirectly supports another 20 jobs. Find out more about each step of the drilling process in this IPRB educational video: https://www.youtube.com/watch?v=cHfA4P8MMYc.,0,0,TRUE,,,,,,,,,,
Fang,Async,0-25,ProtectEnvironment,"We have officially opened up applications for our #PowerPastFrackedGas 2021 Partner Grant! 

Now through Friday, July 16 at 11:59 pm PST we are accepting requests for funding from organizations supporting community-led projects that strategize against fracked gas infrastructure and, by extension, environmental racism in all forms. We hope to support the robust organizing landscapes that build our movements and look forward to reviewing your application.

For more information and to apply, visit: https://bit.ly/3gnEnIh. ",0,1,FALSE,0,,,,,,,,,
Fang,Async,0-25,CleanEnergyWorks,"Government-Controlled Power comes with a price tag of $13,500,000,000  – three times Maine’s annual budget. 

Get the facts: www.maineaffordableenergy.org. ",0,0,TRUE,,,,,,,,,,
Fang,Async,0-25,CleanEnergyWorks,"Advocates on all sides agree that HB 2730 both protects and improves private property rights AND ensures critical infrastructure such as roads, electric lines and pipelines can be built. Send an email to your State Rep. urging them to SUPPORT HB 2730: https://p2a.co/0EhkT0k.",0,0,TRUE,,,,,,,,,,
Fang,Async,0-25,ActionAgainstDemSpending,"Most folks probably don’t think of Illinois as major oil and natural gas industry state, but it is. The Illinois Petroleum Resources Board (IPRB) highlights the economic impact the industry makes in the state in a new video, with emphasis on the exploration and production sector of the industry.",0,0,TRUE,,,,,,,,,,
Fang,Async,0-25,ActionAgainstDemSpending,"While trial lawyers try to kill the oil and gas industry, it’s up to us to save our jobs.",0,0,TRUE,,,,,,,,,,
Fang,Async,0-25,IndigenousAndBlackAdvocacy,"#BREAKING: Speaker Announcement! Joining us at CCR Convention 2021... Ambassador Richard Grenell! 🔥 

Amb. Grenell served as Ambassador to Germany and Acting Director of National Intelligence during the Trump Administration. He has been an advocate for many of the Trump admin policies, the MAGA movement, and the need to oust Governor Gavin Newsom! We look forward to him joining us on July 10th. 🇺🇸 Tickets (public can watch on zoom!) 👉 cacollegegop.com/convention

For more background on Ambassador Grenell:

Richard A. Grenell was confirmed by the United States Senate as United States Ambassador to Germany on April 26, 2018 and served until May of 2020. Grenell was appointed Presidential Envoy for Kosovo-Serbia Negotiations in 2019, and as Acting Director of National Intelligence in 2020. Grenell also led the U.S. government’s initiative to Decriminalize Homosexuality in more than 70 countries around the world. 
 
Grenell started his tenure in Berlin by successfully negotiating with German businesses to sever their ties with the Islamic Regime in Iran and getting the German government to accept the return of former Nazi prison guard Jakiw Palij. He also successfully pressured the German government to increase its defense spending, ban Hezbollah in Germany, and shut down the North Korean Youth Hostel in Berlin. Grenell also focused on stopping the Nord Stream 2 Russian gas pipeline, combating anti-Semitism, and growing German companies’ investment in the U.S.     
 
As Acting Director of National Intelligence, Grenell streamlined the intelligence community, implemented $19 million in budget savings, and declassified documents related to the Russian investigation that had been previously unreleased.  
 
Grenell was the longest-serving U.S. Spokesman at the U.N. serving from 2001 to 2008 and advising four U.S. Ambassadors.  In 2004, he was appointed as Alternative Representative to the U.N. Security Council with full voting rights and privileges.   
 
He has served as the primary communications adviser for public officials at the local, state, federal, and international levels.  In 2012, he briefly served as National Security and Foreign Affairs Spokesman for Presidential Candidate Mitt Romney, making him the first openly gay spokesman for a Republican Presidential candidate. Grenell is also the first openly gay U.S. Government Cabinet official. 
 
Grenell previously taught at the University of Southern California's Annenberg School of Communications and is currently a Fellow at Carnegie Mellon University. He received his Master's Degree in Public Administration from Harvard University's John F. Kennedy School of Management and his Bachelor's Degree in Government and Public Administration from Evangel University.",0,0,TRUE,,,,,,,,,,
Fang,Async,0-25,PassBidenAct,Rep. O’Halleran: Investing in clean energy can help tribal communities build back better.,0,0,TRUE,,,,,,,,,,
Fang,Async,0-25,AntiOilPolitician,"Katlyn Mullins is a Mining Engineering student set to graduate from the University of Kentucky in May 2022. She would like to pursue a career within the mining industry, specializing in production. Katlyn is a recipient of the Friends of Coal Scholarship, which has allowed her to pay for classes and housing. When you purchase a Friends of Coal license plate, you are supporting students like Katlyn.",0,0,TRUE,,,,,,,,,,
Fang,Async,0-25,AntiPropertyTax,"Residents of Franklin County are going to want to take advantage of this unique opportunity 👀

For a limited time we are offering $500 cash to eligible households just for switching to natural gas 💵 💵 💵

How do you get your $500?
✅ Click [Learn More]
✅ Review the Coverage Map
✅ Sign up for a free estimate
✅ Receive $500 cash once the conversion is complete

So don't wait, sign up for a free estimate today!",0,0,TRUE,,,,,,,,,,
Fang,Async,0-25,ProUSOilIndustry,"After postponing last year’s show – the first disruption since World War II – because of the COVID-19 pandemic, the Permian Basin International Oil Show will open its gates Oct. 19-21.

https://www.mrt.com/oilreport_specialedition/article/Oil-Show-organizers-ready-welcome-back-industry-16543654.php. ",1,1,TRUE,,,,,,,,,,
Fang,Async,0-25,ProtectRivers,"Your legislator, Representative Alec Garnett, was a champion for Colorado’s rivers this legislative session! That means a stronger economy, better resiliency in the face of climate change, and restoring our rivers. Show your support for our rivers by signing our card today!",1,1,TRUE,,,,,,,,,,
Fang,Async,0-25,TPUSAAd,"TPUSA LIVE is the unfiltered, grassroots alternative to mainstream media. Watch daily shows, live in-studio content from TPUSA HQ and weekly shows covering politics, pop-culture, sports and everything in-between. Tune in every weekday starting at 5 PM ET / 2 PM PT.

Check out today’s show! 

Human Events Daily host Jack Posobiec discusses what the Milwaukee DA said about the Christmas parade murderer, China plans to establish a Naval Base in the Atlantic Ocean, the White House urges Ukraine defense amid Hunter Biden and more!

The TPUSA LIVE team is joined by host, Jon Root, and special guests Morgan Zegers and GETTR Senior VP of Marketing and Global Engagement, Kaelan Dorr who will talk about social media and free speech, big tech collusion, Beijing Olympics and more!

Freedom Papers host Morgan Zegers covers Federalist 8, detailing Alexander Hamilton's continued warning & advice on how best to prevent conflict between states, why and how a union exists & the consequences that hostility can bring.

We will wrap up the show with POPlitics with Alex Clark as she dives into the shocking CIA cover-up, footage of pro-abortion activists outside The Supreme Court, 'Freak of the Week' and more!",1,1,TRUE,,,,,,,,,,
Fang,Async,0-25,EVCharging,"As we enter the summer season, we think of heat, hotdogs and hurricane season. Now is the time to start gearing up for hurricane season. Click here to learn more about how you can get #HurricaneReady: https://gov.texas.gov/hurricane.",0,0,TRUE,,,,,,,,,,
Fang,Async,0-25,OilTheft,"New regulation was recently passed, by the Arizona Corporation Commission, limiting access to solar!

While this is unwelcome news for SunSolar Solutions, and homeowners, there’s still time for most Arizona homeowners to receive their solar estimates, without any hassle!

Unfortunately, information has not yet been released to the public regarding how close 85383 is to reaching its limit, and it could be reached at any time.
 
So don’t miss out! Join over 7,000 of your neighbors that have requested estimates, from SunSolar Solutions, by clicking “Get Quote” today!",0,0,TRUE,,,,,,,,,,
Fang,Async,0-25,pro-2A,"🚨 Sign this petition to tell Nancy Pelosi and Rita Hart for Iowa  to stop their attempt to steal #IA02!

This attempt to overturn a certified election is desperate and should be called out for what it is - a partisan power grab.",0,0,TRUE,,,,,,,,,,
Fang,Async,0-25,donations for climate change,Take action now and oppose higher fuel prices!,0,0,TRUE,,,,,,,,,,
Fang,Async,0-25,solar energy,"Government-Controlled Power comes with a price tag of $13,500,000,000  – three times Maine’s annual budget. And Mainers like you would be stuck with the bill.

Click the link to take our poll: https://bit.ly/34w9wFZ. ",0,0,TRUE,,,,,,,,,,
Fang,Async,0-25,advocating for city level politics,"IS PORTSMOUTH READY FOR ITS FIRST WEEK OF 110-DEGREE DAYS?

We doubt it, but we should be. It’s just a question of when it will happen. We believe addressing climate change should be regarded as an emergency and be a top priority for the next and future councils. And there ARE things we can do as both individuals and a community.

Meanwhile:

This week, Councilors Cliff Lazenby and John Tabor for Portsmouth City Council spearheaded the creation of the Portsmouth Energy Advisory Committee. 

Our Sustainable Practices Blue Ribbon Committee is presenting Project Drawdown in the coming weeks to help citizens understand how they can get involved in what needs to be a community-wide effort.

Councilor Lazenby has spearheaded the city’s interest in https://www.cpcnh.org/, a very exciting new development for communities to increase their own production of renewable energy.

https://oneride.peopleforbikes.org/learn-more. ",0,1,FALSE,1,,,,,,,,,
Fang,Async,0-25,political activism to oppose climate change,"Questions on the May 18 Primary Election Ballot - PLEASE SHARE

When Pennsylvania voters head to the polls on Tuesday, May 18, for the primary election, they will find three questions on the ballot regarding amendments to the state Constitution and one referendum. The first two constitutional questions deal with disaster emergency declarations while the third addresses racial equality. The ballot referendum asks about allowing municipal fire and EMS companies to share access to the existing Fire and Emergency Services Loan Fund with volunteer companies. 

Why Are These Questions Important? 

For more than a year, Pennsylvania has been operating under two long-term disaster emergency declarations imposed by Gov. Tom Wolf. One declaration is related to the opioid epidemic and has been in place for more than three years, while the other was ordered in March 2020 at the start of the pandemic. The governor renewed the COVID-19 declaration for a fourth time in February. 

On Tuesday, May 18, voters will have a say in the duration of future disaster emergency declarations under legislation approved by the General Assembly. Senate Bill 2 proposes to amend the state Constitution regarding disaster declarations in two ways: limiting emergency declarations by a governor to a maximum of 21 days without legislative approval and clarifying that a concurrent resolution terminating or extending a disaster emergency declaration need not be presented to the governor for his signature. 

House Republicans unanimously supported Senate Bill 2 because we believe your voice should be represented at all times, including during states of emergency. Executive powers to declare emergencies are sometimes needed to free up resources for an immediate response to situations such as natural disasters. Disaster emergencies should not be used to circumvent the state Constitution, the separation of powers or – most importantly – the will of the people. 

We voted “yes” because we believe these constitutional amendments would restore the checks and balances that our government was built upon and give power back to the people who elect us to represent their interests. We have given you the choice to determine how you’d like to see disaster declarations handled in the future. 

What You’ll See on the Ballot 

The questions will appear on the May 18 ballot as follows. Voters need to be aware questions one and two were written by the governor’s Department of State using language that is far from impartial. 

Ballot Question #1 

Shall the Pennsylvania Constitution be amended to change existing law and increase the power of the General Assembly to unilaterally terminate or extend a disaster emergency declaration – and the powers of Commonwealth agencies to address the disaster regardless of its severity pursuant to that declaration – through passing a concurrent resolution by simple majority, thereby removing the existing check and balance of presenting a resolution to the Governor for approval or disapproval? 

>> Context for Ballot Question #1 

This proposed amendment comes in response to the governor’s veto of House Resolution 836 of 2020, which would have put an end to the COVID-19 disaster declaration and the governor’s unilateral authority to handle it. While state law authorizes the General Assembly to end disaster declarations with a resolution, the governor insisted – and the court agreed – that resolution was subject to his approval or veto. Under this constitutional amendment, a concurrent resolution terminating or extending a disaster emergency declaration need not be presented to the governor for his signature. 

Ballot Question #2 

Shall the Pennsylvania Constitution be amended to change existing law so that: a disaster emergency declaration will expire automatically after 21 days, regardless of the severity of the emergency, unless the General Assembly takes action to extend the disaster emergency; the Governor may not declare a new disaster emergency to respond to the dangers facing the Commonwealth unless the General Assembly passes a concurrent resolution; the General Assembly enacts new laws for disaster management? 

>> Context for Ballot Question #2 

This proposed amendment comes in response to the TWO extended disaster emergency declarations under which we are currently operating. Under this constitutional amendment, disaster declarations would be limited to no more than 21 days, allowing time for the General Assembly to be called into session and meet possible emergency needs. If a governor believes the declaration should last longer, he or she would have to gain approval of the General Assembly by sharing information and data to prove the need for extending the declaration. Under current law, a governor can declare a disaster emergency for a period of up to 90 days and can renew it as often as he or she likes. 

Several newspapers across the state have written the following editorials on the first two ballot questions. Here are two samples: 

Scranton Times-Tribune – Clarify ballot questions 

Williamsport Sun-Gazette – Fair wording needed for state ballot questions 

Ballot Question #3 (this question is unrelated to emergency declarations)

Shall the Pennsylvania Constitution be amended by adding a new section providing that equality of rights under the law shall not be denied or abridged because of an individual’s race or ethnicity? 

>> Context for Ballot Question #3

If approved by the voters, this amendment would add a new section to Article I of the Pennsylvania Constitution creating a constitutional prohibition against restricting or denying an individual’s equal rights under Pennsylvania law because of race or ethnicity.

Ballot Question #4 (this referendum question is unrelated to emergency declarations)

Do you favor expanding the use of the indebtedness authorized under the referendum for loans to volunteer fire companies, volunteer ambulance services and volunteer rescue squads under 35 pa.c.s. § 7378.1 (relating to referendum for additional indebtedness) to include loans to municipal fire departments or companies that provide services through paid personnel and emergency medical services companies for the purpose of establishing and modernizing facilities to house apparatus equipment, ambulances and rescue vehicles, protective and communications equipment and any other accessory equipment necessary for the proper performance of the duties of the fire companies and emergency medical services companies?

 
>> Context for Ballot Question #4

To strengthen fire and EMS services in Pennsylvania, the General Assembly passed House Bill 1673, which became Act 91 of 2020. The bill contained key provisions including improvements to grant and loan programs for fire companies, new measures to support recruitment and retention of fire personnel and a ballot question to expand the existing “Emergency Services Loan Assistance Fund” to include municipal fire departments. 
 

Who Can Vote on These Ballot Questions? 

All voters will have the opportunity to be heard on these issues at the May 18 primary election. If you are registered as an independent or other third party not typically eligible to vote in the primary election, you are entitled and encouraged to vote on these questions. 

Amending the Constitution is a process reserved entirely for the people of Pennsylvania, not the partisan interests of the governor’s administration. Every amendment to the Pennsylvania Constitution since 1790 has been put before the people for their approval. It is in your hands to determine how your government should function. 

pahousegop.com/voiceofthepeople is the source for this helpful guide.",0,1,FALSE,1,,,,,,,,,
Fang,Async,0-25,criticism of liberal tax policy,Sen. Santarsiero voted to support PA’s participation in a program that would limit pollution and boost economic recovery!,0,0,TRUE,,,,,,,,,,
Fang,Async,0-25,indigenous climate justice,"Weekly Video Outreach by Chairwoman with a conservative lens, The opinions expressed are her own.  This week the sister Socialism & her brother Communism. There are some spots that pause but stay to the end.",0,0,TRUE,,,,,,,,,,
Fang,Async,0-25,promoting legislation against climate change,Rep. Kim wants to strengthen America's economy with millions of good-paying clean energy jobs - to recover now and build for the future.,0,1,FALSE,1,,,,,,,,,
Fang,Async,0-25,pros of wind and solar energy,"The Brennan Center in 2016 found that gerrymandering in Michigan, Ohio and Pennsylvania alone was responsible for giving Republicans an additional 16 to 17 more seats in the House than they would have had with fair maps.",0,0,TRUE,,,,,,,,,,
Fang,Async,0-25,criticism for disfavoring US ONG production,"Join us for an interview with Clay Sell, CEO of X-energy. 

He has a deep professional background across many sectors of the U.S. and international energy industry developed during his service in senior level positions in the private sector and government.

Clay completed a 14-year run in government as Deputy Secretary of Energy in the George W. Bush Administration from 2005-2008.

This interview is part of our interview series for Nuclear Science Week!",0,0,TRUE,,,,,,,,,,
Fang,Async,0-25,kudos for confronting ONG emissions,"The San Juan College School of Energy continues developing new programs to train students for new jobs in natural gas production, and is seeking state grants that were established to train workers transitioning away from jobs in another, dying fossil fuel industry — coal.",0,0,TRUE,,,,,,,,,,
Fang,Async,0-25,IndigenousAndBlackAdvocacy,Weekly video outreach with the Chairwoman. The views expressed are her own with a conservative lens. This week we talk about States' Rights.,0,0,TRUE,,,,,,,,,,
Fang,Async,0-25,access to water and promoting renewable energy,Senator John Hickenlooper & Senator Michael Bennet: Investing in clean energy is investing in Colorado jobs.,1,1,TRUE,,,,,,,,,,
Fang,Async,0-25,discussing problems with school board,"Residents of Chittenden County are going to want to take advantage of this unique opportunity 👀

For a limited time we are offering $500 cash to eligible households just for switching to natural gas 💵 💵 💵

How do you get your $500?
✅ Click [Learn More]
✅ Review the Coverage Map
✅ Sign up for a free estimate
✅ Receive $500 cash once the conversion is complete

So don't wait, sign up for a free estimate today!",0,0,TRUE,,,,,,,,,,
Fang,Async,0-25,promoting news and oped program,"🇺🇸  🇮🇱 Inspired by Scripture (Gen 49 & Deut 33)
Zion Oil & Gas, Inc. (OTCQX: ZNOG) envisions an Israel that is energy independent from onshore oil and gas finds that have been Biblically promised to Israel.",0,0,TRUE,,,,,,,,,,
Fang,Async,0-25,BidenPolicies,Thanks to Joe Biden gas costs over $1 more than it did a year ago.,1,1,TRUE,,,,,,,,,,
Fang,Async,0-25,SaveEnvironment,"Monthly Discussion: “UNITING FOR WORKPLACE PARITY”: How can Employers and Legislators Create Change Together? 
Panelists: CA Assemblymember Dr. Akilah Weber, Former U.S. House Rep Susan Davis, City of Encinitas Mayor Catherine Blakespear, President at Responsible Solutions Lani Lutar. ",0,0,TRUE,,,,,,,,,,
Fang,Async,0-25,AntiLiberalElectionCandidates,Manhattan District Attorney Alvin Bragg is REFUSING to enforce the law. He’s siding with criminals over everyday New Yorkers by downgrading felonies and refusing to prosecute many crimes altogether. Governor Hochul has the power to FIRE DA Bragg for refusing to do his job. Tell her to FIRE him NOW and protect New York families by going to FireAlvinBragg.com.,0,1,FALSE,0,,,,,,,,,
Fang,Async,0-25,RisingEnergyCost,"Eligible DC residents can save hundreds of dollars on electricity, gas, and water bills through an assistance program.",1,1,TRUE,,,,,,,,,,
Fang,Async,0-25,ProRenewableEnergy,"Mountaineer Minute is back with a new season.  We kick off this episode with State Director Jason Huffman, Casey Mattox VP of Legal and Judical Strategy, and Ted Ellis Director of Coalitions for AFP's Federal Goverment Affairs team, as they discuss why Senator Manchin is right to not end the filibuster in the US Senate. To learn more visit: WVvalues.org.",0,0,TRUE,,,,,,,,,,
Fang,Async,0-25,PoliticalLeadershipTraining,"Richmond VA
Political Leadership School

Click here to register

https://www.facl-training.org/schools/events/richmond-va-pls-02oct2021

– How YOU can become effective in politics and make the politicians do what YOU want

STARTS ON Saturday, October 2nd, 2021 - 9:00 AM

Are you respected by politicians?

Unless you are politically feared, you will not be politically respected.

Learn WHY this works…. Learn HOW YOU can be feared AND respected by politicians in the fight for liberty.

This is practical, no-nonsense training built around cutting-edge political strategies and tactics..

If you are ready to DO something to take back power from the politicians and elites for “We The People,” you NEED to attend this class on Saturday, October 2nd, 2021 in Richmond, VA.

This intense one-day training covers:

The Real Nature of Politics - why just ""educating"" people alone won't result in change;
The Biggest Lie in Politics - and how the political class uses your convictions against you;
How to work effectively at the Capitol - getting a bill sponsor and a roll call vote despite the leadership; and
How to put pressure on legislators.
All of our instructors have years of experience putting these principles to work in multiple states.

Many have worked on federal, state and local campaigns, including major presidential campaigns, and successful campaigns for U.S. Senate and Congress. They know what works, and also what has been proven not to work in getting politicians to vote right.

This class will teach you how to turn your passion into effective action to advance liberty.",1,1,TRUE,,,,,,,,,,
Fang,Async,0-25,BioFuelTheft,"Yesterday on August 19, one of our drivers reported #oiltheft at Chute Gates in Terryville, CT, where thieves had broken into this Buffalo Biodiesel vat, cutting off the lock to rob it. We recycle used fryer oil to make sustainable biofuel, but it’s being targeted by interstate organized crime rings. Please report any info to the Plymouth Police Department. 
The Register Citizen Republican American News 12 Connecticut NBC Connecticut WFSB - Channel 3 Eyewitness News Connecticut Public Hartford Courant Record Journal Hour Newsroom. ",1,1,TRUE,,,,,,,,,,
Fang,Async,0-25,ProUSOil,"Trial lawyers are working to cripple LA oil & gas, which will destroy our working coast.",1,1,TRUE,,,,,,,,,,
Fang,Async,0-25,MinorityGroupWomenAdvocacy,"Fairbanks members, don't forget to register for next week's chapter luncheon! Oil Search President Joe Balash will join us at the Westmark Hotel on Wednesday, 12/1, from noon to 1 p.m. for an update on the company's 2021/2022 season. Visit our website to register.",0,0,TRUE,,,,,,,,,,
Fang,Async,0-25,DonationsForProRiverPoliticians,"Your legislator, Representative Dylan Roberts, was a champion for Colorado’s rivers this legislative session! That means a stronger economy, better resiliency in the face of climate change, and protecting our agricultural heritage. Show your support for our rivers by signing our card today!",1,1,TRUE,,,,,,,,,,
Fang,Async,0-25,SupportForBuildBackBetterAct,"The transportation sector is the largest contributor of greenhouse gas emissions in the U.S. We MUST invest in electric vehicles to tackle the climate crisis. 

Luckily, Sen. Brown is fighting for strong provisions to advance electric vehicles while supporting union jobs in the budget reconciliation package. Let’s get this done!",0,1,FALSE,1,,,,,,,,,
Fang,Async,0-25,WaterPollutionAndContamination,Lake Mead provides water for 25 million people. Its water level has dropped 140 feet since 2000.,0,1,FALSE,0,,,,,,,,,
Fang,Async,0-25,ProCleanEnergyPolitician,"Meet Dagan Rash, a mining engineering student at UK! Thanks to people like you purchasing our license plate, he has been able to receive the Friends of Coal Scholarship. 

This scholarship has allowed him to not only receive financial support but also ensures that he will remain dedicated to his studies. After graduation, he is on track to go to grad school, where he will work on his Master's in Mining Engineering and then his MBA. This will allow him to pursue his passion of working as an engineer for a coal company and eventually working his way up to achieve a life-long dream of becoming a CEO.",0,0,TRUE,,,,,,,,,,
Fang,Async,0-25,TPUSALiveAd,"TPUSA LIVE is the unfiltered, grassroots alternative to mainstream media. Watch daily shows, live in-studio content from TPUSA HQ and weekly shows covering politics, pop-culture, sports and everything in-between. Tune in every weekday starting at 5 PM ET / 2 PM PT.

Check out today’s show! 

Human Events Daily host Jack Posobiec discusses President Biden's UN speech, protests breaking out in Australia, & the truth about Afghan refugees coming across the U.S border.

The TPUSA LIVE team talks about Vice President Harris’s address regarding pandemic preparedness, woke corporate culture in today's society, and Netflix’s new Britney Spears documentary coming out soon. 

Benny on the Block host Benny Johnson discusses our border crisis and then watch Real America with Graham Allen as he talks about vaccine mandates for our military, President Biden's foreign relations plans & more. 

Stick around for ""Debate Night"" where Charlie Kirk takes on Leftist, Rashad Richey from the Young Turks debating whether kids should be masked in schools. You don't want to miss that! 

We will wrap up the show with POPlitics with Alex Clark as she dives into Uma Thurman's deepest, darkest secret, Halloween costume ideas, & a Pop-Culture Rewind.",1,1,TRUE,,,,,,,,,,
Fang,Async,0-25,AntiLiberalSpending,The natural gas ban would kill local jobs and hurt Seattle families.,0,0,TRUE,,,,,,,,,,
Fang,Async,0-25,EnergyInfrastructureProjects,"Do you know whose lands you inhabit right now? The United States government has borders and delineations that the average American knows - but that is only one type of map. Check out https://native-land.ca/ where you can search your location, and see who originally inhabited the land you are now on. You can also search by language as well! Whose lands are you on today? Let us know in the comments:

#listentolearn
#nativeamericans
#NODAPL
#indigenoushistory
#nativeamericanroots
#indigenousunited
#indigenouspeople
#SAGE
#SRST
#SAGESRST
#climatejustice
#Renewableenergy
#Windenergy
#SayYestoWind 
#indigenoussovereignty. ",0,0,TRUE,,,,,,,,,,
Fang,Async,25-50,AntiGunBan,"""As a former executive assistant to both Democratic and Republican mayors, the issue around Hydro Quebec is not partisan for me. Rather it is about the environment.” Vote NO on Questions 1.",0,0,TRUE,,,,,,,,,,
Fang,Async,25-50,AntiGunBan,"𝐃𝐨𝐧𝐚𝐭𝐞 𝐭𝐨 𝐩𝐫𝐨𝐭𝐞𝐜𝐭 𝐭𝐡𝐞 𝐃𝐞𝐦𝐨𝐜𝐫𝐚𝐭𝐢𝐜 𝐒𝐞𝐧𝐚𝐭𝐞 𝐌𝐚𝐣𝐨𝐫𝐢𝐭𝐲:
Polling shows this race to defeat Republican Marco Rubio might be our best shot at flipping a seat.
Do you want Mitch McConnell to regain even more power? Take action right now to keep Republicans out of the majority.",0,0,TRUE,,,,,,,,,,
Fang,Async,25-50,AntiWoke,"Breaking News: Bellbrook Swim Coaches wife loses her mind
Meredith Bringner should never hold public office. Watch happens when I start asking Bringner the questions Votes want to know about her, the other candidates she supports, and comments she has made in the past two years about Vote No supporters and myself.

When the questions get too tough, Bringner supporters, in a planned response, start interrupting me, until Mrs. Johnson, flips me off, cusses at me, physically tries to take my phone, hits my hand, and tries to attack me. (It starts at 4:28 on the video)

Could you imagine if I was the one doing this? They would be going crazy.

Both Johnson’s have a history of doing this to me at public events. These people are who you never want in charge of anything.

Did Meredith try and stop Mrs.Johnson? NO.
Did she say anything after Rob Johnson had to drag his crazy out-of-control wife away? No.

The reason is the Johnson’s and the others there trying to stop me were, HER PEOPLE. Her radical supporters.

This was all planned.

Meredith Bringner is the opposite of what has made our community great. She is a radical progressive who will use the power of her office to change Bellbrook into her “woke world view.”

https://youtu.be/wlJnCQhZha0. ",0,0,TRUE,,,,,,,,,,
Fang,Async,25-50,AntiWoke,"""if trouble must come, let it come in my time so that my children can live in peace.""

The time is now for parents to stand up for their God-given rights as American Citizens. No one ever agreed to  ""Co-Parent with this Government or our power-hungry, School board President David Carpenter,  or with our arrogant Million-Dollar Superintendent Doug  Cozad.

When was the teachers union appointed to be put in charge of overseeing/dictating to parents what to was best for their children's health?

Every Parent needs to heed the call to action.

Election Watch 21.",0,1,FALSE,0,,bit of a stretch,,,,,,,
Fang,Async,25-50,ProtectEnvironment,Fracking uses BILLIONS of gallons of drinking water every year in New Mexico. Click here to learn more. #ProtectWater #NMpol.,1,1,TRUE,,,,,,,,,,
Fang,Async,25-50,ProtectEnvironment,Climate change can feel like an insurmountable problem. @[100065014230744:Climate Power] taught me we already have the tools to reduce pollution significantly and create millions of jobs in the process.,1,1,TRUE,,,,,,,,,,
Fang,Async,25-50,CleanEnergyWorks,"Repost @nrdc_org▫️Burning gas to power our homes and buildings is a major contributor to the climate crisis and is making us sick. According to a new study from Harvard University, natural gas emissions—including those from buildings—were responsible for more premature deaths in 2017 than emissions from coal in 19 states. 

Cutting annual emissions of methane gas (aka natural gas) by 45% could potentially prevent about 250,000 deaths a year worldwide from pollution-triggered health problems. 

Since buildings are responsible for *one third* of the methane burned each year, we must focus on eliminating the use of fossil fuels for heating, cooking, and power and replace gas appliances with cleaner alternatives that use electricity. 

This is possible today and states across the country are taking steps to advance an equitable transition to fossil-fuel free buildings. 
⚡️Follow the link in bio to learn more! 

#GoElectric #GasFreeBuildings #HealthyHomes #HealthyBuildings #ClimateAction. ",0,1,FALSE,1,,,,,,,,,
Fang,Async,25-50,CleanEnergyWorks,The efficient transportation provided by pipeline projects like Wink to Webster will help keep Permian oil prices competitive on the world market. Another of the hidden benefits of our underground infrastructure.,0,0,TRUE,,,,,,,,,,
Fang,Async,25-50,ActionAgainstDemSpending,"Since 2015, the oil and natural gas industry has supported over 200,000 jobs right here in Colorado. These jobs strengthen our communities, our futures, and make Colorado more prosperous. Learn more: https://cred.org/tomorrow.",0,0,TRUE,,,,,,,,,,
Fang,Async,25-50,ActionAgainstDemSpending,"Winter weather is right around the corner, and if we've learned anything from our most recent ice storms, it's that Americans need stable natural gas to heat their homes. #EnergyForAll

Unfortunately, left-leaning lawmakers in D.C. want to emulate the nations of Europe that have sworn off fossil fuels despite the damaging economic impacts and trauma felt by those living at or below the poverty line. Increased heating costs pose a real threat for struggling families, and this temporary price inflation could become permanent if those in control of Congress have their way. 

Read more from Petroleum Alliance President Brook Simmons: https://bit.ly/2Z1gXlR. ",0,1,FALSE,1,,,,,,,,,
Fang,Async,25-50,IndigenousAndBlackAdvocacy,"The giving of buffalo hides and robes traditionally represented love, peace and respect; however, when buffalo were exterminated the art of star quilts began. Star quilts feature the morning star which is found in the direction from which spirits travel to earth and is a link between the living and the dead. We chose to include this design on our Iyoha.co merchandise, as a recognition and acknowledgement of our Anpetu Wi, 'Morning Light' wind farm project. 

Learn more: https://iyoha.co/. ",1,1,TRUE,,,,,,,,,,
Fang,Async,25-50,PassBidenAct,"💯💯💯
“President Joe Biden recently called climate change the existential crisis of our time. He’s right. Now let’s act like it.”

Please join MCV in calling on Maine's federal delegation to invest in bold climate solutions, grow clean energy jobs, and make sure communities are not left behind in this transition. TAKE ACTION HERE >>  bit.ly/3hrLJd3. ",1,1,TRUE,,,,,,,,,,
Fang,Async,25-50,AntiOilPolitician,Boston may have just taken one of the biggest steps of any major city in the country toward reducing its greenhouse gas emissions. Learn more:.,0,0,TRUE,,,,,,,,,,
Fang,Async,25-50,AntiPropertyTax,"Read the latest breaking news.
Next thing is the teachers union will want to tax our homes 🏡 to bail out their bad financial decisions.

Just like the  Bellbrook- Sugarcreek union is demanding the community pass this unbelievable, $22,540,000.00 property tax levy,  to cover their lavish wages, Cadillac benefits, bonuses, pensions, and Pickups. 

Please join the Bellbrook-Sugarcreek Property Tax Revolt of 2021. Be a good neighbor and VOTE NO, for the 4th time on May 4th!

NO MEANS NO!

https://www.daytondailynews.com/local/teachers-pension-fund-loses-525m-on-panda-power-deal/C4ZMA4GUWVHIZH6QV4NJGGC6UI/. ",1,1,TRUE,,,,,,,,,,
Fang,Async,25-50,ProUSOilIndustry,"President Biden urges OPEC to raise output, and the American oil industry is not pleased. ""You'd think the first place you would go would be American producers, rather than OPEC, which literally held this country hostage for decades because they were our top supplier,"" API President Mike Sommers told CNN Business.

https://www.cnn.com/2021/08/13/business/gas-prices-biden-opec/index.html. ",1,1,TRUE,,,,,,,,,,
Fang,Async,25-50,ProtectRivers,"Your legislator, Representative Kerry TIpper, was a champion for Colorado’s rivers this legislative session! That means a stronger economy, better resiliency in the face of climate change, and restoring our rivers. Show your support for our rivers by signing our card today!",1,1,TRUE,,,,,,,,,,
Fang,Async,25-50,TPUSAAd,"TPUSA LIVE is the unfiltered, grassroots alternative to mainstream media. Watch daily shows, live in-studio content from TPUSA HQ and weekly shows covering politics, pop-culture, sports and everything in-between. Tune in every weekday starting at 5 PM ET / 2 PM PT.

Check out today’s show! 

Human Events Daily host Jack Posobiec discusses Dr. Fauci funding experiments on live puppies, details about Alec Baldwin’s on set shooting, racial audits within Citigroup bank and more! 

The TPUSA LIVE team is joined by host, Jon Root, and special guests Adrienne Ferguson, Savannah Craven, Dr. Sean Oschenbein, and Dylan Lindberg who will talk about first responders, Kyrie Irving, #BeagleGate and more!

Freedom Papers host Morgan Zegers sits down with Congressman Gosar as they discuss Federalist 29, issues of state militias, standing armies, and more!

We will wrap up the show with POPlitics with Alex Clark as she dives into the Alec Baldwin shooting, potty mouth politics, Ricky Gervais slamming woke culture AGAIN, and more!",1,1,TRUE,,,,,,,,,,
Fang,Async,25-50,EVCharging,"As we enter the summer season, we think of heat, hotdogs and hurricane season. Now is the time to start gearing up for hurricane season. Click here to learn more about how you can get #HurricaneReady: https://gov.texas.gov/hurricane.",0,0,TRUE,,,,,,,,,,
Fang,Async,25-50,OilTheft,"Our driver also reported another #oiltheft on August 20, at Two Brothers Pizza in Laurys Station, PA, where this Buffalo Biodiesel vat had been broken into and robbed, the lock and lockbar torn out. Buffalo Biodiesel recycles the used cooking oil to make environmentally sustainable biofuel—instead, it’s being targeted by organized crime rings across state lines. Please report any relevant information to PA State Police and help us stop these criminals. 
WFMZ lehighvalleylive.com The Morning Call The West End Reporter Pocono Record Times News Lehighton The Valley Ledger. ",1,1,TRUE,,,,,,,,,,
Fang,Async,25-50,pro-2A,"Will you chip in $25 to support re:power alumni like, Baltimore City Council Member Kristerfer Burnett? Re:power’s Progressive Governance Academy gives progressive elected officials space to develop and develop leadership and governance skills.",0,0,TRUE,,,,,,,,,,
Fang,Async,25-50,donations for climate change,Scientists say climate change has caused the Northeast to become the fastest-warming region in America.,0,0,TRUE,,,,,,,,,,
Fang,Async,25-50,solar energy,"Wondering why our electrical bills have gone up? It isn't because of delivery aka CMP, or Versant. It is the increase in cost associated with natural gas. 

""In Maine, electric utilities are not allowed to also generate power. That was a result of deregulation in the late 1990s. Most electric bills come from CMP or Versant, but only half of the monthly payment is for those companies that deliver the power. The rest goes to whichever company the customer has chosen to supply their electricity. For most people, it’s the standard offer, negotiated annually by the PUC.""

https://www.newscentermaine.com/article/money/business/most-mainers-face-big-electric-bill-hikes-next-year-power-money-increase-wallet/97-8d9b87e5-b7bc-470c-92c1-23428458be7d. ",0,0,TRUE,,,,,,,,,,
Fang,Async,25-50,advocating for city level politics,The Iowa public school system has MANDATED Critical Race Theory and Dennis reviews a shocking document that the state’s teachers are forced to use. Watch the full episode at PrageU.com.,0,0,TRUE,,,,,,,,,,
Fang,Async,25-50,political activism to oppose climate change,"On July 20, our driver also reported #oiltheft at Kelley's Creamery in in Dover Plains, NY, where this Buffalo Biodiesel vat had been broken into and robbed—one of two #oilthefts in Dover Plains that same day. Buffalo Biodiesel recycles the used cooking oil to make environmentally sustainable biofuel, but organized crime groups are intentionally targeting our ""Ma and Pa"" suppliers across state lines. Please report any information to New York State Police  and help us stop this rising wave of rampant oil theft.
Poughkeepsie Journal  Poughkeepsie Journal Media Daily Freeman  News 12 Hudson Valley  Spectrum News 1 Hudson Valley  ABC7NY  CBS New York Organized Crime and Corruption Reporting Project The New York Times New York Post. ",0,0,TRUE,,,,,,,,,,
Fang,Async,25-50,criticism of liberal tax policy,"Safe, responsible oil and natural gas production helps teachers like Ashley do what they do best: help New Mexico students learn.",0,0,TRUE,,,,,,,,,,
Fang,Async,25-50,indigenous climate justice,"Crisis at the Border: Immigration Policy Failures

As conditions at the southern U.S. border continue to deteriorate, the Biden administration is making excuses instead of acting decisively. What can be done to stem the tide of illegal immigration? We’ll discuss real solutions—including building more border wall using stimulus funds.

Speakers

Kevin Roberts, Ph.D. (Moderator) – Executive Director, Texas Public Policy Foundation
John Zadrozny (Panelist) – Senior Fellow, Rule of Law Defense Fund
Alfonso Aguilar (Panelist) – Executive Director, Latino Partnership for Conservative Principles
The Honorable John Hostettler (Panelist) – Vice President of Federal Affairs, States Trust, Texas Public Policy Foundation. ",0,0,TRUE,,,,,,,,,,
Fang,Async,25-50,promoting legislation against climate change,"HAPPENING NOW - Congress is debating critical investments in climate, and clean energy priorities are in jeopardy. This is our chance to get off fossil fuels and move to a 100% clean energy economy. Sign our petition now to urge your member of Congress to stay strong on bold climate investments!",0,1,FALSE,1,,,,,,,,,
Fang,Async,25-50,pros of wind and solar energy,"“Because we actively listen to our customers and are focused on understanding their needs, we know that receiving great service at a great value is at the top of their list, and we work hard to meet and exceed their needs every day — no matter the weather.” Learn how Spire works to provide customers with the energy they need 24/7/365. #FuelingOurCommunities.",0,0,TRUE,,,,,,,,,,
Fang,Async,25-50,criticism for disfavoring US ONG production,"""I think the reason we’re seeing the Permian produce so much is you get your best rate of return for drilling here in the Permian versus in the Dakotas, Eagle Ford, offshore, Gulf of Mexico,"" Edwards said.

https://www.newswest9.com/article/news/local/record-oil-production-december/513-98ba0de5-b5be-43f9-992c-b678ddcb65c4. ",0,0,TRUE,,,,,,,,,,
Fang,Async,25-50,kudos for confronting ONG emissions,"Wait, what is methane? Routine... huh? 

Learn about methane emissions and how regulation can help curb them.",0,0,TRUE,,,,,,,,,,
Fang,Async,25-50,IndigenousAndBlackAdvocacy,"Tatiana Ibrahim is a regular mom who loves her kids, God and country too much to watch them be indoctrinated at school. She's organizing to end the teaching of Critical Race Theory (CRT). Andrea and Orlando speak with Tatiana about what she has learned and how she began to speak up against CRT in her kids' schools.

Watch TLC Live! On Facebook (https://www.facebook.com/TLCforTexas) or on YouTube (https://www.youtube.com/channel/UCTi1LGIYZDNRyEL08eYm90Q), and Comment Live on Facebook Every Wednesday at 11 AM!",0,0,TRUE,,,,,,,,,,
Fang,Async,25-50,access to water and promoting renewable energy,"Your legislator, Representative Dylan Roberts, was a champion for Colorado’s rivers this legislative session! That means a stronger economy, better resiliency in the face of climate change, and restoring our rivers. Show your support for our rivers by signing our card today!",1,0,FALSE,1,,,,,,,,,
Fang,Async,25-50,discussing problems with school board,"Residents of Addison County are going to want to take advantage of this unique opportunity 👀

For a limited time we are offering $500 cash to eligible households just for switching to natural gas 💵 💵 💵

How do you get your $500?
✅ Click [Learn More]
✅ Review the Coverage Map
✅ Sign up for a free estimate
✅ Receive $500 cash once the conversion is complete

In order to receive $500 you must...
✔️ Sign up before 03/31/22
✔️ Turn on your meter before 09/30/22

So don't wait, sign up for a free estimate today!",0,0,TRUE,,,,,,,,,,
Fang,Async,25-50,promoting news and oped program,"TPUSA LIVE is the unfiltered, grassroots alternative to mainstream media. Watch daily shows, live in-studio content from TPUSA HQ and weekly shows covering politics, pop-culture, sports and everything in-between. Tune in every weekday starting at 5 PM ET / 2 PM PT.

Check out today’s show! 

Human Events Daily host Jack Posobiec discusses the crisis going on at the Texas border.

At 5:30 PM ET / 2:30 PM PT the TPUSA LIVE team talks about the “Missing White Girl Syndrome”, the Immigration crisis, and all the wacky things we’ve found on social media this week. 

On The Frontlines host Isabel Brown sits down with Olivia Sandor about vaccination mandates at BYU Hawaii and watch SMASH with MAGA Hulk, Stephen Davis as he annihilates The Left’s crazy rhetoric. 

We will wrap up the show with POPlitics with Alex Clark as she dives into the latest findings of the Gabby Petito case and more.",1,1,TRUE,,,,,,,,,,
Fang,Async,25-50,BidenPolicies,"Longtime Alaska oil industry attorney and analyst Brad Keithley said he believes the agency and company may have taken the more expeditious route to keep moving Willow forward by not appealing. That’s particularly true if the Biden administration still backs the project, he added.

“If (the Biden administration) wants to make this work, I think they can pull together the supplemental EIS in the short-term. If they view this as an opportunity to shut down development in the Arctic or set a precedent that’s going to apply to other projects — ANWR and elsewhere — then I think that’s what is going to lengthen it out,” Keithley said.",1,1,TRUE,,,,,,,,,,
Fang,Async,25-50,SaveEnvironment,"U.S. school facilities emit about 72 MILLION metric tons of carbon pollution every year. If every parent made this pledge 👇, we could help protect your kids' future.",1,1,TRUE,,,,,,,,,,
Fang,Async,25-50,AntiLiberalElectionCandidates,"For months, countless Republicans and Democrats have been calling for Andrew Cuomo's resignation - except for the conspicuous absence of any courage from Donna Lupardo and Jason Garnar, who have refused to call out Cuomo for his countless misdeeds.

Today the Attorney General's Office released its report clearly showing a pattern of abuse of power by Cuomo to sexually harrass and intimidate women. It is crystal clear that Cuomo is not fit for office, and any elected official that doesn't see that needs a new line of work.",1,1,TRUE,,,,,,,,,,
Fang,Async,25-50,RisingEnergyCost,"The fuel mandate proposed last year failed because, if passed, would impose new, costly regulations on small businesses and reduce consumers' choice at the pump. Quote Source: https://bit.ly/3rP3nwD.",1,1,TRUE,,,,,,,,,,
Fang,Async,25-50,ProRenewableEnergy,"Ordinance 5782 would make it harder (if not impossible) for local companies to access, maintain and expand their existing underground infrastructure. This means local gas stations and other area businesses may not be able to maintain their storage tanks and pipelines, which can impact growth plans and discourage future investment.

Tell city council to vote NO on Ordinance 5782: https://bit.ly/2QL5gfc. ",0,0,TRUE,,,,,,,,,,
Fang,Async,25-50,PoliticalLeadershipTraining,"We need all Patriots to help us Restore Virginia.

Unless you are politically feared, you will not be politically respected.

Learn WHY this works…. Learn HOW YOU can be feared AND respected by politicians in the fight for liberty.

This is practical, no-nonsense training built around cutting-edge political strategies and tactics.

If you are tired of crony-capitalism, corporate handouts and politicians only looking out for their next re-election, this class might be for you.

If you are ready to DO something to take back power from the politicians and elites for “We The People,” you NEED to attend this class on Saturday, July 17th, 2021 in Lexington , VA.

This intense one-day training covers:

The Real Nature of Politics - why just ""educating"" people alone won't result in change;
The Biggest Lie in Politics - and how the political class uses your convictions against you;
How to work effectively at the Capitol - getting a bill sponsor and a roll call vote despite the leadership; and
How to put pressure on legislators.
All of our instructors have years of experience putting these principles to work in multiple states.

Many have worked on federal, state and local campaigns, including major presidential campaigns, and successful campaigns for U.S. Senate and Congress. They know what works, and also what has been proven not to work in getting politicians to vote right.

This class will teach you how to turn your passion into effective action to advance liberty.

If you’re ready to learn how to be effective AND feared by politicians, click here to register for this class on Saturday, July 17th, 2021 in Lexington , VA. We’ll even throw in lunch.",1,1,TRUE,,,,,,,,,,
Fang,Async,25-50,BioFuelTheft,"On July 25, one of our drivers reported #oiltheft at Bella Napoli Trattoria in Nazareth, PA, where this Buffalo Biodiesel vat had been broken into and robbed by thieves who left the damage shown here. We recycle used cooking oil to make renewable biofuel, but organized crime syndicates are targeting our vats across state lines. Please report any relevant information to the Nazareth Borough Police Department and help us stop rampant oil theft.
WFMZ  lehighvalleylive.com  The Morning Call  Pocono Record  Times News Lehighton  The Valley Ledger. ",1,1,TRUE,,,,,,,,,,
Fang,Async,25-50,ProUSOil,Oil and natural gas can help accelerate New Mexico’s economic recovery. Take our quiz to find out how!,1,1,TRUE,,,,,,,,,,
Fang,Async,25-50,MinorityGroupWomenAdvocacy,"The giving of buffalo hides and robes traditionally represented love, peace and respect; however, when buffalo were exterminated the art of star quilts began. Star quilts feature the morning star which is found in the direction from which spirits travel to earth and is a link between the living and the dead. We chose to include this design on our Iyoha.co merchandise, as a recognition and acknowledgement of our Anpetu Wi, 'Morning Light' wind farm project. 

Learn more: https://iyoha.co/. ",1,1,TRUE,,,,,,,,,,
Fang,Async,25-50,DonationsForProRiverPoliticians,"Your legislator, Representative Alec Garnett, was a champion for Colorado’s rivers this legislative session! That means a stronger economy, better resiliency in the face of climate change, and restoring our rivers. Show your support for our rivers by signing our card today!",1,1,TRUE,,,,,,,,,,
Fang,Async,25-50,SupportForBuildBackBetterAct,"Rep. Axne, thanks for fighting for clean energy that can power our economy, create good-paying jobs, and tackle the climate crisis. Now is our time to get it done.",1,1,TRUE,,,,,,,,,,
Fang,Async,25-50,WaterPollutionAndContamination,"BREAKING: The Mountain Valley Pipeline wants to CUT through Southwest Virginia’s pristine waterways for profit. They have a history of violations and have already paid millions in fines. 

The Water Control Board is voting on the Mountain Valley Pipeline’s permits soon. Tell them to say NO to pollution permits for Southwest Virginia!",1,1,TRUE,,,,,,,,,,
Fang,Async,25-50,ProCleanEnergyPolitician,"NEW: The DOE commits $162M to funding SuperTruck 3, a huge step for getting to net zero carbon emissions with requirements that aim to boost equity.",0,1,FALSE,0,,,,,,,,,
Fang,Async,25-50,TPUSALiveAd,"TPUSA LIVE is the unfiltered, grassroots alternative to mainstream media. Watch daily shows, live in-studio content from TPUSA HQ and weekly shows covering politics, pop-culture, sports and everything in-between. Tune in every weekday starting at 5 PM ET / 2 PM PT.

Check out today’s show! 

Human Events Daily host Jack Posobiec discusses Sony firing their top PlayStation Exec over pedophilia, the FBI recovering hard drives from Epstein's safe, Don Lemon on the Jussie Smollett case, and more! 

The TPUSA LIVE team is joined by host, Jon Root, and special guests Morgan Zegers and Kangmin Lee who will talk about Remembering Pearl Harbor, a CCW Santa, normalizing Conservative values and more! 

RELOADED host Paige Roux takes you on an exclusive tour of Strategic Armory Corps on the season finale and watch Breakaway with Jon Root as he sits down with Charlie Kirk to talk about how sports brings us together and how we can make it great again!

We will wrap up the show with POPlitics with Alex Clark as she dives into Khloe Kardashian & Tristan Thompson drama, President Trump's hospital secret, a 'Hot Take Tuesday' and more!

#PearlHarbor. ",1,1,TRUE,,,,,,,,,,
Fang,Async,25-50,AntiLiberalSpending,Board Member Marah Altenberg for Lake County Board Member District 20 voted to hike gas taxes for Lake County residents. Keep her accountable and tell Marah Altenberg that Illinoisans can’t handle another tax hike!,1,0,FALSE,0,,,,,,,,,
Fang,Async,25-50,EnergyInfrastructureProjects,"The Rhode Island Republican Party has filed a complaint against Gov. Dan McKee’s chief of staff, Tony Silva, claiming Silva violated the state’s ethics code when he failed to disclose his financial interest in a controversial wetlands property in Cumberland.

The state GOP is filing the complaint with the R.I. Ethics Commission, accusing the governor’s top aide of not disclosing his financial ties to the 45 Canning St. property between 2017 and 2020. The complaint comes one day after Target 12 first reported Silva directly intervened with the Cumberland mayor earlier this year in an effort to get the controversial wetlands property developed, long after he claimed he no longer had a financial interest in the lot.

“Although Mr. Silva admits he had a financial interest in the 45 Canning Street [lot] from 2017 through 2020, in financial disclosure reports for that time period, Mr. Silva never disclosed he had a financial interest in 45 Canning Street property,” Republican leaders wrote in a news release.

The group pointed to a state law that requires certain public officials to regularly disclose their financial activities, including “a listing of all real property in which a financial interest was held.”

Silva had been trying to develop the property since 2017 when he received an option to buy it if regulatory permits for development were obtained. The R.I. Department of Environmental Management initially rejected permit requests in 2019, but reversed that decision this year. Development of the wetlands property has been opposed by neighbors and the town for years.

Silva claims he transferred his financial interest in the property to his son, Ross Silva, in April 2020, saying has documentation to prove it, although he hasn’t yet provided it.

As the top aide to McKee since the start of 2015, Silva is required to annually disclose his financial interests in various properties and business ventures. A Target 12 review of Silva’s disclosure forms between 2017 and 2020 shows no mention of the property at 45 Canning St. (In 2019, he did list a financial interest in a property on the same road, at 114 Canning St.)

In addition to the ethics complaint, the GOP is calling on R.I. Attorney General Peter Neronha to investigate Silva’s decision to try and influence development of the property. New documents released under an Access to Public Records Act request show Silva asked to meet with with Cumberland officials regarding the development last September, months after he supposedly gave up any financial interest in the project.

This past March, the month Silva became chief of staff in the governor’s office, he asked Cumberland Mayor Jeff Mutter for an unscheduled meeting, and the mayor claims Silva asked him not to oppose the Canning Street development.

In a text to the mayor afterward, Silva indicated he had spoken to his wife and they were “going to allow my son Ross” to buy the lot.

“Therefore I won’t be connected to it at all at the time of sale,” Silva wrote. “Hopefully this will make it easier for you at Town Hall.”

Silva’s son bought the property in July, which he has since said he will donate to the town. The governor’s chief of staff nonetheless has denied he tried to influence the deal in any way.

“I want to emphasize that at no time did I intervene on my behalf or anyone else regarding the property,” Silva wrote Monday to Target 12. “NEVER EVER.”

Silva did not respond to multiple questions about whether he thought it was appropriate to be discussing the deal with local decisionmakers given his position of power with the state. The state’s GOP said the whole issue is reason enough for an outside review.

“We have no confidence that weak Governor McKee, who himself was previously fined by the Ethics Commission, would undertake a thorough investigation of his chief staff’s dubious activities,” the party wrote. “Therefore, we ask the Attorney General to investigate the Cumberland land deal orchestrated by Mr. Silva.”

Beyond the Republican Party, the Canning Street controversy has also drawn criticism from McKee’s political opponents within his own party. R.I. Secretary of State Nellie Gorbea, a Democrat who has announced she’s running against McKee in next year’s primary, took to Twitter to question McKee’s involvement.

“What did Governor McKee know about this and when did he know it?” she wrote. “It is unacceptable for local government to be pressured by those in power for private gain.”

Mutter said this week he reached out to McKee following a Target 12 report on the Canning Street controversy earlier this month, telling the governor about Silva’s meetings. Mutter claims the governor wasn’t aware of the ongoing discussions prior. McKee has not yet commented on the latest developments. 

https://www.wpri.com/target-12/ri-gop-files-ethics-complaint-against-mckee-chief-of-staff-calls-for-investigation/. ",0,1,FALSE,0,,,,,,,,,
Fang,Async,50-75,AntiGunBan,"""I strongly urge the commission to adopt the proposed House map, and give communities of color a chance to elect leaders that look like them, value what they value, and experience life in Pennsylvania as people of color do. Change is hard. It can feel uncomfortable, even oppressive. But legislative maps must change as population changes."" 

A powerful message from NPP executive director Kadida Natasha Kenner's recent #redistricting testimony.",0,0,TRUE,,,,,,,,,,
Fang,Async,50-75,AntiGunBan,"This month, we honor John Lewis’ legacy of protecting voting rights by holding a discussion on the ways in which Black and Brown voters are being targeted by suppressive state laws.

re:power, Indivisible, & Rockefeller Family Fund are coming together to discuss the impact of state legislation that has been passed to date, uplift short and long-term strategies that are working, focus on the plan to counteract these laws, and strategize ways to fight back against the next wave of attempts to silence BIPOC communities.

Join us on Zoom by registering here (https://us02web.zoom.us/webinar/register/2016261232638/WN_HCCk5S0LRXqoSEHxZpv-Vg) or right here on Facebook for the livestreamed event!",0,0,TRUE,,,,,,,,,,
Fang,Async,50-75,AntiWoke,"""Political persecution: In political conflict, this strongly increases the likelihood of state repression. 

States so often engage in repressive behaviors in times of civil conflict that the relationship between these two phenomena has been termed the ""Law of Coercive Responsiveness"". 

When their authority or legitimacy is threatened, regimes respond by overtly or covertly suppressing dissidents to eliminate the behavioral threat. State repression subsequently affects dissident mobilization, though the direction of this effect is still an open question. 

Replace ""States"" with ""School Boards"" and you will understand how a biased Police Chief ginned up charges, for political purposes, in order to arrest the school district's most vocal and successful opposition leader. 

Click on this link: Https://Stafford.ohiostandyourground.com

Watch the videos and listen to the truth, in their own words of how this ""conspiracy to arrest"" was manufactured by the Police officers and Detective involved, including the Police Chief.

It is the opinion of some, that this ""political prosecution,"" coming from this Police Chief, is all about keeping me from running for school board in November. There is talk he is doing the dirty work of those within the power structure of our school district.

The BIG question: Is this the ""FOP member"" the School Board Attorney, Tabitha Justice, threatened to use in her letter to me? 

Does this explain why the Sugarcreek Police Department and the Greene County Prosecutors have refused to do anything about the actual assault, attempted assaults, threats of violence, harassment, and targeted cyberattacks against me, my family, and my business by the Vote yes Pac members?",0,0,TRUE,,,,,,,,,,
Fang,Async,50-75,AntiWoke,"Melissa Dodds, Bellbrook city manager, does not pay taxes in our community but wants to tax the homes we live in. Dodds does not care about the Senior Citizens or families who are struggling to pay bills or put food on the table. Dodds only cares about her own career advancement grand plans. 

She is self-centered, selfish, and willing to do anything, bend any rule, in her climb to the top, not caring about those in our community who are barely making it and crushed in the process.

Dodds has been a member of the CULT of yes Pac supporters from the first meeting held illegally at the offices of Doug Cozad on school property. I have the email proving and showing Dodds attending multiple yes Pac meetings in her ""official capacity as Bellbrook City Manager.

Why is the Bellbrook City Manager, who does not pay property taxes directly involved in the yes Pac and its planning?

From the first levy election in 2019, in which Dodds had VOTE NO signs removed but left yes sign up, she has used her position of power to target and harass those she viewed as the political enemies of Doug Cozad and the school board.

Melissa Dodds asks Doug Cozad to break the rules in one email and allow her child to attend Bellbrook schools as a favor. Ethically, this not only crossed the line but is an actionable offense, and the City Council should have taken action for it. But City Council did nothing.

Melissa Dodd has a troubling pattern of behavior of using the police powers of the City of Bellbrook against her political enemies. In emails we have received from our public records requests, proves without question, Melissa Dodds and a school employee, Annastacia Toaha Shupe, discussed ways in which they could have me arrested during the Sugar Maple Festival. I have been advised, through our sources, Doug Cozad and Melissa Dodds, discussed this very topic multiple times and planned to use Shupe to do their dirty political work for them. 

The City Council was made aware of this and yet, did nothing once again.

Melissa Dodds's questionable and unethical behavior of using law enforcement as a political weapon against me is very similar to the harassment and threats to arrest by the police, Melissa Dodds, against Greg Dart.

Greg Dart, a successful Bellbrook contractor,  owns several buildings in downtown Bellbrook that Melissa Dodds felt were key to her overall plans to develop Downtown Bellbrook.

Melissa Dodds embarked on a campaign, along with City Council member Ernie Havens, to use the Zoning department to force Dart, through fines and threats to arrest, into selling his downtown building Dodds felt were critical to her downtown development.

Things escalated further when Dodds had the police attempt to arrest Dart because he temporarily moved a  bike rack in front of his building to do repairs. Repairs that Melissa Dodds forced Dart to make.

On May 4th, VOTE NO and help stop this ""Cult of yes Pac haters."" 

Help stop Mellisa Dodds and her abuse of power.

VOTE NO for the 4th time and send a clear message to Bellbrook City Manager Melissa Dodds, who has been acting on behalf of Doug Cozad, using her Police and Zoning Departments as a political weapon against those who disagree with them.

NO MEANS NO!",0,0,TRUE,,,,,,,,,,
Fang,Async,50-75,ProtectEnvironment,"The New York Times banned tobacco ads in 1999 to protect its readers' health. 22 years later, it's still making ads for the companies fueling the climate crisis. Sign this petition to tell them they need to stop!",1,1,TRUE,,,,,,,,,,
Fang,Async,50-75,ProtectEnvironment,FACT: We can change the disproportionate impacts of climate change with the #BuildBackBetterAct. Read more about Columba's story with Moms Clean Air Force:.,1,1,TRUE,,,,,,,,,,
Fang,Async,50-75,CleanEnergyWorks,"Have you heard of beneficial electrification? The application of electricity to end-uses that would otherwise consume fossil fuels, where doing so satisfies at least one of following conditions, without adversely affecting the others:

💡 save consumers money 
💡 improve product quality, or consumer quality of life
💡 reduce [GHG] emissions 
💡 foster a more resilient grid

Learn more about how this can benefit you on our website!",1,1,TRUE,,,,,,,,,,
Fang,Async,50-75,CleanEnergyWorks,"The cost of inaction in Springfield is too high. These four at-risk plants provide 2/3 of Illinois’ clean energy and support 28,000 direct and indirect jobs.",1,1,TRUE,,,,,,,,,,
Fang,Async,50-75,ActionAgainstDemSpending,President Biden’s plan would make our country less secure and more dependent on foreign energy by increasing taxes on the natural gas and oil industry. Learn about Trey’s efforts to combat the war on energy by signing up for his newsletter.,0,0,TRUE,,,,,,,,,,
Fang,Async,50-75,ActionAgainstDemSpending,"Tell Biden gas prices are TOO HIGH! 
Since Joe Biden took office, gas prices have SKYROCKETED, and we have had ENOUGH. 
Sign our letter by MIDNIGHT TONIGHT to tell Biden you’re sick of paying a premium at the pump!",0,0,TRUE,,,,,,,,,,
Fang,Async,50-75,IndigenousAndBlackAdvocacy,"TLC Live! San Antonio Special Election and Issues Facing Texas

Orlando and Andrea speak with special guest TLC Field Director Chelseay Valenzuela-Cooper from San Antonio as they discuss TLC's success in supporting the candidacy of John Lujan in the San Antonio House District 118 special election and other issues facing Texas.

John Lujan for State Rep 118

Watch TLC Live! On Facebook (https://www.facebook.com/TLCforTexas) or on YouTube (https://www.youtube.com/channel/UCTi1LGIYZDNRyEL08eYm90Q), and Comment Live on Facebook Every Wednesday at 11 AM!",0,0,TRUE,,,,,,,,,,
Fang,Async,50-75,PassBidenAct,"𝐎𝐅𝐅𝐈𝐂𝐈𝐀𝐋 𝐂𝐋𝐈𝐌𝐀𝐓𝐄 𝐂𝐇𝐀𝐍𝐆𝐄 𝐏𝐎𝐋𝐋 | 𝐃𝐎 𝐘𝐎𝐔 𝐒𝐔𝐏𝐏𝐎𝐑𝐓 𝐒𝐓𝐑𝐎𝐍𝐆 𝐂𝐋𝐈𝐌𝐀𝐓𝐄 𝐀𝐂𝐓𝐈𝐎𝐍?

Right now, we have a historic opportunity to fight the climate crisis and create millions of good-paying jobs while lowering costs for middle-class families. Climate champions like President Biden are fighting for our future -- will you join them in the fight?

There’s no time to waste: We need 10,000 climate activists to take this poll before midnight tonight to reach statistical significance, but we’re 783 votes short and yours is still missing. Tell us now: Do you support bold climate action?",1,1,TRUE,,,,,,,,,,
Fang,Async,50-75,AntiOilPolitician,"The cement and concrete industry’s Roadmap includes all five of the critical phases in the cement-concrete life cycle in an effort to achieve carbon neutrality across the value chain. 

Learn more at shapedbyconcrete.com.",0,0,TRUE,,,,,,,,,,
Fang,Async,50-75,AntiPropertyTax,"Dear Mr. Stafford,
As an observant of how my property taxes have been wasted by the Local Government in the past, I'm of the opinion that I must buy with my knowledge. Therefore, I will be vote no on any levy increasing taxes.

When the school district’s finances are involved, there are no disinterested people, which is the reason if you’ve ever noticed how school employees backed by the Board of Education are always trying to push the need for a levy.  

When you get right down to it, our school district’s finances seem about as honest as the finances on Wall Street.

Not even St. Pete could expect the truth from the Board of Education under such conditions. 

If the owner of a gas station sells water as gasoline he can be taken to court and sued. But a School Official can stand up and sell to the public ITS OWN ASSETS AS LIABILITIES (ESTIMATED ENCUMBRANCES) to justify the need for additional funding and the BOE smile at them, pat them on the back, shake their hand, and call them their friend.

Most of the levy presentations are not intentional lies, they are only presentations by a group of people who benefit the most from the passage. It is the advice given by a school employee concerned with losing their job and not what is the best usage of our tax dollars.

The fact of the matter is, you can get an expert that just happens to be a school employee to recommend just about anything if it is in the school's own best interest or supports their existing bias. Expert advice is up for grabs and it doesn't always have to work in the school district's favor. The tragic truth here is experts can be terribly, terribly wrong.

It is important to note that with any levy presentation that is offered by the school employee the biggest gains will be worked up into the worst losses. 

Oh, and let’s not forget the leaflets they will be passing out soon, how they are almost always just as true as the tale of THE WIZARD OF OZ. There is generally a basis of the fact that is threaded in with an over-exaggerated imagination.

I want you, the property owner taxpayer to ask yourself this question. Is this an effort to get you, the property owner taxpayer, to buy in?

 I hope that you will only buy what you know.

 Do not make the mistake and buy with your ignorance, but buy with your knowledge. All ignorance is dangerous and the most dangerous is the ignorance of YOUR LOCAL GOVERNMENT! 

Become an involved citizen and an informed voter.

The art of getting other people’s money has been developed into a science by the Local Government. In regards to that subject, the science of government funding, their art of attack is more developed than your art of defense.

In the public finance field, there are always more clever people who can separate you from your hard-earned money without using force.

There is no doubt that Bernie Madoff, for instance, has taken more money from private Citizens than the TOP 10 word twisting levy presenters. They were swindled, and it is a very unpleasant fact that one man can swindle us for so many years without being caught. Madoff is locked up now but yet the Local Government is not put in jail and not likely to be. As they separate you from your money with as much ease and the use of no force as Bernie Madoff did with the people he gave his presentations to.

The government doesn’t earn money they transfer it. No law so it seems can prevent a man from being fooled. It is a fact that we have seen in the Madoff case, for a man to be showered with millions of poor people’s money. The only reason that you, as Citizen, should sign a check over to the Local Government is that you have received full value for your money.

The school district has come to us with a promise and an empty pocket, as our need for educating our children is now diluted with the school district’s need for increased revenue for employee benefits.

This is a fact and I do not say it to be mean. I support the Employees of the school district. But I support the greatest asset of Our Community more, the Citizens.

Buy with your knowledge, as Mr. Stafford has said, MATH NEVER LIES.

I support the Vote No movement.

Name withheld.",1,1,TRUE,,,,,,,,,,
Fang,Async,50-75,ProUSOilIndustry,"BP plans to spend about $1.3 billion to build a massive network of pipes and other infrastructure to collect and capture natural gas produced as a byproduct from oil wells in the Permian Basin of Texas and New Mexico.

“We will be producing oil and gas for decades, but it will be a certain kind of oil and gas,” said Dave Lawler, the chairman of BP America Inc. “It’s a highly profitable barrel and it’s a responsibly produced barrel.”

https://www.wsj.com/articles/bp-wants-to-stop-burning-off-gas-in-americas-top-oil-field-11618750801?mod=hp_lead_pos2. ",1,1,TRUE,,,,,,,,,,
Fang,Async,50-75,ProtectRivers,"Your legislator was a champion for Colorado’s rivers this legislative session! That means a stronger economy, better resiliency in the face of climate change, and restoring our rivers. Show your support for our rivers by signing our card today!",1,1,TRUE,,,,,,,,,,
Fang,Async,50-75,TPUSAAd,"TPUSA LIVE is the unfiltered, grassroots alternative to mainstream media. Watch daily shows, live in-studio content from TPUSA HQ and weekly shows covering politics, pop-culture, sports and everything in-between. Tune in every weekday starting at 5 PM ET / 2 PM PT.

Check out today’s show! 

Human Events Daily host Jack Posobiec discusses how Kyle Rittenhouse is being targeted, the #FBI arrests the source of the Steele Dossier, President Biden issues a federal mandate and more!

The TPUSA LIVE team is joined by host, Jon Root, and special guests Jobob, Alex Clark, and Braeden Sorbo who will talk about the inflation crisis, Professor Watchlist, play 'Real Deal or Fake News' and more!

Benny on the Block host Benny Johnson is in Florida asking people what they think about 'Let's Go Brandon' memes.

We will wrap up the show with POPlitics with Alex Clark as she dives into META, NASCAR's Kyle Busch, transgender surgeries, a Pop Culture Rewind and more!
#KyleRittenhouse #DoNotComply. ",1,1,TRUE,,,,,,,,,,
Fang,Async,50-75,EVCharging,"As we enter the summer season, we think of heat, hotdogs and hurricane season. Now is the time to start gearing up for hurricane season. Click here to learn more about how you can get #HurricaneReady: https://gov.texas.gov/hurricane.",0,0,TRUE,,,,,,,,,,
Fang,Async,50-75,OilTheft,"Also on June 19, another one of our drivers reported #oiltheft at China Wok in Edison, NJ, where this Buffalo Biodiesel vat had been broken into and robbed. Buffalo Biodiesel recycles the used cooking oil to make sustainable biofuel—instead, it’s being targeted by interstate organized crime. Please report any info to Edison PD.
NorthJersey.com NJ.com NJ Spotlight News The Star-Ledger New Jersey Herald. ",1,1,TRUE,,,,,,,,,,
Fang,Async,50-75,pro-2A,"Ron Johnson is bad for America because he doesn't care about Americans. That's why Ron Johnson has got to go. And it is not too early to build a coalition aimed at defeating him in the next election.

Ron Johnson and his GOP billionaire buddies have an unjust stranglehold on life and policy in the U.S. Through gerrymandering, court packing, and brazen voter suppression, the Republican Party has stolen power in local, state, and federal government, suppressing candidates and policies supported by the majority. Their policies prop up corporations and the ultra-rich, leaving everyday Americans to fight for scraps.

We are going after Ron Johnson's job, inspiring voters across the country to support his opponent, and we need your help.

Contribute today and help push America left.

https://secure.actblue.com/donate/push-left?refcode=fbad-rojo&amount=25. ",0,0,TRUE,,,,,,,,,,
Fang,Async,50-75,donations for climate change,"It's time to go big on climate. That means our elected leaders can no longer compromise our climate for our jobs and our future. As Alaskans, we need a viable sustainable future so that our young people can see a future in our state. TEXT CLIMATE to (907) 318-6878 to be heard.",0,0,TRUE,,,,,,,,,,
Fang,Async,50-75,solar energy,Government Controlled Power creates a quasi-government entity to takeover Maine’s  power grid and authorizes private assets to be seized through eminent domain. Sound like a good policy?,0,0,TRUE,,,,,,,,,,
Fang,Async,50-75,advocating for city level politics,"History on Chief Brown:
In 2007, Brown ( who was working for the Dayton Police) was at a Christmas party where Larry Miller Jr., a legislative aide with the city of Dayton, was to serve as disc jockey. 

Brown was advised that patrol officers had stopped Miller and nullified the ticket, according to reports. Brown's lawyer said Brown was called after officers determined Miller worked for the city of Dayton.

**Officers also determined Miller was driving without a valid license and had an unloaded gun in the car.

Brown claimed he was not aware (which our sources claim no one believed because he would have had to run the name through the system, and it would have popped up) of the license suspension or a gun in Miller's car when he nullified the ticket, according to reports. 

Nor was Brown who claimed (again, our sources said is not true), or the city, he was aware that Miller was sentenced to three years in prison for attempted ""aggravated murder"" for shooting a Central State University police officer during a robbery in 1989.

Yet Brown still ""FIXED the ticket .""

It appears that Cheif Brown is well versed in playing the political game of ""doing favors"" for those in power.

The question now becomes, is Cheif Brown the ""FOP member"" that School attorney, ""Tabitha Justice,"" threatened in her letter to come after me? 

Does this explain why the Sugarcreek Police ignored my pleas to do something, anything about the threats and harassment I have been receiving because of the VOTE  NO Movement? 

Does this explain why Sugarcreek police failed to stop an assault against me at a school board meeting, attempted assault against me at the water tower, threats and targeted harassment and cyber harassment against me, my family, and business by members of the vote yes Pac, its leadership and school administrators and school employees?

Is this why the evidence was ignored, not collected and I was arrested? Is this why the intoxicated 8 golfers that threatened to assault me were not arrested. Is this why Officer White, lied and said ""they did not detect alcohol"" on the golfers? Is this why officer Klark altered the witness statements?

Cheif Brown has a pattern of behavior of doing favors for those with political power when he was with the Dayton Police Department. Has he been doing the same type of political favors, for the last two years, for the politically powerful in Bellbrook-Sugarcreek?",0,1,FALSE,0,,,,,,,,,
Fang,Async,50-75,political activism to oppose climate change,"On July 18, one of our drivers reported #oiltheft at Reddi Rooster in Stamford, CT, where this Buffalo Biodiesel vat had been broken into and robbed, one of two oil thefts reported in Stamford that same day. Buffalo Biodiesel recycles the used cooking oil to make environmentally sustainable biofuel—instead, it’s being targeted by interstate organized crime. Please report any relevant information to Stamford Police Department CT and help us stop these criminals. 
News 12 Connecticut  NBC Connecticut  WFSB - Channel 3 Eyewitness News  Stamford Advocate  Stamford Patch  Daily Voice Gold Coast  The News-Times. ",0,0,TRUE,,,,,,,,,,
Fang,Async,50-75,criticism of liberal tax policy,"Like us, Senator James Lankford has been confused about the Biden Administration's recent ask of OPEC+. In case you missed it, President Biden has requested increased oil production from foreign dictators, all while blocking new federal oil and gas leasing at home. 

We want to thank Sen. Lankford for leading the charge in asking the president what we all want to know — WHY? Why not lean on the men and women of America's oil and natural gas industry? Why cancel the Keystone XL pipeline and then immediately prioritize foreign oil production? Why choose to strengthen other countries' economies and not our own? 

The people want answers, Mr. President. #EnergyForAll 

Read more 👉 https://bit.ly/3mC1Mcz. ",0,0,TRUE,,,,,,,,,,
Fang,Async,50-75,indigenous climate justice,"July Power & Politics Agenda... 

- Congressman Joe Neguse 
- Senator Janet Buckner
- Rep Leslie Herod
- District Attorney Brian Mason (JD 17)
- Aurora City Council Crystal Murillo
- Cannabis Industry & Legislative Updates: Sarah Woodson, Founder of The Color of Cannabis 

Learn more about The Color of Cannabis, an organization that provides a pathway for restorative economic and criminal justice to communities negatively impacted by the war on drugs! Executive Director and Founder, Sarah Woodson will join us to provide cannabis industry and legislative updates!

Click the link below to learn more The Color of Cannabis: 
https://www.thecolorofcannabisco.org/

Join us June, July and August for updates on political programs, policies, and initiatives impacting our community in Colorado & Nationwide!!

Elected officials, organizations, program admins, etc... at all levels are welcome to attend and provide updates. Please use the link below to register for providing an update. 

https://www.eventbrite.com/e/july-power-politics-elected-official-registration-tickets-160050714997

For any questions, please reach out to info@cbwpa.org.",0,0,TRUE,,,,,,,,,,
Fang,Async,50-75,promoting legislation against climate change,"Thank Representative Porter for championing the Build Back Better agenda. 

When it comes to responding to the climate crisis, we can all be part of the solution. From protecting care workers to investing in climate change defenses, we are calling on our leaders in one voice to pass the Build Back Better agenda.",0,1,FALSE,1,,,,,,,,,
Fang,Async,50-75,pros of wind and solar energy,"With Europe energy prices spiking as a result of a sudden slowdown in wind, consultants like Mark Dickinson advise that ""The price surge shows the need to have backup power supplies for moments when the wind doesn't blow and the sun doesn't shine."" Hydro-power is a perfect complement to wind and solar acting as a battery backup. Say NO to blocking future renewable projects and vote NO on question 1.",0,0,TRUE,,,,,,,,,,
Fang,Async,50-75,criticism for disfavoring US ONG production,"The good news: our economy is beginning to ramp up once again. The bad news: progress is being greatly hampered by the Biden administration. 

While hardworking folks are simply trying to get back to work, lawmakers in Washington are doing everything they can to cut our energy lifeline. New infrastructure bills aim to hike taxes on oil and gas businesses and harm the men and women who make modern life possible. We should rely on petroleum professionals from our country, not abroad. 

Read more from Petroleum Alliance President Brook Simmons: https://bit.ly/3AXpg0C. ",1,1,TRUE,,,,,,,,,,
Fang,Async,50-75,kudos for confronting ONG emissions,"“Pennsylvania can no longer afford inaction on climate change.” As costs from flooding in Pennsylvania rise with climate change, state lawmakers need to take action to protect communities across the state. The Regional Greenhouse Gas Initiative (RGGI), a proven program to reduce climate-warming pollution, is one key solution lawmakers should agree on.",1,1,TRUE,,,,,,,,,,
Fang,Async,50-75,IndigenousAndBlackAdvocacy,"Joining us for the Women of the Movement Anpetu Wi Dialogue this month is Tara Houska (Couchiching First Nation). She is an attorney, an environmental and Indigenous rights advocate, as well as the founder of Giniw Collective and the former advisor on Native American Affairs to Senator Bernie Sanders. Take a moment before our discussion to get to know her and watch Tara's TED Talk where she speaks to the history of attempts by government and industry to eradicate the legitimacy of Indigenous peoples' land and culture, including the months-long standoff here at Standing Rock.

We are honored to have her join us for our live discussion on May 20th - don't miss it: https://fb.me/e/RXMLppau. ",1,1,TRUE,,,,,,,,,,
Fang,Async,50-75,access to water and promoting renewable energy,"Your legislator, Senator Cleave Simpson, was a champion for Colorado’s rivers this legislative session! That means a stronger economy, better resiliency in the face of climate change, and protecting our agricultural heritage. Show your support for our rivers by signing our card today!",1,1,TRUE,,,,,,,,,,
Fang,Async,50-75,discussing problems with school board,"Gas, heating oil, food, are all rising at an alarming rate? Ohio is in a financial crisis!
People are struggling to pay 💰 bills, put food 🍱 on the table, and buy medicine.

This school 🏫 board could care less.
They are demanding this $22,540,000.00 million dollar property tax levy on our homes🏡 get passed.

It’s all about making sure the lavish lifestyles of our Million dollar superintendent, administrators, and union employees are maintained.

On May 4th, VOTE NO, and prove to the school board who they really work for!

Here is a hint for the school board members who read this page, it’s not the teachers union!!

Please join the Bellbrook-Sugarcreek Property Tax Revolt and stop 🛑 this property tax levy on our homes 🏡 for the 4th time!!

NO MEANS NO!",1,1,TRUE,,,,,,,,,,
Fang,Async,50-75,promoting news and oped program,"TPUSA LIVE is the unfiltered, grassroots alternative to mainstream media. Watch daily shows, live in-studio content from TPUSA HQ and weekly shows covering politics, pop-culture, sports and everything in-between. Tune in every weekday starting at 5 PM ET / 2 PM PT.

Check out today’s show! 

Human Events Daily host Jack Posobiec is keeping you up to date with a breakdown of today’s current news stories and his analysis.

The TPUSA LIVE team is joined by host, Jon Root, and special guests Charlie Kirk, Pastor Jack Hibbs, Pastor Rob McCoy, & Bob McEwen who will talk about Church and State, America being built on faith, religious liberty and more!

Breakaway host Jon Root sits down with Trenten Merrill, a Bronze Medal Paralympian, to discuss what it’s like to represent Team USA and watch RELOADED with Paige Roux as she covers exactly what to look for in a firearms instructor.

We will wrap up the show with POPlitics with Alex Clark as she shares the latest ConservaTEA in pop culture without the propaganda!",1,1,TRUE,,,,,,,,,,
Fang,Async,50-75,BidenPolicies,"1.73 million border encounters in the last 12 months alone. We’re in a crisis of unthinkable proportions because the Biden Administration has abdicated its duty to defend our borders.
 
I believe in the power of action and the danger of inaction. That’s why, as your #AG, I’ll use every tool to secure the border and protect our communities.",1,1,TRUE,,,,,,,,,,
Fang,Async,50-75,SaveEnvironment,"I wanted you to be one of the first to know that I’m running for the West Virginia House of Delegates here in Putnam County, District 21. Visit www.cannonwv.com to learn more about me and the issues I care about and how you can get involved. 

Over the years, I’ve seen the state that I love lose population every year and watched friends leave for perceived better opportunities elsewhere. Our communities have been challenged by economic hardship, addiction, and now a federal government that doesn’t care about people like us that is actively working to destroy our way of life. With hard work, determination and the right ideas, we can - and must - turn things around. 

The legislature must take bold steps toward building a better foundation for West Virginia families by embracing marriage and supporting parents with children. We have to put an immediate stop to the cultural erosion we’ve seen take the country by storm over the last decade by banning taxpayer-funded groups from indoctrinating people with things like Critical Race Theory and by standing up to Big Tech companies censoring people for the “crime” of being conservative. We need to leverage all of the God-given resources available to us including natural gas, the world’s finest metallurgical and steam coal, rare earth minerals and more. West Virginia can be the energy and manufacturing capital of America – let’s make it happen. 

I hope you’ll help support the campaign however you see fit, whether it’s with a campaign contribution, volunteering to make phone calls, or just by helping spread the word to your friends. 

Contributions can be made through WinRed at https://secure.winred.com/cannon-wv/donate. Thank you!",0,0,TRUE,,,,,,,,,,
Fang,Async,50-75,AntiLiberalElectionCandidates,"This is the couple who raised the property taxes on your home, and thinks they are way smarter than the “common people” in our community.

No matter the subject, they are Bellbrook-Sugarcreek’s insufferable know-it-all’s. Spewing their progressive narrative and values as the path to enlightenment.

Believing they should be the ones deciding what is best for your child’s health and ideology your child should be taught in school.

Their progressive values are not what I want taught to my children, nor do I want them making medical decisions for what  they “deem best” for the children of our school district.

Do you trust them to sit in a position of power over you and your child? 

I for one, do not!",1,0,FALSE,1,,,,,,,,,
Fang,Async,50-75,RisingEnergyCost,"Check your energy bill, have you noticed a spike? -- big oil is raking in billions to send American oil overseas except American families are footing the bill. 

https://youtu.be/y1uP7Wb2cEg. ",1,1,TRUE,,,,,,,,,,
Fang,Async,50-75,ProRenewableEnergy,"📺📺 WATCH: Join our interview with Bud Albright, CEO at the U.S. Nuclear Industry Council.

He is the former Under Secretary of the U.S. Department of Energy. In that role, as the third most senior official at DOE, he provided leadership for energy and environment programs, including: energy research and development; demonstration and deployment; environmental cleanup; legacy management and radioactive waste management, all with a total budget of nearly $15 billion. 

Albright was appointed by President Bush and was unanimously confirmed by the U.S. Senate.

To celebrate National Nuclear Science Week, we are interviewing 4 top experts in the field.

Tune in for this one and check out our schedule for the others!",0,0,TRUE,,,,,,,,,,
Fang,Async,50-75,PoliticalLeadershipTraining,"We need all Patriots to help us Restore Virginia.  

Unless you are politically feared, you will not be politically respected.

Learn WHY this works…. Learn HOW YOU can be feared AND respected by politicians in the fight for liberty.

This is practical, no-nonsense training built around cutting-edge political strategies and tactics.

If you are tired of crony-capitalism, corporate handouts and politicians only looking out for their next re-election, this class might be for you.

If you are ready to DO something to take back power from the politicians and elites for “We The People,” you NEED to attend this class on Saturday, August 14, 2021 in Norfolk , VA.

This intense one-day training covers:

The Real Nature of Politics - why just ""educating"" people alone won't result in change;

The Biggest Lie in Politics - and how the political class uses your convictions against you;

How to work effectively at the Capitol - getting a bill sponsor and a roll call vote despite the leadership; and

How to put pressure on legislators.

All of our instructors have years of experience putting these principles to work in multiple states.

Many have worked on federal, state and local campaigns, including major presidential campaigns, and successful campaigns for U.S. Senate and Congress. They know what works, and also what has been proven not to work in getting politicians to vote right.

This class will teach you how to turn your passion into effective action to advance liberty.
If you’re ready to learn how to be effective AND feared by politicians, click here to register for this class on Saturday, August 14, 2021 in Norfolk , VA. We’ll even throw in lunch.",1,1,TRUE,,,,,,,,,,
Fang,Async,50-75,BioFuelTheft,"On July 7, our driver also reported #oiltheft at Great Wall in Pomona, NY, where this Buffalo Biodiesel vat had been broken into and robbed, shown here with its lockbar missing—one of eight #oilthefts reported in Rockland County that same day, and eleven so far in the past week. 

Buffalo Biodiesel recycles the used cooking oil to make sustainable biofuel—instead, it’s being targeted by organized crime. Please report any relevant information to the Haverstraw Police Department  and help us stop these criminals. 
Rockland Report recordonline.com lohud News 12 Hudson Valley  The New York Times Spectrum News 1 Hudson Valley  Daily Freeman ABC7NY CBS New York  New York Post. ",1,1,TRUE,,,,,,,,,,
Fang,Async,50-75,ProUSOil,"""I think the reason we’re seeing the Permian produce so much is you get your best rate of return for drilling here in the Permian versus in the Dakotas, Eagle Ford, offshore, Gulf of Mexico,"" Edwards said.

https://www.newswest9.com/article/news/local/record-oil-production-december/513-98ba0de5-b5be-43f9-992c-b678ddcb65c4. ",1,1,TRUE,,,,,,,,,,
Fang,Async,50-75,MinorityGroupWomenAdvocacy,"TLC Live! With Lt. Gov. Dan Patrick, State Rep-Elect John Lujan, and State Rep Candidate Mano DeAyala

Lt. Gov. Dan Patrick joins Orlando and Andrea to speak about the recently concluded sessions of the Texas legislature. While presiding over the Texas Senate, Lt. Gov. Patrick has focused on strategies to keep Texas families and communities safe and the state economy strong. John Lujan, who just won his election for state representative in District 118 with heavy support from TLC PAC, also joins us, as does Mano DeAyala, a candidate for state representative in District 133.

Dan Patrick
John Lujan for State Rep 118
https://www.manoforstaterep.com

Watch TLC Live! On Facebook (https://www.facebook.com/TLCforTexas) or on YouTube (https://www.youtube.com/channel/UCTi1LGIYZDNRyEL08eYm90Q), and Comment Live on Facebook Every Wednesday at 11 AM!",0,0,TRUE,,,,,,,,,,
Fang,Async,50-75,DonationsForProRiverPoliticians,"Your legislator, Senator Cleave Simpson, was a champion for Colorado’s rivers this legislative session! That means a stronger economy, better resiliency in the face of climate change, and restoring our rivers. Show your support for our rivers by signing our card today!",1,0,FALSE,1,,,,,,,,,
Fang,Async,50-75,SupportForBuildBackBetterAct,"Senator Laura Ellman voted for the Climate and Equitable Jobs Act and it is now law in the state of Illinois!

The Climate and Equitable Jobs Act will:

✅Curb dangerous air pollution

✅Combat the climate crisis

✅Create thousands of high-quality jobs in Illinois

Please join us by adding your name to thank Senator Laura Ellman today.",0,0,TRUE,,,,,,,,,,
Fang,Async,50-75,WaterPollutionAndContamination,"Photojournalist Christian Monterrosa visited the shorelines of Huntington Beach, CA this past weekend to document the aftermath of a major oil pipeline leak off the coast of Orange County. 

Officials have estimated that between 24,700 and 131,000 gallons of oil spilled into the Pacific Ocean.",1,1,TRUE,,,,,,,,,,
Fang,Async,50-75,ProCleanEnergyPolitician,Thank Senator Warnock for fighting for farm families and a healthier environment for birds and people. The Growing Climate Solutions Act is the first step toward raising farmer income while reducing carbon emissions. Sign up today to show your support!,0,1,FALSE,1,,,,,,,,,
Fang,Async,50-75,TPUSALiveAd,"TPUSA LIVE is the unfiltered, grassroots alternative to mainstream media. Watch daily shows, live in-studio content from TPUSA HQ and weekly shows covering politics, pop-culture, sports and everything in-between. Tune in every weekday starting at 5 PM ET / 2 PM PT.

Check out today’s show! 

Human Events Daily host Jack Posobiec discusses the Virginia election results, FBI update from Kyle Rittenhouse trial, 'Defund the Police' fail & General Milley.

The TPUSA LIVE team is joined by host, Jon Root, and special guests Isabel Brown, Rachelle Hernandez & Braeden Sorbo who will talk about our climate, protecting our youth, 'What in the World Wednesday,' and more!

SMASH host MAGA Hulk, Stephen Davis, smashes down the praise of degeneracy that is plaguing our society and culture and watch On The Frontlines with Isabel Brown, as she sits down with TPUSA Ambassador Kangmin Lee to discuss his experience with the Left's relentless attempts to silence him.

We will wrap up the show with POPlitics with Alex Clark as she dives into the Nipple Gate Documentary, Macy's Thanksgiving Day Parade, a sports recap and more!",1,1,TRUE,,,,,,,,,,
Fang,Async,50-75,AntiLiberalSpending,Raising taxes on the U.S. natural gas and oil industry could put our economic recovery at risk! Call Rep. Steve Chabot at 512-421-8722 and tell them: new taxes on U.S. energy is a BAD idea!,0,0,TRUE,,,,,,,,,,
Fang,Async,50-75,EnergyInfrastructureProjects,"The Rhode Island Republican Party has filed a complaint against Gov. Dan McKee’s chief of staff, Tony Silva, claiming Silva violated the state’s ethics code when he failed to disclose his financial interest in a controversial wetlands property in Cumberland.

The state GOP is filing the complaint with the R.I. Ethics Commission, accusing the governor’s top aide of not disclosing his financial ties to the 45 Canning St. property between 2017 and 2020. The complaint comes one day after Target 12 first reported Silva directly intervened with the Cumberland mayor earlier this year in an effort to get the controversial wetlands property developed, long after he claimed he no longer had a financial interest in the lot.

“Although Mr. Silva admits he had a financial interest in the 45 Canning Street [lot] from 2017 through 2020, in financial disclosure reports for that time period, Mr. Silva never disclosed he had a financial interest in 45 Canning Street property,” Republican leaders wrote in a news release.

The group pointed to a state law that requires certain public officials to regularly disclose their financial activities, including “a listing of all real property in which a financial interest was held.”

Silva had been trying to develop the property since 2017 when he received an option to buy it if regulatory permits for development were obtained. The R.I. Department of Environmental Management initially rejected permit requests in 2019, but reversed that decision this year. Development of the wetlands property has been opposed by neighbors and the town for years.

Silva claims he transferred his financial interest in the property to his son, Ross Silva, in April 2020, saying has documentation to prove it, although he hasn’t yet provided it.

As the top aide to McKee since the start of 2015, Silva is required to annually disclose his financial interests in various properties and business ventures. A Target 12 review of Silva’s disclosure forms between 2017 and 2020 shows no mention of the property at 45 Canning St. (In 2019, he did list a financial interest in a property on the same road, at 114 Canning St.)

In addition to the ethics complaint, the GOP is calling on R.I. Attorney General Peter Neronha to investigate Silva’s decision to try and influence development of the property. New documents released under an Access to Public Records Act request show Silva asked to meet with with Cumberland officials regarding the development last September, months after he supposedly gave up any financial interest in the project.

This past March, the month Silva became chief of staff in the governor’s office, he asked Cumberland Mayor Jeff Mutter for an unscheduled meeting, and the mayor claims Silva asked him not to oppose the Canning Street development.

In a text to the mayor afterward, Silva indicated he had spoken to his wife and they were “going to allow my son Ross” to buy the lot.

“Therefore I won’t be connected to it at all at the time of sale,” Silva wrote. “Hopefully this will make it easier for you at Town Hall.”

Silva’s son bought the property in July, which he has since said he will donate to the town. The governor’s chief of staff nonetheless has denied he tried to influence the deal in any way.

“I want to emphasize that at no time did I intervene on my behalf or anyone else regarding the property,” Silva wrote Monday to Target 12. “NEVER EVER.”

Silva did not respond to multiple questions about whether he thought it was appropriate to be discussing the deal with local decisionmakers given his position of power with the state. The state’s GOP said the whole issue is reason enough for an outside review.

“We have no confidence that weak Governor McKee, who himself was previously fined by the Ethics Commission, would undertake a thorough investigation of his chief staff’s dubious activities,” the party wrote. “Therefore, we ask the Attorney General to investigate the Cumberland land deal orchestrated by Mr. Silva.”

Beyond the Republican Party, the Canning Street controversy has also drawn criticism from McKee’s political opponents within his own party. R.I. Secretary of State Nellie Gorbea, a Democrat who has announced she’s running against McKee in next year’s primary, took to Twitter to question McKee’s involvement.

“What did Governor McKee know about this and when did he know it?” she wrote. “It is unacceptable for local government to be pressured by those in power for private gain.”

Mutter said this week he reached out to McKee following a Target 12 report on the Canning Street controversy earlier this month, telling the governor about Silva’s meetings. Mutter claims the governor wasn’t aware of the ongoing discussions prior. McKee has not yet commented on the latest developments. 

https://www.wpri.com/target-12/ri-gop-files-ethics-complaint-against-mckee-chief-of-staff-calls-for-investigation/. ",0,1,FALSE,0,,,,,,,,,
Fang,Async,75-100,AntiGunBan,"As Governor Northam and the Richmond Radicals scheme to pass the Gun Ban, we need patriots to fight in a minutes notice!

If you are dedicated to fighting to stop Governor Northam's Ban on Semi-Automatic Sporting firearms, join up today!

https://virginiaconservatives.net/virginia-minutemen

In 1775, the Minutemen were an organized force of Patriots which, at a moment’s notice, would mobilize to defend their communities and liberty.

Today, Virginia is engaged in a political war to defend that same liberty and needs every single patriotic man and woman to join the Virginia Minutemen .

Will you answer the call to carry on this great tradition of ordinary citizens, in the midst of a great crisis, standing up to fight?

 I am going to speak frankly; this will not be an easy fight.  But it wasn’t in 1775 either.  As the new wave of radical anti-gun politicians take up the power of government, they do so with a vengeance. And, unless you act, they will destroy the Constitution, your right to keep and bear arms, and usher in a wave of totalitarian legislation that will be very hard to repeal.

 This is why it is vitally important that you sign up to join the Virginia Minutemen program today.

 Being a Minuteman is not for everyone.  Some are not as dedicated to defending our great Virginian tradition of liberty and are not ready to commit to doing the work necessary.

I must tell you, it will be hard work.

Here at the Virginia Constitutional Conservatives, we are asking for volunteers to, in a moment’s notice, swing into action to defend their liberty, and the liberty of generations to come. In over a decade of grassroots political action, there are proven tactics and actions that will lead to victory; if you can mobilize enough patriots to act.

So that is what I am asking of you today.

Will you pledge to join the Virginia Minutemen?",1,1,TRUE,,,,,,,,,,
Fang,Async,75-100,AntiGunBan,"Fellow Virginians,

My Grandfather always told me to speak ""the plain truth of things"".  Simple, straight forward and to the point.  Many of you received the results of our 2021 Restore Virginia Now Candidate Survey, click here to view.

In a few short hours we received hundreds of emails back with one simple question- What are the voting records of those seeking the Republican Nomination in the State Convention? 

You asked for it, so here it is.

Now keep in mind many candidates have never been in office before, so they have no legislative record, but for those that have been elected before, here at the Virginia Constitutional Conservatives we keep track of every vote lawmakers cast of key issues.

Because, to speak the 'plain truth', past performance is the best indicator of future performance, but even more so, the last thing anyone should ever do is reward poor political behavior. 

Scanning our database, here are key facts to keep in mind as the Virginia State Convention looms near-
 

-In the 2018 Special Session, then Speaker Kirk Cox, and now Gubernatorial Candidate Cox, led the effort to pass the Obamacare Expansion in Virginia, which in turn funded millions to Planned Parenthood to kill babies.  Don't believe us?  here is a link. 

https://www.whsv.com/content/news/Virginia-lawmakers-vote-to-expand-Medicaid-484085081.html

-In the 2019 Special Session, both Tim Hugo, running for Lt Governor, and Jason Miyares, running for Attorney General,  introduced Red Flag Gun Confiscation Legislation to violate nearly half of the Bill of Rights.  Not only does this unconstitutional scheme violate the 2nd Amendment, but also the 4th, 5th and 6th Amendments.  This effort set the stage for the radical left to pass this gun grab in the 2020 General Session.  Here are some links to read more-  

https://www.princewilliamtimes.com/news/hugo-now-backs-red-flag-gun-law/article_cad6a8ca-bf77-11e9-bea6-fb8304c57809.html

https://www.13newsnow.com/article/news/virginia-beach-delegate-proposes-red-flag-law-for-virginia/291-c7838c54-a9c3-4334-99e2-70dac47db27b

-And then Delegate Glenn Davis, running for Lt Governor, introduced legislation in the 2020 General Session to make it harder for law-abiding citizens to get a concealed carry permit.  His legislation, which then enabled the radical leftists that now control the house to do the same, eliminated online training and mandated in-person training,  The last time I checked the 2nd Amendment neither mentioned training or paying a tax to bear arms.  Here is a link to his legislation. 

https://lis.virginia.gov/cgi-bin/legp604.exe?201+sum+HB142

And even before that, Davis led the effort to create 'gun free' killing zones in Government Buildings.  Here is a link to that.

https://www.virginiamercury.com/blog-va/virginia-beach-republican-to-push-bill-allowing-municipalities-to-ban-guns-in-government-buildings/

And finally, while never elected, Gubernatorial Candidate Glenn Youngkin urged his employees to donate to the Southern Poverty Law Center, a viciously anti-conservative and anti-Christian organization.  You can read about that here.

https://thefederalist.com/2021/03/25/woke-capital-gop-candidate-ex-ceo-once-urged-employees-to-donate-to-the-splc/

You know, after typing this, it seems I am describing the Democratic ticket rather than those seeking the Republican Nomination.

Like I said before, many other candidates do not have public policy efforts on record, but you can read more about their stances on vital issues by clicking here and reviewing the results of our 2021 Restore Virginia Now State Candidate Survey.

https://virginiaconservatives.net/2021-rvn-candidate-survey

In over a dozen years of grassroots politics, one truth stands out- you must never ever reward the poor votes of a politician with your good vote, no matter who they are.

Or else you end up with the inability to tell Party R from Party D.

As we move into the 2021 Primary in the House of Delegates, we will also be shedding the hard light of truth on many candidates and their poor voting record.

For if we hope to Take Back Virginia, the last thing we need is fake conservatives on the ballot.  And you must remember the wise word of King Solomon in Proverbs 22:29-

""Do you see a man who excels in his work? He will stand before kings; He will not stand with unknown men.""

To read more on our efforts to take back the State House of Delegates, and what you can do to help us, click here to join us in working to Restore Virginia Now.

https://www.restorevirginianow.com/

In Liberty,

S. Chris Anders
Director
Virginia Constitutional Conservatives
https://virginiaconservatives.net/
https://www.facebook.com/virginiaconservatives/ 
 
PS- We have a hard fight ahead to take back Our Virginia. For the past 18 months we have been training and preparing for the 2021 State Election Cycle.  But we could use your help.  We have the trained activists and members in place to rip the Richmond Radicals from power, but we need ammunition. And in politics, your donations are that ammunition.  Will you click here to support our efforts to Restore Virginia?  For many of you donating $5,000 is easy and for others $50 is hard.  I get that.  But no matter the amount you are able to give, know that every dime will fund our effort to take back OUR Virginia.

https://donorbox.org/restore-virginia-now

Thank you and God Bless. ",1,1,TRUE,,,,,,,,,,
Fang,Async,75-100,AntiWoke,"PUBLIC NOTICE: ( This is a long post) Kevin Price, school board member criticizes the Yes Pac and Josh and Diana Pressnell for power grab. 

This page agrees that the Pressnells are out -of-control, working hand-in-hand with Kim McCarthy and Meredith Brinegar.

This alinement of radical progressive socialists is no accident. It is a well laid out campaign plan to get WOKE candidate’s into office in the Bellbrook City Council,Sugarcreek Township Trustee and to take over the Bellbrook school board. 

This elaborate plan has been months in the making and supported by Doug Cozad, School superintendent, and the Bellbrook Teachers Union.

**In his own words Kevin Price wrote the following.  It is worth a read. McCarthy, Pressnells, Brinegar are all tied in together. 

""The Citizens for Sugarcreek Schools PAC page, created to unite the community behind passing a much needed levy, continues to depart from its original purpose and even its newly stated purpose of providing school related information.  

Since the levy passed in May It has been used to promote controversial ideology and most recently to cast things in a more favorable light for 3 candidates. 

The page is run by candidate Josh Pressnell and edited by his wife Diana Pressnell. 

Today I made a comment to a post made by the PAC page editor (Diana Pressnell) about candidate information in which I provided a link to the League of Women Voters’ interview that took place in August.  

My comment was deleted on the PAC page by Diana Pressnell. Interestingly a comment praising Josh Pressnell (likely from a fake FB account) remains. Below is a screen capture of these contrasting posts before mine was deleted. 

Intentionally suppressing information about other candidates by that “neutral” page is unacceptable.

End of Kevin’s Post

************************

Election Watch 21 Editorial comments:
These are the Progressive leaders who have brought hate and Intolerance into our communities and divided our citizens into “haves and has nots.”

This group is a toxic poison of radical ideas which they intent to force their WOKE VALUES upon our families, through the power of the offices they seek.

Do not give them the power and control they desperately seek, not not vote for them.

They are not like you and me.

They are radicals.

They are a threat to all you cherish and hold dear.

God, Family, and Country.",1,1,TRUE,,,,,,,,,,
Fang,Async,75-100,AntiWoke,"Critical Race Theory isn’t always presented as “Critical Race Theory” our school boards along with teachers unions and teachers themselves have disguised “CRT” in concepts such as Action Civics, Anti-racism, Anti-blackness, Collective guilt, Unconscious bias, Critical self-awareness, Diversity, Equity, and Inclusion (DEI) Educational justice, Institutional oppression, Marginalized identities, Systems of power and oppression, White privilege, White supremacy, Whiteness, Woke behavior, pro-nouns. 

As a result, our children have become depressed, have extreme anxiety, and withdraw. We are witnessing an increase in teenage suicide by 32%, while school boards and our children’s teachers think they have the right to cut parents out of the social and emotional wellbeing of our children. Our schools are there to educate our children in Math, English, Reading, Science, History, and civics. 

What teachers have no place teaching our children is ‘CRT” as a parent if my child struggles with self-identity, depression, anxiety, or any other personal concerns that is between my child and myself, not my child’s teacher or school psychologist, nor should any parent owe an explanation to how we handle our personal family concerns with our schools. Teachers teach and Parents raise our children, more importantly, we name our children not ‘Woke’ teachers and their dangerous pro-nouns. 

I will spend the next twelve months traveling district 2 of Massachusetts visiting every school board determining how are federal dollars are being used to harm our children.",1,1,TRUE,,,,,,,,,,
Fang,Async,75-100,ProtectEnvironment,"Congress is asking: How big should we go on infrastructure? We're responding: As big as the crises we face — to address systemic racism, climate catastrophe, and economic injustice. 

Take action now! → sc.org/THRIVE. ",0,1,FALSE,0,,,,,,,,,
Fang,Async,75-100,ProtectEnvironment,"𝐓𝐞𝐥𝐥 𝐏𝐫𝐞𝐬𝐢𝐝𝐞𝐧𝐭 𝐁𝐢𝐝𝐞𝐧: 𝐓𝐚𝐤𝐞 𝐮𝐫𝐠𝐞𝐧𝐭 𝐚𝐜𝐭𝐢𝐨𝐧 𝐨𝐧 𝐜𝐥𝐢𝐦𝐚𝐭𝐞 𝐜𝐡𝐚𝐧𝐠𝐞 𝐚𝐧𝐝 𝐜𝐥𝐞𝐚𝐧 𝐞𝐧𝐞𝐫𝐠𝐲

The first year of a new presidential administration can be the most consequential. We must prioritize meaningful action to protect the planet. 

Add your name before the deadline ❗❗. ",1,1,TRUE,,,,,,,,,,
Fang,Async,75-100,CleanEnergyWorks,"The most indispensable and fundamental element of our modern society is the reliability and affordability of electricity. With both Texas and California rapidly moving to more wind and solar power to provide generation to power plants, what backup power source will provide the electricity reliability to keep the lights on, the air conditioning humming, and heat flowing? https://bit.ly/3bqq7vJ.",0,0,TRUE,,,,,,,,,,
Fang,Async,75-100,CleanEnergyWorks,"Today is Global Wind Day! According to the American Clean Power Association, the US wind power industry employs over 120,000 Americans, has contributed more than $145 billion in economic investment all over the nation over the last 10 years, and has provided $1.8 billion in local, state, and federal tax payments in the last year. Read more about wind power in the US: https://bit.ly/3bQAVn7.",1,1,TRUE,,,,,,,,,,
Fang,Async,75-100,ActionAgainstDemSpending,Raising taxes on the U.S. natural gas and oil industry could put our economic recovery at risk! Call Rep. Susie Lee at 702-963-9336 and tell them: new taxes on U.S. energy is a BAD idea!,0,0,TRUE,,,,,,,,,,
Fang,Async,75-100,ActionAgainstDemSpending,"Shutting down local oil & gas production would force California to import even more foreign oil, further increasing the price of gas and household utility costs. Stop the energy shutdown. Stop higher gas prices.",0,0,TRUE,,,,,,,,,,
Fang,Async,75-100,IndigenousAndBlackAdvocacy,"📣 This week is a busy one! We have two live upcoming events, and we want you to join us! 

🌎 First, we have our Beyond #NoDAPLE: Women of the Movement conversation between Rep. Ruth Buffalo (Mandan, Hidatsa, and Arikara Nation), Tara Houska (Couchiching First Nation), Tokata (Future) Iron Eyes (Standing Rock Sioux Tribe), and Fawn Wasin Zi (Standing Rock Sioux Tribe). As activists, advocates, politicians, and teachers, these Women of the Movement will discuss their leadership, activism, current roles, and future plans. 

⌚️Thursday, May 20TH, 2 PM PDT: https://fb.me/e/RXMLppau

🔥Then on Friday our General Manager, Joseph McNeil Jr., will join Jane Fonda, Colette Pichone Battle, and Tim Donaghy for Fire Drill Fridays where they will discuss the ways in which fossil fuel companies harm BIPOC communities, and how Biden and Congress can take historic action to end fossil fuel racism.

⌚️Friday, May 21st, 11 am PDT: https://fb.me/e/2aEUDX5wk. ",1,1,TRUE,,,,,,,,,,
Fang,Async,75-100,PassBidenAct,"Huge news: The House just voted to pass the Build Back Better Act!

Thank you, Rep. Blunt Rochester, for putting Delaware's working families first by voting to create clean energy jobs right here and take on climate change right now.",1,1,TRUE,,,,,,,,,,
Fang,Async,75-100,AntiOilPolitician,Thank Senators Shaheen and Hassan for fighting for farm families and a healthier environment for birds and people. The Growing Climate Solutions Act is the first step toward raising farmer income while reducing carbon emissions. Sign up today to show your support!,0,0,TRUE,,,,,,,,,,
Fang,Async,75-100,AntiPropertyTax,"The BIG LIE!
Price is now alluding to bring back bussing, a promise that will be broken, saying anything to try and pass this $22,540,000.00 million dollar property tax levy.

With the levy defeat looming, desperation is apparent, board members are saying anything to try and change the tide of the coming PROPERTY TAX REVOLT.

Price is using EXTORTION. 
Give us the $22,540,000.00 million dollars and we will bring back SOME BUSING!

This is a false promise, a bald-faced lie, bait, and switch, believing the taxpayers will fall for his BS.

Price is now alluding to bring back bussing, a promise that will be broken, saying anything to try and pass this $22,540,000.00 million dollar property tax levy!

Again Kiven Price is droning on again, giving a self-serving, he's so great speech. It is so inappropriate. He just runs over David Carpenter, who can not control this board meeting, and does whatever he wants.

When Price talks bring a pillow, it's a snooze fest.

Come November, it will be time to get rid of the appointed government bureaucrat.

A monumental change is coming in the power structure of this property tax-loving school board.

Kevin Price can not be trusted.

Please join the Bellbrook-Sugarcreek Property Tax Revolt!

NO MEANS NO!",1,1,TRUE,,,,,,,,,,
Fang,Async,75-100,ProUSOilIndustry,"As we head into 2022, Oklahoma's oil and natural gas industry is on the rise. Today, there are 44 active drilling rigs providing a boost to our economy — a huge improvement compared to the 9 active drilling rigs two months into the COVID-19 pandemic. 

Though there are still uncertainties and anxieties surrounding our industry, the optimism for a brighter future is stirring in our fields. 

Read more from Petroleum Alliance President Brook Simmons: https://bit.ly/3DPFDN2. ",1,1,TRUE,,,,,,,,,,
Fang,Async,75-100,ProtectRivers,"Your legislator, Representative Judy Ambile, was a champion for Colorado’s rivers this legislative session! That means a stronger economy, better resiliency in the face of climate change, and restoring our rivers. Show your support for our rivers by signing our card today!",1,1,TRUE,,,,,,,,,,
Fang,Async,75-100,TPUSAAd,"TPUSA LIVE is the unfiltered, grassroots alternative to mainstream media. Watch daily shows, live in-studio content from TPUSA HQ and weekly shows covering politics, pop-culture, sports and everything in-between. Tune in every weekday starting at 5 PM ET / 2 PM PT.

Check out today’s show! 

Human Events Daily host Jack Posobiec discusses the marine who saved a baby in Kabul & more!

The TPUSA LIVE team will feature host, Jon Root, and special guests Alex Clark, Sara Gonzales, Taylor Winston, & Liz Willis to talk about the anniversary of Route 91, AmericaFest & more!

The Spillover host, Alex Clark, sits down with Midsi Sanchez, who survived a kidnapping when she was just 8 years old. 

We will wrap up the show with POPlitics with Alex Clark as she dives into the docuseries LulaRich, how the left is ruining cartoons & My Little Pony!",1,1,TRUE,,,,,,,,,,
Fang,Async,75-100,EVCharging,"As we enter the summer season, we think of heat, hotdogs and hurricane season. Now is the time to start gearing up for hurricane season. Click here to learn more about how you can get #HurricaneReady: https://gov.texas.gov/hurricane.",0,0,TRUE,,,,,,,,,,
Fang,Async,75-100,OilTheft,"On July 28, one of our drivers reported #oiltheft at Frank's Pizza & Restaurant in Sparta, NJ, where this Buffalo Biodiesel vat had been broken into and robbed by thieves, who left it in the condition shown here. Buffalo Biodiesel recycles the used cooking oil to make energy-efficient biofuel—instead, it’s being targeted by interstate organized crime groups for illegal profit. If you witness or have information about an oil theft at one of our vats, please call 911 and then report the theft to us at 1-800-721-1427.
Daily Voice Morris And Sussex County News 12 New Jersey  NorthJersey.com  The Star-Ledger  NJ.com  NJ Spotlight News  ABC7NY  CBS New York  Daily Record. ",1,1,TRUE,,,,,,,,,,
Fang,Async,75-100,pro-2A,"Fellow Patriots,

You need to mark your calendar for Tuesday, August 3, 2021 for the Special Meeting of the Virginia Constitutional Conservatives.

Held at the Hamilton Station Gastropub, 17416 Hamilton Station Rd in Hamilton Virginia, from 6:30pm till 9:30pm, we will be discussing-

Our 2021 State Election Cycle effort- Restore Virginia Now.
Our Defeat of the 'home-made' gun ban in the 2021 Session
Upcoming battles by the Virginia Gun Rights Task Force
And our Special Guest, Virginia for Educational Freedom, to discuss their efforts to pass school choice and end the government monopoly on education in Virginia. 
There are vital actions you must take to not only stop the far left radicals, but to rip them from power and restore your rights as citizens of the Commonwealth of Virginia.

I look forward to seeing all of you on August 3rd.",1,1,TRUE,,,,,,,,,,
Fang,Async,75-100,donations for climate change,"Pipeline projects cause water contamination, harm forests and wetlands, and lead to tragic accidental explosions—meaning the PennEast pipeline’s cancellation is a win for the environment and our families.",0,0,TRUE,,,,,,,,,,
Fang,Async,75-100,solar energy,"Last winter, failed energy policies caused the TX snowstorm to turn deadly & left Texans in the cold. Some special interest groups want to bring the same deregulation proposals to VA.
 
Thankfully, Danny Marshall, is working hard to protect reliable access to affordable power.",0,0,TRUE,,,,,,,,,,
Fang,Async,75-100,advocating for city level politics,"School board President David Carpenter posted this in 2015. Time has proven Carpenter's comments about “integrity” to be a lie of convenience, based upon his need for power.

The Criminal inditement of David Carpenter by the State of Ohio proves everything I have said has been correct.

In my opinion, David Carpenter was in hip-deep and involved in Doug Cozad’s criminal behavior and knew about, encouraged, and cheered on the illegal Levy activities.

Carpenter was one of the 4-sitting board members who were part of the “secret group of 78, who attacked me, my family, and my business. 

David Carpenter is a “woke progressive” who has secretly attacked anyone who dared disagree with the school board or the administration. In my opinion, he is a danger to every Patriot in our community.

Carpenter has proven through his behavior he is willing to use the policing powers of our community as a tool to go after individuals he deems an “enemy” of his school administration.

Do not let the “bow-tie” fool you.

David Carpenter is a woke radical predator intent on holding on to power through any means possible.

It is time for the Patriots of Bellbrook-Sugarcreek to get rid of this criminally charged school board President.

Integrity is one quality David Carpenter does not possess. 

Pretty, yes. Vindictive, yes. Small-minded, yes. Angry little man, yes. Bully, yes. Power-hungry, yes. Self-serving, yes. All descriptions, in my opinion, describe David Carpenter.

But having integrity, that’s a BIG NO.

David Carpenters' reign of abuse of power is over.",0,1,FALSE,0,,,,,,,,,
Fang,Async,75-100,political activism to oppose climate change,"On July 28, one of our drivers reported #oiltheft at Frank's Pizza & Restaurant in Sparta, NJ, where this Buffalo Biodiesel vat had been broken into and robbed by thieves, who left it in the condition shown here. Buffalo Biodiesel recycles the used cooking oil to make energy-efficient biofuel—instead, it’s being targeted by interstate organized crime groups for illegal profit. If you witness or have information about an oil theft at one of our vats, please call 911 and then report the theft to us at 1-800-721-1427.
Daily Voice Morris And Sussex County News 12 New Jersey  NorthJersey.com  The Star-Ledger  NJ.com  NJ Spotlight News  ABC7NY  CBS New York  Daily Record. ",0,0,TRUE,,,,,,,,,,
Fang,Async,75-100,criticism of liberal tax policy,"Every year, Colorado's oil and natural gas industry generates over $1 billion in tax revenue. This tax revenue supports roads, parks, and infrastructure across our state.",0,0,TRUE,,,,,,,,,,
Fang,Async,75-100,indigenous climate justice,"Chairwoman of SAGE Development, Fawn Wasin Zi, will join the Women of the Movement dialogue this month. Fawn has a background in biology, and she firmly believes it is her duty to speak for those, Unci Maka (Grandmother Earth) that cannot speak for themselves, ""I'm personally involved in this on the basic level that I'm a biologist, and I want to save the world"". Learn more and join us for this month's Anpetu Wi Dialogue with a live discussion with Fawn, Tara Houska, Rep Ruth Buffalo and Tokata (Future) Iron Eyes by clicking the link in the bio.

#listentolearn #nativeamericans #NODAPL #indigenoushistory #nativeamericanroots #indigenousunited #indigenouspeople #SAGE #SRST #SAGESRST #SayYestoWind #StopLine3 #ShutDownDAPL. ",1,1,TRUE,,,,,,,,,,
Fang,Async,75-100,promoting legislation against climate change,"Representative Ann Williams led on the Climate and Equitable Jobs Act and it is now law in the state of Illinois!

The Climate and Equitable Jobs Act will:

✅Curb dangerous air pollution

✅Combat the climate crisis

✅Create thousands of high-quality jobs in Illinois

Please join us by adding your name to thank Representative Ann Williams today.",0,1,FALSE,1,,,,,,,,,
Fang,Async,75-100,pros of wind and solar energy,"Let's talk about the sacred wind!

Tate Topa: Tate means wind, Topa is the number 4; the Four Winds are female spirits and the Four Winds represent the cardinal directions being east, south, west and north. The north winds are cleansing, causing the leaves to fall, the western winds bring the rain, southern winds bring warmth and eastern winds brings the life of a new day. 

#IndigenousVoices #RenewableEnergy #StandingRock #SAGESRST #CommunityDevelopment #AnpetuWi #SRST #FourWinds #IndigenousPeople. ",0,1,FALSE,1,,,,,,,,,
Fang,Async,75-100,criticism for disfavoring US ONG production,"I am outraged that Germany’s along with the EU nations continue to believe that America should fight their energy wars. NATO was set up to protect them from Russia yet they purchase their energy from Russia, meanwhile asking Americans to die in their energy wars, I don’t think so.

Unfortunately, America's hands are not clean on this energy crisis either, The Biden administration under their green energy policies have weakened America’s security by increasing oil purchases from Russia, under President Trump, America was energy independent purchasing only 18,000 Barrels of oil per day from Russia after Biden reversed our energy independence America is currently purchasing 208,000 Barrels of oil daily from Russia, setting up ‘Yet’ another war over energy.  

We cannot allow another World War III over green energy; we will achieve our climate goals but not at the cost of the world’s security. America alongside, NATO, Germany, and the EU must choose energy independence keeping us out of costly wars or America should remove ourselves from NATO understanding that our nation’s security comes first.  

Ukraine is not America’s crisis, it’s NATO’s, Germanys, and the EU’s crisis. America must focus on China while restoring our energy independence keeping America out of War. 
#AmericaFirst. ",0,1,FALSE,0,,,,,,,,,
Fang,Async,75-100,kudos for confronting ONG emissions,"Thank Senators Coons and Carper for supporting smart, practical, bipartisan policies that promote conservation by helping reduce carbon emissions. The Growing Climate Solutions Act is the first step toward rewarding farmers, ranchers, and foresters for protecting birds and all wildlife for future generations. Sign up today to show your support!",1,1,TRUE,,,,,,,,,,
Fang,Async,75-100,IndigenousAndBlackAdvocacy,"We are proud to share more about Tokata (Future) Iron Eyes (Standing Rock Sioux Tribe) who will be joining Ruth Buffalo, Fawn Wasin Zi and Tara Houska for our May 20th Anpetu Wi Dialogue. Tokata was 12 years old in 2016 when she spoke in a video, calling for help in the Standing Rock Sioux Nation's battle against the Dakota Access oil pipeline, drawing people around the world to the story. Since then Tokata has shone with her advocacy of climate justice and raised awareness of Indigenous leadership as protectors of the environment. Learn more about Tokata:

https://youtu.be/eZ-W87E-2n4

RSVP for this event TODAY! https://fb.me/e/RXMLppau. 

“Those lower system costs do not count public health, environmental, or climate benefits from increased use of renewables, say the study’s eight co-authors.” Read more:. ",1,1,TRUE,,,,,,,,,,
Fang,Async,75-100,access to water and promoting renewable energy,"Your legislator, Representative Marc Catlin, was a champion for Colorado’s rivers this legislative session! That means a stronger economy, better resiliency in the face of climate change, and restoring our rivers. Show your support for our rivers by signing our card today!",1,1,TRUE,,,,,,,,,,
Fang,Async,75-100,discussing problems with school board,"The BIG LIE!
Price is now alluding to bring back bussing, a promise that will be broken, saying anything to try and pass this $22,540,000.00 million dollar property tax levy.

With the levy defeat looming, desperation is apparent, board members are saying anything to try and change the tide of the coming PROPERTY TAX REVOLT.

Price is using EXTORTION. 
Give us the $22,540,000.00 million dollars and we will bring back SOME BUSING!

This is a false promise, a bald-faced lie, bait, and switch, believing the taxpayers will fall for his BS.

Price is now alluding to bring back bussing, a promise that will be broken, saying anything to try and pass this $22,540,000.00 million dollar property tax levy!

Again Kiven Price is droning on again, giving a self-serving, he's so great speech. It is so inappropriate. He just runs over David Carpenter, who can not control this board meeting, and does whatever he wants.

When Price talks bring a pillow, it's a snooze fest.

Come November, it will be time to get rid of the appointed government bureaucrat.

A monumental change is coming in the power structure of this property tax-loving school board.

Kevin Price can not be trusted.

Please join the Bellbrook-Sugarcreek Property Tax Revolt!

NO MEANS NO!",0,1,FALSE,0,,,,,,,,,
Fang,Async,75-100,promoting news and oped program,"TPUSA LIVE is the unfiltered, grassroots alternative to mainstream media. Watch daily shows, live in-studio content from TPUSA HQ and weekly shows covering politics, pop-culture, sports and everything in-between. Tune in every weekday starting at 5 PM ET / 2 PM PT.

Check out today’s show! 

Human Events Daily host Jack Posobiec discusses everything you need to know about #FreedomFlu.

The TPUSA LIVE team is joined by host, Jon Root, and special guests Will Witt, Morgan Zegers, and Alex Clark who will talk about Southwest Airlines, bi-sexual superheros, and more!

RELOADED host Paige Roux dives into the mainstream media lying about mass shootings and watch Breakaway with Jon Root, as he sits down with former University of Arizona football player and law enforcement officer Brandon Tatum. 

We will wrap up the show with POPlitics with Alex Clark as she covers Adele's new single, the relationship status of ""KimYe,"" hot take Tuesday, and more!",1,1,TRUE,,,,,,,,,,
Fang,Async,75-100,BidenPolicies,"TIME SENSITIVE. President Biden decides the fate of the Dakota Access Pipeline through a key court hearing on April 9 -- so we have to act fast. 

Tell President Biden: DAPL needlessly endangers the Standing Rock Sioux Tribe, our waterways, and climate, and it must be shut down immediately: http://sc.org/2OpNlcL. ",1,1,TRUE,,,,,,,,,,
Fang,Async,75-100,SaveEnvironment,"Join Mercy Corps’ global community of humanitarians who provide critical monthly support to help us make a lasting difference for people striving to overcome challenges like COVID-19, hunger, water insecurity, and the impacts of climate change.

Start your monthly gift of $22 and help us meet urgent challenges in 40+ countries throughout 2022 >>. ",0,1,FALSE,0,,,,,,,,,
Fang,Async,75-100,AntiLiberalElectionCandidates,"Critical Race Theory isn’t always presented as “Critical Race Theory” our school boards along with teachers unions and teachers themselves have disguised “CRT” in concepts such as Action Civics, Anti-racism, Anti-blackness, Collective guilt, Unconscious bias, Critical self-awareness, Diversity, Equity, and Inclusion (DEI) Educational justice, Institutional oppression, Marginalized identities, Systems of power and oppression, White privilege, White supremacy, Whiteness, Woke behavior, pro-nouns. 

As a result, our children have become depressed, have extreme anxiety, and withdraw. We are witnessing an increase in teenage suicide by 32%, while school boards and our children’s teachers think they have the right to cut parents out of the social and emotional wellbeing of our children. Our schools are there to educate our children in Math, English, Reading, Science, History, and civics. 

What teachers have no place teaching our children is ‘CRT” as a parent if my child struggles with self-identity, depression, anxiety, or any other personal concerns that is between my child and myself, not my child’s teacher or school psychologist, nor should any parent owe an explanation to how we handle our personal family concerns with our schools. Teachers teach and Parents raise our children, more importantly, we name our children not ‘Woke’ teachers and their dangerous pro-nouns. 

I will spend the next twelve months traveling district 2 of Massachusetts visiting every school board determining how are federal dollars are being used to harm our children.",0,0,TRUE,,,,,,,,,,
Fang,Async,75-100,RisingEnergyCost,"Keeping electricity affordable is essential. Virginians already pay too much to power their homes and lives, but Dominion Energy thinks it deserves even larger profits. Those extra profits could make bills even more expensive. We need our state regulators and lawmakers to shut down Dominion’s request for this unethical profit increase.",1,1,TRUE,,,,,,,,,,
Fang,Async,75-100,ProRenewableEnergy,"How do we make sure the electricity that powers our modern lives is there when we need it? Striking a balance between reliable and weather-dependent power sources will keep the grid reliable and resilient, no matter the weather. ☀️🌧⛄️.",0,0,TRUE,,,,,,,,,,
Fang,Async,75-100,PoliticalLeadershipTraining,"Are you respected by politicians?

Unless you are politically feared, you will not be politically respected.

Learn WHY this works…. Learn HOW YOU can be feared AND respected by politicians in the fight for liberty.

This is practical, no-nonsense training built around cutting-edge political strategies and tactics.

If you are tired of crony-capitalism, corporate handouts and politicians only looking out for their next re-election, this class might be for you.

If you are ready to DO something to take back power from the politicians and elites for “We The People,” you NEED to attend this class on Saturday, May 8th, 2021 in Leesburg, VA.

This intense one-day training covers:

The Real Nature of Politics - why just ""educating"" people alone won't result in change;

The Biggest Lie in Politics - and how the political class uses your convictions against you;

How to work effectively at the Capitol - getting a bill sponsor and a roll call vote despite the leadership; and

How to put pressure on legislators.

All of our instructors have years of experience putting these principles to work in multiple states.

Many have worked on federal, state and local campaigns, including major presidential campaigns, and successful campaigns for U.S. Senate and Congress. They know what works, and also what has been proven not to work in getting politicians to vote right.

This class will teach you how to turn your passion into effective action to advance liberty.

If you’re ready to learn how to be effective AND feared by politicians, click here to register for this class on Saturday, May 8th, 2021 in Leesburg, VA. We’ll even thrown in lunch. ",1,1,TRUE,,,,,,,,,,
Fang,Async,75-100,BioFuelTheft,"On July 28, one of our drivers reported #oiltheft at Frank's Pizza & Restaurant in Sparta, NJ, where this Buffalo Biodiesel vat had been broken into and robbed by thieves, who left it in the condition shown here. Buffalo Biodiesel recycles the used cooking oil to make energy-efficient biofuel—instead, it’s being targeted by interstate organized crime groups for illegal profit. If you witness or have information about an oil theft at one of our vats, please call 911 and then report the theft to us at 1-800-721-1427.
Daily Voice Morris And Sussex County News 12 New Jersey  NorthJersey.com  The Star-Ledger  NJ.com  NJ Spotlight News  ABC7NY  CBS New York  Daily Record. ",1,1,TRUE,,,,,,,,,,
Fang,Async,75-100,ProUSOil,"Last week, we talked about the International Energy Agency (IEA)'s ""Roadmap for the Global Energy Sector,"" which outlines the way to a carbon-neutral world. First and foremost, the IEA wants to end exploration and development of new oil and natural gas fields. However, their own June Oil Market Report forecasts growing demand for crude oil in coming years. 

So, if American oil and natural gas supplies are constricted, but demand INCREASES, where will we get the fuel we need to power our lives? We have a feeling you aren't going to like the answer. 

Read more from Petroleum Alliance President Brook Simmons: https://bit.ly/3iTCpRM. ",1,1,TRUE,,,,,,,,,,
Fang,Async,75-100,MinorityGroupWomenAdvocacy,"A Conversation about Renewable Energy with All Four of the Living Standing Rock Sioux Tribe Chairmen of the Last 40 Years.

Please join us on Thursday, April 15th at 2:00 pm (EST) for a historic, live conversation about renewable energy with ALL four of the living Standing Rock Sioux Tribe (SRST) Chairmen of the last 40 years.

SAGE Development Authority is honored to welcome four esteemed panelists for our next Anpetu Wi Dialogue:

Charles Murphy
Former SRST Chairman
1983-93, 1997-2005, 2009-2013

Ron His Horse is Thunder
Former SRST Chairman
2005-2009

Dave Archambault II
Former SRST Chairman
2013-2017

Mike Faith
SRST Chairman
2017-Present

The panelists will discuss renewable energy during their terms, the current effort to build the Anpetu Wi wind farm, and their individual viewpoints on development at Standing Rock.

SAGE Development Authority's General Manager, Joseph McNeil, Jr., will moderate.

The conversation is part of our monthly talk series titled For Generations to Come: Anpetu Wi Dialogues from Standing Rock. The talks in the series are devoted to raising awareness for Native American issues and our efforts to develop Anpetu Wi – a utility-scale wind farm - on our ancestral land at Standing Rock.",1,1,TRUE,,,,,,,,,,
Fang,Async,75-100,DonationsForProRiverPoliticians,"Your legislator, Representative Judy Ambile, was a champion for Colorado’s rivers this legislative session! That means a stronger economy, better resiliency in the face of climate change, and protecting our agricultural heritage. Show your support for our rivers by signing our card today!",1,1,TRUE,,,,,,,,,,
Fang,Async,75-100,SupportForBuildBackBetterAct,"Huge news: The House just voted to pass the Build Back Better Act!

Thank you, Rep. Escobar, for putting Texas's working families first by voting to create clean energy jobs right here and take on climate change right now.",1,1,TRUE,,,,,,,,,,
Fang,Async,75-100,WaterPollutionAndContamination,"When Dominion contaminated water with lead and arsenic—putting kids’ health at risk—Jennifer Carroll Foy had to stop it. She passed a bill to make Dominion clean up its toxic coal ash—without passing all of the costs to Virginians. To safeguard our families’ health, the status quo won’t cut it. Jennifer Carroll Foy isn’t like other politicians; she’s not afraid to take on corporate polluters.

As our next Governor, Jennifer Carroll Foy will do whatever it takes to protect our air and water from toxic polluters. Learn more about Jennifer Carroll Foy here → vote.cleanvirginia.org/jcf. ",1,1,TRUE,,,,,,,,,,
Fang,Async,75-100,ProCleanEnergyPolitician,"Concrete absorbs carbon dioxide from the ambient air, returning a portion of emissions from the cement manufacturing process to the building itself. Learn more about the carbonation process at shapedbyconcrete.com.",0,0,TRUE,,,,,,,,,,
Fang,Async,75-100,TPUSALiveAd,"TPUSA LIVE is the unfiltered, grassroots alternative to mainstream media. Watch daily shows, live in-studio content from TPUSA HQ and weekly shows covering politics, pop-culture, sports and everything in-between. Tune in every weekday starting at 5 PM ET / 2 PM PT.

Check out today’s show! 

Human Events Daily host Jack Posobiec discusses the marine who saved a baby in Kabul & more!

The TPUSA LIVE team will feature host, Jon Root, and special guests Alex Clark, Sara Gonzales, Taylor Winston, & Liz Willis to talk about the anniversary of Route 91, AmericaFest & more!

The Spillover host, Alex Clark, sits down with Midsi Sanchez, who survived a kidnapping when she was just 8 years old. 

We will wrap up the show with POPlitics with Alex Clark as she dives into the docuseries LulaRich, how the left is ruining cartoons & My Little Pony!",1,1,TRUE,,,,,,,,,,
Fang,Async,75-100,AntiLiberalSpending,"First, DC liberals spent trillions of our dollars. Now, Americans are facing record inflation and are paying more for gas and groceries. Their plan now: Nancy Pelosi and her liberal allies are pushing for new tax hikes and another socialist healthcare plan.
 
Click below and sign up to tell Lizzie Fletcher enough is enough.",1,1,TRUE,,,,,,,,,,
Fang,Async,75-100,EnergyInfrastructureProjects,"Our crews will be performing maintenance work on overhead power lines on H-1 freeway near the Sears Distribution Center and Waiau Power Plant late Saturday, March 20 through early Sunday, March 21.  The work will close multiple lanes both eastbound and westbound on H-1, leaving only the center lanes open from 10 p.m. to 4:20 a.m. 

For the safety of crews and motorists, four right westbound lanes and three right eastbound lanes of H-1 will be closed near the Sears Distribution Center and Waiau Power Plant while the work is being completed.  Crews will be assisted by a crane on Kamehameha Highway near Kuleana Road, requiring closure of two right westbound lanes of the highway from Kuleana to the Sears Distribution Center.  During times when crews will be transferring equipment and conductors, traffic will be stopped for a few minutes in both directions of H-1.  

Motorists should find alternate routes while the work is being completed or expect delays if traveling on H1 or Kamehameha Highway westbound.  Traffic signs and cones will mark the work zones.  Special duty police officers will be onsite to direct traffic.  Motorists should exercise caution when approaching and passing the area.

Mahalo for your patience and understanding.",1,1,TRUE,,,,,,,,,,
Fang,Sync,0-25,AntiGunBan,"Sign the official petition against the Vaccine Mandate!  Americans should not have to choose between keeping their jobs and taking a vaccine they are not comfortable with.  We must stop the unconstitutional, left-wing power grab.   Sign the petition now!",0,0,TRUE,,,,,,,,,,
Fang,Sync,0-25,EnvironmentalConservation,Governor Inslee is putting climate ambition into action with a bold cap-and-invest law. How will Governor Lujan Grisham move from pledge to policy?,0,1,FALSE,0,,,,,,,,,
Fang,Sync,0-25,EnvironmentalConservation,"1/3 of Virginia’s households use natural gas to heat their homes, and your delegates are working to make sure you can keep it in your home. Support them here.",0,0,TRUE,,,,,,,,,,
Fang,Sync,0-25,SchoolBoardFinances/GasInfrastructure,Senator Bennet just voted to raise taxes which will empower Russia. Call him and tell him NO.,0,0,TRUE,,,,,,,,,,
Fang,Sync,0-25,SchoolBoardFinances/GasInfrastructure,"Mountain Valley Pipeline wants to exploit Southwest Virginia for profit, but we can stop them. 

Tell the Water Control Board to say NO to Mountain Valley Pipeline. They have a history of violations and have already paid millions in fines. We can’t risk our environment for their profit.",1,1,TRUE,,,,,,,,,,
Fang,Sync,0-25,AntiGridDeregulation/PoliticalActionAds,"Richmond VA
Political Leadership School

Click here to register

https://www.facl-training.org/schools/events/richmond-va-pls-02oct2021

– How YOU can become effective in politics and make the politicians do what YOU want

STARTS ON Saturday, October 2nd, 2021 - 9:00 AM

Are you respected by politicians?

Unless you are politically feared, you will not be politically respected.

Learn WHY this works…. Learn HOW YOU can be feared AND respected by politicians in the fight for liberty.

This is practical, no-nonsense training built around cutting-edge political strategies and tactics..

If you are ready to DO something to take back power from the politicians and elites for “We The People,” you NEED to attend this class on Saturday, October 2nd, 2021 in Richmond, VA.

This intense one-day training covers:

The Real Nature of Politics - why just ""educating"" people alone won't result in change;
The Biggest Lie in Politics - and how the political class uses your convictions against you;
How to work effectively at the Capitol - getting a bill sponsor and a roll call vote despite the leadership; and
How to put pressure on legislators.
All of our instructors have years of experience putting these principles to work in multiple states.

Many have worked on federal, state and local campaigns, including major presidential campaigns, and successful campaigns for U.S. Senate and Congress. They know what works, and also what has been proven not to work in getting politicians to vote right.

This class will teach you how to turn your passion into effective action to advance liberty.",1,1,TRUE,,,,,,,,,,
Fang,Sync,0-25,AntiGridDeregulation/PoliticalActionAds,"Join the fastest growing grassroots group in Virginia and learn how to FIGHT and WIN to Restore our Commonwealth!

Unless you are politically feared, you will not be politically respected.

Learn WHY this works…. Learn HOW YOU can be feared AND respected by politicians in the fight for liberty.

This is practical, no-nonsense training built around cutting-edge political strategies and tactics.

If you are tired of crony-capitalism, corporate handouts and politicians only looking out for their next re-election, this class might be for you.

If you are ready to DO something to take back power from the politicians and elites for “We The People,” you NEED to attend this class on Saturday, February 19th, 2022 in Orange, VA.

This intense one-day training covers:

The Real Nature of Politics - why just ""educating"" people alone won't result in change;
The Biggest Lie in Politics - and how the political class uses your convictions against you;
How to work effectively at the Capitol - getting a bill sponsor and a roll call vote despite the leadership; and
How to put pressure on legislators.
All of our instructors have years of experience putting these principles to work in multiple states.

Many have worked on federal, state and local campaigns, including major presidential campaigns, and successful campaigns for U.S. Senate and Congress. They know what works, and also what has been proven not to work in getting politicians to vote right.

This class will teach you how to turn your passion into effective action to advance liberty.

If you’re ready to learn how to be effective AND feared by politicians,  register for this class on Saturday, February 19th, 2022 in Orange, VA. We’ll even throw in lunch.",1,1,TRUE,,,,,,,,,,
Fang,Sync,0-25,CleanEnergyGoals,"MUST WATCH! The Tyrannical, Power-Hungry Left NEEDS To Be Stopped... 😳😳😳 #BigGovSucks.",0,0,TRUE,,,,,,,,,,
Fang,Sync,0-25,CleanEnergyGoals,"It got hot in Texas last week. It tends to do that in June. But for many Texans, something was different during the first heatwave of the year. They woke up sweating because their thermostats had been turned up by their power companies. Former California Assemblyman and TPPF's Vice President, Chuck DeVore, weighs in on Tucker Carlson Tonight.",0,0,TRUE,,,,,,,,,,
Fang,Sync,0-25,BellbrookSugarcreekConservativeElections,"NYGOP Chairman Nick Langworthy Takes “Just Say No” Tour to Elmira. He is joined by Local Officials in Opposition to November Ballot Proposals Threatening Election Integrity. #JustSayNoNY

New York State Senator Tom O'Mara
Tom O'Mara for Senate
Assemblyman Chris Friend
Chemung County Republican Committee. ",0,0,TRUE,,,,,,,,,,
Fang,Sync,0-25,BellbrookSugarcreekConservativeElections,Manhattan District Attorney Alvin Bragg is REFUSING to enforce the law. He’s siding with criminals over everyday New Yorkers by downgrading felonies and refusing to prosecute many crimes altogether. Governor Hochul has the power to FIRE DA Bragg for refusing to do his job. Tell her to FIRE him NOW and protect New York families by going to FireAlvinBragg.com.,0,0,TRUE,,,,,,,,,,
Fang,Sync,0-25,inflation,ENERGY ACTION ALERT: Protect New York’s energy future. Sign the petition in support of natural gas and consumer choice.,0,0,TRUE,,,,,,,,,,
Fang,Sync,0-25,renewables,Republicans and “Big Lie” conservatives have already proven that they are ready to overthrow the government to maintain power. The question that remains is if everyone else is willing to stand aside and let them.,0,0,TRUE,,,,,,,,,,
Fang,Sync,0-25,ConservativePoliticsEvents,"When we assumed leadership of the Colquitt County Republican Party 45 days ago, we committed to keeping you much more informed, therefore here is what we have accomplished so far and what we have in process to do in the future.   Here is the A-Z of it!  
a. Our first ever logos have been designed and approved you see them her on this page.
b. Branding the party has begun including business cards for the officers, name badges and Officer Polo shirts 
c. Choose and approved our first slogan “Choose Liberty!”
d. Regular meetings of the Executive Committee and County Committee have been set, Quarterly Meetings of the General County Caucus has also been planned. 
e. Approved and transmitted 7 resolutions to our elected officials outlining where we stand and what we expect, the resolutions are posted on Facebook for your review. 
f. Our first ever Website is up www.colquitt.gop 
g. Our Facebook has been launched, admins assigned, ads approved to run, 40k + impressions and more than 1200 likes in 30 days. 
h. We have setup Anedot Credit Card Processor to receive donations online.
i. We have created and kicked off individual Memberships, for $25 you can join the party and receive a logo T-Shirt, bumper Sticker and be put on our priority email list for event notification, You can join be seeing any officer or online on Facebook or the Website www.colquitt.gop. 
j. Our first general Public Meeting together with speakers will soon be announced, dates & venue to be announced by June 22.
k. New PO Box 1690 obtained 
l. The CCGOP is now Incorporated as a non-profit political party to protect us from potential liability for a radical left.  
m. We have met with American for Prosperity and obtained their commitment of   resources for training volunteers and help providing speakers.
n. Attended the District Convention with 12 delegates, Dennis was elected to the State Committee of the GAGOP, 1st person from Colquitt County to sit on the State Committee in more than a decade.
o. Candidate Questionnaire created to vetted potential candidates seeking to run as Republican in Colquitt County.
p. Dennis conferenced with Kelly Loeffler Chairwoman of Greater Georgia and obtained commitment for resources for our grassroots efforts.
q. Resolutions delivered to all officials by Priority Mail and Email. 2 resolutions have already had an effect.
a. Lt. Gov Duncan is not running again.
b. 2nd Amendment Preservation Act will be supported by the Gov and carried by Sen Carden Summers and Rep Phil Singleton
r. Dennis Spoke on 3 occasions with the Governor and twice with the Attorney General in the last 30 days, 1. We asked that Critical Race Theory be banned in the State, The Gov concurs and has sent a letter to that effect to the State Board of Education and is banning it being taught to state employees. 2. We asked that Covid Passports be banned in Georgia, the Gov did so. 3.  We asked that everything possible be done to alleviate the gas shortage during the pipeline hack and the Gov did so.  4.  Chris Carr is handing the investigation of Brad Raffensperger over to the Inspector General of Georgia due to conflict of interest.  He concurred on items 1-3, 5. Gov Kemp was asked to end mask mandates by schools and universities he has done so. 
s. Dennis Appointed of Russ Smith and Wendell Brown as At-Large Members of the Committee as per the rules. 
t. We are gaining access to the GAGOP/RNC database of voters to better enable up to reach out to Colquitt County GOP Voters of all stripes and include them in our events.
u. We have assigned duties to the members of our committee to coordinate events, social media engagement, database and marketing management and precinct organization and member sales.
v. Additional social media sites will be built out soon, Instagram etc. 
w. a marketing and engagement plan has been formulated to engage nontraditional Republicans, Minorites such as Blacks, Asians, and Hispanics, we are all American and mostly share the same values we must help them see they are conservatives too.  Events are in the works to reach out to those voters to be announced soon.   
x. We will be appointing a precinct Capitan for each of Colquitt Counties 19 voting precincts, training will be provided in the future to get out the vote, register voters and select poll watchers for your precinct, see Russ Smith to volunteer.
y. We have scheduled a CCGOP Gala Dinner for mid-November to kick off election season 2022, a committee has been assigned to coordinate, the date and speakers will be announced by June 22.
z. The GAGOP state convention is next weekend, we are excited to send a delegation of more than a dozen delegates to the state convention to represent Colquitt County!

We are just starting we are going to show up and show out & make the CCGOP an example to other county GOP’s. Consider Joining, Volunteering and Being Part of Your Party!",0,1,FALSE,1,,,,,,,,,
Fang,Sync,0-25,ConservativePoliticsEvents,"Worried about voter suppression in Texas, Georgia, and everywhere else? Us too.

Remember: if our votes didn't matter they wouldn't be trying so hard to suppress them.

Join us on July 28 at 12PM to discuss ways we can fight back against attacks on our right to vote.

https://repower.org/event/pps2/. ",0,0,TRUE,,,,,,,,,,
Fang,Sync,0-25,TPUSAAd,"Weekly video outreach with the Chairwoman. The views expressed are her own with a conservative lens,",0,0,TRUE,,,,,,,,,,
Fang,Sync,0-25,TPUSAAd,"TPUSA LIVE is the unfiltered, grassroots alternative to mainstream media. Watch daily shows, live in-studio content from TPUSA HQ and weekly shows covering politics, pop-culture, sports and everything in-between. Tune in every weekday starting at 5 PM ET / 2 PM PT.

Check out today’s show! 

Human Events Daily host Jack Posobiec discusses President Biden's UN speech, protests breaking out in Australia, & the truth about Afghan refugees coming across the U.S border.

The TPUSA LIVE team talks about Vice President Harris’s address regarding pandemic preparedness, woke corporate culture in today's society, and Netflix’s new Britney Spears documentary coming out soon. 

Benny on the Block host Benny Johnson discusses our border crisis and then watch Real America with Graham Allen as he talks about vaccine mandates for our military, President Biden's foreign relations plans & more. 

Stick around for ""Debate Night"" where Charlie Kirk takes on Leftist, Rashad Richey from the Young Turks debating whether kids should be masked in schools. You don't want to miss that! 

We will wrap up the show with POPlitics with Alex Clark as she dives into Uma Thurman's deepest, darkest secret, Halloween costume ideas, & a Pop-Culture Rewind.",1,1,TRUE,,,,,,,,,,
Fang,Sync,0-25,DomesticOilAndGasProduction,"""In America, no one is above the law.""
    -- Hillary Clinton

https://www.businessinsider.com/fec-rejects-complaint-favorable-media-coverage-hillary-clinton-campaign-2021- 

Not only did she peddle a conspiracy theory of ""Russian collision"" to attempt to overthrow a duly elected President Trump, but Hillary Clinton and Barack Obama ignored pleas for additional help from 4 Americans they left to die in #Benghazi (like Biden and Harris did to Americans in #Afghanistan).

Clinton has been closely tied to Middle East oil-producing nations and helped break open Mexico's corrupt oil industry to foreign investors.

Today, Mexico's corrupt government-owned oil company Pemex now has 100% ownership of a Houston-area refinery. 

A Mexican court recently stole the Zama #offshore oil discovery from Houston-based Talos Energy and awarded it to Pemex.

Saudi Arabia may have been directly involved in the 9/11 WTC attacks. 

The 2016 Clinton campaign and super PACs worked closely with many in the ""media"". 

And now our Federal Election Commission says Clinton's campaign did not break the law?

Banana republic ain't just a store in the mall.

#ogwausa #oilandgas #oilandgasworkers #drilling #offshoredrilling #fracking #pipelines #petroleumengineering #drillers #pipeliners #oilfieldservices #oilfield #politics #oilfieldtrucking #energypolicy  #media #hillaryclinton. ",0,1,FALSE,0,,,,,,,,,
Fang,Sync,0-25,DomesticOilAndGasProduction,"After postponing last year’s show – the first disruption since World War II – because of the COVID-19 pandemic, the Permian Basin International Oil Show will open its gates Oct. 19-21.

https://www.mrt.com/oilreport_specialedition/article/Oil-Show-organizers-ready-welcome-back-industry-16543654.php. ",0,1,FALSE,0,,,,,,,,,
Fang,Sync,0-25,ClimateChange,"Facing depleted harvests, many tribal workers who’d previously fished oysters have turned to working on boats, often as welders, in service of the very industry despoiling their waters. Now, they worry that their efforts to restore their communities will be threatened by new oil and gas drilling just offshore of Terrebonne Parish, after leasing was just reopened in the area by the Biden administration.",0,0,TRUE,,,,,,,,,,
Fang,Sync,0-25,ClimateChange,"All spills, no matter where they occur, are bad. What makes oil spills offshore so damaging is the extreme challenge that is created when oil is in water. They do not mix. Read more: https://bit.ly/3G8FVRA.",0,0,TRUE,,,,,,,,,,
Fang,Sync,0-25,Pipeline,"BREAKING: The Mountain Valley Pipeline wants to CUT through Southwest Virginia’s pristine waterways for profit. They have a history of violations and have already paid millions in fines. 

The Water Control Board is voting on the Mountain Valley Pipeline’s permits soon. Tell them to say NO to pollution permits for Southwest Virginia!",1,1,TRUE,,,,,,,,,,
Fang,Sync,0-25,Pipeline,"Our work right now is about holding our leaders accountable. And the Biden administration is maintaining the Trump administration's position to allow dirty oil to flow through the Dakota Access Pipeline. 

Tell President Biden: DAPL needlessly endangers the Standing Rock Sioux Tribe, our waterways, climate, and future -- and it must be shut down immediately >> https://sc.org/3e4sPsi. ",1,1,TRUE,,,,,,,,,,
Fang,Sync,0-25,BuildBackBetterAct,"Rep. Sherrill, thanks for fighting for clean energy that can power our economy, create good-paying jobs, and tackle the climate crisis. Now is our time to get it done.",1,0,FALSE,1,,,,,,,,,
Fang,Sync,0-25,BuildBackBetterAct,Thank you Congresswoman Elissa Slotkin for creating jobs and tackling climate change here in Michigan.,0,0,TRUE,,,,,,,,,,
Fang,Sync,0-25,AntiGridDeregulation,Government Controlled Power means private assets would be seized through eminent domain - at a cost of $13.5 billion.,1,0,FALSE,1,,,,,,,,,
Fang,Sync,0-25,AntiGridDeregulation,"The Senate will debate and pass today SB 3, an overhaul of the PUC and ERCOT governance  that comes from the lessons learned from the miserable experience shared by most Texans in Winter Storm Uri. In this video, I commented on a previous bill in the same vein, SB 2154, by Senator Schwertner that I was a Co-Author of increasing the number of PUC Commissioners from 3 to 5. Especially in light of the last remaining PUC Chair's embarrassing public comments who has already resigned, a larger board with broader experiences would seem to be a must in restoring public confidence in this area.

In SB 3, by Senator Schwertner again, is my idea to have an yearly integrated load shedding test with all parties involved, PUC/ERCOT, Power Generators, and Transmission and Distribution (T&D) companies. I was shocked to find out that they had never run an operational simulation test for either Winter or Summer critical load shed scenarios, so they were totally unprepared for actually occurred when it happened in February. It meant the PUC/ERCOT were telling the public the Brown outs would last 30-45 minutes when you can find me on my Facebook page (https://bit.ly/3rsDgtn) saying they would be far longer by 8:16am that very cold Monday Morning.

As someone with plant ops and distributed controls system (DCS) experience it should have been a ""must have"" requirement for the Texas Electrical Grid, and will be once SB3 passes the House and is signed into law. What gets measured gets fixed I always say, and Texans can't afford the loss of time, money, and lives again!

Please support common sense solutions like this one be implemented, and support SB 2154 and SB 3 passage!",0,1,FALSE,1,,,,,,,,,
Fang,Sync,0-25,LiberalTaxHikes,"The natural gas and oil industry will drive our economic recovery - now’s not the time to turn away from it and the thousands of Americans who depend on it. 

There’s never been a better time to join us today.",0,0,TRUE,,,,,,,,,,
Fang,Sync,0-25,LiberalTaxHikes,"Ask Senator Connick to stand up for oil and gas workers, not trial lawyers, and vote NO on SB 233!",0,0,TRUE,,,,,,,,,,
Fang,Sync,0-25,NativeAmericanCulturalPreservation,A Conversation with the Four Living Standing Rock Sioux Tribe Chairmen.,1,1,TRUE,,,,,,,,,,
Fang,Sync,0-25,NativeAmericanCulturalPreservation,"""To me, ""activist"" is a term that's used to undermine something someone is saying. It puts you into a different category of having an outside approach, when in fact I think 'activism' is just about being active. Someone's rights are being violated, the Earth is not being represented, the voiceless are not being heard so some of us feel called into action, I hope more of us do."" -Tara Houska

Did you catch our recent Anpetu Wi Dialogue, Women of the Movement featuring Tara, Rep Ruth Buffalo, Tokata Iron Eyes and Fawn Wasin Zi? They discussed topics such as renewable energy, what 'activism' means to them, and their own work within their communities. It is an excellent discussion, we recommend you take a look! https://youtu.be/B5hI2Ws-5wE

#WaterIsLife #SAGESRST #StandingRock #Indigenous #SayYesToWind #LandBack #TheFutureIsIndigenous #IndigenousRights #ClimateJustice. ",1,1,TRUE,,,,,,,,,,
Fang,Sync,0-25,OilTheft/ClimateLeader,"On August 14, our driver also reported #oiltheft at Billy's Pocono Diner in Tannersville, PA, where thieves had broken into and robbed this Buffalo Biodiesel vat, bending the screen to steal oil. We recycle used cooking oil to make sustainable biofuel, but interstate crime rings are targeting it illegally. Please report any information to the Pocono Township Police Dept and help us end this ongoing crime wave.  
WFMZ  lehighvalleylive.com  The Morning Call The Scranton Times-Tribune  Eyewitness News WBRE WYOU  The West End Reporter  Pocono Record  Times News Lehighton  The Valley Ledger  FOX56 WOLF TV  Times Leader. ",1,1,TRUE,,,,,,,,,,
Fang,Sync,0-25,OilTheft/ClimateLeader,"Yesterday on August 19, one of our drivers reported #oiltheft at Chute Gates in Terryville, CT, where thieves had broken into this Buffalo Biodiesel vat, cutting off the lock to rob it. We recycle used fryer oil to make sustainable biofuel, but it’s being targeted by interstate organized crime rings. Please report any info to the Plymouth Police Department. 
The Register Citizen Republican American News 12 Connecticut NBC Connecticut WFSB - Channel 3 Eyewitness News Connecticut Public Hartford Courant Record Journal Hour Newsroom. ",1,1,TRUE,,,,,,,,,,
Fang,Sync,0-25,NaturalGasIncentive/CleanEnergyPetition,"Residents of Chittenden County are going to want to take advantage of this unique opportunity 👀

For a limited time we are offering $500 cash to eligible households just for switching to natural gas 💵 💵 💵

How do you get your $500?
✅ Click [Learn More]
✅ Review the Coverage Map
✅ Sign up for a free estimate
✅ Receive $500 cash once the conversion is complete

So don't wait, sign up for a free estimate today!",1,1,TRUE,,,,,,,,,,
Fang,Sync,0-25,NaturalGasIncentive/CleanEnergyPetition,"Residents of Addison County are going to want to take advantage of this unique opportunity 👀

For a limited time we are offering $500 cash to eligible households just for switching to natural gas 💵 💵 💵

How do you get your $500?
✅ Click [Learn More]
✅ Review the Coverage Map
✅ Sign up for a free estimate
✅ Receive $500 cash once the conversion is complete

So don't wait, sign up for a free estimate today!",1,1,TRUE,,,,,,,,,,
Fang,Sync,0-25,CleanEnergyProjects,Protect affordable energy and consumer choice in New York! Sign the petition today.,0,1,FALSE,1,,,,,,,,,
Fang,Sync,0-25,CleanEnergyProjects,Protect affordable energy and consumer choice in New York. Sign the petition today!,0,1,FALSE,1,,,,,,,,,
Fang,Sync,0-25,ColoradoAirQuality/SupportingBlackWomen,"Congratulations Cleo Parker Robinson!! CBWPA's 43rd Annual Tribute to Black Women ""Legend"" Honoree! 

Join us Saturday, October 9th, as we celebrate Cleo and our 2021 honorees! Visit our website for event information: https://www.cbwpa.org/43rd-annual-tribute-to-black-women-luncheon/

CLEO PARKER ROBINSON is founder and artistic director of the nearly 51-year-old Denver-based artistic institution, CLEO PARKER ROBINSON DANCE (CPRD), leading a professional Ensemble, a second company (Cleo II), a Youth Ensemble, an Academy of Dance, an International Summer Dance Institute, a 240-seat theatre which bears her name, and numerous community outreach programs throughout Colorado, nationally, and internationally. She is the recipient of honors and awards from corporate, civic, community, and artistic entities world-wide, and is continually called upon by a myriad of organizations and performance venues to bring her Ensemble for performances, teaching residencies and motivational workshops. A master teacher/choreographer and cultural ambassador, she and her Ensemble have performed nationwide and internationally throughout Europe, the Caribbean, Asia, and the African continent, with their most recent international tours taking them to Bogota, Colombia in the Spring of 2019 and Mexico in Fall 2019.

Ms. Parker Robinson’s numerous awards and honors include the Colorado Governor’s Award for Excellence (1974), Denver Mayor’s Award (1979), induction into the Colorado Women's Hall of Fame (1989) and the Blacks in Colorado Hall of Fame (1994). Recognized in Who’s Who in America Colleges and Universities she holds an Honorary Doctorate from Denver University (1991), an Honorary Doctorate of Humane Letters from Colorado College (2003), and an Honorary Doctorate of Public Service from Regis University in Denver (2008). The University of Denver honored her with an Alumni Award in May of 2021, and in June of 2021, she is receiving a 2020 Honorary Degree, Doctor of Humane Letters, Honous Causa from CU Boulder.  
In 1991, Ms. Parker served on the task force for the creation of a permanent location for the Denver School of the Arts (DSA), Denver’s first performing arts magnet school, and was subsequently honored In September 2017 at their 7th Annual Fall Gala, in recognition of her long-term commitment to excellence in arts education. She is also co-founder of the National Bahamian Dance Company, based in Nassau.   
In 2011, Ms. Parker Robinson was voted an Honorary Lifetime Trustee of the Denver Center for the Performing Arts, in recognition of her longtime commitment and lasting impact on the Center.  In June 2017, she became the recipient of the highly prestigious DanceUSA Honor Award and in September 2017, the Randy Weeks Arts Leadership Award from the Denver School of the Arts. 

Ms. Robinson has served on NEA panels on Dance, Expansion Arts, Arts America, and Inter-Arts panels for the USIS. Ms. Robinson is a regular panelist for the National Foundation for Advancement in the Arts as well as other national task forces, boards and committees in the arts arena. In April 1999, she was appointed by then President William Jefferson Clinton, with Senate confirmation, to serve for four years on the National Council on the Arts, a 14-member panel advising the Chairman of the NEA on agency policy and programs, and reviews and making recommendations to the Chairman on grant applications. 

Since 2011 and 2012, Ms. Parker Robinson has returned to her greatest passion, the art of the choreographer, creating and presenting two new full-length works, “Dreamcatchers: The Untold Stories of the Americas” and the riveting world premiere of her “Romeo and Juliet”, which was first presented in collaboration with the Colorado Symphony Orchestra. Her work “On the Edge…  Reaching to Higher Ground” premiered in October of 2014 in answer to resurging racial and human rights infractions both nationally and internationally. In Spring 2017, audiences were thrilled with the re-staging of two of her works melding the worlds of classical and jazz composition with the power, passion and beauty of modern dance – “Romeo and Juliet” and “Porgy and Bess”. Fall 2017 saw the premiere of her “Copacetic: A Tribute to Jonathon “JP” Parker”, honoring her father. In the Spring of 2018, she premiered “Lark Ascending” in collaboration with the Boulder Philharmonic. Her “Rhapsody in Black”, created in collaboration with CPRD Associate Artistic Director, Winifred R. Harris, premiered at the Newman Center for the Performing Arts, University of Denver.  In January 2019, in collaboration with the Denver Brass, she choreographed an innovative interpretation of Bernstein’s “On the Town” and Spring 2019 saw the premiere of her collaboration with the Colorado Ballet, entitled “The MOVE/ment” as part of the Tour de Force performance series at the Ellie Caulkins Opera House, Denver Center for the Performing Arts. Her most recent choreographic project brought her to UMKC in Kansas City to set a work on the students of CPRDE alum Gary Abbot, entitled “Check Cashing Day” in tribute to the jazz genius of Bobby Watson and Milt Abel. She is currently working on a new work entitled “Standing On the Shoulders” commissioned by the Vail International Dance Festival for premiere in August 2021.  
   
Cleo Parker Robinson continues to be dedicated to celebrating the human experience and potential through the Arts and Education. Her life-long vision of “One Spirit, Many Voices” remains strong and steadfast, expanding to welcome, embrace, and sustain all people.",1,1,TRUE,,,,,,,,,,
Fang,Sync,0-25,gun rights,"Democrats are pushing D.C. statehood to consolidate power and enact their radical liberal agenda. 

This legislation is unconstitutional and I will vote against it.",0,0,TRUE,,,,,,,,,,
Fang,Sync,0-25,gun rights,"The Biden/Wolf approach to the pandemic represents one failure after another. Their vaccine and school mask mandates are the latest examples. Click below, sign the petition, and say NO to these latest unconstitutional power grabs.",0,0,TRUE,,,,,,,,,,
Fang,Sync,0-25,climate action,I joined Max Gagliardi's podcast to discuss how the eco-Left is going to use the COVID playbook to use climate change to take more and more control of our lives.,1,0,FALSE,0,,,,,,,,,
Fang,Sync,0-25,climate action,NEWS OF THE DAY: AK Oil Industry Hit Hardest With Job Loss.,0,0,TRUE,,,,,,,,,,
Fang,Sync,0-25,renewables,"Last winter, failed energy policies caused the TX snowstorm to turn deadly & left Texans in the cold. Some special interest groups want to bring the same deregulation proposals to VA.
 
Thankfully, Danny Marshall, is working hard to protect reliable access to affordable power.",0,0,TRUE,,,,,,,,,,
Fang,Sync,0-25,inflation,What if the City’s natural gas ban had been in effect during the last cold snap? Stop the ban so we don’t have to find out.,0,1,FALSE,0,,,,,,,,,
Fang,Sync,0-25,anti-woke,"No matter where we come from or what our color, most of us believe that our elected leaders should reflect the very best of every kind of Auroran and govern for all of us, no exceptions.

But today, certain politicians and the greedy few have rigged the rules to silence our voices and hold onto power. They fuel divisions hoping we’ll blame new immigrants, Black people, or people struggling to make
ends meet for the damage their policies have caused us all. We can defeat their attempts to undo the will of the people.

By joining together and voting for Bryan Lindstrom for Aurora City Council in Ward 2 we make the way toward a democracy that works for all of us, no exceptions.",0,0,TRUE,,,,,,,,,,
Fang,Sync,0-25,organized cooking oil theft,"Yesterday on August 19, one of our drivers reported #oiltheft at Chute Gates in Terryville, CT, where thieves had broken into this Buffalo Biodiesel vat, cutting off the lock to rob it. We recycle used fryer oil to make sustainable biofuel, but it’s being targeted by interstate organized crime rings. Please report any info to the Plymouth Police Department. 
The Register Citizen Republican American News 12 Connecticut NBC Connecticut WFSB - Channel 3 Eyewitness News Connecticut Public Hartford Courant Record Journal Hour Newsroom. ",1,1,TRUE,,,,,,,,,,
Fang,Sync,0-25,indigenous activism,"Weekly video outreach with the Chairwoman. The views expressed are her own with a conservative lens,",0,0,TRUE,,,,,,,,,,
Fang,Sync,0-25,pro oil and natural gas,Sen. Kaine wants to strengthen America's economy with millions of good-paying clean energy jobs - to recover now and build for the future.,0,0,TRUE,,,,,,,,,,
Fang,Sync,0-25,TPUSA,"TPUSA LIVE is the unfiltered, grassroots alternative to mainstream media. Watch daily shows, live in-studio content from TPUSA HQ and weekly shows covering politics, pop-culture, sports and everything in-between. Tune in every weekday starting at 5 PM ET / 2 PM PT.

Check out today’s show! 

Human Events Daily host Jack Posobiec discusses the crisis going on at the Texas border.

At 5:30 PM ET / 2:30 PM PT the TPUSA LIVE team talks about the “Missing White Girl Syndrome”, the Immigration crisis, and all the wacky things we’ve found on social media this week. 

On The Frontlines host Isabel Brown sits down with Olivia Sandor about vaccination mandates at BYU Hawaii and watch SMASH with MAGA Hulk, Stephen Davis as he annihilates The Left’s crazy rhetoric. 

We will wrap up the show with POPlitics with Alex Clark as she dives into the latest findings of the Gabby Petito case and more.",1,1,TRUE,,,,,,,,,,
Fang,Sync,0-25,conservative school board,"Read the latest breaking news.
Next thing is the teachers union will want to tax our homes 🏡 to bail out their bad financial decisions.

Just like the  Bellbrook- Sugarcreek union is demanding the community pass this unbelievable, $22,540,000.00 property tax levy,  to cover their lavish wages, Cadillac benefits, bonuses, pensions, and Pickups. 

Please join the Bellbrook-Sugarcreek Property Tax Revolt of 2021. Be a good neighbor and VOTE NO, for the 4th time on May 4th!

NO MEANS NO!

https://www.daytondailynews.com/local/teachers-pension-fund-loses-525m-on-panda-power-deal/C4ZMA4GUWVHIZH6QV4NJGGC6UI/. ",0,1,FALSE,0,,,,,,,,,
Fang,Sync,25-50,AntiGunBan,"Yesterday, our democracy stood strong against the Democrats’ partisan power grab that failed to pass the Senate. This sweeping election reform bill was never about “voting rights” like Democrats claimed, it was about one party taking control of our country instead of American voters.

The “For the People Act” would have weakened the security of our elections, banned voter ID laws, and used your tax dollars to fund political campaigns. The radical left has been pushing the lie that this bill is necessary election reform, but Americans know better.

Thank you to the Republican Senators who voted to defend our democracy from being eroded into a partisan and D.C. controlled mess.

While this horrible legislation failed, the fight to protect our elections is not over. We must continue to defend our voting rights and pass legislation that strengthens our democracy instead of weakening it.",0,0,TRUE,,,,,,,,,,
Fang,Sync,25-50,AntiGunBan,"Joe Biden promised he had a plan to “shut down the virus.” He lied and he failed. Now he wants to shut down businesses. 

Biden’s coercive tactics are un-American, unconstitutional, and won’t work to actually get people vaccinated. Biden and his administration conceded as much.The reason vaccination rates have stalled is because of Joe Biden.
*    He sowed doubt about the vaccine during the campaign – he never apologized.
*    He lied about who developed the vaccine as president.
*    He insulted Americans with questions about the vaccine.

Now, after he has been exposed as a failure and a liar, he has embraced coercive authoritarian tactics. Here are just a few of the lines from his draconian speech:

*    He came out against “freedom or personal choice.”
*    He threatened to get elected state leaders ""out of the way” if they don’t cooperate.
*    He hurried from questions, refusing to answer if his orders are constitutional.

You can be pro-vaccine but anti-coercion. This is America. We believe in freedom and personal choice, and we reject hypocritical wannabe tyrants drunk on power and desperately trying to distract from their own failures.",0,0,TRUE,,,,,,,,,,
Fang,Sync,25-50,EnvironmentalConservation,We know the power of financial advocacy to protect sacred places like the Arctic National Wildlife Refuge -- where every major American and Canadian bank has ruled out funding drilling projects. Now we must use it to help #StopLine3. Take action now!,1,1,TRUE,,,,,,,,,,
Fang,Sync,25-50,EnvironmentalConservation,New Mexico public workers: join the fight for fair pay. Send an email to the governor supporting a $15 minimum wage.,0,0,TRUE,,,,,,,,,,
Fang,Sync,25-50,SchoolBoardFinances/GasInfrastructure,"Democrats seem to have it out for Indiana's working families. With their climate change restrictions, they're skyrocketing the cost of gas. Our budgets can't handle the stress and these careless restrictions need to end.",0,0,TRUE,,,,,,,,,,
Fang,Sync,25-50,SchoolBoardFinances/GasInfrastructure,"FYI – Government-Controlled Power comes with a price tag of $13,500,000,000. Get the facts: www.maineaffordableenergy.org.",0,0,TRUE,,,,,,,,,,
Fang,Sync,25-50,AntiGridDeregulation/PoliticalActionAds,"We need all Patriots to help us Restore Virginia.

Unless you are politically feared, you will not be politically respected.

Learn WHY this works…. Learn HOW YOU can be feared AND respected by politicians in the fight for liberty.

This is practical, no-nonsense training built around cutting-edge political strategies and tactics.

If you are tired of crony-capitalism, corporate handouts and politicians only looking out for their next re-election, this class might be for you.

If you are ready to DO something to take back power from the politicians and elites for “We The People,” you NEED to attend this class on Saturday, July 17th, 2021 in Lexington , VA.

This intense one-day training covers:

The Real Nature of Politics - why just ""educating"" people alone won't result in change;
The Biggest Lie in Politics - and how the political class uses your convictions against you;
How to work effectively at the Capitol - getting a bill sponsor and a roll call vote despite the leadership; and
How to put pressure on legislators.
All of our instructors have years of experience putting these principles to work in multiple states.

Many have worked on federal, state and local campaigns, including major presidential campaigns, and successful campaigns for U.S. Senate and Congress. They know what works, and also what has been proven not to work in getting politicians to vote right.

This class will teach you how to turn your passion into effective action to advance liberty.

If you’re ready to learn how to be effective AND feared by politicians, click here to register for this class on Saturday, July 17th, 2021 in Lexington , VA. We’ll even throw in lunch.",1,1,TRUE,,,,,,,,,,
Fang,Sync,25-50,AntiGridDeregulation/PoliticalActionAds,"We need all Patriots to help us Restore Virginia.  

Unless you are politically feared, you will not be politically respected.

Learn WHY this works…. Learn HOW YOU can be feared AND respected by politicians in the fight for liberty.

This is practical, no-nonsense training built around cutting-edge political strategies and tactics.

If you are tired of crony-capitalism, corporate handouts and politicians only looking out for their next re-election, this class might be for you.

If you are ready to DO something to take back power from the politicians and elites for “We The People,” you NEED to attend this class on Saturday, August 14, 2021 in Norfolk , VA.

This intense one-day training covers:

The Real Nature of Politics - why just ""educating"" people alone won't result in change;

The Biggest Lie in Politics - and how the political class uses your convictions against you;

How to work effectively at the Capitol - getting a bill sponsor and a roll call vote despite the leadership; and

How to put pressure on legislators.

All of our instructors have years of experience putting these principles to work in multiple states.

Many have worked on federal, state and local campaigns, including major presidential campaigns, and successful campaigns for U.S. Senate and Congress. They know what works, and also what has been proven not to work in getting politicians to vote right.

This class will teach you how to turn your passion into effective action to advance liberty.
If you’re ready to learn how to be effective AND feared by politicians, click here to register for this class on Saturday, August 14, 2021 in Norfolk , VA. We’ll even throw in lunch.",1,1,TRUE,,,,,,,,,,
Fang,Sync,25-50,CleanEnergyGoals,"New regulation was recently passed, by the Arizona Corporation Commission, limiting access to solar!

While this is unwelcome news for SunSolar Solutions, and homeowners, there’s still time for most Arizona homeowners to receive their solar estimates, without any hassle!

Unfortunately, information has not yet been released to the public regarding how close 85383 is to reaching its limit, and it could be reached at any time.
 
So don’t miss out! Join over 7,000 of your neighbors that have requested estimates, from SunSolar Solutions, by clicking “Get Quote” today!",0,0,TRUE,,,,,,,,,,
Fang,Sync,25-50,CleanEnergyGoals,"""We can't keep letting fossil fuel companies abandon local communities..."" - CEJA Chief Senate Sponsor Sen. Castro. ",0,0,TRUE,,,,,,,,,,
Fang,Sync,25-50,BellbrookSugarcreekConservativeElections,"Remember this posting when voting.
These are the people supporting Brinegar, Pressnell, and McCarthy.

This is the hate these candidates refused to denounce and allowed from their supporters for the last two years.

Hate and Intolerance can never be allowed to gain the power over your families and our communities.",0,0,TRUE,,,,,,,,,,
Fang,Sync,25-50,BellbrookSugarcreekConservativeElections,"The more facts and evidence we uncover, the clearer it becomes, the Sugarcreek Police Department needs to be taken over by Greene County Sherriff Gene Fisher. 

When a police department is corrupted from the top-down, influenced by those in political power, Ohio Law no longer applies.  The Police can never become a weapon to be used against the opposition of those in power.",1,1,TRUE,,,,,,,,,,
Fang,Sync,25-50,inflation,"A nationwide ban on natural gas and oil leasing and development could reverse progress toward U.S. energy security, threaten America’s economic growth and cut nearly a million jobs.",0,0,TRUE,,,,,,,,,,
Fang,Sync,25-50,renewables,"13,000 MW can power millions of U.S. homes each year. Learn more about how mining will help combat the climate crisis.",0,0,TRUE,,,,,,,,,,
Fang,Sync,25-50,ConservativePoliticsEvents,"Looking for more information about the state's upcoming special session? Concerned about how much still has to be decided - and how it will impact your family, your community, and your business?

Join AFP-MN State Director Jason Flohrs for a conversation with Chair Michelle Benson for a conversation about the recently announced budget framework and the ongoing work conference committees will be doing prior to a planned June 14th special session. 

Have a question for Senator Benson? Post it in the comments below!",0,0,TRUE,,,,,,,,,,
Fang,Sync,25-50,ConservativePoliticsEvents,"Join Us for Freedom Square powered by Turning Point USA—LIVE from Dream City Church in Phoenix, Arizona— empowering American Christian leaders and faithful with the resources, training, and knowledge they need to engage in civics to strengthen families, communities, and our nation!",1,1,TRUE,,,,,,,,,,
Fang,Sync,25-50,TPUSAAd,"TPUSA LIVE is the unfiltered, grassroots alternative to mainstream media. Watch daily shows, live in-studio content from TPUSA HQ and weekly shows covering politics, pop-culture, sports and everything in-between. Tune in every weekday starting at 5 PM ET / 2 PM PT.

Check out today’s show! 

Human Events Daily host Jack Posobiec discusses the lawsuit involving Alec Baldwin, the rising number of drug overdoses, a possible technological glitch in Rittenhouse evidence, & is there a secret plot causing gas prices to soar?

The TPUSA LIVE team is joined by host, Jon Root, and special guests Alex Clark, Christine Yeargin, Colton Duncan, Dave Morgan & Debbie Gillespie who will talk about airlines and their mandates, the Professor Watchlist, & play 'Law or Nah.'

Benny on the Block host Benny Johnson covers the NASCAR Cup Series Finale at Phoenix Raceway with Matt DiBenedetto.

We will wrap up the show with POPlitics with Alex Clark as she dives into the hilarious moment on Laura Ingraham's show, Chuck E Cheese Pizza conspiracy, T-Swift playing in the White House, and more!",1,1,TRUE,,,,,,,,,,
Fang,Sync,25-50,TPUSAAd,"TPUSA LIVE is the unfiltered, grassroots alternative to mainstream media. Watch daily shows, live in-studio content from TPUSA HQ and weekly shows covering politics, pop-culture, sports and everything in-between. Tune in every weekday starting at 5 PM ET / 2 PM PT.

Check out today’s show! 

Human Events Daily host Jack Posobiec discusses the most recent updates in the Kyle Rittenhouse trial, the FBI leaking communications between Project Veritas and a lawyer, and Scottsdale School Board making a private dossier on parents!

The TPUSA LIVE team is joined by host, Jon Root, and special guests Isabel Brown, Jack Posobiec, and Connor Clegg who will talk about the Scottsdale School Board, Rittenhouse trial, LeBron James and more!

The Spillover host Alex Clark sits down with former U.S Navy SEAL and American hero, Robert J. O'Neill to talk about his story as a member of SEAL Team 6 and the time he shot and killed Osama Bin Laden.

We will wrap up the show with POPlitics with Alex Clark as she dives into why she loves Nicole Kidman, defunding camera crying, freak of the week, and more!

#KyleRittenhouse #BigGovSucks. ",1,1,TRUE,,,,,,,,,,
Fang,Sync,25-50,DomesticOilAndGasProduction,"A one-time release of oil from the Strategic Petroleum Reserve will do nothing to address the broader set of factors impacting prices at the pump, including inflation, supply chain disruptions and higher ethanol costs. The Biden Administration should focus on policies that promote U.S. energy production and refining, like right-sizing RFS mandates. Our full statement:.",1,1,TRUE,,,,,,,,,,
Fang,Sync,25-50,DomesticOilAndGasProduction,"President Biden's $2 trillion social spending bill which would tax the oil & natural gas industry into obsolescence isn't just a bad idea... it's not even likely to happen. The world depends on oil and natural gas for MUCH more than energy — that's what the far left can't seem to understand. Instead of punishing our industry, American politicians should be promoting it. Why shouldn't our nation be the worldwide leader in ushering in an age of energy security to every corner of the globe? 

Read more from Petroleum Alliance President Brook Simmons: https://bit.ly/3pwS3Wa. ",1,1,TRUE,,,,,,,,,,
Fang,Sync,25-50,ClimateChange,"Join our partners Just Transition NWI for an in-person screening of Indiana Environmental Reporter journalist Beth Edwards' award-winning documentary, In the Water. 

In the Water tells the story of Indiana's legacy of coal ash, the toxic waste product of burning coal.",1,1,TRUE,,,,,,,,,,
Fang,Sync,25-50,ClimateChange,NIPSCO is storing coal ash on the shores of Lake Michigan. This toxic substance can cause cancer and other serious health problems.,0,1,FALSE,0,,,,,,,,,
Fang,Sync,25-50,Pipeline,"Our work right now is about holding our leaders accountable. And the Biden administration is maintaining the Trump administration's position to allow dirty oil to flow through the Dakota Access Pipeline. 

Tell President Biden: DAPL needlessly endangers the Standing Rock Sioux Tribe, our waterways, climate, and future -- and it must be shut down immediately >> https://sc.org/3e4sPsi. ",1,1,TRUE,,,,,,,,,,
Fang,Sync,25-50,Pipeline,"Call the White House and tell Pres. Biden to Stop the Line 3 Pipeline! Line 3 will route a million barrels of tar sands oil daily from Canada to Wisconsin, straight through the heartland of Minnesota, violating Indigenous treaties and threatening the Great Lakes Watershed.

Enbridge, a Canadian pipeline company, is to blame. They're also responsible for the largest land-based oil spill in US history.

An Indigenous-led movement has been fighting the Line 3 pipeline for years. Will you stand alongside them and call on President Biden to take action?

Call the White House now and tell President Biden: Stop Line 3!",1,1,TRUE,,,,,,,,,,
Fang,Sync,25-50,BuildBackBetterAct,"Representative Janet Yang Rohr voted for the Climate and Equitable Jobs Act and it is now law in the state of Illinois!

The Climate and Equitable Jobs Act will:

✅Curb dangerous air pollution

✅Combat the climate crisis

✅Create thousands of high-quality jobs in Illinois

Please join us by adding your name to thank Representative Janet Yang Rohr today.",0,0,TRUE,,,,,,,,,,
Fang,Sync,25-50,BuildBackBetterAct,"Our own Steve Cochran spoke to NH Talk Radio about the need to pass the #BuildBackBetterAct and how it will help us tackle the climate crisis.

The Build Back Better Act makes historic investments to help us transition to a clean economy. This bill puts people front-and-center as we look to rebuild our economy and combat climate change.

https://www.nhtalkradio.com/?p=16695. ",1,1,TRUE,,,,,,,,,,
Fang,Sync,25-50,AntiGridDeregulation,Government Controlled Power creates a quasi-government entity to takeover Maine’s  power grid and authorizes private assets to be seized through eminent domain. Sound like a good policy?,1,1,TRUE,,,,,,,,,,
Fang,Sync,25-50,AntiGridDeregulation,"Government Controlled Power:
1. Creates a quasi-government entity to takeover the power grid
2. Authorizes private assets to be seized through eminent domain
3. Comes with a price tag of $13,500,000,000. ",1,1,TRUE,,,,,,,,,,
Fang,Sync,25-50,LiberalTaxHikes,Raising taxes on the U.S. natural gas and oil industry could put our economic recovery at risk! Call Rep. Andy Kim at 732-504-0490 and tell them: new taxes on U.S. energy is a BAD idea!,1,1,TRUE,,,,,,,,,,
Fang,Sync,25-50,LiberalTaxHikes,"CA already imports 70% of the oil & gas we use, and now some Sacramento politicians want to get rid of local production entirely— that means even more foreign oil imports and higher gas prices for all Californians. SB-467 is a costly bill that would kill thousands of local blue-collar jobs.",1,1,TRUE,,,,,,,,,,
Fang,Sync,25-50,NativeAmericanCulturalPreservation,"You don't want to miss our next Anpetu Wi Dialogue on Thursday, May 20th where we will host a live, virtual conversation between four esteemed women: Tara Houska (Couchiching First Nation), Rep. Ruth Buffalo (Mandan, Hidatsa, and Arikara Nation), Tokata (Future) Iron Eyes (Standing Rock Sioux Tribe), and Fawn Wasin Zi (Standing Rock Sioux Tribe). As activists, advocates, politicians, and teachers, these Women of the Movement will discuss their leadership, activism, current roles, and future plans.

Mark your calendar -> click the link in our bio to register for the event!

#listentolearn
#nativeamericans
#NODAPL
#indigenoushistory
#nativeamericanroots
#indigenousunited
#indigenouspeople
#SAGE
#SRST
#SAGESRST
#IndigenousWomen
#ClimateJustice. ",1,1,TRUE,,,,,,,,,,
Fang,Sync,25-50,NativeAmericanCulturalPreservation,"Chairwoman of SAGE Development, Fawn Wasin Zi, will join the Women of the Movement dialogue this month. Fawn has a background in biology, and she firmly believes it is her duty to speak for those, Unci Maka (Grandmother Earth) that cannot speak for themselves, ""I'm personally involved in this on the basic level that I'm a biologist, and I want to save the world"". Learn more and join us for this month's Anpetu Wi Dialogue with a live discussion with Fawn, Tara Houska, Rep Ruth Buffalo and Tokata (Future) Iron Eyes by clicking the link in the bio.

#listentolearn #nativeamericans #NODAPL #indigenoushistory #nativeamericanroots #indigenousunited #indigenouspeople #SAGE #SRST #SAGESRST #SayYestoWind #StopLine3 #ShutDownDAPL. ",1,1,TRUE,,,,,,,,,,
Fang,Sync,25-50,OilTheft/ClimateLeader,"Our driver also reported another #oiltheft on August 20, at Two Brothers Pizza in Laurys Station, PA, where this Buffalo Biodiesel vat had been broken into and robbed, the lock and lockbar torn out. Buffalo Biodiesel recycles the used cooking oil to make environmentally sustainable biofuel—instead, it’s being targeted by organized crime rings across state lines. Please report any relevant information to PA State Police and help us stop these criminals. 
WFMZ lehighvalleylive.com The Morning Call The West End Reporter Pocono Record Times News Lehighton The Valley Ledger. ",1,1,TRUE,,,,,,,,,,
Fang,Sync,25-50,OilTheft/ClimateLeader,"On July 20, our driver also reported #oiltheft at Kelley's Creamery in in Dover Plains, NY, where this Buffalo Biodiesel vat had been broken into and robbed—one of two #oilthefts in Dover Plains that same day. Buffalo Biodiesel recycles the used cooking oil to make environmentally sustainable biofuel, but organized crime groups are intentionally targeting our ""Ma and Pa"" suppliers across state lines. Please report any information to New York State Police  and help us stop this rising wave of rampant oil theft.
Poughkeepsie Journal  Poughkeepsie Journal Media Daily Freeman  News 12 Hudson Valley  Spectrum News 1 Hudson Valley  ABC7NY  CBS New York Organized Crime and Corruption Reporting Project The New York Times New York Post. ",1,1,TRUE,,,,,,,,,,
Fang,Sync,25-50,NaturalGasIncentive/CleanEnergyPetition,"Residents of Franklin County are going to want to take advantage of this unique opportunity 👀

For a limited time we are offering $500 cash to eligible households just for switching to natural gas 💵 💵 💵

How do you get your $500?
✅ Click [Learn More]
✅ Review the Coverage Map
✅ Sign up for a free estimate
✅ Receive $500 cash once the conversion is complete

So don't wait, sign up for a free estimate today!",1,1,TRUE,,,,,,,,,,
Fang,Sync,25-50,CleanEnergyProjects,Protect affordable energy and consumer choice in New York! Sign the petition today.,0,1,FALSE,1,,,,,,,,,
Fang,Sync,25-50,CleanEnergyProjects,Protect affordable energy and consumer choice in New York. Sign the petition today!,0,1,FALSE,1,,,,,,,,,
Fang,Sync,25-50,ColoradoAirQuality/SupportingBlackWomen,"Congratulations Cleo Parker Robinson!! CBWPA's 43rd Annual Tribute to Black Women ""Legend"" Honoree! 

Join us Saturday, October 9th, as we celebrate Cleo and our 2021 honorees! Visit our website for event information: https://www.cbwpa.org/43rd-annual-tribute-to-black-women-luncheon/

CLEO PARKER ROBINSON is founder and artistic director of the nearly 51-year-old Denver-based artistic institution, CLEO PARKER ROBINSON DANCE (CPRD), leading a professional Ensemble, a second company (Cleo II), a Youth Ensemble, an Academy of Dance, an International Summer Dance Institute, a 240-seat theatre which bears her name, and numerous community outreach programs throughout Colorado, nationally, and internationally. She is the recipient of honors and awards from corporate, civic, community, and artistic entities world-wide, and is continually called upon by a myriad of organizations and performance venues to bring her Ensemble for performances, teaching residencies and motivational workshops. A master teacher/choreographer and cultural ambassador, she and her Ensemble have performed nationwide and internationally throughout Europe, the Caribbean, Asia, and the African continent, with their most recent international tours taking them to Bogota, Colombia in the Spring of 2019 and Mexico in Fall 2019.

Ms. Parker Robinson’s numerous awards and honors include the Colorado Governor’s Award for Excellence (1974), Denver Mayor’s Award (1979), induction into the Colorado Women's Hall of Fame (1989) and the Blacks in Colorado Hall of Fame (1994). Recognized in Who’s Who in America Colleges and Universities she holds an Honorary Doctorate from Denver University (1991), an Honorary Doctorate of Humane Letters from Colorado College (2003), and an Honorary Doctorate of Public Service from Regis University in Denver (2008). The University of Denver honored her with an Alumni Award in May of 2021, and in June of 2021, she is receiving a 2020 Honorary Degree, Doctor of Humane Letters, Honous Causa from CU Boulder.  
In 1991, Ms. Parker served on the task force for the creation of a permanent location for the Denver School of the Arts (DSA), Denver’s first performing arts magnet school, and was subsequently honored In September 2017 at their 7th Annual Fall Gala, in recognition of her long-term commitment to excellence in arts education. She is also co-founder of the National Bahamian Dance Company, based in Nassau.   
In 2011, Ms. Parker Robinson was voted an Honorary Lifetime Trustee of the Denver Center for the Performing Arts, in recognition of her longtime commitment and lasting impact on the Center.  In June 2017, she became the recipient of the highly prestigious DanceUSA Honor Award and in September 2017, the Randy Weeks Arts Leadership Award from the Denver School of the Arts. 

Ms. Robinson has served on NEA panels on Dance, Expansion Arts, Arts America, and Inter-Arts panels for the USIS. Ms. Robinson is a regular panelist for the National Foundation for Advancement in the Arts as well as other national task forces, boards and committees in the arts arena. In April 1999, she was appointed by then President William Jefferson Clinton, with Senate confirmation, to serve for four years on the National Council on the Arts, a 14-member panel advising the Chairman of the NEA on agency policy and programs, and reviews and making recommendations to the Chairman on grant applications. 

Since 2011 and 2012, Ms. Parker Robinson has returned to her greatest passion, the art of the choreographer, creating and presenting two new full-length works, “Dreamcatchers: The Untold Stories of the Americas” and the riveting world premiere of her “Romeo and Juliet”, which was first presented in collaboration with the Colorado Symphony Orchestra. Her work “On the Edge…  Reaching to Higher Ground” premiered in October of 2014 in answer to resurging racial and human rights infractions both nationally and internationally. In Spring 2017, audiences were thrilled with the re-staging of two of her works melding the worlds of classical and jazz composition with the power, passion and beauty of modern dance – “Romeo and Juliet” and “Porgy and Bess”. Fall 2017 saw the premiere of her “Copacetic: A Tribute to Jonathon “JP” Parker”, honoring her father. In the Spring of 2018, she premiered “Lark Ascending” in collaboration with the Boulder Philharmonic. Her “Rhapsody in Black”, created in collaboration with CPRD Associate Artistic Director, Winifred R. Harris, premiered at the Newman Center for the Performing Arts, University of Denver.  In January 2019, in collaboration with the Denver Brass, she choreographed an innovative interpretation of Bernstein’s “On the Town” and Spring 2019 saw the premiere of her collaboration with the Colorado Ballet, entitled “The MOVE/ment” as part of the Tour de Force performance series at the Ellie Caulkins Opera House, Denver Center for the Performing Arts. Her most recent choreographic project brought her to UMKC in Kansas City to set a work on the students of CPRDE alum Gary Abbot, entitled “Check Cashing Day” in tribute to the jazz genius of Bobby Watson and Milt Abel. She is currently working on a new work entitled “Standing On the Shoulders” commissioned by the Vail International Dance Festival for premiere in August 2021.  
   
Cleo Parker Robinson continues to be dedicated to celebrating the human experience and potential through the Arts and Education. Her life-long vision of “One Spirit, Many Voices” remains strong and steadfast, expanding to welcome, embrace, and sustain all people.",1,1,TRUE,,,,,,,,,,
Fang,Sync,25-50,gun rights,"🚨𝐓𝐡𝐞 𝟐𝟎𝟐𝟐 𝐦𝐢𝐝𝐭𝐞𝐫𝐦𝐬 𝐚𝐫𝐞 𝐨𝐧𝐞 𝐲𝐞𝐚𝐫 𝐨𝐮𝐭, 𝐚𝐧𝐝 𝐰𝐞 𝐧𝐞𝐞𝐝 𝐲𝐨𝐮𝐫 𝐡𝐞𝐥𝐩🚨 

The election results from Virginia show that Republicans will do whatever it takes to gain power. Arizonans need 𝑟𝑒𝑎𝑙 solutions from elected officials, not divisive rhetoric and flat-out lies that distract our government from getting anything done.

We are doubling down on our efforts to reach voters and flip the Governor’s office in 2022. Help us strengthen our outreach and defeat Arizona Republicans. Pitch in $10 today >>>. ",0,0,TRUE,,,,,,,,,,
Fang,Sync,25-50,gun rights,"Democrats are worried about the 2022 elections, and they should be.  A recent poll shows 46% of voters say they would vote for a Republican congressional candidate over a Democrat.  People have had enough of the wasteful government spending, out of control illegal immigration, and the drastic increase in food and gas prices.  Let's flip the House RED in 2022.  Please donate to support my campaign!",0,0,TRUE,,,,,,,,,,
Fang,Sync,25-50,climate action,Washington state is proving that leaders can go bigger and bolder on climate action. How will Illinois step up to cut pollution across its economy?,1,1,TRUE,,,,,,,,,,
Fang,Sync,25-50,climate action,Senate Republicans are blocking the critical climate change legislation we need to avert disaster. Donate right now to defeat Marco Rubio & protect our Democratic majority.,1,1,TRUE,,,,,,,,,,
Fang,Sync,25-50,renewables,ACT NOW: Senator Bradley supports legislation that would raise our electricity rates and give more power to transmission line companies.,0,0,TRUE,,,,,,,,,,
Fang,Sync,25-50,inflation,"Joe Biden can’t hide from what his inflation is doing to New Hampshire families. 

Sign our petition and tell NH Democrats to finally stand up for the Granite State and stop Joe Biden's Inflation:

https://www.subscribepage.com/stopbideninflationgas. ",1,1,TRUE,,,,,,,,,,
Fang,Sync,25-50,anti-woke,"New York Republican Chairman Nick Langworthy will continue his statewide “Just Say No” tour to Dutchess County to highlight the Party’s opposition to the November election ballot propositions. #JustSayNoNY 

DutchessCounty GOP
Marc Molinaro
Senator Sue Serino
Ola For Comptroller
Will Truitt. ",0,0,TRUE,,,,,,,,,,
Fang,Sync,25-50,organized cooking oil theft,"On July 20, our driver also reported #oiltheft at Kelley's Creamery in in Dover Plains, NY, where this Buffalo Biodiesel vat had been broken into and robbed—one of two #oilthefts in Dover Plains that same day. Buffalo Biodiesel recycles the used cooking oil to make environmentally sustainable biofuel, but organized crime groups are intentionally targeting our ""Ma and Pa"" suppliers across state lines. Please report any information to New York State Police  and help us stop this rising wave of rampant oil theft.
Poughkeepsie Journal  Poughkeepsie Journal Media Daily Freeman  News 12 Hudson Valley  Spectrum News 1 Hudson Valley  ABC7NY  CBS New York Organized Crime and Corruption Reporting Project The New York Times New York Post. ",1,1,TRUE,,,,,,,,,,
Fang,Sync,25-50,indigenous activism,"Orlando and Andrea are joined by LTC Allen West, former Congressman and Texas Republican Party chair discussing the border crisis, then by Alvin City Councilmember and Mayor Pro-Tem Joel Castro and Run GenZ Conference and Outreach Administrator Vianca Rodriguez talking about preparing Generation Z leaders to take action, take charge and take control of the future by supporting the vision of the founders of this country and supporting conservative political values such as limited government, free market capitalism, individual responsibility and fiscal restraint.

For his activism and service to his community both as an elected official as well as a volunteer, Joel has received a Congressional Recognition and was named the Rotarian of the Year by his local Rotary club.

Vianca is extremely passionate about serving others and advancing conservative causes, co-hosting a weekly podcast, and raising continuous awareness on public policy issues that involve immigration reform, constitutional rights, and taxation reform.

Run GenZ: https://rungenz.com/
Brazoria County Young Republicans: https://www.facebook.com/brazoriacountyyr

Watch TLC Live! on Facebook (https://www.facebook.com/TLCforTexas) or on YouTube (https://www.youtube.com/channel/UCTi1LGIYZDNRyEL08eYm90Q), and comment live on Facebook every Wednesday at 11 AM!",0,0,TRUE,,,,,,,,,,
Fang,Sync,25-50,pro oil and natural gas,"Ameren Missouri isn’t switching from dirty fossil fuels​ to clean energy fast enough. It’s worsening the climate crisis, and costing us our planet. 

Expose the cost of its dirty power at https://sc.org/Dirty-Truth. ",0,0,TRUE,,,,,,,,,,
Fang,Sync,25-50,TPUSA,"TPUSA LIVE is the unfiltered, grassroots alternative to mainstream media. Watch daily shows, live in-studio content from TPUSA HQ and weekly shows covering politics, pop-culture, sports and everything in-between. Tune in every weekday starting at 5 PM ET / 2 PM PT.

Check out today’s show! 

Human Events Daily host Jack Posobiec discusses the Seattle Fire and Police discharged for not complying with vaccine mandates, a new ""HOLD THE LINE"" campaign, and more!

The TPUSA LIVE team is joined by host, Jon Root, and special guests Beth Walker, Morgan Zegers, and Daniel Idfresne who will talk about TPUSA's Professor Watchlist, increased COVID mandates, and play What In The World Wednesday!

On The Frontlines host Isabel Brown sits down with former UNLV Chapter President, (now TPUSA employee) Valentina Mentchoukov, watch SMASH with MAGA Hulk, Stephen Davis as he TEARS DOWN Critical Race Theory and then watch Freedom Papers with Morgan Zegers as she goes over Essay 69 with guest John Yoo. 

We will wrap up the show with POPlitics with Alex Clark as she dives into a very juicy story about Britney Spears' sister, Dan Bongino being a hero, and more!",1,1,TRUE,,,,,,,,,,
Fang,Sync,25-50,conservative school board,"Gas, heating oil, food, are all rising at an alarming rate? Ohio is in a financial crisis!
People are struggling to pay 💰 bills, put food 🍱 on the table, and buy medicine.

This school 🏫 board could care less.
They are demanding this $22,540,000.00 million dollar property tax levy on our homes🏡 get passed.

It’s all about making sure the lavish lifestyles of our Million dollar superintendent, administrators, and union employees are maintained.

On May 4th, VOTE NO, and prove to the school board who they really work for!

Here is a hint for the school board members who read this page, it’s not the teachers union!!

Please join the Bellbrook-Sugarcreek Property Tax Revolt and stop 🛑 this property tax levy on our homes 🏡 for the 4th time!!

NO MEANS NO!",1,1,TRUE,,,,,,,,,,
Fang,Sync,50-75,AntiGunBan,"Simon's Gun Ban Shot Down!

Here is a video on what happened and it is vital that defenders of the 2nd Amendment watch it.

Then join us at www.restorevirginianow.com and rip the Richmond Radicals from power.",1,1,TRUE,,,,,,,,,,
Fang,Sync,50-75,EnvironmentalConservation,"The climate crisis demands big, bold solutions. That’s why we’ve set a goal of activating 4,000 EDF members by Oct 22nd.

New donors: Donate $35 or more and the Robert W. Wilson Charitable Trust will match your donation $1-for-$1, doubling your impact.",0,0,TRUE,,,,,,,,,,
Fang,Sync,50-75,EnvironmentalConservation,"⚠️GIFT MATCH ALERT⚠️

Save Bees and Our Food Supply! 🐝🍎

1 in every 3 bites of food we eat depends on bees and other pollinators!
But rampant toxic pesticide use, climate change, and habitat loss are killing bees, which could lead to food scarcity that would hit low-income communities and communities of color especially hard. NRDC is fighting to protect bee populations and secure the future of our food supply. We need your help before the year ends.

Make your tax-deductible gift before 12/31 and help save pollinators.",1,1,TRUE,,,,,,,,,,
Fang,Sync,50-75,SchoolBoardFinances/GasInfrastructure,Prices at the pump continue to rise. Urge your lawmakers to oppose  the fuel mandate that would raise gas prices even higher.,0,0,TRUE,,,,,,,,,,
Fang,Sync,50-75,SchoolBoardFinances/GasInfrastructure,"We’re looking toward the future and Colorado’s future begins in its public schools. In the last decade and a half, Colorado’s oil and natural gas industry generated over $1.2 billion to support millions of our public school students. Learn more: https://cred.org/tomorrow.",0,1,FALSE,1,,,,,,,,,
Fang,Sync,50-75,AntiGridDeregulation/PoliticalActionAds,"We need all Patriots to help us Restore Virginia.  

Unless you are politically feared, you will not be politically respected.

Learn WHY this works…. Learn HOW YOU can be feared AND respected by politicians in the fight for liberty.

This is practical, no-nonsense training built around cutting-edge political strategies and tactics.

If you are tired of crony-capitalism, corporate handouts and politicians only looking out for their next re-election, this class might be for you.

If you are ready to DO something to take back power from the politicians and elites for “We The People,” you NEED to attend this class on Saturday, August 14, 2021 in Norfolk , VA.

This intense one-day training covers:

The Real Nature of Politics - why just ""educating"" people alone won't result in change;

The Biggest Lie in Politics - and how the political class uses your convictions against you;

How to work effectively at the Capitol - getting a bill sponsor and a roll call vote despite the leadership; and

How to put pressure on legislators.

All of our instructors have years of experience putting these principles to work in multiple states.

Many have worked on federal, state and local campaigns, including major presidential campaigns, and successful campaigns for U.S. Senate and Congress. They know what works, and also what has been proven not to work in getting politicians to vote right.

This class will teach you how to turn your passion into effective action to advance liberty.
If you’re ready to learn how to be effective AND feared by politicians, click here to register for this class on Saturday, August 14, 2021 in Norfolk , VA. We’ll even throw in lunch.",1,1,TRUE,,,,,,,,,,
Fang,Sync,50-75,AntiGridDeregulation/PoliticalActionAds,"We need all Patriots to help us Restore Virginia.

Unless you are politically feared, you will not be politically respected.

Learn WHY this works…. Learn HOW YOU can be feared AND respected by politicians in the fight for liberty.

This is practical, no-nonsense training built around cutting-edge political strategies and tactics.

If you are tired of crony-capitalism, corporate handouts and politicians only looking out for their next re-election, this class might be for you.

If you are ready to DO something to take back power from the politicians and elites for “We The People,” you NEED to attend this class on Saturday, July 17th, 2021 in Lexington , VA.

This intense one-day training covers:

The Real Nature of Politics - why just ""educating"" people alone won't result in change;
The Biggest Lie in Politics - and how the political class uses your convictions against you;
How to work effectively at the Capitol - getting a bill sponsor and a roll call vote despite the leadership; and
How to put pressure on legislators.
All of our instructors have years of experience putting these principles to work in multiple states.

Many have worked on federal, state and local campaigns, including major presidential campaigns, and successful campaigns for U.S. Senate and Congress. They know what works, and also what has been proven not to work in getting politicians to vote right.

This class will teach you how to turn your passion into effective action to advance liberty.

If you’re ready to learn how to be effective AND feared by politicians, click here to register for this class on Saturday, July 17th, 2021 in Lexington , VA. We’ll even throw in lunch.",1,1,TRUE,,,,,,,,,,
Fang,Sync,50-75,CleanEnergyGoals,"How many ways that Maine benefits from the Clean Energy Corridor can we cover in 60 seconds? Not all of them, but let's give it a shot anyway.",1,1,TRUE,,,,,,,,,,
Fang,Sync,50-75,CleanEnergyGoals,North Carolinians deserve climate action to prevent further harm from the worsening climate crisis. Participation in a regional program to cut carbon pollution is North Carolina’s chance to lead in the nation.,1,1,TRUE,,,,,,,,,,
Fang,Sync,50-75,BellbrookSugarcreekConservativeElections,"Signs have been placed to “deceive the Voters” into thinking the City of Bellbrook has placed them. 

The city did not place these signs.

It’s a political “dirty trick” associated with, approved by, with the full knowledge and endorsement of Merideth Bringner.

This is an attempt to censor, harass, and intimidate, her political opponents.

This is an attack on FREE SPEECH, by Meredith Bringner, and those who support her campaigns for Bellbrook City Council.

Its intent is clear and just another reason why Bringner CANNOT BE TRUSTED!

Bringner, a Progressives Socialist, will do anything, say anything, in order to gain the power she so desperately desires to hold over the citizens of Bellbrook.

Power the Voter should NEVER give her.
BRINGNER CANNOT BE TRUSTED!

Election Watch 21 recommends you vote for * Cypers * Harding *Greenwood for Bellbrook City Council.",1,1,TRUE,,,,,,,,,,
Fang,Sync,50-75,BellbrookSugarcreekConservativeElections,"New York Republican Chairman Nick Langworthy continues his statewide “Just Say No” tour in Auburn. He is highlighting the Party’s opposition to November election ballot propositions related to election integrity.

Cayuga County Republican Committee. ",0,0,TRUE,,,,,,,,,,
Fang,Sync,50-75,inflation,"Without oil and natural gas, New Mexico’s economic recovery could lag behind. Sign the pledge. Show your support for local energy jobs TODAY!",0,0,TRUE,,,,,,,,,,
Fang,Sync,50-75,renewables,A half-inch of rainfall in Northern Québec can produce enough clean energy to power every home in Maine for 6 months.,1,1,TRUE,,,,,,,,,,
Fang,Sync,50-75,ConservativePoliticsEvents,"Fairbanks members, don't forget to register for next week's chapter luncheon! Oil Search President Joe Balash will join us at the Westmark Hotel on Wednesday, 12/1, from noon to 1 p.m. for an update on the company's 2021/2022 season. Visit our website to register.",0,0,TRUE,,,,,,,,,,
Fang,Sync,50-75,ConservativePoliticsEvents,"Tatiana Ibrahim is a regular mom who loves her kids, God and country too much to watch them be indoctrinated at school. She's organizing to end the teaching of Critical Race Theory (CRT). Andrea and Orlando speak with Tatiana about what she has learned and how she began to speak up against CRT in her kids' schools.

Watch TLC Live! On Facebook (https://www.facebook.com/TLCforTexas) or on YouTube (https://www.youtube.com/channel/UCTi1LGIYZDNRyEL08eYm90Q), and Comment Live on Facebook Every Wednesday at 11 AM!",1,1,TRUE,,,,,,,,,,
Fang,Sync,50-75,TPUSAAd,"TPUSA LIVE is the unfiltered, grassroots alternative to mainstream media. Watch daily shows, live in-studio content from TPUSA HQ and weekly shows covering politics, pop-culture, sports and everything in-between. Tune in every weekday starting at 5 PM ET / 2 PM PT.

Check out today’s show! 

Human Events Daily host Jack Posobiec discusses the Seattle Fire and Police discharged for not complying with vaccine mandates, a new ""HOLD THE LINE"" campaign, and more!

The TPUSA LIVE team is joined by host, Jon Root, and special guests Beth Walker, Morgan Zegers, and Daniel Idfresne who will talk about TPUSA's Professor Watchlist, increased COVID mandates, and play What In The World Wednesday!

On The Frontlines host Isabel Brown sits down with former UNLV Chapter President, (now TPUSA employee) Valentina Mentchoukov, watch SMASH with MAGA Hulk, Stephen Davis as he TEARS DOWN Critical Race Theory and then watch Freedom Papers with Morgan Zegers as she goes over Essay 69 with guest John Yoo. 

We will wrap up the show with POPlitics with Alex Clark as she dives into a very juicy story about Britney Spears' sister, Dan Bongino being a hero, and more!",1,1,TRUE,,,,,,,,,,
Fang,Sync,50-75,TPUSAAd,"TPUSA LIVE is the unfiltered, grassroots alternative to mainstream media. Watch daily shows, live in-studio content from TPUSA HQ and weekly shows covering politics, pop-culture, sports and everything in-between. Tune in every weekday starting at 5 PM ET / 2 PM PT.

Check out today’s show! 

Human Events Daily host Jack Posobiec discusses Southwest Airlines' Freedom Flu Protest, digital currency, leaked White House audio and more!

The TPUSA LIVE team is joined by host, Jon Root, and special guests Charlie Kirk, Eric Metaxas and Tennessee Senator Marsha Blackburn who will talk about Eric Metaxas’s new book, “Is Atheism Dead?”, China, our woke military, and more!

Breakaway host Jon Root sits down with professional baseball player Dennis Sarfate and watch RELOADED with Paige Roux as she covers how to properly conceal carry. 

We will wrap up the show with POPlitics with Alex Clark as she dives into Kourtney and Travis' engagement, bizarre Bieber beauty and more!",1,1,TRUE,,,,,,,,,,
Fang,Sync,50-75,DomesticOilAndGasProduction,"In response to the U.S. Environmental Protection Agency’s (EPA) proposed methane rule, Petroleum Alliance President Brook Simmons has made the following statement. 

➡️ Click here to read the full response: https://bit.ly/3jZWkhM. ",1,1,TRUE,,,,,,,,,,
Fang,Sync,50-75,DomesticOilAndGasProduction,"The oil and gas industry is here to stay! 💪 Petroleum Alliance President Brook Simmons was quoted in a recent @JournalRecord column stating, ""Every well has a significant positive impact on the community where it is drilled. Oklahoma's oil and gas industry has to be healthy to provide those dollars. It's the bedrock of the state of Oklahoma."". ",1,1,TRUE,,,,,,,,,,
Fang,Sync,50-75,ClimateChange,"Indiana has the most coal ash ponds in the country. These toxic ponds are leaking into groundwater, making it unsafe to drink. Instead of removing these ponds to keep Hoosiers safe, Duke Energy is choosing to do nothing and putting thousands of us at risk. 

This is not OK! We need to tell Duke enough is enough. Take action now and join us today!",0,0,TRUE,,,,,,,,,,
Fang,Sync,50-75,ClimateChange,"Be a voice for animals who cannot speak for themselves. As climate change destroys their homes, threatened wildlife are only becoming more vulnerable.

Consider making a monthly gift to save imperiled animals.",1,1,TRUE,,,,,,,,,,
Fang,Sync,50-75,Pipeline,"DEADLINE THIS WEEK. President Biden decides the fate of the Dakota Access Pipeline through a key court hearing on April 9 -- so we have to act fast. 

Tell President Biden: DAPL needlessly endangers the Standing Rock Sioux Tribe, our waterways, and climate, and it must be shut down immediately: http://sc.org/2OpNlcL. ",1,1,TRUE,,,,,,,,,,
Fang,Sync,50-75,Pipeline,"TIME SENSITIVE. President Biden decides the fate of the Dakota Access Pipeline through a key court hearing on April 9 -- so we have to act fast. 

Tell President Biden: DAPL needlessly endangers the Standing Rock Sioux Tribe, our waterways, and climate, and it must be shut down immediately: http://sc.org/2OpNlcL. ",1,1,TRUE,,,,,,,,,,
Fang,Sync,50-75,BuildBackBetterAct,"Huge news: The House just voted to pass the Build Back Better Act!

Thank you, Rep. Beyer, for putting Virginia's working families first by voting to create clean energy jobs right here and take on climate change right now.",1,1,TRUE,,,,,,,,,,
Fang,Sync,50-75,BuildBackBetterAct,"Rep. Lee, thank you for fighting for clean energy that can power our economy, create good-paying jobs, and tackle the climate crisis. This is our moment to get it done and pass the Build Back Better Act.",1,1,TRUE,,,,,,,,,,
Fang,Sync,50-75,AntiGridDeregulation,"The plan for a government-takeover of Maine’s power grid would cost $13.5 billion. That’s more than $17,000 in debt for average customer. What do you think of the plan? Take our poll: https://bit.ly/34w9wFZ.",1,1,TRUE,,,,,,,,,,
Fang,Sync,50-75,AntiGridDeregulation,Government Controlled Power [sec. § 4003. 5.] would create a quasi-government entity to takeover Maine’s power grid and authorize private assets to be seized through eminent domain. Sound like a good policy?,1,1,TRUE,,,,,,,,,,
Fang,Sync,50-75,LiberalTaxHikes,Raising taxes on the U.S. natural gas and oil industry could put our economic recovery at risk! Call Rep. Haley Stevens at 734-853-3040 and tell them: new taxes on U.S. energy is a BAD idea!,1,1,TRUE,,,,,,,,,,
Fang,Sync,50-75,LiberalTaxHikes,Raising taxes on the U.S. natural gas and oil industry could put our economic recovery at risk! Call Rep. Colin Allred at 972-972-7949 and tell them: new taxes on U.S. energy is a BAD idea!,1,1,TRUE,,,,,,,,,,
Fang,Sync,50-75,NativeAmericanCulturalPreservation,"Chairwoman of SAGE Development, Fawn Wasin Zi, will join the Women of the Movement dialogue this month. Fawn has a background in biology, and she firmly believes it is her duty to speak for those, Unci Maka (Grandmother Earth) that cannot speak for themselves, ""I'm personally involved in this on the basic level that I'm a biologist, and I want to save the world"". Learn more about Fawn below, and join us for this month's Anpetu Wi Dialogue with a live discussion with Fawn, Tara Houska, Rep Ruth Buffalo and Tokata (Future) Iron Eyes: https://fb.me/e/RXMLppau

https://youtu.be/1n-jT58btSw. ",1,1,TRUE,,,,,,,,,,
Fang,Sync,50-75,NativeAmericanCulturalPreservation,"We are proud to share more about Tokata (Future) Iron Eyes (Standing Rock Sioux Tribe) who will be joining Ruth Buffalo, Fawn Wasin Zi and Tara Houska for our May 20th Anpetu Wi Dialogue. Tokata was 12 years old in 2016 when she spoke in a video, calling for help in the Standing Rock Sioux Nation's battle against the Dakota Access oil pipeline, drawing people around the world to the story. Since then Tokata has shone with her advocacy of climate justice and raised awareness of Indigenous leadership as protectors of the environment. Learn more about Tokata:

https://youtu.be/eZ-W87E-2n4

RSVP for this event TODAY! https://fb.me/e/RXMLppau. ",1,1,TRUE,,,,,,,,,,
Fang,Sync,50-75,OilTheft/ClimateLeader,"On July 18, one of our drivers reported #oiltheft at Reddi Rooster in Stamford, CT, where this Buffalo Biodiesel vat had been broken into and robbed, one of two oil thefts reported in Stamford that same day. Buffalo Biodiesel recycles the used cooking oil to make environmentally sustainable biofuel—instead, it’s being targeted by interstate organized crime. Please report any relevant information to Stamford Police Department CT and help us stop these criminals. 
News 12 Connecticut  NBC Connecticut  WFSB - Channel 3 Eyewitness News  Stamford Advocate  Stamford Patch  Daily Voice Gold Coast  The News-Times. ",1,1,TRUE,,,,,,,,,,
Fang,Sync,50-75,OilTheft/ClimateLeader,"On July 23, one of our drivers reported #oiltheft at Wing It On in Waterbury, CT, where this Buffalo Biodiesel vat had been broken into and robbed by thieves who tore off the lock, lockbar, and metal screen as shown. Buffalo Biodiesel recycles the used cooking oil to make sustainable biofuel, but it’s being targeted by organized crime syndicates that steal and smuggle oil across state lines. Please report any information to the Waterbury Police Department and help us stop rampant oil theft. 
Republican American NBC Connecticut News 12 Connecticut WFSB - Channel 3 Eyewitness News Connecticut Post The News-Times Connecticut Public. ",1,1,TRUE,,,,,,,,,,
Fang,Sync,50-75,NaturalGasIncentive/CleanEnergyPetition,"Residents of Addison County are going to want to take advantage of this unique opportunity 👀

For a limited time we are offering $500 cash to eligible households just for switching to natural gas 💵 💵 💵

How do you get your $500?
✅ Click [Learn More]
✅ Review the Coverage Map
✅ Sign up for a free estimate
✅ Receive $500 cash once the conversion is complete

In order to receive $500 you must...
✔️ Sign up before 03/31/22
✔️ Turn on your meter before 09/30/22

So don't wait, sign up for a free estimate today!",1,1,TRUE,,,,,,,,,,
Fang,Sync,50-75,NaturalGasIncentive/CleanEnergyPetition,"Residents of Chittenden County are going to want to take advantage of this unique opportunity 👀

For a limited time we are offering $500 cash to eligible households just for switching to natural gas 💵 💵 💵

How do you get your $500?
✅ Click [Learn More]
✅ Review the Coverage Map
✅ Sign up for a free estimate
✅ Receive $500 cash once the conversion is complete

In order to receive $500 you must...
✔️ Sign up before 03/31/22
✔️ Turn on your meter before 09/30/22

So don't wait, sign up for a free estimate today!",1,1,TRUE,,,,,,,,,,
Fang,Sync,50-75,CleanEnergyProjects,Protect affordable energy and consumer choice in New York. Sign the petition today!,0,1,FALSE,1,,,,,,,,,
Fang,Sync,50-75,CleanEnergyProjects,Protect affordable energy and consumer choice in New York! Sign the petition today.,0,1,FALSE,1,,,,,,,,,
Fang,Sync,50-75,ColoradoAirQuality/SupportingBlackWomen,"Congratulations Cleo Parker Robinson!! CBWPA's 43rd Annual Tribute to Black Women ""Legend"" Honoree! 

Join us Saturday, October 9th, as we celebrate Cleo and our 2021 honorees! Visit our website for event information: https://www.cbwpa.org/43rd-annual-tribute-to-black-women-luncheon/

CLEO PARKER ROBINSON is founder and artistic director of the nearly 51-year-old Denver-based artistic institution, CLEO PARKER ROBINSON DANCE (CPRD), leading a professional Ensemble, a second company (Cleo II), a Youth Ensemble, an Academy of Dance, an International Summer Dance Institute, a 240-seat theatre which bears her name, and numerous community outreach programs throughout Colorado, nationally, and internationally. She is the recipient of honors and awards from corporate, civic, community, and artistic entities world-wide, and is continually called upon by a myriad of organizations and performance venues to bring her Ensemble for performances, teaching residencies and motivational workshops. A master teacher/choreographer and cultural ambassador, she and her Ensemble have performed nationwide and internationally throughout Europe, the Caribbean, Asia, and the African continent, with their most recent international tours taking them to Bogota, Colombia in the Spring of 2019 and Mexico in Fall 2019.

Ms. Parker Robinson’s numerous awards and honors include the Colorado Governor’s Award for Excellence (1974), Denver Mayor’s Award (1979), induction into the Colorado Women's Hall of Fame (1989) and the Blacks in Colorado Hall of Fame (1994). Recognized in Who’s Who in America Colleges and Universities she holds an Honorary Doctorate from Denver University (1991), an Honorary Doctorate of Humane Letters from Colorado College (2003), and an Honorary Doctorate of Public Service from Regis University in Denver (2008). The University of Denver honored her with an Alumni Award in May of 2021, and in June of 2021, she is receiving a 2020 Honorary Degree, Doctor of Humane Letters, Honous Causa from CU Boulder.  
In 1991, Ms. Parker served on the task force for the creation of a permanent location for the Denver School of the Arts (DSA), Denver’s first performing arts magnet school, and was subsequently honored In September 2017 at their 7th Annual Fall Gala, in recognition of her long-term commitment to excellence in arts education. She is also co-founder of the National Bahamian Dance Company, based in Nassau.   
In 2011, Ms. Parker Robinson was voted an Honorary Lifetime Trustee of the Denver Center for the Performing Arts, in recognition of her longtime commitment and lasting impact on the Center.  In June 2017, she became the recipient of the highly prestigious DanceUSA Honor Award and in September 2017, the Randy Weeks Arts Leadership Award from the Denver School of the Arts. 

Ms. Robinson has served on NEA panels on Dance, Expansion Arts, Arts America, and Inter-Arts panels for the USIS. Ms. Robinson is a regular panelist for the National Foundation for Advancement in the Arts as well as other national task forces, boards and committees in the arts arena. In April 1999, she was appointed by then President William Jefferson Clinton, with Senate confirmation, to serve for four years on the National Council on the Arts, a 14-member panel advising the Chairman of the NEA on agency policy and programs, and reviews and making recommendations to the Chairman on grant applications. 

Since 2011 and 2012, Ms. Parker Robinson has returned to her greatest passion, the art of the choreographer, creating and presenting two new full-length works, “Dreamcatchers: The Untold Stories of the Americas” and the riveting world premiere of her “Romeo and Juliet”, which was first presented in collaboration with the Colorado Symphony Orchestra. Her work “On the Edge…  Reaching to Higher Ground” premiered in October of 2014 in answer to resurging racial and human rights infractions both nationally and internationally. In Spring 2017, audiences were thrilled with the re-staging of two of her works melding the worlds of classical and jazz composition with the power, passion and beauty of modern dance – “Romeo and Juliet” and “Porgy and Bess”. Fall 2017 saw the premiere of her “Copacetic: A Tribute to Jonathon “JP” Parker”, honoring her father. In the Spring of 2018, she premiered “Lark Ascending” in collaboration with the Boulder Philharmonic. Her “Rhapsody in Black”, created in collaboration with CPRD Associate Artistic Director, Winifred R. Harris, premiered at the Newman Center for the Performing Arts, University of Denver.  In January 2019, in collaboration with the Denver Brass, she choreographed an innovative interpretation of Bernstein’s “On the Town” and Spring 2019 saw the premiere of her collaboration with the Colorado Ballet, entitled “The MOVE/ment” as part of the Tour de Force performance series at the Ellie Caulkins Opera House, Denver Center for the Performing Arts. Her most recent choreographic project brought her to UMKC in Kansas City to set a work on the students of CPRDE alum Gary Abbot, entitled “Check Cashing Day” in tribute to the jazz genius of Bobby Watson and Milt Abel. She is currently working on a new work entitled “Standing On the Shoulders” commissioned by the Vail International Dance Festival for premiere in August 2021.  
   
Cleo Parker Robinson continues to be dedicated to celebrating the human experience and potential through the Arts and Education. Her life-long vision of “One Spirit, Many Voices” remains strong and steadfast, expanding to welcome, embrace, and sustain all people.",1,1,TRUE,,,,,,,,,,
Fang,Sync,50-75,gun rights,"If you are waiting on a politician to save you, you have already lost.

 Join the fastest growing grassroots group in Virginia.  In 2020 we defeated Northam's Gun Ban...in 2021 we defeated the homemade gun ban...and now we are fighting to rip the Richmond Radicals from power and Restore Virginia!",1,1,TRUE,,,,,,,,,,
Fang,Sync,50-75,gun rights,"The State Republicans and Conservatives are urging people to oppose Propositions 1, 3 and 4. 

Proposition 1 repeals and amends parts of a 2014 state constitutional amendment that created a redistricting commission.

Supporters say it's a good government bill that discourages things like gerrymandering, but at the same time this could also limit the commission's power and independence.

Propositions 3 and 4 have to do with allowing same-day voter registration and permanently expanding absentee ballots to any voter regardless of excuse. This may encourage voter fraud and in the case of absentees, what's known as ballot-harvesting or ballot-stuffing.",0,0,TRUE,,,,,,,,,,
Fang,Sync,50-75,climate action,"Our economy is struggling. Our climate is at risk. But investing in natural climate solutions for farmers, ranchers, and foresters could turn things around. Act now to call on leaders to support programs that protect birds, restore habitat, and address the threat of climate change.",1,1,TRUE,,,,,,,,,,
Fang,Sync,50-75,climate action,"On WTTW, Deputy Governor Mitchell said that Governor Pritzker won't sign any bill that doesn't include bold climate action. He added that a bill without climate won’t even make it to the Governor's desk - nearly 50 legislators would oppose it. No bold climate action, no real equity, no deal.",1,1,TRUE,,,,,,,,,,
Fang,Sync,50-75,renewables,"With tax incentives for electric vehicles, we can take on climate change by putting the American auto worker on the job, building the electric cars and trucks that take us where we need to go.",1,0,FALSE,0,,,,,,,,,
Fang,Sync,50-75,inflation,Joe Biden asked foreign countries to produce more oil instead of INVESTING in TEXAS. It’s time to tell Biden NO more foreign oil.  Add Your Name if you agree >>>.,0,0,TRUE,,,,,,,,,,
Fang,Sync,50-75,anti-woke,"Wait till the local teachers realize private school teachers earn sustainably less than public schools. Ironic but true. That they are supporting a trojan horse.

The parents paying $25,000 to $50,000 or more,  a year to send children to these country club day spas are the ultimate in indulging the rich. 

Full of contradictions and, I'm better than you, spoil me attitudes.

Ironically many of these super-rich lead the protest that they are models of inclusion yet they are not for you. You are excluded from their privileged, woke, progressive world. 

Another irony.

Inclusion is your public school where the neighborhood kids go.
“Private schools are indefensible,” many educational experts will tell you. This is why. They are talking about these upper-crust hooty totty snob schools.

A former private-school teacher and parent noticed that these elite institutions, and the high-powered parents that send their children there, are becoming more “obscene”: 

Parents have gained an “ugly new sense of power.""  To the liberal wealthy parent it is the hypocrisy of privilege bought with dollars, ""look I'm rich"" they scream as they point out everything they don't like about you.

A $25,000-a-year school, per student, can’t be anything but a very expensive consumer product for the super-rich. 

For the parents to run to get elected on the public school board, schools that they will not, are not using for their own family's education is, even more, an obscenity. It is an invitation to chaos.

Josh PRESSNELL is nothing but entitlement. He is the worst choice amongst many, a walking enemy of public education. Let Pressnell gather with the other elite parents in Washington Twp, at the Miami Valley school, and let us not be bothered with his boorish behavior.

The photo is of Miami Valley School. It looks like a day spa. Pressnell is not like us. He covered up during the tax campaign that his kids were not even going here. What else do we need to understand his lack of transparency? 

Write-in candidates are the oddballs of the ballot box, the spoilers, a wasted vote for the unorganized. Pass Pressnell over, give him a no, don't let him buy his way onto the school board. All of the above is better.

(The photo is where he spends his money on tuition far over and above his property taxes. It is a school you can not afford. Pressnell is not like you.)

Election Watch 21. ",1,1,TRUE,,,,,,,,,,
Fang,Sync,50-75,organized cooking oil theft,"On July 17, our driver also reported #oiltheft at Yummy Yummy in Somerset, NJ, where this Buffalo Biodiesel vat had been broken into and robbed, found with the lockbar and metal screen pulled off as shown here. Buffalo Biodiesel recycles the used cooking oil to make sustainable biofuel—instead, it’s being targeted by interstate organized crime. Please report any relevant information to Franklin Township PD and help us stop these criminals. 
NorthJersey.com The Star-Ledger MyCentralJersey NJ.com New Brunswick Patch NJ Spotlight News News 12 New Jersey. ",1,1,TRUE,,,,,,,,,,
Fang,Sync,50-75,indigenous activism,"🇺🇸 The Louisiana Conservative Caucus Dominates Close of Session 💪

In only 3 weeks, the Louisiana Conservative Caucus was able to drastically change the trajectory of the legislative session by killing tax increases, championing tax reform, and incentivizing the end of the federal government’s supplemental unemployment benefits.

BATON ROUGE, June 10 – Despite only being formed during the final three weeks of the 2021 legislative session, the Louisiana Conservative Caucus dramatically altered the outcome to ensure conservative policies won the day. “From killing irresponsible tax increases to shaping income tax reform, our caucus members stuck together to protect one another and our constituents,” said Conservative Caucus Chair Jack McFarland as he praised caucus members.

In a surprise move, the Senate amended a permanent 0.45% general sales tax increase onto unrelated medical marijuana legislation in House Bill (HB) 514. The Conservative Caucus immediately voted to take action, oppose this reckless move, and recommend passing Representative Mark Wright’s HB 40 or McFarland’s HB 511 as substitutes. When the Senate realized that the unnecessary sales tax increase was dead-on-arrival in the House, they took the Conservative Caucus’ public recommendation. In order to get HB 511 passed before the constitutional end of session deadline, an agreement was reached to gut the original tax increase sponsored by Speaker Pro-Temp Magee and replace it with a slightly watered-down version of HB 511. This newly passed legislation, created and spearheaded by the Conservative Caucus, will dedicate hundreds of millions of dollars per year to fund infrastructure without raising a single tax. The money comes from the sales taxes collected from vehicles sales and is protected in the voter-created Construction Subfund, which cannot be used to fund DOTD’s bureaucracy. 

As session drew to a close, the Conservative Caucus members were able to strengthen multiple pieces of legislation that will reform the state’s income and franchise taxes. Franchise taxes are imposed on a business’ revenues, not profits. Most states have either an income tax or franchise tax but not both. Louisiana has both, and both were altered by the Conservative Caucus. By working with their Republican Delegation members, they were able to extend the exemption keeping small businesses from paying the franchise tax on their first $300,000 of income, compress and lower corporate income tax rates, lower individual income tax rates, and include triggers that will automatically lower income tax rates even further when state revenues increase.

In the final hour of session, the Conservative Caucus once again flexed their muscles for taxpayers and businesses. They were able to amend HB 183 to raise the state’s unemployment rate by $28; however, that change can only go into effect when Louisiana ceases participating in and does not reinstate its participation in the federal government’s supplemental unemployment benefits. Founding Conservative Caucus member Representative Larry Frieman (R – Abita Springs) led the negotiations for the caucus. In a statement that many taxpayers probably agree with, Frieman noted that it is an outrage that people are being paid more money to stay at home than go get one of the thousands of jobs available today. Considering everything, he added, “this last year set a dangerous precedent for our future in numerous ways.”

In addition to their significant legislative victories, the Conservative Caucus has caused a fundamental shift in the Louisiana Legislature. Their actions have resulted in increased communications, increased bargaining power for House Republicans, and more unification among House Republicans to support the Speaker and conservative policies going forward. 

The Conservative Caucus can be found on Facebook @LaConservativeCaucus and online at www.LaConservativeCaucus.com.

Representative Jack McFarland 
Ray Garofalo - Louisiana State Representative 
Beryl Amedee - State Representative 
Larry Frieman, Louisiana State Representative, District 74 
State Representative Rhonda Butler 
Debbie Villio State Representative 
Raymond Crews State Representative 
Polly Thomas State Representative 
Gabe Firment, District 22 State Representative 
Tony Bacala 
Daryl Deshotel State Representative 
Phillip DeVillier 
Michael Echols for Louisiana 
State Representative Rick Edmonds 
Julie Emerson 
Bryan Fontenot, Louisiana State Representative District #55 
Foy Gadberry - House District 15 
Jonathan Goudeau State Representative District 31 
Valarie Hodges - Louisiana State Representative - District 64 
John Illg District 78 ""Vote For Big"" 
State Representative Mike Johnson 
State Representative Danny McCormick 
State Representative Richard Nelson 
Joseph Orgeron District 54 State Representative 
State Representative Thomas Pressly 
State Representative Troy Romero 
Rodney Schamerhorn, State Representative District 24 
Laurie Schlegel State Representative 
Alan Seabaugh for State Representative 
Mark Wright - State Representative
Phillip Tarver State Representative District 36
State Representative Charles ""Chuck"" Owen, Louisiana House District 30
Bob Owen Louisiana State Representative, District 76
Kathy Edmonston House of Rep Dist 88
Blake Miguez
Representative Dodie Horton
Nicholas Muscarello, Jr.
Paul Hollis
Sherman Mack. ",0,0,TRUE,,,,,,,,,,
Fang,Sync,50-75,pro oil and natural gas,"Huge news: The House just voted to pass the Build Back Better Act!

Thank you, Rep. Cárdenas, for putting California's working families first by voting to create clean energy jobs right here and take on climate change right now.",0,0,TRUE,,,,,,,,,,
Fang,Sync,50-75,TPUSA,"TPUSA LIVE is the unfiltered, grassroots alternative to mainstream media. Watch daily shows, live in-studio content from TPUSA HQ and weekly shows covering politics, pop-culture, sports and everything in-between. Tune in every weekday starting at 5 PM ET / 2 PM PT.

Check out today’s show! 

Human Events Daily host Jack Posobiec discusses the fatal Christmas parade attack in Wisconsin, protesting and rioting that took place after the Rittenhouse verdict, Hunter Biden’s firm helped the CCP and more!

The TPUSA LIVE team is joined by host, Jon Root, and special guests Isabel Brown, Alex Clark, Stephen “MAGA Hulk” Davis, Paige Roux and Connor Clegg who will be cooking a turkey, sharing what they are thankful for and playing some games!

Freedom Papers host Morgan Zegers covers Federalist Paper #6 written by Alexander Hamilton diving into the benefits of a union between American states.

We will wrap up the show with POPlitics with Alex Clark as she talks about the bombshell news from Pfizer, her theory on Kim Kardashian and Pete Davidson’s relationship, plus a surprise announcement!",1,1,TRUE,,,,,,,,,,
Fang,Sync,50-75,conservative school board,"Dear Mr. Stafford,
As an observant of how my property taxes have been wasted by the Local Government in the past, I'm of the opinion that I must buy with my knowledge. Therefore, I will be vote no on any levy increasing taxes.

When the school district’s finances are involved, there are no disinterested people, which is the reason if you’ve ever noticed how school employees backed by the Board of Education are always trying to push the need for a levy.  

When you get right down to it, our school district’s finances seem about as honest as the finances on Wall Street.

Not even St. Pete could expect the truth from the Board of Education under such conditions. 

If the owner of a gas station sells water as gasoline he can be taken to court and sued. But a School Official can stand up and sell to the public ITS OWN ASSETS AS LIABILITIES (ESTIMATED ENCUMBRANCES) to justify the need for additional funding and the BOE smile at them, pat them on the back, shake their hand, and call them their friend.

Most of the levy presentations are not intentional lies, they are only presentations by a group of people who benefit the most from the passage. It is the advice given by a school employee concerned with losing their job and not what is the best usage of our tax dollars.

The fact of the matter is, you can get an expert that just happens to be a school employee to recommend just about anything if it is in the school's own best interest or supports their existing bias. Expert advice is up for grabs and it doesn't always have to work in the school district's favor. The tragic truth here is experts can be terribly, terribly wrong.

It is important to note that with any levy presentation that is offered by the school employee the biggest gains will be worked up into the worst losses. 

Oh, and let’s not forget the leaflets they will be passing out soon, how they are almost always just as true as the tale of THE WIZARD OF OZ. There is generally a basis of the fact that is threaded in with an over-exaggerated imagination.

I want you, the property owner taxpayer to ask yourself this question. Is this an effort to get you, the property owner taxpayer, to buy in?

 I hope that you will only buy what you know.

 Do not make the mistake and buy with your ignorance, but buy with your knowledge. All ignorance is dangerous and the most dangerous is the ignorance of YOUR LOCAL GOVERNMENT! 

Become an involved citizen and an informed voter.

The art of getting other people’s money has been developed into a science by the Local Government. In regards to that subject, the science of government funding, their art of attack is more developed than your art of defense.

In the public finance field, there are always more clever people who can separate you from your hard-earned money without using force.

There is no doubt that Bernie Madoff, for instance, has taken more money from private Citizens than the TOP 10 word twisting levy presenters. They were swindled, and it is a very unpleasant fact that one man can swindle us for so many years without being caught. Madoff is locked up now but yet the Local Government is not put in jail and not likely to be. As they separate you from your money with as much ease and the use of no force as Bernie Madoff did with the people he gave his presentations to.

The government doesn’t earn money they transfer it. No law so it seems can prevent a man from being fooled. It is a fact that we have seen in the Madoff case, for a man to be showered with millions of poor people’s money. The only reason that you, as Citizen, should sign a check over to the Local Government is that you have received full value for your money.

The school district has come to us with a promise and an empty pocket, as our need for educating our children is now diluted with the school district’s need for increased revenue for employee benefits.

This is a fact and I do not say it to be mean. I support the Employees of the school district. But I support the greatest asset of Our Community more, the Citizens.

Buy with your knowledge, as Mr. Stafford has said, MATH NEVER LIES.

I support the Vote No movement.

Name withheld.",1,1,TRUE,,,,,,,,,,
Fang,Sync,75-100,AntiGunBan,"Fellow Virginia Patriots,

The most important election date in 2021 is coming up on June 8th, and we need your help.

Yes, the Convention to nominate Governor, Lt Governor and Attorney General already occurred. But if you understand politics, you know that the  legislative branch is the most powerful branch of government.

And on June 8th, there are countless primaries for seats in the House.

If you listen to the political establishment they will tell you that the November General Election should be your focus, but whenever a member of the political class tells you something, you have to stop and ask-
 
""How will this benefit them if I believe them?""

The plain truth is that the most important elections are the Republican Primaries that are coming up in a few short weeks.

Why?  Quite simple really.

Unless you have true patriots on the November ballot, conservatives will just sit home because they will not care.

And this is why we need your help today.

In over 15 years of grassroots activism, nothing is more true than the fact that wishy-washy candidates change voters from caring to not caring.  And if they don't care, they won't show up and vote.  And if they don't, the continued destruction of Virginia will continue.

This is why it is vitally important that real conservatives are on the ballot this coming November, and we need your help to make that happen.

All across the Commonwealth there are true patriots running in the June Primary, but the establishment is doing its best to be sure you have the same old, compromising candidates come November.  Over a year ago we launched Restore Virginia Now.  This program was created not only to rip the power away from the gun grabbers and Richmond Radicals, but to do so with lovers of liberty.

The response has been overwhelming.  I mean, how could it not be when the Republican establishment is pushing candidates that voted for Red Flag Gun Confiscation, Obamacare Expansion, Funding Planned Parenthood and expanding Northam's lockdown and forced vaccination powers?

If we let the Republican Establishment win in June, that is the sure path for the far left radicals to win in November.  It is that simple.

 Because voters will not care and I don't blame them one bit.  Is 'republican' anti-gun legislation better than 'democrat' anti-gun legislation?  Of course not!  But the 'lesser of two evils' argument is primed and ready to go unless you act today.

This is why I am asking you to fund our efforts to get real conservatives on the November Ballot.  And the only way to do that is to have them win in the June Primary.  Will you contribute to our efforts to do so?  If so please click here and donate to Restore Virginia Now, so that over the next couple of weeks we continue to shine a hard light on the fake conservatives.

https://donorbox.org/restore-virginia-now

If you hope to save Virginia we simply cannot allow backstabbing politicians on the ballot in November. I don't know about you, but I am sick and tired of hearing there is no difference between the two major political parties.  It is time you and I do something about it!  We need to be sure there is a clear difference between Candidate D and R in November...to make conservatives care again and the give them a reason to show up and vote!

Because if all they are offered are evil R and evil D, they will not.

 This is exactly why we created our 2021 State Candidate Survey.  There was one simple goal, to get politicians on record on hard issues that make voters care.  To show which candidates will stand and fight, and which are content with just playing loyal opposition. 

Here at the Virginia Constitutional Conservatives we realize how important this upcoming Primary Election is.

That is why we sent out our 2021 State Candidate Survey to all candidates, asking where they stand on such issues as-

Defending and restoring the 2nd Amendment by not only repealing Red Flag Gun Confiscation and  Universal Gun Registration, but also supporting Constitutional Carry to prevent you from begging the government's permission and paying a tax to bear arms.

Eliminating the Governor's Shutdown orders and forced vaccination

Parental Choice in Education

Ending the expansion of socialized medicine, and so much more

Many candidates answered these vital questions on our survey, but many others refused to.  If they refuse to answer these simple questions, it makes you wonder what they are trying to hide from the voters.

You can click here and to see the results of our 2021 Restore Virginia Now Candidate Survey.

https://virginiaconservatives.net/2021-rvn-candidate-survey

We have all seen these fake conservatives vote time and again to destroy the 2nd Amendment, grant more power to the Governor to shut down our schools, churches and businesses, and support the government monopoly on education in Virginia.  And the voters see it as well.  And if that is the only choice they have in November, well, they will sit at home.

And if we hope to take back our Virginia, we simply cannot have run-of-the mill-politicians running to represent us anymore.  Virginia is home to James Madison, Patrick Henry, George Washington and Thomas Jefferson.  These brave statesmen risked their lives, their fortunes and their sacred honor to create and defend your liberty.

And we need the same champions today.

It is time the people no longer have to choose between Evil A and Evil B.  For the lesser of two evils is nothing more than the establishment's effort to destroy the Constitution with your election day votes.

And with your help, between now and June 8th, we will continue to work in key districts, shining the hard light of truth on primary candidates, and spreading the light of liberty across the Commonwealth. Will you help us do so?  If so, please click here to donate whatever you can afford to help us lay the groundwork to win in November.

https://donorbox.org/restore-virginia-now

Whether it is $50 or $5000, we will use every dime to be sure we have November Candidates that can win.

 
 

In Liberty,

S. Chris Anders
Director
Virginia Constitutional Conservatives. ",1,1,TRUE,,,,,,,,,,
Fang,Sync,75-100,EnvironmentalConservation,"We are Lake County community members fighting for cleaner air, cleaner water, cleaner energy, and a healthier, more equitable future for environmental justice communities. Like our page to learn more and get involved!",1,1,TRUE,,,,,,,,,,
Fang,Sync,75-100,EnvironmentalConservation,"The climate crisis is real, it’s getting more severe, and it’s changing the way we live! 

We need your support more than ever to help combat the dire consequences that severe weather is having on people, communities, and the environment. Make an urgent gift today.",1,1,TRUE,,,,,,,,,,
Fang,Sync,75-100,SchoolBoardFinances/GasInfrastructure,"Will the school board ever grow up? They need the power to face unpleasant facts. 

The school district spending is out of control and is based on deceiving taxpayers into taxing themselves at ever-higher rates. 

“The chickens have come home to roost.”

The school district should be grateful for what it has got instead of constantly raising taxes every 4 to 5 years, for the last 50 years!

Bellbrook does not have a funding problem, it has a spending problem.

If the board members are as smart, as they say, they are, think they are, then why haven't they realized you can not keep ripping people off by taxing the homes 🏡 they live in?

Guilting taxpayers into paying more for the same is the tactic of the ill-informed and entitled. 

As even retired teachers have said, this is about supporting the lifestyles of, arguably overpaid, over benefited, public employees. 

It has to end, the well has run dry. There is no money 💰 tree 🌲 to harvest the cash needed to cover these lavish wages, Cadillac benefits, bonuses, sick days, pickups, and pensions.

All public employees need to respect the taxpayer and view them more than ATMs.

Say what you want, taxes are way too high and the largest most undisciplined, selfish spender,  is the school district. 

The board needs to get a grip and accept responsibility. The board needs to accept the outcome of the last 3-elections.

NO MEAND NO!

The unpleasant fact is they need to knock off the arrogance and get down to managing the $31,000,000.00million dollars they have to educate 2700 children.  

It's not as if the money isn't already there.

If they find themselves unable to deal with it, then they should step aside so others can step in, with fresh new ideas, and get the job done within the current generous budget.

The vote yes people have no special qualifications to tackle budgets, they are pretenders who can not be trusted. They only know how to spend more. They are not as smart as they think they are.

Be smart. Be thrifty like a farmer. VOTE NO on May4th! Please join the Bellbrook-Sugarcreek Property Tax Revolt of 2021.

Stop 🛑 taxing yourself, your friends, and your neighbor's 🏡 homes.

VOTING NO is the well-informed choice.

NO MEANS NO!",1,1,TRUE,,,,,,,,,,
Fang,Sync,75-100,SchoolBoardFinances/GasInfrastructure,"Government-Controlled Power comes with a price tag of $13,500,000,000  – three times Maine’s annual budget.  Do you think this is a good idea? 

Tell us right now: https://bit.ly/31N2eg2. ",0,1,FALSE,0,,,,,,,,,
Fang,Sync,75-100,AntiGridDeregulation/PoliticalActionAds,"Are you respected by politicians?

Unless you are politically feared, you will not be politically respected.

Learn WHY this works…. Learn HOW YOU can be feared AND respected by politicians in the fight for liberty.

This is practical, no-nonsense training built around cutting-edge political strategies and tactics.

If you are tired of crony-capitalism, corporate handouts and politicians only looking out for their next re-election, this class might be for you.

If you are ready to DO something to take back power from the politicians and elites for “We The People,” you NEED to attend this class on Saturday, May 8th, 2021 in Leesburg, VA.

This intense one-day training covers:

The Real Nature of Politics - why just ""educating"" people alone won't result in change;

The Biggest Lie in Politics - and how the political class uses your convictions against you;

How to work effectively at the Capitol - getting a bill sponsor and a roll call vote despite the leadership; and

How to put pressure on legislators.

All of our instructors have years of experience putting these principles to work in multiple states.

Many have worked on federal, state and local campaigns, including major presidential campaigns, and successful campaigns for U.S. Senate and Congress. They know what works, and also what has been proven not to work in getting politicians to vote right.

This class will teach you how to turn your passion into effective action to advance liberty.

If you’re ready to learn how to be effective AND feared by politicians, click here to register for this class on Saturday, May 8th, 2021 in Leesburg, VA. We’ll even thrown in lunch. ",1,1,TRUE,,,,,,,,,,
Fang,Sync,75-100,AntiGridDeregulation/PoliticalActionAds,"How YOU can become effective in politics and make the politicians do what YOU want

STARTS ON Saturday, April 10th, 2021 - 9:00 AM

Are you respected by politicians?

Unless you are politically feared, you will not be politically respected.

Learn WHY this works…. Learn HOW YOU can be feared AND respected by politicians in the fight for liberty.

This is practical, no-nonsense training built around cutting-edge political strategies and tactics.

If you are tired of crony-capitalism, corporate handouts and politicians only looking out for their next re-election, this class might be for you.

If you are ready to DO something to take back power from the politicians and elites for “We The People,” you NEED to attend this class on Saturday, April 10th, 2021 in Wiliamsburg, VA.

This intense one-day training covers:

The Real Nature of Politics - why just ""educating"" people alone won't result in change;

The Biggest Lie in Politics - and how the political class uses your convictions against you;

How to work effectively at the Capitol - getting a bill sponsor and a roll call vote despite the leadership; and

How to put pressure on legislators.

All of our instructors have years of experience putting these principles to work in multiple states.

Many have worked on federal, state and local campaigns, including major presidential campaigns, and successful campaigns for U.S. Senate and Congress. They know what works, and also what has been proven not to work in getting politicians to vote right.

This class will teach you how to turn your passion into effective action to advance liberty.

If you’re ready to learn how to be effective AND feared by politicians, click here to register for this class on Saturday, April 10th, 2021 in Wiliamsburg, VA. We’ll even thrown in lunch.",1,1,TRUE,,,,,,,,,,
Fang,Sync,75-100,CleanEnergyGoals,"The fossil fuel industry is a direct assault on our public health.
 
Our community’s health depends on transitioning away from fossil fuels so we can all have clean air and fresh water.
 
Add your voice and we can stop fossil fuel expansion, phase out existing fossil fuels and ensure a just transition for all.",1,1,TRUE,,,,,,,,,,
Fang,Sync,75-100,CleanEnergyGoals,"Did you know that the Great Lakes State is a leader in renewable energy use and generation, especially wind energy? Michigan is one of the top 15 states for wind power, and it’s expected to bring more online this year.",1,1,TRUE,,,,,,,,,,
Fang,Sync,75-100,BellbrookSugarcreekConservativeElections,"This November the Patriots of Bellbrook-Sugarcreek will decide
 what kind of a Government will hold power in our community.

Will you vote for candidates who believe in GOD, Family, and Country, and hold dear the same values you cherish as an American Citizen. 

Candidates we recommend:

Sugarcreek Township Trustee:
*Fred Cramer
*Marvin Moeller

Bellbrook City Council:
*Kathy Cypher
*Brad Harding
*Forest Greenwood

Bellbrook School Board
*Mike Kinsey
*Heidi Anderson
*Audra Dorn
*Kevin Price

The WOKE Progressive Candidates Election 21 does NOT RECOMMEND ARE:
SugarCreek Trustee:
*Kim McCarthy - Radical Socialist-refuses to stand for our Flag, High Tax supporter, wants to force her world view on the community
*Bob Baird- Bad decisions as Bellbrook Mayor, High Tax supporter, questionable character flaws

Bellbrook City Council:
*Meredith Brinegar- Radical  Socialist, Woke values, High Tax supporter, can not be trusted, should never sit in a position of power

Bellbrook School Board
*Josh Pressnell- To radical, WOKE values, sends his kid to school somewhere else, High Tax supporter
*Sara Williamson-To radical, WOKE values, High Tax supporter, Not qualified, bad temperament
*Katherine Kipling, to radical, WOKE values, High tax supporter tax
**NOTE: these are the 3-radical, ""woke"" candidates are who the Bellbrook Teachers Union wants to be elected, in order to control the school board.",1,1,TRUE,,,,,,,,,,
Fang,Sync,75-100,BellbrookSugarcreekConservativeElections,"If you did not believe we have “woke progressive’s” trying to change the core values of what made our community great in Bellbrook-Sugarcreek, you are wrong. 

There is woke band of progressives running for political offices, in Bellbrook, Sugarcreek, and our School Board. 

These candidates will try and influence our community and indoctrinate our children, into their progressive worldview through the power of the office they are seeking.

Power, our community should never give them.

The battle for the values which has made Bellbrook-Sugarcreek great starts at the ballot box this November.

Cast your vote for the Candidates who embraces the values you hold dear. God, Family, and County.

Election Watch 21. ",1,1,TRUE,,,,,,,,,,
Fang,Sync,75-100,inflation,"First, DC liberals spent trillions of our dollars. Now, Americans are facing record inflation and are paying more for gas and groceries. Their plan now: Nancy Pelosi and her liberal allies are pushing for new tax hikes and another socialist healthcare plan.
 
Click below and sign up to tell Cindy Axne enough is enough.",1,1,TRUE,,,,,,,,,,
Fang,Sync,75-100,renewables,"UMaine Farmington Physics Professor, Paul Stancioff, PhD., and Maine nature-lover, Cynthia Stancioff, detail out the math comparing fossil fuel and hydro emissions. Especially in colder regions like Quebec, CO2 emissions from hydro are far below that of either coal or natural gas.",0,0,TRUE,,,,,,,,,,
Fang,Sync,75-100,ConservativePoliticsEvents,"Please join Ohio Citizen Action's Executive Director, Rachael Belz in her upcoming online discussion with special guest Neil Waggoner, Sr. Campaign Representative for the Sierra Club.

Rachael and Neil will talk about the OVEC bailouts and the ongoing campaign to repeal all of House Bill 6.   
​​​
Please join Rachael and Neil to talk about why it’s time to retire these dirty coal plants and protect the health of every Ohioan! 

Register here: https://tinyurl.com/m57mjds2. ",0,0,TRUE,,,,,,,,,,
Fang,Sync,75-100,ConservativePoliticsEvents,"Andrea and Orlando welcome Bobby Eberle, Conservative Political Strategist, talk show host (13 minute News Hour), commentator, LeadershipLATINO instructor, and owner of GOPUSA.com and Julio Rojas-Aguilar, Manager of Donor Relations for the Institue of Humane Studies. Bobby brings us up to date on his work and travels around the state and country. Julio, a native of Peru, discusses his introduction to the ideas and benefits of free markets and free societies by his high school history teacher and the influence this has had on his life and career.

More about Bobby Eberle:
https://bobbyeberle.com/
https://bobbyeberle.com/13-minute-news-hour/
https://www.gopusa.com/

More about Julio Rojas-Aguilar:
https://theihs.org/people/julio-rojas-aguilar/
https://www.facebook.com/InstituteforHumaneStudies

Watch TLC Live! On Facebook (https://www.facebook.com/TLCforTexas) or on YouTube (https://www.youtube.com/channel/UCTi1LGIYZDNRyEL08eYm90Q), and Comment Live on Facebook Every Wednesday at 11 AM!",1,1,TRUE,,,,,,,,,,
Fang,Sync,75-100,TPUSAAd,"TPUSA LIVE is the unfiltered, grassroots alternative to mainstream media. Watch daily shows, live in-studio content from TPUSA HQ and weekly shows covering politics, pop-culture, sports and everything in-between. Tune in every week day starting at 5 PM ET / 2 PM PT.

Hour 1: Charlie Kirk, Poplitics with Alex Clark, Human Events with Jack Posobiec & Freedom Seeds with Isabel Brown  

Hour 2: Join us for our daily real-talk hour with Jon Root and special guests Will Witt, Morgan Zegers, Kendall Jones, Jordan Rachel, and more as they break down what’s happening across the movement.

Hour 3: Tune into The Spillover with Alex Clark as she dives into this week's juicy ConservaTEA.",1,1,TRUE,,,,,,,,,,
Fang,Sync,75-100,TPUSAAd,"TPUSA LIVE is the unfiltered, grassroots alternative to mainstream media. Watch daily shows, live in-studio content from TPUSA HQ and weekly shows covering politics, pop-culture, sports and everything in-between. Tune in every week day starting at 5 PM ET / 2 PM PT.

Hour 1: Charlie Kirk, Poplitics with Alex Clark, Human Events with Jack Posobiec & Freedom Seeds with Isabel Brown  

Hour 2: Join us for our daily real-talk hour with Jon Root and special guests Charlie Kirk, Benny Johnson & Alex Marlow as they break down what’s happening across the movement.

Hour 3: Tune into Freedom Papers with Morgan Zegers & special guest Freedom Caucus Chair Congressman Andy Biggs as they dissect the Federalist and Anti-Federalist Papers.",1,1,TRUE,,,,,,,,,,
Fang,Sync,75-100,DomesticOilAndGasProduction,"""I hope people are paying attention. Outside the oil and gas producing states, they don't understand how they get electricity, how their homes are heated."" - Brook Simmons, Petroleum Alliance President

The Biden administration may want to shut down oil and gas production, but that's just a fantasy. Our industry — the bedrock of the state of Oklahoma — is here to stay. 

Learn more from Simmons and other industry experts in this recent article from The Journal Record: https://bit.ly/3cgTUGT. ",1,1,TRUE,,,,,,,,,,
Fang,Sync,75-100,DomesticOilAndGasProduction,"It was 10 years ago that Hilcorp made its entry into Alaska and what an impact it’s made. Hilcorp is now the largest field operator in the state, based on operated oil and gas volume. It operates more than 1,700 producing wells, with gross production of about 345,000 barrels of oil/day and 150 million cubic feet of gas/day.

“We’re here to grow for decades to come,” Jill Fisk, Hilcorp Alaska senior asset team leader for Prudhoe Bay west, told the Resource Development Council’s annual conference.

At Prudhoe Bay, Hilcorp has halted the massive field’s 4%/year production decline without any major projects or drilling any new wells. It has experienced world-class results from Milne Point’s viscous oil in Schrader Bluff and is taking its polymer flooding technology to Prudhoe Bay.

“Alaska has clearly been a big win for Hilcorp, but we also believe our success in Alaska is a big win for Alaska and the people that live here,” Fisk said. You can watch Fisk’s entire presentation here. https://vimeo.com/647472375. ",1,1,TRUE,,,,,,,,,,
Fang,Sync,75-100,ClimateChange,"Caribou mothers and their young face imminent danger if oil companies move forward with drilling in the Arctic National Wildlife Refuge. Please join us as we make sure their sanctuary is not destroyed. Plus, donate now and have your gift MATCHED!",1,0,FALSE,0,,,,,,,,,
Fang,Sync,75-100,ClimateChange,"Picture the ocean: Colorful fish, massive whales, amazing coral reefs. But more and more what we actually see is trash, pollution, and overfished waters. Join Earthjustice today and together we’ll curb pollution, stop oil spills, and keep our oceans safe.",1,0,FALSE,1,,,,,,,,,
Fang,Sync,75-100,Pipeline,"It’s time to shut down the Dakota Access Pipeline. It is operating without a permit and in violation of key environmental laws, needlessly endangering the Standing Rock Sioux Tribe for the sake of oil industry profits.

The Biden administration can be on the right side of history. Tell President Biden to shut down the Dakota Access Pipeline. Text NoDAPL to 43428.",1,1,TRUE,,,,,,,,,,
Fang,Sync,75-100,Pipeline,"NEW REPORT: Crude oil pipelines are a key enabler of the climate crisis and must be addressed as a collective threat. President Biden rightly canceled the Keystone XL pipeline on his first day in office. ❌🛢️❌ But three other equally destructive pipelines still have a green light from the government even though they sidestepped environmental protection laws and put our waterways at risk. Read more about why these pipelines, with all of their similarities, must all be stopped by the Biden administration. ➡️ https://bit.ly/2OlPer0 350.org.",1,1,TRUE,,,,,,,,,,
Fang,Sync,75-100,BuildBackBetterAct,"Huge news: The House just voted to pass the Build Back Better Act!

Thank you, Rep. Gomez, for putting California's working families first by voting to create clean energy jobs right here and take on climate change right now.",1,1,TRUE,,,,,,,,,,
Fang,Sync,75-100,BuildBackBetterAct,"Huge news: The House just voted to pass the Build Back Better Act!

Thank you, Rep. Horsford, for putting Nevada's working families first by voting to create clean energy jobs right here and take on climate change right now.",1,1,TRUE,,,,,,,,,,
Fang,Sync,75-100,AntiGridDeregulation,"Take our poll: https://bit.ly/34w9wFZ

The plan for a government-takeover of Maine’s power grid would cost $13.5 billion. That’s more than $17,000 in debt for average customer. What do you think of the plan?",1,1,TRUE,,,,,,,,,,
Fang,Sync,75-100,AntiGridDeregulation,A handful of politicians in Augusta are planning to forcibly seize Maine’s power grid through eminent domain. How do you feel about the plan?  Take our poll: https://bit.ly/31N2eg2.,1,1,TRUE,,,,,,,,,,
Fang,Sync,75-100,LiberalTaxHikes,"First, DC liberals spent trillions of our dollars. Now, Americans are facing record inflation and are paying more for gas and groceries. Their plan now: Nancy Pelosi and her liberal allies are pushing for new tax hikes and another socialist healthcare plan.
 
Click below and sign up to tell Ed Perlmutter enough is enough.",1,1,TRUE,,,,,,,,,,
Fang,Sync,75-100,LiberalTaxHikes,"First, DC liberals spent trillions of our dollars. Now, Americans are facing record inflation and are paying more for gas and groceries. Their plan now: Nancy Pelosi and her liberal allies are pushing for new tax hikes and another socialist healthcare plan.
 
Click below and sign up to tell Tom Malinowski enough is enough.",1,1,TRUE,,,,,,,,,,
Fang,Sync,75-100,NativeAmericanCulturalPreservation,"A Conversation about Renewable Energy with All Four of the Living Standing Rock Sioux Tribe Chairmen of the Last 40 Years.

Please join us on Thursday, April 15th at 2:00 pm (EST) for a historic, live conversation about renewable energy with ALL four of the living Standing Rock Sioux Tribe (SRST) Chairmen of the last 40 years.

SAGE Development Authority is honored to welcome four esteemed panelists for our next Anpetu Wi Dialogue:

Charles Murphy
Former SRST Chairman
1983-93, 1997-2005, 2009-2013

Ron His Horse is Thunder
Former SRST Chairman
2005-2009

Dave Archambault II
Former SRST Chairman
2013-2017

Mike Faith
SRST Chairman
2017-Present

The panelists will discuss renewable energy during their terms, the current effort to build the Anpetu Wi wind farm, and their individual viewpoints on development at Standing Rock.

SAGE Development Authority's General Manager, Joseph McNeil, Jr., will moderate.

The conversation is part of our monthly talk series titled For Generations to Come: Anpetu Wi Dialogues from Standing Rock. The talks in the series are devoted to raising awareness for Native American issues and our efforts to develop Anpetu Wi – a utility-scale wind farm - on our ancestral land at Standing Rock.",1,1,TRUE,,,,,,,,,,
Fang,Sync,75-100,NativeAmericanCulturalPreservation,"Please join us on Thursday, June 17th at 2 pm EST for a live, virtual conversation about protecting and preserving sacred sites; places of cultural significance that tie Indigenous peoples to their ancestors and stories. 

SAGE Development Authority is honored to welcome four esteemed panelists for our next Anpetu Wi Dialogue:

Jon Eagle, Sr. 
Tribal Historic Preservation Officer
Standing Rock Sioux Tribe

Joseph McNeil, Jr. 
General Manager
SAGE Development Authority 

Joseph Smith
Land Management Director
Standing Rock Sioux Tribe

Fawn Wasin Zi
Chairwoman
SAGE Development Authority

The conversation is part of our monthly talk series titled For Generations to Come: Anpetu Wi Dialogues from Standing Rock. The talks in the series are devoted to raising awareness for Native American issues and our efforts to develop Anpetu Wi – a utility-scale wind farm - on our ancestral land at Standing Rock.",1,1,TRUE,,,,,,,,,,
Fang,Sync,75-100,OilTheft/ClimateLeader,"On July 21, our driver also reported #oiltheft at the Olde Mill Inn in Basking Ridge, NJ, where a Buffalo Biodiesel vat had been broken into and robbed by thieves who cut the lock and pulled out the lockbar as shown here. Buffalo Biodiesel recycles the used cooking oil to make sustainable biofuel—instead, it’s being targeted by organized crime across state lines. Please report any relevant information to Bernards Township PD and help us stop these criminals. 
News 12 New Jersey  NorthJersey.com  The Star-Ledger  NJ.com  NJ Spotlight News  ABC7NY  CBS New York. ",1,1,TRUE,,,,,,,,,,
Fang,Sync,75-100,OilTheft/ClimateLeader,"On July 6, one of our drivers reported #oiltheft at McGillicuddy's in New Paltz, NY, where this Buffalo Biodiesel vat had been broken into and robbed, shown here unsecured and partly dissembled by thieves. 

Buffalo Biodiesel recycles restaurants' used cooking oil to make renewable biofuel, but organized crime groups appear to be targeting it across the region. Please report any relevant information to the Town of New Paltz Police Department and help us stop these criminals. 
New Paltz Times  News 12 Hudson Valley  Hudson Valley Post  Spectrum News 1 Hudson Valley  WTEN  Daily Freeman  WAMC Northeast Public Radio  Poughkeepsie Journal  lohud  recordonline.com. ",1,1,TRUE,,,,,,,,,,
Fang,Sync,75-100,NaturalGasIncentive/CleanEnergyPetition,"Residents of Addison County are going to want to take advantage of this unique opportunity 👀

For a limited time we are offering $500 cash to eligible households just for switching to natural gas 💵 💵 💵

How do you get your $500?
✅ Click [Learn More]
✅ Review the Coverage Map
✅ Sign up for a free estimate
✅ Receive $500 cash once the conversion is complete

In order to receive $500 you must...
✔️ Sign up before 03/31/22
✔️ Turn on your meter before 09/30/22

So don't wait, sign up for a free estimate today!",1,1,TRUE,,,,,,,,,,
Fang,Sync,75-100,NaturalGasIncentive/CleanEnergyPetition,"Residents of Franklin County are going to want to take advantage of this unique opportunity 👀

For a limited time we are offering $500 cash to eligible households just for switching to natural gas 💵 💵 💵

How do you get your $500?
✅ Click [Learn More]
✅ Review the Coverage Map
✅ Sign up for a free estimate
✅ Receive $500 cash once the conversion is complete

In order to receive $500 you must...
✔️ Sign up before 03/31/22
✔️ Turn on your meter before 09/30/22

So don't wait, sign up for a free estimate today!",1,1,TRUE,,,,,,,,,,
Fang,Sync,75-100,CleanEnergyProjects,Protect affordable energy and consumer choice in New York! Sign the petition today.,0,1,FALSE,1,,,,,,,,,
Fang,Sync,75-100,CleanEnergyProjects,Protect affordable energy and consumer choice in New York. Sign the petition today!,0,1,FALSE,1,,,,,,,,,
Fang,Sync,75-100,ColoradoAirQuality/SupportingBlackWomen,"Congratulations Cleo Parker Robinson!! CBWPA's 43rd Annual Tribute to Black Women ""Legend"" Honoree! 

Join us Saturday, October 9th, as we celebrate Cleo and our 2021 honorees! Visit our website for event information: https://www.cbwpa.org/43rd-annual-tribute-to-black-women-luncheon/

CLEO PARKER ROBINSON is founder and artistic director of the nearly 51-year-old Denver-based artistic institution, CLEO PARKER ROBINSON DANCE (CPRD), leading a professional Ensemble, a second company (Cleo II), a Youth Ensemble, an Academy of Dance, an International Summer Dance Institute, a 240-seat theatre which bears her name, and numerous community outreach programs throughout Colorado, nationally, and internationally. She is the recipient of honors and awards from corporate, civic, community, and artistic entities world-wide, and is continually called upon by a myriad of organizations and performance venues to bring her Ensemble for performances, teaching residencies and motivational workshops. A master teacher/choreographer and cultural ambassador, she and her Ensemble have performed nationwide and internationally throughout Europe, the Caribbean, Asia, and the African continent, with their most recent international tours taking them to Bogota, Colombia in the Spring of 2019 and Mexico in Fall 2019.

Ms. Parker Robinson’s numerous awards and honors include the Colorado Governor’s Award for Excellence (1974), Denver Mayor’s Award (1979), induction into the Colorado Women's Hall of Fame (1989) and the Blacks in Colorado Hall of Fame (1994). Recognized in Who’s Who in America Colleges and Universities she holds an Honorary Doctorate from Denver University (1991), an Honorary Doctorate of Humane Letters from Colorado College (2003), and an Honorary Doctorate of Public Service from Regis University in Denver (2008). The University of Denver honored her with an Alumni Award in May of 2021, and in June of 2021, she is receiving a 2020 Honorary Degree, Doctor of Humane Letters, Honous Causa from CU Boulder.  
In 1991, Ms. Parker served on the task force for the creation of a permanent location for the Denver School of the Arts (DSA), Denver’s first performing arts magnet school, and was subsequently honored In September 2017 at their 7th Annual Fall Gala, in recognition of her long-term commitment to excellence in arts education. She is also co-founder of the National Bahamian Dance Company, based in Nassau.   
In 2011, Ms. Parker Robinson was voted an Honorary Lifetime Trustee of the Denver Center for the Performing Arts, in recognition of her longtime commitment and lasting impact on the Center.  In June 2017, she became the recipient of the highly prestigious DanceUSA Honor Award and in September 2017, the Randy Weeks Arts Leadership Award from the Denver School of the Arts. 

Ms. Robinson has served on NEA panels on Dance, Expansion Arts, Arts America, and Inter-Arts panels for the USIS. Ms. Robinson is a regular panelist for the National Foundation for Advancement in the Arts as well as other national task forces, boards and committees in the arts arena. In April 1999, she was appointed by then President William Jefferson Clinton, with Senate confirmation, to serve for four years on the National Council on the Arts, a 14-member panel advising the Chairman of the NEA on agency policy and programs, and reviews and making recommendations to the Chairman on grant applications. 

Since 2011 and 2012, Ms. Parker Robinson has returned to her greatest passion, the art of the choreographer, creating and presenting two new full-length works, “Dreamcatchers: The Untold Stories of the Americas” and the riveting world premiere of her “Romeo and Juliet”, which was first presented in collaboration with the Colorado Symphony Orchestra. Her work “On the Edge…  Reaching to Higher Ground” premiered in October of 2014 in answer to resurging racial and human rights infractions both nationally and internationally. In Spring 2017, audiences were thrilled with the re-staging of two of her works melding the worlds of classical and jazz composition with the power, passion and beauty of modern dance – “Romeo and Juliet” and “Porgy and Bess”. Fall 2017 saw the premiere of her “Copacetic: A Tribute to Jonathon “JP” Parker”, honoring her father. In the Spring of 2018, she premiered “Lark Ascending” in collaboration with the Boulder Philharmonic. Her “Rhapsody in Black”, created in collaboration with CPRD Associate Artistic Director, Winifred R. Harris, premiered at the Newman Center for the Performing Arts, University of Denver.  In January 2019, in collaboration with the Denver Brass, she choreographed an innovative interpretation of Bernstein’s “On the Town” and Spring 2019 saw the premiere of her collaboration with the Colorado Ballet, entitled “The MOVE/ment” as part of the Tour de Force performance series at the Ellie Caulkins Opera House, Denver Center for the Performing Arts. Her most recent choreographic project brought her to UMKC in Kansas City to set a work on the students of CPRDE alum Gary Abbot, entitled “Check Cashing Day” in tribute to the jazz genius of Bobby Watson and Milt Abel. She is currently working on a new work entitled “Standing On the Shoulders” commissioned by the Vail International Dance Festival for premiere in August 2021.  
   
Cleo Parker Robinson continues to be dedicated to celebrating the human experience and potential through the Arts and Education. Her life-long vision of “One Spirit, Many Voices” remains strong and steadfast, expanding to welcome, embrace, and sustain all people.",1,1,TRUE,,,,,,,,,,
Fang,Sync,75-100,gun rights,"Fellow Patriots,

On November 2nd, Virginia will be restored, or further destroyed. 

In any political venture, it is the number and ability of activists on either side that will determine who wins, and who is defeated.  This is why, over the past 18 months, here at the Virginia Constitutional Conservatives, we have been working night and day to prepare for the 2021 Virginia State Election.

In addition to defeating numerous gun grabs by the Richmond Radicals, we have hosted training programs for over 600 conservative activists, held dozens of meetings around the Commonwealth, recruited and trained candidates and campaign staff and built an army of true conservative fighters, who will never back down, never compromise and never retreat.

But without your help, we will lose.

Time and again I have explained how your donations have been the ammunition we have used to stop Northam's Gun Ban, Simon's Homemade Gun Ban and numerous other anti-constitutional efforts.  It has been your donations that have armed our team to fight and win.

But now comes the biggest challenge; and that is to rip the Richmond Radicals from power and elect true conservative fighters to roll back every single gun grabbing and unconstitutional piece of bad legislation passed over the past 2 years.

To achieve this, not only have we created the Restore Virginia Now Program, and you can click here for for details( https://www.restorevirginianow.com/) but we have also created and mailed out our 2021 Restore Virginia Now Candidate Survey, and you can click here to view the survey.

https://virginiaconservatives.net/2021-rvn-candidate-survey

To end the government monopoly on education, we  have also teamed with the Virginia for Educational Freedom PAC, VEF,  to promote School Choice in Virginia to restore parental rights.  In fact, VEF just released their 2021 Candidate Educational Freedom Pledge.  This pledge is being sent to all State Candidates so that the voters can see who stands with parents and freedom, and who instead stands with Government Schools.  Click here to see the Pledge.  

https://www.educationalfreedom.org/

And finally, the Virginia Gun Rights Task Force has been working around the Commonwealth to stop the anti-gun nuts and have won battle after battle.

https://virginiaconservatives.net/vgr

All of this success is due to you, our supporters.  But the biggest fight is coming.

So I ask you, as we move into the most important election, will you arm us to fight and win again?

If so, please click here to donate whatever you can afford.  I know for some of you $5 may be a stretch, and for others it may be easy to donate $5,000.  But know this, no matter how much you can afford to donate, every single dime will be used to Restore Virginia and roll back the tide of socialism in Virginia.

https://donorbox.org/restore-virginia-now

It is time to fight and win, not just lose gracefully. 

Political success or failure is dependent on the number and ability of activists on either side.  And this year will decide the fate of Virginia for perhaps a decade.  Our volunteers are counting on supporters like you to help us work towards victory in the 2021 State Election.

Can we count on your support?

If so, please click here to arm us to Restore Virginia Now and then watch for email updates and vital actions you must take to help us to victory in 2021.

https://donorbox.org/restore-virginia-now

I thank you for all you have done, and I also thank you for all you will do for Virginia.

In Liberty,

S. Chris Anders
Director
Virginia Constitutional Conservatives
https://virginiaconservatives.net/
https://www.facebook.com/virginiaconservatives/ 

PS- Without your support, we will lose.  So please do click here to donate whatever you can afford to help us Restore Virginia.   

 https://donorbox.org/restore-virginia-now

PPS- If you want to join our team of highly trained activists, click here to sign up for our One Day Political Leadership Class.  This class is being held on August 14, 2021, in the Virginia Beach/Norfolk area.  

https://www.facl-training.org/schools/events/virginia-beach-va-pls-14aug2021. ",1,1,TRUE,,,,,,,,,,
Fang,Sync,75-100,gun rights,"Fellow Patriots,

You need to mark your calendar for Tuesday, August 3, 2021 for the Special Meeting of the Virginia Constitutional Conservatives.

Held at the Hamilton Station Gastropub, 17416 Hamilton Station Rd in Hamilton Virginia, from 6:30pm till 9:30pm, we will be discussing-

Our 2021 State Election Cycle effort- Restore Virginia Now.
Our Defeat of the 'home-made' gun ban in the 2021 Session
Upcoming battles by the Virginia Gun Rights Task Force
And our Special Guest, Virginia for Educational Freedom, to discuss their efforts to pass school choice and end the government monopoly on education in Virginia. 
There are vital actions you must take to not only stop the far left radicals, but to rip them from power and restore your rights as citizens of the Commonwealth of Virginia.

I look forward to seeing all of you on August 3rd.",1,1,TRUE,,,,,,,,,,
Fang,Sync,75-100,climate action,"In 2022, be a force for change to stop climate chaos. Your gift to Earthjustice is our best defense against big polluters and helps pave a way toward 100% clean energy. Make your year-end tax-deductible gift to the Earth’s best lawyer, and it will be MATCHED $1 for $1 >>.",1,1,TRUE,,,,,,,,,,
Fang,Sync,75-100,climate action,"The climate moment is now—right now.  Together, we must meet this moment to drive real change for healthier communities and a thriving planet. Join EDF now and every $1 you give is automatically matched by $1 more when you start a monthly gift.",1,1,TRUE,,,,,,,,,,
Fang,Sync,75-100,renewables,"We are beginning the procurement for projects to provide customers on Molokai and Lanai the opportunity to participate in a shared solar program (also known as community-based renewable energy) on their island to further reduce use of imported fossil fuels and cut carbon emissions. Shared solar provides a way for customers, including renters, apartment residents, small business owners and organizations unable to install privately-owned rooftop solar, to benefit from solar electricity generated on their island.

As approved by the Public Utilities Commission, the CBRE Phase 2 request for proposals for Molokai and Lanai is open until Feb. 15, 2022, at 2 p.m. HST. Developers, companies, organizations or groups authorized to do business in Hawaii can become a “subscriber organization” to propose a shared solar project. Read more: http://hwnelec.co/7a8q50GYNON.",1,1,TRUE,,,,,,,,,,
Fang,Sync,75-100,inflation,"For more than a century, access to American resources and the ability to deliver them nationwide has powered our country’s progress. The same holds true for Oklahoma — the oil and natural gas industry is our economic engine. 

The hardworking men and women of our state's oil and natural gas industry are ready to power our nation’s progress for decades to come. All we need is energy policy driven by common sense rather than partisan politics.

Read more from Petroleum Alliance President Brook Simmons: https://bit.ly/3o8dye6. ",0,0,TRUE,,,,,,,,,,
Fang,Sync,75-100,anti-woke,"“Bellbrook does not need a radical Democratic on the city council”

Meredith Brinegar made sure her crazy radical supporters would be at the library on Sunday to “shout down and accost” anyone who asked questions she did not like.

No Republican Voter should ever give this progressive radical power to tax and control their lives.

Meredith supports and endorses fellow radical Kim “ Mad Max” MaCarthy who is running for Sugarcreek Township Trustee.
It is no accident nor coincidence that these Socialists are both running and endorsing each other.

It is about power and control, to force their “WOKE World views” upon our community. 

Views with are contrary to the American values our community holds dear.

God, Family, and Country.

For Bellbrook City Council Election Watch 21 strongly recommend Cyphers, Harding, and Greenwood. These candidates believe in American Values and will protect what has made our community great.

Every Republican needs to get out and Vote. If not, these radical Progressive Democrats will get elected.",1,1,TRUE,,,,,,,,,,
Fang,Sync,75-100,organized cooking oil theft,"On July 21, our driver also reported #oiltheft at the Olde Mill Inn in Basking Ridge, NJ, where a Buffalo Biodiesel vat had been broken into and robbed by thieves who cut the lock and pulled out the lockbar as shown here. Buffalo Biodiesel recycles the used cooking oil to make sustainable biofuel—instead, it’s being targeted by organized crime across state lines. Please report any relevant information to Bernards Township PD and help us stop these criminals. 
News 12 New Jersey  NorthJersey.com  The Star-Ledger  NJ.com  NJ Spotlight News  ABC7NY  CBS New York. ",1,1,TRUE,,,,,,,,,,
Fang,Sync,75-100,indigenous activism,"📣 This week is a busy one! We have two live upcoming events, and we want you to join us! 

🌎 First, we have our Beyond #NoDAPLE: Women of the Movement conversation between Rep. Ruth Buffalo (Mandan, Hidatsa, and Arikara Nation), Tara Houska (Couchiching First Nation), Tokata (Future) Iron Eyes (Standing Rock Sioux Tribe), and Fawn Wasin Zi (Standing Rock Sioux Tribe). As activists, advocates, politicians, and teachers, these Women of the Movement will discuss their leadership, activism, current roles, and future plans. 

⌚️Thursday, May 20TH, 2 PM PDT: https://fb.me/e/RXMLppau

🔥Then on Friday our General Manager, Joseph McNeil Jr., will join Jane Fonda, Colette Pichone Battle, and Tim Donaghy for Fire Drill Fridays where they will discuss the ways in which fossil fuel companies harm BIPOC communities, and how Biden and Congress can take historic action to end fossil fuel racism.

⌚️Friday, May 21st, 11 am PDT: https://fb.me/e/2aEUDX5wk. ",1,1,TRUE,,,,,,,,,,
Fang,Sync,75-100,pro oil and natural gas,"It’s not always easy to do the right thing, but Senator Tartaglione stood up to the fossil fuel industry and voted to support clean energy and clean air in Pennsylvania. Help thank Senator Tartaglione by adding your name here.

The Regional Greenhouse Gas Initiative (RGGI) is Pennsylvania’s best shot to cut power plant pollution and grow a clean energy future.

Senator Tartaglione put Pennsylvania first. She stood up to the dirty fossil fuel industry and voted to support Pennsylvania's entry into RGGI. Senator Tartaglione chose to defend our state’s future and invest in Pennsylvania families. Add your name here to say thank you to Senator Tartaglione, and urge them to hold the line!",0,1,FALSE,0,,,,,,,,,
Fang,Sync,75-100,TPUSA,"TPUSA LIVE is the unfiltered, grassroots alternative to mainstream media. Watch daily shows, live in-studio content from TPUSA HQ and weekly shows covering politics, pop-culture, sports and everything in-between. Tune in every weekday starting at 5 PM ET / 2 PM PT.

Check out today’s show! 

Human Events Daily host Jack Posobiec discusses the marine who saved a baby in Kabul & more!

The TPUSA LIVE team will feature host, Jon Root, and special guests Alex Clark, Sara Gonzales, Taylor Winston, & Liz Willis to talk about the anniversary of Route 91, AmericaFest & more!

The Spillover host, Alex Clark, sits down with Midsi Sanchez, who survived a kidnapping when she was just 8 years old. 

We will wrap up the show with POPlitics with Alex Clark as she dives into the docuseries LulaRich, how the left is ruining cartoons & My Little Pony!",1,1,TRUE,,,,,,,,,,
Fang,Sync,75-100,conservative school board,"“The Math Never Lies”
I think Kevin Price needs a refresher math course, along with a ethics and basic manners touch-up. 

A supporter sent in Kevin’s latest rant about our page, so I’ll answer why Poor angry Kevin is misinformed.

Our numbers are indisputable, the facts come from the school boards' own numbers!

Easy math!

Let me explain how the numbers work so that even Kevin Price can understand the math.

Fact; At the February 25th BSLSD Board of Education meeting, Cozad stated the school district has implemented an annual cut in the budget of $4,981,000.*

Fact; On the 5-Year Forecast for Fiscal Year 2021 the Total Annual Revenue is $29,307,000.

Fact; On the 5-Year Forecast for Fiscal Year 2015 the Total Annual Revenue is $24,419,259.

Fact: The Math That Never Lies; $29,307,000 (FY 2021 Annual Revenue) - $24,419,259 (FY 2015 Annual Revenue) = $4,887,741(increase in annual revenue in 6 years from 2015 to 2021) + $4,981,000 (budget cuts added to the annual increase from 2015 to 2021) = $9,868,741 = $1,644,790.16 x 6 = $9,868,741 (That equates to an average annual budget increase of $1,644,790.16 every year for 6 years from 2015 to 2021).

The VOTE YES will explain this away by calling it an accumulative reduction. When in reality it’s $4,981,000 that is not coming out of a budget that operates on an annual basis any longer.

*Side note, at different BOE meetings Cozad is using his own math stating the reductions, are over $4.8 million when in reality they are over $4.9 million in reductions. An error in his math.

If you don’t think because they have a bias protecting their salary and benefits toward the passage of this levy with their biased presentation that influences uninformed and unsuspecting voters, then you’re not paying attention!

* = $500,000 (Summer 2018 budget reduction) + $813,000 (June 2019 Phase 1 budget reduction) + $168,000 (Summer 2019 budget reduction) + $1,000,000 (November 2019 Phase 2 budget reduction) +  $2,5000,000 (2020 budget reduction Phase 3 & 4) = $4,981,000.

We stand by the TRUTH, FACTS, EVIDENCE of our math! 
MATH NEVER LIES, unlike this school board member.

Come November it will be time to end Kevin’s short-lived “power trip” of talking down to the Taxpayers of our community.

NO MEANS NO!",1,1,TRUE,,,,,,,,,,
LACA,Async,0-25,AdvocateForGreenEnergy,"Voting has started in California's recall election with potentially serious consequences to the minimum wage, climate change and housing policies for our families. We need you to help us defend our state and family by voting NO to the recall. Visit www.sos.ca.gov/elections for more election info. #KeepGoingCalifornia.",0,1,FALSE,0,,,,,,,,,
LACA,Async,0-25,AdvocateForGreenEnergy,"Not only does natural gas heat our homes and power kitchens in our favorite restaurants, it’s also driving CO2 emissions down across the country, improving air quality and helping fight climate change. Learn more about how natural gas impacts your daily life: https://www.cred.org/natural-gas-oil-uses/.",1,0,FALSE,0,,,,,,,,,
LACA,Async,0-25,ClimateActionDonation,"The future of our community, our jobs, our environment, and more depend on the future of Line 5. Find out how and join us. Sign the petition - https://actionnetwork.org/petitions/enbridge-line-5?source=TRCSocial.",0,1,FALSE,1,,,,,,,,,
LACA,Async,0-25,ClimateActionDonation,"DEADLINE THIS WEEK. President Biden decides the fate of the Dakota Access Pipeline through a key court hearing on April 9 -- so we have to act fast. 

Tell President Biden: DAPL needlessly endangers the Standing Rock Sioux Tribe, our waterways, and climate, and it must be shut down immediately: http://sc.org/2OpNlcL. ",0,0,TRUE,,,,,,,,,,
LACA,Async,0-25,AntiWoke,"TLC Live! With Lt. Gov. Dan Patrick, State Rep-Elect John Lujan, and State Rep Candidate Mano DeAyala

Lt. Gov. Dan Patrick joins Orlando and Andrea to speak about the recently concluded sessions of the Texas legislature. While presiding over the Texas Senate, Lt. Gov. Patrick has focused on strategies to keep Texas families and communities safe and the state economy strong. John Lujan, who just won his election for state representative in District 118 with heavy support from TLC PAC, also joins us, as does Mano DeAyala, a candidate for state representative in District 133.

Dan Patrick
John Lujan for State Rep 118
https://www.manoforstaterep.com

Watch TLC Live! On Facebook (https://www.facebook.com/TLCforTexas) or on YouTube (https://www.youtube.com/channel/UCTi1LGIYZDNRyEL08eYm90Q), and Comment Live on Facebook Every Wednesday at 11 AM!",0,0,TRUE,,,,,,,,,,
LACA,Async,0-25,AntiWoke,"🚲  Check out McGuire Auto Parts of member area White River Electric Association and how they are using an electric bike for their local delivery service! #eBike #BeneficialElectrification  #ElectrifyandSave  #EnergyEfficiency 

🔋 Learn more about the benefits to eBikes here: https://tristate.coop/7-great-benefits-electric-bikes. ",0,0,TRUE,,,,,,,,,,
LACA,Async,0-25,DemocratOutreach,"TPUSA LIVE is the unfiltered, grassroots alternative to mainstream media. Watch daily shows, live in-studio content from TPUSA HQ and weekly shows covering politics, pop-culture, sports and everything in-between. Tune in every weekday starting at 5 PM ET / 2 PM PT.

Check out today’s show! 

Human Events Daily host Jack Posobiec discusses the supply chain disaster, Joe Rogan confronting CNN & more!

The TPUSA LIVE team is joined by host, Jon Root, and special guests Jonathan Koeppel, Morgan Zegers, and Isabel Brown who will talk about immigration, TPUSA's schoolboard watchlist, play 'Law or Nah' & more!

Real America host Graham Allen covers leftists deciding to have a ""sex strike"" and watch Benny on the Block with Benny Johnson as he talks about human trafficking at the border. 

We will wrap up the show with POPlitics with Alex Clark as she dives into country music being dead, news at Bravo, a pop culture rewind, and more!",0,0,TRUE,,,,,,,,,,
LACA,Async,0-25,DemocratOutreach,"Attention Oahu customers: The City and County of Honolulu’s Rental & Utility Relief Program will be open for applications for a second round beginning Monday, May 3, 2021 at 2 p.m. 

For qualified households, the rent and utility program pays:
- Up to $2,500 a month in rent and utility arrears going back to March 2020.
- Up to $2,000 for future rent payments.
- Up to $500 a month for future electric, water and sewer, and gas bills.
- For future payments, a household must requalify every three months and funds must be available. A household will need income and tax documents to requalify. 
- Total length of rent and utility help is 12 months per household.

For more information and how to apply, visit: oneoahu.org/renthelp.",0,0,TRUE,,,,,,,,,,
LACA,Async,0-25,StopOilPollution,"👀 You see this New Jersey Board of Public Utilities? A cautionary tale as with its #powergrid under pressure, California asks residents to avoid charging #electricehicles #energy #electricity https://www.theepochtimes.com/with-its-power-grid-under-pressure-california-asks-residents-to-avoid-charging-electric-vehicles_3870841.html  #evcharging.",0,0,TRUE,,,,,,,,,,
LACA,Async,0-25,GreenEnergySavesMoney,"Pass the word along. FREE HOT meals will be available tomorrow, December 28, in Hurley, VA. Courtesy the Virginia Oil and Gas Association. Hurley High School. Pick up at the front doors. Shop with a Cop Priority pickup: 11-12:00 AM
Any remaining meals for those in need
11:30 noon till food runs out.",0,0,TRUE,,,,,,,,,,
LACA,Async,0-25,AdvocateForGreenEnergyPoliticalAction,"Michael Knowles & PragerU’s executive director, Allen Estrin, discuss Intellectuals by Paul Johnson and how the book highlights both the brilliance and dangers of intellectuals’ impact on humanity.",0,0,TRUE,,,,,,,,,,
LACA,Async,0-25,OilCreatesJobs,"""There's ""no chance that North Face could exist as a company or an organization without oil and gas,"" Wright told Fox Business Thursday. 

Fossil fuels are needed to make the petrochemicals that are used in the plastics, nylon, climbing ropes and more that North Face sells, Wright says. Oil and gas products fuel the factories that manufacture the goods. And fossil fuels are the backbone for shipping North Face products around the world. "". ",0,1,FALSE,,1,,,,,,,,
LACA,Async,0-25,GreenEnergyWorks,"We know, we know. Some people don’t like the look of transmission lines. But the fact is, we need overhead transmission lines to power our homes and transport clean renewable energy.

While it may be more aesthetically pleasing to some to bury transmission lines, we’re simply not there yet. Underground transmission sounds good on paper, but it comes with problems, especially in terms of wildlife and habitat disruptions. Drop your questions about transmission in the comments below. 

 #RenewableEnergy #ReNewMexico #SolarPower #EcoFriendly #SustainableEnergy #GoGreen #Environment. ",0,1,FALSE,,0,,,,,,,,
LACA,Async,0-25,GreenPowerExpensive,"Kansans Fueling Kansas talks with Angela Tin from the American Lung Association, which has been working to improve lung health since 1904. Vehicle emissions from traditional fuels affect air quality, and therefore lung health. 

Replacing traditional fuels with Kansas biofuels means better air quality and better health because higher ethanol fuel blends are 

✅  cleaner
✅  renewable
✅  biodegradable

Shop local and support clean air for Kansas by visiting an E-15 fuel station near you: https://www.fueledbykansas.com/where-to-buy.",0,0,TRUE,,,,,,,,,,
LACA,Async,0-25,NuclearAdvocacy,"Georgia's largest source of carbon-free electricity is only growing. Join us to support Georgia’s reliable, affordable route to a clean energy future – nuclear power.",1,1,TRUE,,,,,,,,,,
LACA,Async,0-25,AntiTax,"Ordinance 5782 would make it harder (if not impossible) for local companies to access, maintain and expand their existing underground infrastructure. This means local gas stations and other area businesses may not be able to maintain their storage tanks and pipelines, which can impact growth plans and discourage future investment.

Tell city council to vote NO on Ordinance 5782: https://bit.ly/2QL5gfc. ",0,0,TRUE,,,,,,,,,,
LACA,Async,0-25,TackleClimateChange,The past 115 years have been the warmest on record. The rise in the earth’s temperature has more than doubled in the past 40 years.,0,1,FALSE,,0,,,,,,,,
LACA,Async,0-25,LegislatorsMustActAgainstClimateChange,"Today I sent the attached letter to Governor Mike Parson urging him to resist calls from the Biden Administration for vaccine mandates and “vaccination passports.”

Many of us warned that this was the possible outcome when we fought against the very first business shutdowns and mask mandates, and now that possibility has the potential to become a reality. To that I say, not on my watch. 

I will continue to fight these sort of measures with all the power I have should they ever come up for discussion in Missouri. It is time for the people to be FREE again, NOT the time to increase the burden of government oppression.

Enough is enough.",0,0,TRUE,,,,,,,,,,
LACA,Async,0-25,AntiDemocraticCandidates,New York Republican Chairman Nick Langworthy brings his statewide “Just Say No” tour to Utica to highlight the Party’s opposition to the November election ballot propositions.,0,0,TRUE,,,,,,,,,,
LACA,Async,0-25,RenewableEnergyGrowth,"Rainfall in Northern Québec can become clean energy in your home, reducing Maine’s fossil fuel consumption and the associated greenhouse gases. Learn more about hydropower.",0,1,FALSE,,0,,,,,,,,
LACA,Async,0-25,OilAndGasExtractionRisks,A second year of drought conditions has left less water for agriculture. Farmers and organizations are now asking for more water sources.,0,0,TRUE,,,,,,,,,,
LACA,Async,0-25,ReduceEmissions,"DEP and Second Lady Encourage Pennsylvanians to Test Their Homes for Radon During National Radon Action Month: https://bit.ly/3fk9gw8

DEP Secretary Patrick McDonnell, Executive Deputy Secretary Ramez Ziadeh, and Pennsylvania Second Lady Gisele Fetterman today encouraged Pennsylvanians to test their homes for radon as part of National Radon Action Month. 

Radon is a naturally occurring, invisible radioactive gas that enters homes from the ground and, with long term exposure, is the second leading cause of lung cancer, after smoking.

“High levels of radon have been found in every county in Pennsylvania. Since you can’t see or smell radon, doing a simple test is the only way to find out if you’re breathing in high levels and take action to keep your home a healthy place,” said DEP Secretary Patrick McDonnell. 

“As a parent, I’m concerned about everything that goes into my children’s bodies. It’s devastating to think our loved ones could possibly become gravely sick from something we didn’t even know was there,” said Second Lady Fetterman.  

Mrs. Fetterman recognized three middle school students who won DEP’s 2021 Student Radon Poster Contest. Samantha Strope, from Pleasant Hills Middle School in Allegheny County, earned first place. Her poster will be entered into a national radon poster contest. Elizabeth Bailey, from Dingman Delaware Middle School in Pike County, earned second place. Keyley Lubinsky, from Saint Clair Area School District in Schuylkill County, earned third place. Congratulations to the winners!

Lt. Gov. John Fetterman
#RadonActionMonth. ",0,0,TRUE,,,,,,,,,,
LACA,Async,0-25,BuildBetterAct,Question 1 gives politicians the power to create retroactive laws and sets a dangerous precedent for Maine.,0,0,TRUE,,,,,,,,,,
LACA,Async,0-25,NuclearEnergyBenefits,"Gas hits $7.59 on the Central Coast, likely a preview of what we’ll see all over the state.

I fought hard to suspend the gas tax increase this year. Despite a $75.7 billion surplus, Sacramento Dems increased the tax anyways. #GasIsTooDamnHigh 

https://abc7.com/highest-gas-prices-in-the-country-gorda-ca-california-price-of/11149187/. ",0,0,TRUE,,,,,,,,,,
LACA,Async,0-25,ClimateChangeDonations,"✨ October is a special month for us because we get to celebrate what it means to be a cooperative. Our video below shows how our Tri-State employees, members and the communities they serve, all play an important role in providing reliable, affordable and responsible electricity. Learn more: https://tristate.coop/cooperative-benefits #CooperativeMonth #BetterTogether #CoopFamily #CoopMonth #BuildBackForImpact.",0,0,TRUE,,,,,,,,,,
LACA,Async,0-25,RenewableEnergyInfrastructureGrowth,"Updating outdated regulations can accelerate widespread use of lower-carbon cement mixes. 

Learn how supporting the use of optimized cement mixes can help achieve carbon neutrality at shapedbyconcrete.com.",0,1,FALSE,,0,,,,,,,,
LACA,Async,0-25,OilAndGasJobs,"With one hand, Wyoming lawmakers throw support behind the declining coal, oil, and gas industries, providing public investment and political support for these male-dominated industries. With the other hand, they gut sectors where women work like healthcare, education, and retail. No wonder we have the nation’s worst gender wage gap.",1,0,FALSE,,0,,,,,,,,
LACA,Async,0-25,NuclearEnergyEducation,"As many as 10 deaths may have been caused by the heat in the midst of the extended power outage, the coroner said, after the city’s new power plant did not achieve the “black start” that Entergy had promised — a quick delivery of power in the middle of a blackout.",0,0,TRUE,,,,,,,,,,
LACA,Async,0-25,RestoreVirginia,"Christmas is always a season of hope.  One of the promise of good tidings of Great Joy.

But it wasn't always so.

Many know of Virginian George Washington, crossing the Delaware and defeating the British and Hessian soldiers ar the Battle of Trenton.  But few, very few understand the background and the tribulations Washington faced that Christmas Day in 1776.

For the past year, Washington had been defeated and humiliated at the Battle of Long Island, Harlem Heights, White Plains, Fort Washington and Fort Lee.  Many in Congress were calling for a new commander and his troops were leaving and going home at an alarming rate.

But Washington never gave up.

On Christmas Day, he led his army of barefoot and frozen men across the the Delaware River and achieved victory giving hope to the Patriot Cause.

But that is not the end of the story.

Through 1777 and 1778, Washington was defeated again, time after time, and the British captured the Patriot Capital of Philadelphia.  More in Congress were calling for a new Patriot leader, and his army was once again going home in alarming numbers, entire brigades were revolting and the remainder were starving and freezing in little huts at Valley Forge.

But again, Virginian George Washington did not give up.  He brought in a Prussian drillmaster named Friedrich Wilhelm von Steuben.  Realizing his men, though dedicated to the cause, badly needed training to be able to face the Redcoats on equal terms, Washington retrained his entire army and forged the army that would eventually secure total victory, right here in Virginia at Yorktown.

Why do I tell you all of this?

Because quite simply, history is repeating itself.

Flushed with victory at Trenton, many in the Patriot cause did not understand the long hard fight ahead, just like many today in Virginia do not understand the long hard battle we face.

It greatly saddens me to see so many of my fellow Virginians convinced that the victory in November has Restored Virginia.

Nothing is less true.

Red Flag Gun Confiscation, Universal Gun Registration, Lockdowns, Unconstitutional Mandates and unfettered tyranny still rules our Virginia.

And if you are are waiting on a politician to save you, well, Virginia is lost.

The State Senate is still run by the Richmond Radicals, and many of those in so called ""conservative"" leadership positions supported everything from local gun bans to creating gun-free victim zones and bureaucratic control over nearly every aspect of your life.

To sum it up, we have won a battle, but the war rages on.

If you think simply having a majority in the House of Delegates and the Governor's Mansion means all the unconstitutional actions of the last 2 years will be history, you are very, very wrong.

The victory in November was not one of a particular party, or a politician.  It was a revolution of and by the people of Virginia.  And only a continued dedication to that cause will see Virginia Restored.

Now is not the time to rest and relax...now is the time to triple our efforts.

For over 3 years, here at the Virginia Constitutional Conservatives, we have been preparing, training and fighting to begin the Revolution.  Training thousands of fellow patriots on cutting edge tactics, picking the right fights and using no compromise tactics has brought us this far.

But we have so far to go.

The battle was won, but the war still rages on.  In my 16 plus years of politics, I realize we face the most dangerous time yet,  a time when our patriots go to sleep because they think they have won, while the enemy, angry and active, is organizing to counter attack.

We cannot, we must not, rest on our laurels.

For if we do, we will be caught napping when the left-wing radicals attack.

And even worse, many of those very politicians who were elected are now refusing to fulfill their promises to overturn the tyranny the Richmond Radicals passed.

Career politicians are all the same.  They are all looking towards their next election,  and if they think the gun grabbers and socialists are a greater danger to their continued rule, they will once again backstab us all.

Like in 2019 when fake conservatives passed the Obamacare Expansion, Delegate Glenn Davis fought to open the door to make it harder to get a concealed carry permit and Delegate Bobby Orrock put in a Bill to make you take a class, and pay for a permit, just to own a gun in Virginia.

And yes, these were all ""republicans"".

So if you think having politicians who hide behind the R label in power means everything is OK, you are about to be greatly disappointed.

But this is the Season of Hope, and I am greatly hopeful.  Not because of any politician, but because of you.

When the Gun grabbers had the Governor's Mansion, the House and the Senate, you, the brave and unwavering patriots of Virginia, stepped up and fought and stopped Northam's Gun Ban and the Homemade Gun Ban.

I cannot tell you how many people told me we had zero chance of defeating these tyrannical schemes.  But together we did.

Now we face a harder fight...the fight to repeal many of the anti-gun schemes the Richmond Radicals passed.  It is very true in politics that defensive fights, stopping bad bills, is far easier than offensive fights, passing good bills.

And we have seen this already in Virginia.

Many in power in Richmond want to do, well, either nothing or simply tinkering around the edges.  That is not how wars are won.  We will not back down, we will not compromise and we will never accept crumbs that fall from the table.

We will fight for full and complete repeal of Red Flag Gun Confiscation, Repeal of Universal Gun Registration (outlawing private gun sales), ending allowing local governments to create killing zones by banning law-abiding citizens from bearing arms and passing Constitutional Carry.

Because no free individual should ever have to beg permission or pay a tax to bear arms.

And all of these efforts will be much harder than stopping any anti-gun scheme.  The enemies of Freedom are always cleverly disguised.  And the 2022 Legislative Session will flush many of them out.

With your help.

Working with Delegate Marie March (R-7), the full and complete repeal of Red Flag Gun Confiscation has been submitted.  But that is just the beginning of the fight.  Whether or not Virginia becomes the first state to repeal these un-Constitutional Gun Grabbing Scheme depends on you.

Not politicians.

So I am asking each of you to rededicate yourself to the hard work we have before us.  The battle was won, but the war continues.  And victory, in the end, depends on each of you.

I want to thank you for all you have done, but most importantly, what you will do, to Restore Virginia.

In this season of great hope, I want to wish you, and your families, a very Merry Christmas.  And that we all will take renewed devotion in the hope and joy in the message of that first Christmas.

 ""And she brought forth her firstborn son, and wrapped him in swaddling clothes, and laid him in a manger;
because there was no room for them in the inn.

And there were in the same country shepherds abiding in the field, keeping watch over their flock by night.

 And, lo, the angel of the Lord came upon them, and the glory of the Lord shone round about them: and they were sore afraid.

 And the angel said unto them, Fear not: for, behold, I bring you good tidings of great joy, which shall be to all people.

For unto you is born this day in the city of David a Saviour, which is Christ the Lord.

And this shall be a sign unto you; Ye shall find the babe wrapped in swaddling clothes, lying in a manger.

 And suddenly there was with the angel a multitude of the heavenly host praising God, and saying,

 Glory to God in the highest, and on earth peace, good will toward men.""

 

In Liberty,

S. Chris Anders
Director
Virginia Constitutional Conservatives. ",1,1,TRUE,,,,,,,,,,
LACA,Async,0-25,VirginiaConservativeCampaign,"Democrats' radical reconciliation bill would take power away from parents and give it to the federal government to approve and set the curriculum in our classrooms.
 
As a father of four, I believe parents ARE the primary stakeholders in their children’s education, not Democrats or Washington D.C. bureaucrats.",0,0,TRUE,,,,,,,,,,
LACA,Async,0-25,SouthwestGasInvestment,"TPUSA LIVE is the unfiltered, grassroots alternative to mainstream media. Watch daily shows, live in-studio content from TPUSA HQ and weekly shows covering politics, pop-culture, sports and everything in-between. Tune in every weekday starting at 5 PM ET / 2 PM PT.

Check out today’s show! 

Human Events Daily host Jack Posobiec discusses Southwest Airlines' Freedom Flu Protest, digital currency, leaked White House audio and more!

The TPUSA LIVE team is joined by host, Jon Root, and special guests Charlie Kirk, Eric Metaxas and Tennessee Senator Marsha Blackburn who will talk about Eric Metaxas’s new book, “Is Atheism Dead?”, China, our woke military, and more!

Breakaway host Jon Root sits down with professional baseball player Dennis Sarfate and watch RELOADED with Paige Roux as she covers how to properly conceal carry. 

We will wrap up the show with POPlitics with Alex Clark as she dives into Kourtney and Travis' engagement, bizarre Bieber beauty and more!",0,0,TRUE,,,,,,,,,,
LACA,Async,0-25,OilAndGasTax,"CA politicians are putting already struggling families at risk by threatening their jobs and livelihoods with a statewide energy shutdown. This would further increase the price of gas and household utility costs for California families, and put our local economy at risk.",0,1,FALSE,,0,,,,,,,,
LACA,Async,0-25,NeedQuickResponseForClimateCrisis,"Click the link to take our poll: https://bit.ly/34w9wFZ
Government-Controlled Power comes with a price tag of $13,500,000,000  – three times Maine’s annual budget. And Mainers like you would be stuck with the bill.",0,0,TRUE,,,,,,,,,,
LACA,Async,0-25,AgencyToStopClimateChange,"Will you chip in $25 to support re:power alumni like, Nashville City Councilwoman Delishia Porterfield? As a progressive elected official, Delisha continues to use the tools and skills she learned at re:power.",0,0,TRUE,,,,,,,,,,
LACA,Async,0-25,PoliticalActivismForRenewableEnergy,"🚨NORTH CAROLINA, to make change we need your help🚨.",0,0,TRUE,,,,,,,,,,
LACA,Async,0-25,EconomicAdvantagesOfRenewableEnergy,"The climate moment is now—right now.  Together, we must meet this moment to drive real change for healthier communities and a thriving planet. Join EDF now and every $1 you give is automatically matched by $1 more when you start a monthly gift.",0,0,TRUE,,,,,,,,,,
LACA,Async,0-25,ChallengesFacingRenewableEnergy,"The right to vote is enshrined in the US Constitution, and it is a right and a privilege for all those who are citizens to exercise! So, it shouldn't come as a surprise to anyone that we need to screen our Texas voter roll against non-citizens voting in our elections, and in this front page story by Jeremy Wallace, “GOP plans a push for purge of voter rolls,” —- https://www.houstonchronicle.com/politics/texas/article/Here-comes-another-Texas-voter-purge-but-this-16464794.php —- explains what in SB 1 was changed to do this comparison correctly in the future, as maintaining a voter roll with integrity is paramount to having election results both the candidates and the public can trust!

Basically, the bill sets up guidelines on citizenship cross checks using DPS data of the type I advocated for 15 years ago as Harris County Voter Registrar to the Federal Congress. You see, the ""Feds"" could have provided a citizenship list for decades if they wanted to, but we are the largest nation on Earth without one...

Therefore, it's up to the Texas Secretary of State Elections Division to use the DPS data correctly, and yes, to begin a ""purge"" process of voter rolls with local election officials giving the voter a chance to respond to the letter. This happens every two years by federal law - a ""purge"" of those voters who have moved or died, etc... and is not some ""Draconian,"" ""Republican"" operation, but one that should happen in every state in the union by federal law, NVRA, HAVA, the Real ID Act, and now in Texas with the passage of SB 1!

When I first got the Voter Registrar job in 1998 in Harris County as Tax Assessor-Collector, there were 50k deceased and felon registrations on the voter roll - 1% of them were voting! If we hadn't cleaned up these registrations, 500 of them could have decided the presidential election in 2000 like they did in Florida. It's why I was Senator Hughes's 1st co-author on SB 1, as I knew how bad the voter rolls can be from actual experience! --- Sen. PB. ",0,0,TRUE,,,,,,,,,,
LACA,Async,0-25,ProtectFromHarmsCausedByFossilFuels,Communities nearest to polluting facilities would see the benefits of expanded regulation of fossil fuel emissions and water quality first and most.,1,1,TRUE,,,,,,,,,,
LACA,Async,0-25,InroadsMadeByRenewableEnergy,"In addition to sharing a border, the US and Canada share a common vision: to establish a prosperous and sustainable economy that will help protect the environment and health of communities across North America. As part of the upcoming Climate Summit, both countries are actively working together on strategies to reduce harmful emissions and mitigate the damage they create.

https://www.canada.ca/en/environment-climate-change/news/2021/04/joint-statement-by-the-us-environmental-protection-agency-and-environment-and-climate-change-canada-on-environment-and-climate-change.html. ",0,1,FALSE,,1,,,,,,,,
LACA,Async,0-25,CallsToInvestInRenewableEnergy,"🚨In the last 6 months, a State of Emergency was declared in: 

Oregon, California, Louisiana, Washington, Connecticut, Arizona, Texas, New Jersey, among others. 

It's all one emergency -- climate change.",0,0,TRUE,,,,,,,,,,
LACA,Async,0-25,PoliticalActivismForOilAndGas,"Why are leftists siding with radical Islamic regimes? Zuhdi Jasser, president of the American Islamic Forum for Democracy, discusses why leftism and Islamism are a natural alliance paired to dismantle American democracy.",0,0,TRUE,,,,,,,,,,
LACA,Async,0-25,SupportForRenewableEnergy,"With another hurricane season upon us, we are reminded of the role we play as individual Texans when it comes to preparing for and recovering from a storm. Every Texan can help themselves and their neighbors by maintaining normal routines and not overbuying fuel before or after a storm. #HurricaneReady.",0,0,TRUE,,,,,,,,,,
LACA,Async,0-25,SupportForOilAndGas,"Thank you to Board Member Diane Hewitt for Lake County Board, for putting Lake County residents first and voting NO on the Lake County Gas Tax Increase!",1,0,FALSE,,1,,,,,,,,
LACA,Async,0-25,DonateToSupportClimateChangeActivism,Help Audubon expand common-sense and inexpensive practices such as covering oil pits to save millions of our birds from harm. Act now to support strengthening protections for birds under the MBTA today.,1,0,FALSE,,0,,,,,,,,
LACA,Async,0-25,InroadsMadeByOilAndGas,"The Bluewater Texas Terminal pipeline will be built safely, to high government standards for steel strength.",0,1,FALSE,,0,,,,,,,,
LACA,Async,0-25,EconomicAdvantagesOfOilAndGas,"CALL Peter DeFazio: (541) 465-6732 and tell them to oppose Pelosi’s socialist spending spree.

❌ Largest tax increase in more than 50 years

❌ Higher taxes on millions of small businesses

❌ Decreased wages and household income

❌ Rising costs for household goods like gas & groceries. ",0,0,TRUE,,,,,,,,,,
LACA,Async,0-25,SupportForBuildBackBetterAct,"""Environmentalists, for their part, argue that any bill that keeps fossil-fuel-burning plants open indefinitely is not pro-climate."" We need a climate bill, not a coal bill!",0,1,FALSE,,0,,,,,,,,
LACA,Async,0-25,SupportForNuclearEnergy,There has not been a more powerful message about the crisis in Afghanistan than Jocko Willink’s. Thank you for speaking out against the media narrative!,0,0,TRUE,,,,,,,,,,
LACA,Async,0-25,EconomicAdvantagesOfNuclearEnergy,"💵 $4.4B - $10B in air pollution costs
👷 57,000 lost work days
😷 13,000 more asthma attacks

According to a new report from Clean Air Task Force, that’s what losing the Byron and Dresden nuclear power plants could cost Illinois over the next decade.",1,1,TRUE,,,,,,,,,,
LACA,Async,0-25,InroadsMadeByNuclearEnergy,Want to know what this 4th grader thinks the world would be like without nuclear? The answer is one click away.,1,1,TRUE,,,,,,,,,,
LACA,Async,25-50,AdvocateForGreenEnergy,"Wyoming is the energy state. We produce 14 times more energy than we consume, making us the biggest net energy supplier in the U.S. We are able to provide power to the rest of the country because we are blessed with an abundance of energy resources – both fossil and renewable – that provide our citizens with reliable, low-cost power.

An all of the above energy policy means we can have a diverse, reliable, and affordable system.",0,1,FALSE,,1,,,,,,,,
LACA,Async,25-50,AdvocateForGreenEnergy,"BREAKING: 𝟕𝟐% of the Western U.S. is experiencing the worst drought in decades

The climate crisis is here and now. Nearly 75% of California is in severe drought, threatening a water shortage for millions of Americans. With summer underway and much of the country already experiencing extreme heat and droughts, we need to hear from 36 more people right now, before our deadline at 11:59 PM – but your response is still missing from our poll! So please, speak out right now and tell us: 𝐀𝐫𝐞 𝐲𝐨𝐮 𝐜𝐨𝐧𝐜𝐞𝐫𝐧𝐞𝐝 𝐚𝐛𝐨𝐮𝐭 𝐞𝐱𝐭𝐫𝐞𝐦𝐞 𝐡𝐞𝐚𝐭 𝐜𝐚𝐮𝐬𝐞𝐝 𝐛𝐲 𝐜𝐥𝐢𝐦𝐚𝐭𝐞 𝐜𝐡𝐚𝐧𝐠𝐞?",0,0,TRUE,,,,,,,,,,
LACA,Async,25-50,ClimateActionDonation,"𝐔𝐑𝐆𝐄𝐍𝐓 𝐃𝐄𝐀𝐃𝐋𝐈𝐍𝐄 𝐓𝐎 𝐅𝐈𝐆𝐇𝐓 𝐂𝐀𝐓𝐀𝐒𝐓𝐑𝐎𝐏𝐇𝐈𝐂 𝐂𝐋𝐈𝐌𝐀𝐓𝐄 𝐂𝐇𝐀𝐍𝐆𝐄: 
We need to raise $500,000 to defend our food, water and climate in the year ahead — and right now a group of generous donors is matching every end-of-year donation to protect the planet, but ONLY until midnight on Dec. 31! Will you make your tax-deductible donation to help Food & Water Watch solve the most pressing food, water, and climate problems of our time before this $4-to-$1 match opportunity expires?",1,1,TRUE,,,,,,,,,,
LACA,Async,25-50,ClimateActionDonation,"The costs of climate change are enormous, and taxpayers foot the bill.",0,0,TRUE,,,,,,,,,,
LACA,Async,25-50,AntiWoke,"We need to end mask mandates in schools.

Democrats are not following the science and it’s damaging an entire generation’s educational and social development. Parents, not politicians, should have the power to make the best decision for their children.

I spoke on the House Floor in support of the Unmask Our Kids Act ⤵️. ",1,1,TRUE,,,,,,,,,,
LACA,Async,25-50,AntiWoke,Power crazed Democrats like Stacey Abrams don't even follow their own rules. Chip in today to make sure no Democrat has the power to mask a child!,1,1,TRUE,,,,,,,,,,
LACA,Async,25-50,DemocratOutreach,"“Working people can always find hope and opportunity within the labor movement.” - Liz Shuler, AFL-CIO President ✊🏻✊🏼✊🏽✊🏾✊🏿
There's just a little over a week left to hear the rest of Liz Shuler's remarks to UWUA members during the 2021 Power for America conference (as well as from many other labor and industry leaders) by going to https://www.p4atraininginaction2021.com/ and using the code ""UWUA2021"". ",1,1,TRUE,,,,,,,,,,
LACA,Async,25-50,DemocratOutreach,"Weekly Video Outreach by Chairwoman with a conservative lens, The opinions expressed are her own.  This week the sister Socialism & her brother Communism. There are some spots that pause but stay to the end.",0,0,TRUE,,,,,,,,,,
LACA,Async,25-50,StopOilPollution,"The toxic Line 3 pipeline is a disaster for our climate and communities -- and we're taking the fight to Wall Street. Line 3 violates Indigenous rights, endangers numerous wetlands and waterways, and contributes as much climate pollution as 50 new coal-fired power plants. Chase, Citi, Bank of America, and Wells Fargo must stop funding Line 3. Sign our petition now!",1,1,TRUE,,,,,,,,,,
LACA,Async,25-50,GreenEnergySavesMoney,"Rep. Spanberger, thanks for fighting for clean energy that can power our economy, create good-paying jobs, and tackle the climate crisis. Now is our time to get it done.",1,0,FALSE,,0,,,,,,,,
LACA,Async,25-50,AdvocateForGreenEnergyPoliticalAction,"🔴 Amy Klobuchar just gave a RINGING ENDORSEMENT of H.R.1: “𝐈𝐭 𝐰𝐨𝐮𝐥𝐝 𝐟𝐮𝐧𝐝𝐚𝐦𝐞𝐧𝐭𝐚𝐥𝐥𝐲 𝐢𝐦𝐩𝐫𝐨𝐯𝐞 𝐨𝐮𝐫 𝐝𝐞𝐦𝐨𝐜𝐫𝐚𝐜𝐲 𝐛𝐲 𝐩𝐫𝐨𝐭𝐞𝐜𝐭𝐢𝐧𝐠 𝐯𝐨𝐭𝐢𝐧𝐠 𝐫𝐢𝐠𝐡𝐭𝐬, 𝐬𝐞𝐜𝐮𝐫𝐢𝐧𝐠 𝐨𝐮𝐫 𝐞𝐥𝐞𝐜𝐭𝐢𝐨𝐧 𝐬𝐲𝐬𝐭𝐞𝐦𝐬, 𝐚𝐧𝐝 𝐠𝐞𝐭𝐭𝐢𝐧𝐠 𝐝𝐚𝐫𝐤 𝐦𝐨𝐧𝐞𝐲 𝐨𝐮𝐭 𝐨𝐟 𝐨𝐮𝐫 𝐜𝐚𝐦𝐩𝐚𝐢𝐠𝐧 𝐬𝐲𝐬𝐭𝐞𝐦𝐬.”

BUT: Mitch McConnell and his corrupt Republicans announced they’re going ALL IN to kill this bill in the Senate.

So we’re power-fundraising to hit 25,000 donations today to pressure the Senate to pass the For the People Act. If we fall short, McConnell will be THRILLED! . Do not delay, rush $10 NOW >>. ",0,0,TRUE,,,,,,,,,,
LACA,Async,25-50,OilCreatesJobs,"The Permian Basin looks strong until at least 2025 despite challenges from Biden's alternative energy push, with oil output climbing steadily after its dip during the 2020 pandemic, as companies rush to consolidate their assets while demand remains high. 

https://markets.businessinsider.com/news/stocks/the-permian-is-set-to-thrive-through-2025-1030762240. ",0,0,TRUE,,,,,,,,,,
LACA,Async,25-50,GreenEnergyWorks,"Our champions in Congress aren’t afraid to Go Bold. They recognize the challenges we face, address them head on, and work tirelessly to combat climate change, create American jobs, and support a truly electric infrastructure.
 
Thank you, Representative Clarke, for your ongoing support and your work to bolster electric heavy and medium duty vehicles.
Finding the ways that work.",0,1,FALSE,,1,,,,,,,,
LACA,Async,25-50,GreenPowerExpensive,"A carbon tax would raise the cost of energy, hurt our economy, and do little to reduce global emissions.",1,1,TRUE,,,,,,,,,,
LACA,Async,25-50,NuclearAdvocacy,"ICYMI at the Public Power Forum: X-energy's Advanced Reactor Simulator Laboratory is the latest example of exciting innovation in nuclear energy. With next-generation technology, the nuclear energy industry supports appropriately ambitious climate goals, powering the economy and a brighter, cleaner future. Here’s how: https://bit.ly/3xVrU4e.",1,1,TRUE,,,,,,,,,,
LACA,Async,25-50,AntiTax,"For Immediate Release: Our Response To President Biden’s Visit to Idaho.

Mr. President,
We hope you enjoyed your time in Idaho this week. It must be a good feeling to get out of Washington, DC. Unfortunately, we were not able to connect while you were here. If we had been able to meet, there are a few topics we would have discussed:

As with all things in life, there are areas you can directly control, those you influence, and others you have no control over. As President, there are clear boundaries about what you can control. As the 10th amendment says, you can only do what is explicitly called out in the Constitution. Everything else must be done by influence. The Legislative branch has the ability to create laws but you do not. EVERYTHING else is owned by the states or individuals. 

Over the past nine months of your presidency, you have consistently overstepped your authority with states rights. Here in Idaho, we believe in self-reliance and independence. Idahoans know what is best for Idaho - not you. 

In addition, the policies you have enacted are negatively impacting the next generation of Americans that we represent:

- Most small businesses are owned by the under 40 group. Increased regulation, tax increases, and mandates are suffocating small businesses. Thousands have closed their doors.

- Inconsistencies in your COVID communication is causing confusion and mistrust. Decisions on schools impact our children. Parents are trying to juggle careers with potentially having to stay home due to closures. Vaccine mandates risk the jobs for many young professionals. The federal government has no place in requiring private citizens or businesses to be vaccinated. You have violated your promise to never mandate vaccines when you campaigned. It also sets precedent for a scary future. You are not exhibiting leadership. It is coercion.

- The rising inflation is hitting Americans at a time without much discretionary spending available. Inflation is the highest since the 1970’s. Home prices are the highest in history. Gas prices are averaging $2 per gallon HIGHER than just 10 months ago. While it may “appear” great to have a wage increase in jobs, it doesn’t matter if the cost increase is higher to do business. Those costs are passed down to consumers or businesses stop hiring as many people.

- Your unwillingness to address crime and homelessness in the country is impacting Idaho. Look at Seattle, Chicago, New York, Portland. Do you really believe things are going well there? We have thousands of people from these states fleeing into Idaho because of the failed policies there. This is placing tremendous pressure on Idaho infrastructure, land and energy use, and more.

- A really in-depth conversation is needed about your foreign and military policy. We are very disappointed in your handling of Afghanistan to put it politely. The mismanagement cost the lives of young Americans. 

- You came to discuss wildfires in Idaho but it turned into statements about global warming. While we all agree in being good stewards of the environment, you neglected to discuss the mismanagement of federal lands that make up about 70% of Idaho. This increases the likelihood of devastating forest fires.

Overall, if you look at many of the nation’s key performance indicators, almost all of them are trending worse than just one year ago. You must recognize this. Your poll numbers are lower and decreasing faster than any President during their first year in office.

Please recognize that we aren’t seeking to condemn. We genuinely want to help. You are the President currently. If you fail, America fails. Please let us know if you have time to discuss further. We’d be happy to meet with you. 

Oh, one last thing… It seems like every time you try to take questions your microphone stops working. We’d be happy to buy you a megaphone so you don’t run into these “technical” issues anymore.

Sincerely,
Idaho Young Republicans 

Young Republican National Federation
Idaho Republican Party
#idpol
#idleg
KIDO Talk Radio
Governor Brad Little. ",0,0,TRUE,,,,,,,,,,
LACA,Async,25-50,TackleClimateChange,"President Biden's Build Back Better plan is our once-in-a-generation opportunity to fight climate change and secure middle class tax cuts, create clean energy jobs, and lower costs for working families.

Call Rep. Cuellar and tell him we must seize this moment: (202) 225-1640. ",1,1,TRUE,,,,,,,,,,
LACA,Async,25-50,LegislatorsMustActAgainstClimateChange,It costs more today to take care of your family. Rising gas prices. Groceries. Utilities. Thank Joe Biden. Sign the petition.,0,0,TRUE,,,,,,,,,,
LACA,Async,25-50,AntiDemocraticCandidates,Big Government Tyrants Will NEVER Willingly Give Up Their Power! #BigGovSucks.,0,1,FALSE,,1,,,,,,,,
LACA,Async,25-50,RenewableEnergyGrowth,Louisiana’s ocean energy workforce helped build America’s 1st offshore wind farm. Offshore wind means jobs for Gulf Coast workers.,0,1,FALSE,,1,,,,,,,,
LACA,Async,25-50,OilAndGasExtractionRisks,"Burning coal costs lives, MidAm keeps burning it and doesn’t plan to stop.",0,1,FALSE,,1,,,,,,,,
LACA,Async,25-50,ReduceEmissions,"SCP is in the process of updating our Integrated Resource Plan (IRP), which involves figuring out the future electricity needs of our customers and developing a plan for the power resources to meet those future needs. We want to know which power sources you prefer and what other factors SCP should prioritize, such as keeping electric rates affordable, supporting more renewable energy, and reducing greenhouse gas emissions.

Providing input is as easy as filling out the short 5-minute survey below!

Survey in English - https://www.surveymonkey.com/r/WLP66VD

Survey in Spanish - https://www.surveymonkey.com/r/86PBBW9. ",0,1,FALSE,,0,,,,,,,,
LACA,Async,25-50,BuildBetterAct,"President Biden's Build Back Better plan is our once-in-a-generation opportunity to fight climate change and secure middle class tax cuts, create clean energy jobs, and lower costs for working families.

Call Rep. Vela and tell him we must seize this moment: (202) 225-9901. ",1,1,TRUE,,,,,,,,,,
LACA,Async,25-50,NuclearEnergyBenefits,"Together, our industry is committed to reducing emissions and realizing carbon neutrality to secure a sustainable future. 

Join us on this journey: shapedbyconcrete.com.",0,0,TRUE,,,,,,,,,,
LACA,Async,25-50,ClimateChangeDonations,Our programs focus on developing Latinx leadership through Promotorx trainings and our annual Latino/a Advocacy Day to support our self-empowerment to address environmental and climate justice issues that directly impact our community. We invite you to join us!,0,0,TRUE,,,,,,,,,,
LACA,Async,25-50,RenewableEnergyInfrastructureGrowth,Our EDF Action Climate Team in Florida held a great event with Southern Alliance for Clean Energy that showcased electric vehicles and even gave folks an opportunity to test drive them!,0,0,TRUE,,,,,,,,,,
LACA,Async,25-50,OilAndGasJobs,"Most people probably don’t think of Illinois as a major oil and natural gas state, but it is! Each sector of the Illinois oil & gas industry – exploration and production, storage and transportation  and refining – is extremely important to the Land of Lincoln’s economy, providing thousands of well-paying jobs. This is just one reason Gov. JB Pritzker has designated the oil and natural gas industry as “essential.” Check out IPRB’s infographic to learn more.",1,1,TRUE,,,,,,,,,,
LACA,Async,25-50,NuclearEnergyEducation,"🌱 Excited to share how we're continuing Farm In A Box at NMSU Grants Campus
https://tristate.coop/tri-state-support-farm-box-continues-new-mexico-state-university-grants 

🌱 Electric Power Research Institute (EPRI) agricultural pod, located at NMSU’s Center of Excellence in Sustainable Food and Agricultural Systems in Grants, gives students the ability to produce various year-round crops, such as lettuce, kale, arugula herbs, flowers, carrots and radishes. It also will help educate students about agriculture, energy use, water use, light use, temperatures for growing crops, and other skills for the future.  

🌱 Tri-State provided funding for the EPRI container-farm project, and a one-time grant to cover costs associated with the indoor food production system and related analysis. Tri-State supported its first agricultural pod through the EPRI program at Moffat County High School in Craig, Colo., which was dedicated in November 2020.",0,0,TRUE,,,,,,,,,,
LACA,Async,25-50,RestoreVirginia,"Delegate Byron (R-22) has been elected since 1998, and it shows.  In fact in 2004 Byron, and the entire House of Delegates voted for House Bill 1483 that enhanced the Governor's shutdown and forced vaccination powers.

The exact powers Radical Ralph has been using to unconstitutionally destroy Virginia's economy and gut the 1st Amendment.

Have you had enough yet?

Byron has a primary opponent, Isaiah Knight, who has pledged to:

- Lead the fight to Restore the 2nd Amendment and pass Constitutional Carry
- Gut the illegal power the Governor claims to have to shut down business, close schools and churches and force you to submit to the Biden 'poke'

Had enough yet?

This is why primaries matter more than the General Election, for with 'republicans' like Byron, who needs Democrats?",1,1,TRUE,,,,,,,,,,
LACA,Async,25-50,VirginiaConservativeCampaign,"I can always tell when I or other Republicans have been effective at what they do for passing conservative public in Texas, absoultely true when we show up in cartoons... Well, I haven't seen so many ""Rs"" in one place since I've been a Senator! LOL, Can you identify all these Republicans in Texas? This satirical but humorous depiction of Texas politics by the NY Times in this article clip art (nyti.ms/3y3oKwE). Not a bad portrait characterization of me as the guy with the glasses underneath the Texas Capitol building holding the sign that says ""LIBERALISM FIND A CURE"" amongst the crowd! Boy I should have thought of that long ago, especially in the leftist progressive days!!

Who else can you spot in this NY Times cartoon? I can see Governor Abbott in the center but who is the guy behind him? Obviously Ag Commissioner Sid Miller is to the right on the horse but who do you think is the other gent in the cowboy hat? Of course my friend Lt Gov Dan Patrick is in the picture as well. Others are RTP chair Allen West holding the ""OPEN TEXAS NOW"", former speaker Dennis Bonnen, Dr Hotze holding bathroom placards?  Salon Owner Shelly Luther with a hair dryer, but you'll have to guess everyone to ""win""!

Texas oil wells, and energy production, the Border wall, and maybe even President Trump are in the background. But one thing for sure is that Texas Republicans are in the foreground of the Nation's politics!

See for yourself ...",0,0,TRUE,,,,,,,,,,
LACA,Async,25-50,SouthwestGasInvestment,The people of Oklahoma Oil & Natural Gas have provided nearly $3 million to the great works of Allied Arts in 2020 alone.,0,1,FALSE,,0,,,,,,,,
LACA,Async,25-50,OilAndGasTax,"Our families cannot afford another new tax. Rally with us to stop the proposed new CT gas tax and sign the petition at www.StoptheGasTaxCT.com. 

Some lawmakers in Hartford are pushing for a vote this month on a $100 million new state gas tax.

Families are already hurting from rising prices on gas and food. A new gas tax only worsens that situation. It also could lead to a gasoline shortage that will be devastating to CT jobs and our recovery. The facts show this new tax won’t improve our aging transportation infrastructure or our air quality as promised.

Your voices stopped the tax earlier this year. Keep speaking out! Learn more: www.StoptheGasTaxCT.com. ",1,1,TRUE,,,,,,,,,,
LACA,Async,25-50,NeedQuickResponseForClimateCrisis,This is climate change. Find out why 99% of climate scientists agree.,0,1,FALSE,,1,,,,,,,,
LACA,Async,25-50,AgencyToStopClimateChange,"Instantly triple your impact. Thanks to a long-time EDF supporter, all donations will be matched $2-for-$1. Please give today and help protect our planet.",1,1,TRUE,,,,,,,,,,
LACA,Async,25-50,PoliticalActivismForRenewableEnergy,"📣📣 Our voting rights are under attack! 📣📣

Join us for our community roundtable & training to discuss and learn about the voter suppression battles we are facing in Arizona & across the nation. 🗳

We have seen legislation that creates intentional barriers, such as discriminatory voter ID laws and even illegally purging voters from the rolls! We have had enough & we will continue to challenge oppressive forces that intend to silence us!👏🏿👏🏾👏🏽

In this first training, we will learn about voter purging and how it affects our communities, the fundamentals of registering to vote, and how to mobilize voters to protect their voting rights. 🗳 

Join us on April 23rd at 6 PM to learn, take action, and organize with us in this collective fight to protect the power of our vote. ✊🏽✊🏾✊🏿

RSVP: https://www.mobilize.us/ovovaz/event/383781/ 🌟. ",0,0,TRUE,,,,,,,,,,
LACA,Async,25-50,EconomicAdvantagesOfRenewableEnergy,"🏡 Home sizes may be increasing but residential emissions are dropping. Residential natural gas customers use half as much #energy today as they did in 1970, thanks to #natgas utilities’ commitment to investing in efficient energy. Learn more.",1,0,FALSE,,0,,,,,,,,
LACA,Async,25-50,ChallengesFacingRenewableEnergy,"🌎 Sierra Club's City Hike-A-Thon is a nationally powered and locally experienced event to raise money to protect our planet. Climate change is one of the most pressing issues of our time and through the power of collective action and the power of grassroots fundraising, we can make a difference. This fall, you can do your part. Raise funds for the Sierra Club by hiking our signature City Hike route and learn about our efforts to stop oil drilling and reduce emissions, protect wetlands, and welcome everyone into nature. #CityHikeLA.",0,0,TRUE,,,,,,,,,,
LACA,Async,25-50,ProtectFromHarmsCausedByFossilFuels,"Their future is in our hands. It's time to stop Oil and Gas from destroying our communities.
For more on the real cost of Oil and Gas, LIKE our page 👇. ",1,1,TRUE,,,,,,,,,,
LACA,Async,25-50,InroadsMadeByRenewableEnergy,"After a comprehensive environmental assessment, the Clean Energy Corridor received yet another approval towards Construction of the Appalaches-Maine Interconnection Line in Québec which could begin in the coming months. This powerline will export clean, renewable hydropower from Québec to New England.",1,1,TRUE,,,,,,,,,,
LACA,Async,25-50,CallsToInvestInRenewableEnergy,"For years, Waukegan families and the Lake County community have suffered from higher asthma rates and other health impacts from living near a coal plant. A new bill would limit pollution across Illinois and create new clean energy jobs right here in Lake County. Tell your legislators to vote YES on the Climate and Equitable Jobs Bill!",1,1,TRUE,,,,,,,,,,
LACA,Async,25-50,PoliticalActivismForOilAndGas,"First, DC liberals spent trillions of our dollars. Now, Americans are facing record inflation and are paying more for gas and groceries. Their plan now: Nancy Pelosi and her liberal allies are pushing for new tax hikes and another socialist healthcare plan.
 
Click below and sign up to tell Lizzie Fletcher enough is enough.",0,0,TRUE,,,,,,,,,,
LACA,Async,25-50,SupportForRenewableEnergy,Hope in the fight against pollution.,0,1,FALSE,,1,,,,,,,,
LACA,Async,25-50,SupportForOilAndGas,"Governor Lujan Grisham, thank you for your commitment to pass nation-leading rules to cut methane and air pollution from the oil and gas industry. Please stand with New Mexicans and strengthen the draft air pollution rule.",0,0,TRUE,,,,,,,,,,
LACA,Async,25-50,DonateToSupportClimateChangeActivism,"🚨 BREAKING NEWS: An alarming U.N. report shows that climate change is only getting more severe — and it’s happening more quickly than previously thought. 

🚨 Donate now to help NRDC fight for 100% clean energy and climate justice.",1,1,TRUE,,,,,,,,,,
LACA,Async,25-50,InroadsMadeByOilAndGas,"Using a helicopter equipped with an infrared camera, we surveyed more than one thousand sites across the largest oilfield in the U.S. Here’s what we found.",0,0,TRUE,,,,,,,,,,
LACA,Async,25-50,EconomicAdvantagesOfOilAndGas,"The Manhattan Institute’s Robert Bryce once wrote: “If petroleum didn’t exist, we’d have to invent it.” Here are just a few examples of how petroleum keeps us safe and improves the quality of life.",1,1,TRUE,,,,,,,,,,
LACA,Async,25-50,SupportForBuildBackBetterAct,"Our own Steve Cochran spoke to NH Talk Radio about the need to pass the #BuildBackBetterAct and how it will help us tackle the climate crisis.

The Build Back Better Act makes historic investments to help us transition to a clean economy. This bill puts people front-and-center as we look to rebuild our economy and combat climate change.

https://www.nhtalkradio.com/?p=16695. ",1,1,TRUE,,,,,,,,,,
LACA,Async,25-50,SupportForNuclearEnergy,Providing the electricity that powers America. Like our page for more info about nuclear energy.,1,1,TRUE,,,,,,,,,,
LACA,Async,25-50,EconomicAdvantagesOfNuclearEnergy,"Thanks to nuclear power, Illinoisans don’t have to wonder if the lights will come on when we flip a switch.",0,1,FALSE,,0,,,,,,,,
LACA,Async,25-50,InroadsMadeByNuclearEnergy,Illinois - and America - can be powered by carbon-free energy with the power of nuclear energy. Like our page to learn more about our largest source of carbon-free electricity.,0,1,FALSE,,1,,,,,,,,
LACA,Async,50-75,AdvocateForGreenEnergy,"The American Jobs Plan gives Colorado a chance to grow the state’s clean energy economy with millions of good paying, lasting jobs.  

It’s time for Colorado to power the future. Ask Senator Michael Bennet and Senator John Hickenlooper to support the American Jobs Plan.",1,1,TRUE,,,,,,,,,,
LACA,Async,50-75,AdvocateForGreenEnergy,"Banks and their investments have the power to make or break our #climatechange goals. The Sunrise Project’s Justin Guay says we already have an important tool to stop them from funding oil and gas expansion. 
Watch the video: https://bit.ly/3z2B8wz

Read more about climate financial reform: https://bit.ly/3igKhuI
Learn about Justin's work: https://bit.ly/3kvtIxJ
#YEARSproject #Amplify. ",1,1,TRUE,,,,,,,,,,
LACA,Async,50-75,ClimateActionDonation,"Today’s Key Takeaway: Interior Deputy Secretary Tommy Beaudreau promised a panel that the administration was going to overhaul the oil program to align it with climate risks, but he acknowledged that the process would have to be methodical and that the laws on federal oil and gas resources were written with a very different purpose in mind: “Get it out of the ground to enhance domestic sources of energy supply.”...",0,0,TRUE,,,,,,,,,,
LACA,Async,50-75,ClimateActionDonation,Tell Congress to support clean energy tax credits to combat climate change and create clean energy jobs.,0,0,TRUE,,,,,,,,,,
LACA,Async,50-75,AntiWoke,"""While global environmental issues like climate change are incredibly complex, ECONOMIC FREEDOM is the best solution to reduce emissions and promote economic prosperity.""

-- Energy Economist Nick Loris, The Heritage Foundation. ",0,0,TRUE,,,,,,,,,,
LACA,Async,50-75,AntiWoke,"Stafford is unleashing a political storm of TRUTH, FACTS, and EVIDENCE, using their own words, exposing corruption and criminal behavior within Bellbrook-Sugarcreek’s rich, power, and politically connected who control our community.

Stay tuned to this page!",0,1,FALSE,,1,,,,,,,,
LACA,Async,50-75,DemocratOutreach,"Since Joe Biden and the Democrats took control of our country, we have seen a record-breaking influx of illegal immigrants crossing our border, a significant increase in gas prices, and a huge hike in government spending. We must flip the House RED in the next election! Please support April Becker for Congress by donating today! 🇺🇸.",0,0,TRUE,,,,,,,,,,
LACA,Async,50-75,DemocratOutreach,Thank Senator Baldwin for fighting for farm families and a healthier environment for birds and people. The Growing Climate Solutions Act is the first step toward raising farmer income while reducing carbon emissions. Sign up today to show your support!,0,1,FALSE,,1,,,,,,,,
LACA,Async,50-75,StopOilPollution,Fracking uses BILLIONS of gallons of drinking water every year in New Mexico. Click here to learn more. #ProtectWater #NMpol.,0,1,FALSE,,1,,,,,,,,
LACA,Async,50-75,GreenEnergySavesMoney,"Affordable, reliable energy solutions are made in America. See the benefits of American natural gas and oil production.",0,0,TRUE,,,,,,,,,,
LACA,Async,50-75,AdvocateForGreenEnergyPoliticalAction,"Meet us at The Bean to change Sen. Durbin’s mind and urge him to fight for voting rights, care jobs, and a green climate! This event is family friendly and includes art, umbrellas with Senator Durbin's image, leafletting, and a short march.

Senator Durbin HAS NOT COMMITTED to standing up to corporations, the 1% and their rich friends in the Senate who are blocking voting rights, shielding themselves from paying taxes, watering down President Biden's historic Jobs and Families Plans, and preventing a transition to renewable energy. 

Durbin's legacy is at stake. We need him to deliver for our families, no excuses! Time is running out for the Senate to:
- Expand voting rights, get money out of politics and end gerrymandering;
- Create paid family leave;
- Make monthly cash payments for low-income families with children permanent;
- Invest hundreds of billions in childcare and home health care, clean water, and affordable housing;
- Transition us to green energy and ensure communities of color and people who currently work in fossil fuels can get millions of new jobs.",0,1,FALSE,,1,,,,,,,,
LACA,Async,50-75,OilCreatesJobs,"The Senate Business and Commerce Committee had a hearing with state regulators this week to get a read on their progress with Winter Storm URI legislation.

One of the things I pride is that the Senators of both parties don’t mind mixing it up with state bureaucrats when necessary if they are NOT getting the clear direction out of our legislation.

Nothing can be clearer - changes in Texas governance, procedures, reporting, preparation, and winterization must follow in the wake of Winter Storm URI. The public expects no less, and I believe we are still short several MW of thermal energy, aka, coal, gas, and nuclear electric generation plants that we'll need in Texas now and in the future.

Greg Groogan's article (https://www.fox26houston.com/news/with-winter-approaching-questions-loom-over-texas-grid-readiness) captures the frustration of several Senators as the Railroad Commission directors do not seem to get the need to proceed post haste on making sure it's clear that we need to be checking on gas pipelines and winterization efforts!

Normally, Senator Whitmire and I can be a bipartisan Q&A tag team in Senate Finance, but here, my colleague Senator Campbell steps up to ask tough questions as I'm not on this particular committee, but very proud of the points they made in the hearing!

The bottom line is what gets measured gets fixed! We know what happened in Winter Storm URI, and we're not going to let this ""fix"" effort drop for any reason. Watch the video and spread the word! Sen. PB. ",0,0,TRUE,,,,,,,,,,
LACA,Async,50-75,GreenEnergyWorks,There are many reasons why Midwesterners support wind power in our region. Wind works! Why are you saying 'yes' to wind energy? Comment below.,1,1,TRUE,,,,,,,,,,
LACA,Async,50-75,GreenPowerExpensive,Seattle’s ban on natural gas will hurt Washington workers and families.,0,0,TRUE,,,,,,,,,,
LACA,Async,50-75,NuclearAdvocacy,"Responsible for 475,000 jobs, nuclear energy keeps America running. To learn more about what nuclear power offers, like our page today.",1,1,TRUE,,,,,,,,,,
LACA,Async,50-75,AntiTax,Adding new taxes to any barrel of oil that runs through American refineries goes against the President’s promise to not raise taxes on working families. Can you think of a worse time to be doing this? https://www.afpm.org/newsroom/blog/say-no-new-taxes-american-refined-energy-plastics?utm_source=facebook&utm_medium=cpc.,1,1,TRUE,,,,,,,,,,
LACA,Async,50-75,TackleClimateChange,They want to shut us out of solving the climate crisis? Nope. WE ARE the climate majority. And we’re writing our own story.,1,1,TRUE,,,,,,,,,,
LACA,Async,50-75,LegislatorsMustActAgainstClimateChange,"Representative Ann Williams voted for the Climate and Equitable Jobs Act and it is now law in the state of Illinois!

The Climate and Equitable Jobs Act will:

✅Curb dangerous air pollution

✅Combat the climate crisis

✅Create thousands of high-quality jobs in Illinois

Please join us by adding your name to thank Representative Ann Williams today.",0,0,TRUE,,,,,,,,,,
LACA,Async,50-75,AntiDemocraticCandidates,"The Results are In – Observer Reporter Insults County Voters

It’s a swing and another miss for the Observer – Reporter.  

In Friday’s ( November 5) Hits and Misses column, the Observer – Reporter took a direct shot at the 34,037 voters of Washington County who wisely voted NO on the Home Rule Charter question.  The O-R was upset that 70% of the voters didn’t swallow the bunk that they and Commissioners Irey Vaughan and Maggi were trying to feed them.  The O-R insults the voters of this county by claiming 70% of them don't know what they are doing but the O-R does.  “Gee” they said, “It’s only a study to make recommendations.”  Not really.  The result was already determined.  Commissioner Irey Vaughan has already said she wants Home Rule.  

The voters got it right.  Once again, the 
O-R did not. 

The Observer – Reporter, as usual, did its part to assist the two Commissioners and Democrats.  It ran an editorial endorsing the ballot question.  It ran an Op Ed endorsing Utopia.  It never did any real journalism and asked why this question was put on the ballot at this time.  They did not connect the dots that Irey Vaughn has stated several times that she could not manage the Row Offices and wanted to get rid of them.  They did not look at what the results of Study Commissions and Home Rule Charter have been elsewhere.  Six counties have implemented Home Rule and all regret it.  They did not ask who potentially benefits from this.  They didn’t ask why most, if not all, of the “benefits” being talked about could not and should not have already been initiated by the commissioners in their 25 years in office without upending government. They never understood that the purpose of “commissions” in government is to absolve those in power from making decisions or at least from being tied to decisions.  At the bottom, the O-R never asked how decisions could be made when Commissioner Maggi is in his office about two hours a week and Commissioner Irey certainly doesn’t work a full day.

With 70% of the voters roundly defeating what was intended to be a Crown Jewel move by Maggi and Irey Vaughan, it is time for them to resign. They have proven they are still operating on old top down, tell the people what to do and build bigger government principles that no longer work. They still hold meetings during the day so few can attend. They have placed personal interests ahead of the interests of the county.   Seventy percent across party lines said NO.  We need to change the leadership and not the form of government. 

As for the Observer – Reporter, it needs to change its editorial staff for the same reasons. Political zealots from yesteryear need to move on and be replaced with those who are not openly biased and better reflect our conservative county. This is no longer a blue county where your liberal viewpoints sell. The county is solidly red. The elected government is red.  A more moderate editor would be a major improvement; at least one who understands politics today.

WCRP. ",0,1,FALSE,,1,,,,,,,,
LACA,Async,50-75,RenewableEnergyGrowth,Williams is committed to being the leader in providing infrastructure that safely delivers natural gas to reliably fuel the clean energy economy.,1,1,TRUE,,,,,,,,,,
LACA,Async,50-75,OilAndGasExtractionRisks,Natural gas utilities have reduced emissions by 69 percent since 1990 while simultaneously adding new customers and thousands of miles of new pipelines. But the energy tax being considered by Congress will increase costs and likely increase rates for the 180 million Americans who rely on natural gas to fuel their homes.,0,0,TRUE,,,,,,,,,,
LACA,Async,50-75,ReduceEmissions,"Franklin County residents - you can help reduce your carbon footprint by switching to natural gas 🌲 🌎

Still using fuel oil? 🤔

According to the U.S. Energy Information Administration the burning of natural gas for energy ""...results in fewer emissions of nearly all types of air pollutants and carbon dioxide (CO2) than burning coal or petroleum products to produce an equal amount of energy.""

There's a smarter way to fuel your home and it starts with natural gas ✅

Sign up for a free, at-home estimate today!",1,1,TRUE,,,,,,,,,,
LACA,Async,50-75,BuildBetterAct,"Huge news: The House just voted to pass the Build Back Better Act!

Thank you, Rep. Williams, for putting Georgia's working families first by voting to create clean energy jobs right here and take on climate change right now.",1,1,TRUE,,,,,,,,,,
LACA,Async,50-75,NuclearEnergyBenefits,"We’ve all seen the headlines detailing the perils of our warming climate and the decline of our natural world. But now, there’s good news from the Biden administration --  the president has pledged to put the U.S. on a path to protecting at least 30% of its lands, waters, and ocean by 2030 (30x30). 

30x30 is the bold action we need to strengthen the health of our natural ecosystems, fight climate change, and ensure that every community has access to clean air, clean water, and open spaces.

Find out what’s at stake:. ",0,0,TRUE,,,,,,,,,,
LACA,Async,50-75,ClimateChangeDonations,Help those impacted by COVID-19 with a donation to the Gas Assistance Fund - a joint effort with United Way of Greater LA.,0,0,TRUE,,,,,,,,,,
LACA,Async,50-75,RenewableEnergyInfrastructureGrowth,"Rep. Craig, thanks for fighting for clean energy that can power our economy and create good jobs, right here. Now is our time to get it done.",0,0,TRUE,,,,,,,,,,
LACA,Async,50-75,OilAndGasJobs,A new tax plan from the Biden administration could risk jobs in natural gas and oil. The US economy needs a strong energy sector and a strong energy workforce. Industry employees like you are raising their voices about this tax plan.,1,1,TRUE,,,,,,,,,,
LACA,Async,50-75,NuclearEnergyEducation,"When our team responds to hunger, we do more than hand out food. We work alongside communities to develop long-term solutions, like hiring local workers to plant climate-resilient crops in Nepal or equipping farmers in Indonesia with the tools to sustain a steady food supply. Donate now to support this work and so much more.",0,0,TRUE,,,,,,,,,,
LACA,Async,50-75,RestoreVirginia,"Chip in $25 today to support re:power’s grassroot organizing trainings! We are proud of the work our alumni, like Ohio State Rep. Stephanie Howse, are doing across the country!",0,0,TRUE,,,,,,,,,,
LACA,Async,50-75,VirginiaConservativeCampaign,"TPUSA LIVE is the unfiltered, grassroots alternative to mainstream media. Watch daily shows, live in-studio content from TPUSA HQ and weekly shows covering politics, pop-culture, sports and everything in-between. Tune in every weekday starting at 5 PM ET / 2 PM PT.

Check out today’s show! 

Human Events Daily host Jack Posobiec covers the Chicago police force, soldiers killed by suicide, the Boston bomber's death penalty and more!

The TPUSA LIVE team is joined by host, Jon Root, and special guests Isabel Brown and Morgan Zegers who will talk about #FreedomFlu, sit down with a pilot from the Freedom Flyers and more!

The Spillover host Alex Clark sits down with Josh Brahm, President of the Equal Rights Institute and breaks down the pro-abortion arguments while arming pro-lifers with the arsenal they need to effectively debate.

We will wrap up the show with POPlitics with Alex Clark as she dives into Candace Cameron Bure's experience on The View, Katie Couric being fake news, and more!",0,0,TRUE,,,,,,,,,,
LACA,Async,50-75,SouthwestGasInvestment,"🇺🇸  🇮🇱 Ends Today: $250 Units with $0.25 Warrants

• Inspired by Scripture (Gen 49 & Deut 33)
Zion Oil & Gas, Inc. (OTCQX: ZNOG) envisions an Israel that is energy independent from onshore oil and gas finds that have been Biblically promised to Israel.",0,0,TRUE,,,,,,,,,,
LACA,Async,50-75,OilAndGasTax,"Democrats want to tax natural gas to help cover the cost of their radical Build Back Better agenda.
 
This means Kansas families could pay an additional $250 to heat their home this winter on top of the already spiking energy costs.
 
President Biden is once again putting hard-working Kansans last.",1,1,TRUE,,,,,,,,,,
LACA,Async,50-75,NeedQuickResponseForClimateCrisis,"For the first time in years, bold action to fight the climate crisis is really possible. But our window to act for lasting change is short, and change won't happen without us working for it. So we're doing everything we can -- right now, at every level of government, all around the country -- to restore our planet and ensure everyone's right to clean air, water, and a healthy climate. 

And in honor of Earth Day, an opportunity for millions of us to come together to show our love for our planet, we're giving away FREE stickers -- while supplies last. Get yours today: http://sc.org/31EuGNE. ",1,1,TRUE,,,,,,,,,,
LACA,Async,50-75,AgencyToStopClimateChange,"Our planet needs an advocate like you.
Like EDF Action to learn how.",1,1,TRUE,,,,,,,,,,
LACA,Async,50-75,PoliticalActivismForRenewableEnergy,"""For this coal plant to come in at the 11th hour and threaten to block a deal that could deliver so much for so many in terms of jobs, renewable energy, and access to clean transportation, is just outrageous..."". ",1,1,TRUE,,,,,,,,,,
LACA,Async,50-75,EconomicAdvantagesOfRenewableEnergy,"All we need to know: 

1. This has NEVER been done, a WHOLE State takeover. 
2. It is risky and has zero guarantees
3. It is expensive. $13.5 Billion put on the rate payers. 

Maine is on the move and a national leader in renewable energy. We cannot let decade old grudges stop our progress.",0,1,FALSE,,1,,,,,,,,
LACA,Async,50-75,ChallengesFacingRenewableEnergy,Fracking uses BILLIONS of gallons of drinking water every year in New Mexico. Click here to learn more. #ProtectWater #NMpol.,0,0,TRUE,,,,,,,,,,
LACA,Async,50-75,ProtectFromHarmsCausedByFossilFuels,"Powerful fossil fuel interests are lobbying aggressively and spending heavily to deny science and put profit ahead of our planet and people. 

But we have so much momentum and opportunity for bold climate action, and we're not going to waste it. This Earth Day, we are rallying millions of supporters around the country to fight for a livable planet for all -- and we're kicking things off with our FREE stickers. Get yours today: http://sc.org/3rNrwll. ",1,1,TRUE,,,,,,,,,,
LACA,Async,50-75,InroadsMadeByRenewableEnergy,"California Air Resources Board (CARB) data shows vehicles in California running on renewable natural gas (#RNG) removed more carbon from the atmosphere than they emitted for the first time in 2020. 

Learn more -. ",1,0,FALSE,,1,,,,,,,,
LACA,Async,50-75,CallsToInvestInRenewableEnergy,We need bold investments in clean energy infrastructure that will create millions of good paying jobs here in the U.S.  #PowerUpAmerica.,1,1,TRUE,,,,,,,,,,
LACA,Async,50-75,PoliticalActivismForOilAndGas,Sign this petition asking for oil & gas to clean up & pay up instead of using taxpayer money.,0,0,TRUE,,,,,,,,,,
LACA,Async,50-75,SupportForRenewableEnergy,"Rep. Kim, thank you for fighting for clean energy that can power our economy, create good-paying jobs, and tackle the climate crisis. This is our moment to get it done and pass the Build Back Better Act.",1,1,TRUE,,,,,,,,,,
LACA,Async,50-75,SupportForOilAndGas,"The oil and gas industry is here to stay! 💪 Petroleum Alliance President Brook Simmons was quoted in a recent @JournalRecord column stating, ""Every well has a significant positive impact on the community where it is drilled. Oklahoma's oil and gas industry has to be healthy to provide those dollars. It's the bedrock of the state of Oklahoma."". ",1,1,TRUE,,,,,,,,,,
LACA,Async,50-75,DonateToSupportClimateChangeActivism,"Instantly triple your impact of you donation to protect our planet. Thanks to a long-time EDF supporter, all donations will be matched $2-for-$1. Please give today.",1,1,TRUE,,,,,,,,,,
LACA,Async,50-75,InroadsMadeByOilAndGas,"As in years past, preparation, conservation and patience after a storm will be key to weathering the hurricane season. And when the next storm rolls in, the Texas oil and natural gas industry will be ready. Read about the industry’s preparedness plans here: http://www.txoga100.com/readiness-response-relief #HurricaneReady.",0,1,FALSE,,1,,,,,,,,
LACA,Async,50-75,EconomicAdvantagesOfOilAndGas,"Now more than ever, Arizonans rely on the affordability of natural gas. Contact your senators and make sure they know to vote no on higher energy costs.",1,1,TRUE,,,,,,,,,,
LACA,Async,50-75,SupportForBuildBackBetterAct,"Huge news: The House just voted to pass the Build Back Better Act!

Thank you, Rep. Horsford, for putting Nevada's working families first by voting to create clean energy jobs right here and take on climate change right now.",1,1,TRUE,,,,,,,,,,
LACA,Async,50-75,SupportForNuclearEnergy,North Carolina’s nuclear plants support thousands of clean energy jobs and our local communities too. Sign up to show your support in return.,1,1,TRUE,,,,,,,,,,
LACA,Async,50-75,EconomicAdvantagesOfNuclearEnergy,"It’s time for Maryland to move toward a clean energy future, and nuclear power plays a critical role in making that happen.",0,1,FALSE,,0,,,,,,,,
LACA,Async,50-75,InroadsMadeByNuclearEnergy,This 5th grader thinks nuclear power is essential in Illinois for one BIG reason. Click to find out what it is!,0,1,FALSE,,1,,,,,,,,
LACA,Async,75-100,AdvocateForGreenEnergy,"San Diegans want bold climate action. Don’t let us get locked into DECADES of expensive, dirty power through SDG&E. Tell your City Councilmember to take control of our clean energy future!",1,1,TRUE,,,,,,,,,,
LACA,Async,75-100,AdvocateForGreenEnergy,"How can we power our communities in a safer way? The answer is in our most ancient resource: the sun. ☀️

We have the technology. And as energy consumers, we don't need permission to advocate for lawmakers to adopt energy policies that would better serve people and our planet.

In fact, for those of us not on the front line of the climate crisis, learning more and speaking out are the least we can do for those folks.

Activism doesn't have to be your whole life. But this Earth Month, we're sharing easy ways you can help bring solar to every American. 

Take action today – #forthegreatergrid.",1,1,TRUE,,,,,,,,,,
LACA,Async,75-100,ClimateActionDonation,"The climate moment is now—right now.  Together, we must meet this moment to drive real change for healthier communities and a thriving planet. Donate now and double your impact for our climate.",1,1,TRUE,,,,,,,,,,
LACA,Async,75-100,ClimateActionDonation,"Climate change has reached a crisis point, and Congresswoman Rice has a chance right now to pass a plan that takes it on. This is our moment.

Text HISTORY to 434-266-8464 and ask they pass the Build Back Better Act.",0,0,TRUE,,,,,,,,,,
LACA,Async,75-100,AntiWoke,"Nick Clemente won’t look out for us. As a coal lobbyist, Clemente put corporate polluters before our health. Now, Clemente wants to end mask requirements in Virginia schools.",0,0,TRUE,,,,,,,,,,
LACA,Async,75-100,AntiWoke,"Did you know. 

That seizing Maine's private utilities will 

- Force ratepayers to borrow billions from big banks
- Put politicians in charge of our grid
- Slow our transition to clean energy
- Force higher rates while we pay back the billions borrowed
- Create less investment in our grid, which means more outages and worse reliability

Mainers, we deserve better. Let's work with the systems we have to get to the goals we are already on track to achieve. 

Big Banks | Big Dollars | NO GUARANTEES. ",0,0,TRUE,,,,,,,,,,
LACA,Async,75-100,DemocratOutreach,"Rep. Luria, thanks for fighting for clean energy that can power our economy, create good-paying jobs, and tackle the climate crisis. Now is our time to get it done.",1,1,TRUE,,,,,,,,,,
LACA,Async,75-100,DemocratOutreach,"Our own Steve Cochran spoke to NH Talk Radio about the need to pass the #BuildBackBetterAct and how it will help us tackle the climate crisis.

The Build Back Better Act makes historic investments to help us transition to a clean economy. This bill puts people front-and-center as we look to rebuild our economy and combat climate change.

https://www.nhtalkradio.com/?p=16695. ",1,1,TRUE,,,,,,,,,,
LACA,Async,75-100,StopOilPollution,"Across the state Latino families are at the frontline of climate disasters facing wildfires, drought and mudslides. The culprits? Oil and gas drilling which pollutes our air, water and contributes to climate change. Together we are holding the fossil fuel industry accountable to the environmental injustice and racism that allows the pollution to develop in our neighborhoods and continues to disproportionately harm our family's health. Join us in the fight for environmental justice and the future wellbeing for our communities. Sign up now to receive a flyer with more information.",1,1,TRUE,,,,,,,,,,
LACA,Async,75-100,GreenEnergySavesMoney,"“The economic benefits attributed to New Mexico from the transmission and renewable additions are substantial. For example, in the next dozen years, it is expected that up to 3,700 jobs per year will exist, including both permanent and temporary construction jobs. Continuing beyond the construction period, up to 800 permanent jobs will continue to be needed to support the infrastructure developed in this period. The investments will also have cascading effects in multiple areas. A few of these benefits include: improved power system reliability, efficient electricity generation, efficient grid operations, and increased economic opportunities.” -NMRETA”.",0,0,TRUE,,,,,,,,,,
LACA,Async,75-100,AdvocateForGreenEnergyPoliticalAction,"The natural values of the Arctic Refuge’s coastal plain are critically important to the Gwich'in and other Indigenous peoples who stand with them. But this land remains vulnerable to being turned into an oil field. 

Lawmakers in Washington have the power to permanently protect this land for the sake of its people. Join us in demanding that they do it 👇. ",0,1,FALSE,,1,,,,,,,,
LACA,Async,75-100,OilCreatesJobs,The natural gas and oil industry has made America energy secure and independent. President Biden wants to stop all that with tax increases on the natural gas and oil industry.,0,0,TRUE,,,,,,,,,,
LACA,Async,75-100,GreenEnergyWorks,How does Maine benefit from the Clean Energy Corridor?,0,1,FALSE,,1,,,,,,,,
LACA,Async,75-100,GreenPowerExpensive,"LOOK, BEFORE WE LEAP OFF A GREEN CLIFF

The Senate and the House of Representatives recently voted for legislation to address climate change by requiring Rhode Islanders to reduce the amount of greenhouse gases they put into the atmosphere. The bill requires that the amount of greenhouse gases Rhode Island produces be reduced by 45 percent by 2030, by 80 percent by 2040 and reach net zero by 2050. The Executive Climate Change Coordinating Council (EC4), which is composed of primarily gubernatorial appointees, would come up with plans to achieve these reductions. Any state agency could be required by EC4 to adopt regulations to implement its plans. These plans would not require the approval of the General Assembly. If for any reason, Rhode Island could not achieve these reductions, anyone could file a law suit to force the reductions. 

In 2016, EC4 published a plan on how to reduce greenhouse gases by 45 percent by 2035, and by 80 percent by 2050. To reduce greenhouse gases by 45 percent, we would need: (1) 33 percent of residential homes heating with electricity, and (2) 34 percent of motor vehicles being electric. To reduce greenhouse gases by 80 percent, we would need: (1) 81 percent of residential homes heating with electricity, and (2) 76 percent of motor vehicles being electric. Rhode Island Greenhouse Gas Emissions Reduction Plan (ri.gov). However, only about 1 percent of Rhode Island motor vehicles are electric and about 10 percent of Rhode Island residential homes use electric heat. Alternative Fuels Data Center: Maps and Data - Electric Vehicle Registrations by State (energy.gov); Rhode Island Profile (eia.gov)  

The R.I. Republican Party has the following comments:

“We would like to commend the Republicans and the 13 House Democrats, who voted against this legislation. House Speaker Shekarchi represents solar developers and House Majority Leader Blazejewski represents the elite East Side of Providence. Hardworking Rhode Islanders however, will get stuck paying higher energy bills.

The cost of forcing consumers to heat their homes and drive their cars with renewable electricity is likely to be enormous. For example, the cost of installing an electric heat system can range from $19,700 to $34,200 Heating Sector Transformation in Rhode Island: Technical Support Document (ri.gov);https://www.ecori.org/climatechange/2020/4/27/930wijy3sfdsdilxhmsgxfjzpmg7wt. In some cases, it could reach as high as $50,000 to $100,000. HST Public Workshop 2-13-2020 Slides.pdf Rhode Island already gives off about second lowest amount of carbon dioxide in the country, and has about the fourth highest electric rates in the nation Rhode Island Profile (eia.gov), State Electricity Profiles - Energy Information Administration (eia.gov) Rhode Islanders should not be forced to pay billions more in energy costs to lower our state’s already low carbon dioxide levels.

Not only does this bill aim to force us to change how we live, but also how our government works. Instead of our elected representatives passing laws and being held accountable for their votes, these legislative cowards want bureaucrats to make the decisions so they can blame them when things go wrong. Things will go wrong. Government can mandate many things, but it can't mandate technological innovation. Technological innovations must be cost-effective to be useful. Before we legally obligate ourselves to do something, shouldn't we actually be sure that we can afford to do it. Rather than reaching for the stars, we may end leaping over a cliff. Look before you leap.”. ",1,1,TRUE,,,,,,,,,,
LACA,Async,75-100,NuclearAdvocacy,"Whether they’re employing thousands of Illinoisans or funding local schools, Illinois’ nuclear power plants are ensuring a brighter, cleaner future for our children. Hear from this Byron resident why #ILNeedsNuclear:.",1,1,TRUE,,,,,,,,,,
LACA,Async,75-100,AntiTax,"Inflation is already skyrocketing, and now Sen. Hickenlooper wants to put our economy, national security, and environmental progress at risk? There are hundreds of thousands of jobs at risk in Colorado alone, and a natural gas tax will be ineffective against the important issue of methane emissions. Call Sen. Hickenlooper NOW at (202) 244-5941!",1,1,TRUE,,,,,,,,,,
LACA,Async,75-100,TackleClimateChange,"𝐂𝐎𝐃𝐄 𝐑𝐄𝐃 𝐅𝐎𝐑 𝐇𝐔𝐌𝐀𝐍𝐈𝐓𝐘 | 𝟏𝟏:𝟓𝟗 𝐏.𝐌. 𝐃𝐄𝐀𝐃𝐋𝐈𝐍𝐄

The climate crisis is a CODE RED for humanity. This is our best, last chance to tackle it. We need 783 more people to speak out like Alexandria Ocasio-Cortez, Bernie Sanders and President Biden on climate change. Speak out by answering our official poll before 11:59 p.m. tonight. Tell us now: Do you support bold, urgent climate action?",1,1,TRUE,,,,,,,,,,
LACA,Async,75-100,LegislatorsMustActAgainstClimateChange,"TIME IS RUNNING OUT: Tell Governor Tom Wolf to close the loopholes in Pennsylvania’s proposed methane rules for existing oil and gas sources that leave 50% of emission unregulated. Protect our children’s health and future from the #ClimateCrisis. #CutMethane #ActOnClimate  

TAKE ACTION: http://bit.ly/PAMethaneClimate. ",1,1,TRUE,,,,,,,,,,
LACA,Async,75-100,AntiDemocraticCandidates,This Is What Disenfranchising Voters Really Looks Like. Turning Point USA Exposes The Radical Left's Plans Through The ‘Corrupt Politicians Act’ To Change & Destroy America Forever. #BigGovSucks.,1,1,TRUE,,,,,,,,,,
LACA,Async,75-100,RenewableEnergyGrowth,Fossil fuels are getting more expensive every day. It's time to invest in clean energy.,0,0,TRUE,,,,,,,,,,
LACA,Async,75-100,OilAndGasExtractionRisks,ACTION ALERT: All oil and gas federal leasing sales have been cancelled until July! Contact Congress to show support for energy production today!,0,0,TRUE,,,,,,,,,,
LACA,Async,75-100,ReduceEmissions,The California Public Utilities Commission is about to sink more money into expanding California’s gas plants and paying people to run diesel backup generators. These are not climate solutions--this will only make climate change worse!,0,1,FALSE,,1,,,,,,,,
LACA,Async,75-100,BuildBetterAct,"Huge news: The House just voted to pass the Build Back Better Act!

Thank you, Rep. Pappas, for putting New Hampshire's working families first by voting to create clean energy jobs right here and take on climate change right now.",1,1,TRUE,,,,,,,,,,
LACA,Async,75-100,NuclearEnergyBenefits,"Pennsylvania can move toward a clean energy future through #RGGI, while doing right by fossil fuel workers and their communities. Here’s how. https://bit.ly/3bmVgju.",0,0,TRUE,,,,,,,,,,
LACA,Async,75-100,ClimateChangeDonations,"Instantly double your impact to protect our planet. Thanks to the Wilson Charitable Trust, all first time donors who give $35 or more will be matched $1-for$1. Please give today.",1,1,TRUE,,,,,,,,,,
LACA,Async,75-100,RenewableEnergyInfrastructureGrowth,We need bold investments in the clean energy infrastructure that will create millions of good paying American jobs.,1,1,TRUE,,,,,,,,,,
LACA,Async,75-100,OilAndGasJobs,Oil and natural gas support jobs and community growth in California – do you know how? Take this quiz to find out!,1,1,TRUE,,,,,,,,,,
LACA,Async,75-100,NuclearEnergyEducation,"🚨🎉 Please join us in welcoming our newest staff member to the NPP team - Laila Martin Garcia, Director of Organizing

Laila’s leadership catalyzes the power of people to make positive changes in the battleground state of Pennsylvania. Previously, she was CASA Pennsylvania’s Regional Lead Organizer, where she led thousands of families to advocate for Puerto Rican equity, climate justice, and immigrant justice. In her four years in CASA PA, Laila has recruited hundreds of volunteers, registered thousands of voters, trained teams of the Latinx community to be lifelong progressive activists and expand CASA’s turf from one county in 2017 to five counties, with more than 2000 members in 2021. 

In the presidential election in 2020, Laila led the implementation of CASA Pennsylvania’s multilayered tactical approach, combining phone, text, field, relational, and digital tactics, to six key phases within the campaign: Voter Education, Voter Registration, Vote by Mail, GOTV and Voter Protection (mobilizing almost 500 “voter guardians” on election day in 5 different counties). It was this year-round organizing on issues that matter to people and grassroots electoral programs like this one that increased people of color turnout by thousands of votes in Central Pennsylvania. 

Laila Martin Garcia holds a Masters of Arts in International Relations, Security, and Development from the Autonomous University of Barcelona, focusing on non-violent movements in Southern Europe, the Middle East, and North Africa. Laila has served as program manager for human rights and anti-corruption work in Germany, Morocco, Syria, and Saudi Arabia.

Join us in welcoming Laila to the New Pennsylvania Project team by making a donation to the efforts today. We have work to do. Donate here: https://bit.ly/3rlyHCA. ",0,0,TRUE,,,,,,,,,,
LACA,Async,75-100,RestoreVirginia,"Join the fastest growing grassroots group in Virginia and learn how to FIGHT and WIN to Restore our Commonwealth!

Unless you are politically feared, you will not be politically respected.

Learn WHY this works…. Learn HOW YOU can be feared AND respected by politicians in the fight for liberty.

This is practical, no-nonsense training built around cutting-edge political strategies and tactics.

If you are tired of crony-capitalism, corporate handouts and politicians only looking out for their next re-election, this class might be for you.

If you are ready to DO something to take back power from the politicians and elites for “We The People,” you NEED to attend this class on Saturday, February 19th, 2022 in Orange, VA.

This intense one-day training covers:

The Real Nature of Politics - why just ""educating"" people alone won't result in change;
The Biggest Lie in Politics - and how the political class uses your convictions against you;
How to work effectively at the Capitol - getting a bill sponsor and a roll call vote despite the leadership; and
How to put pressure on legislators.
All of our instructors have years of experience putting these principles to work in multiple states.

Many have worked on federal, state and local campaigns, including major presidential campaigns, and successful campaigns for U.S. Senate and Congress. They know what works, and also what has been proven not to work in getting politicians to vote right.

This class will teach you how to turn your passion into effective action to advance liberty.

If you’re ready to learn how to be effective AND feared by politicians,  register for this class on Saturday, February 19th, 2022 in Orange, VA. We’ll even throw in lunch.",1,1,TRUE,,,,,,,,,,
LACA,Async,75-100,VirginiaConservativeCampaign,"Watch TPUSA LIVE Now! 

TPUSA LIVE is the unfiltered, grassroots alternative to mainstream media. Watch daily shows, live in-studio content from TPUSA HQ and weekly shows covering politics, pop-culture, sports and everything in-between. Tune in every week day starting at 5 PM ET / 2 PM PT.

Hour 1: Poplitics with Alex Clark, Freedom Seeds with Isabel Brown & Human Events with Jack Posobiec. 

Hour 2: Join us for our daily real-talk hour with Jon Root and special guests Isabel Brown, Jason Rantz, Sheriff Mark Lamb, Mason Minner, and Kiarra Mapp as they break down what’s happening across the movement.

Hour 3: Tune into Episode 2 of Federalist Papers with Morgan Zegers.",0,0,TRUE,,,,,,,,,,
LACA,Async,75-100,SouthwestGasInvestment,Big money out-of-state solar developers are trying to pull the strings in Lansing to line their own pockets – SPEAK OUT!,0,0,TRUE,,,,,,,,,,
LACA,Async,75-100,OilAndGasTax,Raising taxes on the U.S. natural gas and oil industry could put our economic recovery at risk! Call Rep. Carolyn Bourdeaux at 770-232-3005 and tell them: new taxes on U.S. energy is a BAD idea!,1,1,TRUE,,,,,,,,,,
LACA,Async,75-100,NeedQuickResponseForClimateCrisis,"Climate change has made natural disasters more frequent, threatening Michigan’s power utilities and the national energy sector. Congress must #ActNow with bold solutions for climate resilience. https://bit.ly/3DeANZ8.",1,1,TRUE,,,,,,,,,,
LACA,Async,75-100,AgencyToStopClimateChange,"Phoenix Residents: Arizona Public Service isn’t switching from dirty fossil fuels​ to clean energy fast enough. It’s worsening the climate crisis, and costing us our planet. 

Expose the cost of its dirty power at https://sc.org/dirty-truth. ",1,1,TRUE,,,,,,,,,,
LACA,Async,75-100,PoliticalActivismForRenewableEnergy,They want to shut us out of solving the climate crisis? Nope. WE ARE the climate majority. And we're raising OUR voices!,1,1,TRUE,,,,,,,,,,
LACA,Async,75-100,EconomicAdvantagesOfRenewableEnergy,"Recent power crises in TX and CA include higher prices & rolling blackouts. This proves that Virginians shouldn’t adopt their failed energy policies.
 
Thank you, Friends of Don Scott, for keeping the power crisis out of our Commonwealth by promoting reliable energy policy.",0,0,TRUE,,,,,,,,,,
LACA,Async,75-100,ChallengesFacingRenewableEnergy,"Last winter, failed energy policies caused the TX snowstorm to turn deadly & left Texans in the cold. Some special interest groups want to bring the same deregulation proposals to VA.
 
Thankfully, Friends of Don Scott is working hard to protect reliable access to affordable power.",1,0,FALSE,,0,,,,,,,,
LACA,Async,75-100,ProtectFromHarmsCausedByFossilFuels,"The oil spill off the coast of Huntington Beach, CA, has killed countless birds, fish, and other marine life and forced beach and business closures throughout the area. For their sake and the sake of our planet, we must move away from dirty fossil fuels and toward a 100% clean energy future. 

Help NRDC protect our Earth and our climate from fossil fuel destruction. Donate today>>. ",1,1,TRUE,,,,,,,,,,
LACA,Async,75-100,InroadsMadeByRenewableEnergy,"🚚 #TBT to last week’s clean transportation #ACTExpo. As a company, we’re committed to the goal of net zero GHG emissions by 2045 in both the energy we use and the energy we deliver to customers. Via link in bio, read how transportation will play a part – including decarbonizing our fleet and innovations in renewable natural gas and hydrogen. 🚛
.
.
.
#CleanTransportation #Hydrogen #RenewableNaturalGas #GHGemissions #NetZero. ",1,1,TRUE,,,,,,,,,,
LACA,Async,75-100,CallsToInvestInRenewableEnergy,North Carolinians deserve climate action to prevent further harm from the worsening climate crisis. Participation in a regional program to cut carbon pollution is North Carolina’s chance to lead in the nation.,0,1,FALSE,,1,,,,,,,,
LACA,Async,75-100,PoliticalActivismForOilAndGas,Gas shortages on the East Coast have helped rally Congressional opposition to the portions of President Joe Biden’s infrastructure plan that would force oil and gas companies to pay more in taxes.,1,1,TRUE,,,,,,,,,,
LACA,Async,75-100,SupportForRenewableEnergy,"Huge news: The House just voted to pass the Build Back Better Act!

Thank you, Rep. Kildee, for putting Michigan's working families first by voting to create clean energy jobs right here and take on climate change right now.",1,1,TRUE,,,,,,,,,,
LACA,Async,75-100,SupportForOilAndGas,Raising taxes on the U.S. natural gas and oil industry could put our economic recovery at risk! Call Rep. Sharice Davids at 913-766-3993 and tell them: new taxes on U.S. energy is a BAD idea!,1,1,TRUE,,,,,,,,,,
LACA,Async,75-100,DonateToSupportClimateChangeActivism,"Donate now and have your impact doubled with a generous $1-for-$1 match. 

As we take a fresh breath of relief with new leadership in Washington, we look ahead towards ambitious climate action and a more sustainable future. Help us make real change today.",1,1,TRUE,,,,,,,,,,
LACA,Async,75-100,InroadsMadeByOilAndGas,Learn about what your neighbors who work in the oil & natural gas industry are achieving & the contributions they’re making.,1,1,TRUE,,,,,,,,,,
LACA,Async,75-100,EconomicAdvantagesOfOilAndGas,"Since 2015, the oil and natural gas industry has supported over 200,000 jobs. Tomorrow, the jobs we create will help grow communities. In fact, everything the oil and natural gas industry is doing today is about Colorado’s tomorrow.",1,1,TRUE,,,,,,,,,,
LACA,Async,75-100,SupportForBuildBackBetterAct,"Huge news: The House just voted to pass the Build Back Better Act!

Thank you, Rep. Ruiz, for putting California's working families first by voting to create clean energy jobs right here and take on climate change right now.",1,1,TRUE,,,,,,,,,,
LACA,Async,75-100,SupportForNuclearEnergy,"The future of our air, our public health and our state depends on nuclear energy. Like our page to support Maryland's largest source of carbon-free energy.",1,1,TRUE,,,,,,,,,,
LACA,Async,75-100,EconomicAdvantagesOfNuclearEnergy,"As we follow the nations convening at COP26, it is clear that we must work together for an energy future that benefits all, while supporting safe, reliable nuclear energy generation. Learn more about nuclear power's irreplaceable role in our clean energy future: https://bit.ly/3m1YRJH.",0,0,TRUE,,,,,,,,,,
LACA,Async,75-100,InroadsMadeByNuclearEnergy,"On the path to net zero, we need advocates who are ready to speak up against pollution – and for innovative solutions. Join us to support nuclear power’s pivotal role in combating the climate crisis.",0,1,FALSE,,0,,,,,,,,
LACA,Sync,0-25,GoBold,"In the face of climate change - which thermostat keeps its cool?
ONCE Thermostat is left on screen: Change Michigan for the better. One degree at a time.",0,0,TRUE,,,,,,,,,,
LACA,Sync,0-25,GoBold,#BREAKING: This agreement with funds and other accounts managed by Ares Management Corporation’s Infrastructure and Power strategy will help Apex take the next step in our mission to accelerate the shift to clean energy and will enable us to increase our impact on the energy transition—an objective that grows more urgent with each passing day. Read more:.,0,0,TRUE,,,,,,,,,,
LACA,Sync,0-25,DemandClimateActionFromLeaders,"In the past decade, Virginia experienced 40 extreme weather events, costing up to $10B in damages. The #BuildBackBetterAct would provide opportunities for Virginia to protect itself against the effects of climate change, while building clean energy and manufacturing jobs and putting money back in the pockets of working families. More: https://wapo.st/3IFFGi5.",0,1,FALSE,,1,,,,,,,,
LACA,Sync,0-25,DemandClimateActionFromLeaders,"If we want to solve the climate crisis, women must have an equal seat at the table. This #InternationalWomensDay, we’re recognizing incredible activists around the world who are doing their part to fight for climate justice.",0,0,TRUE,,,,,,,,,,
LACA,Sync,0-25,PublicLandExploitation,"Do you know whose lands you inhabit right now? The United States government has borders and delineations that the average American knows - but that is only one type of map. Check out https://native-land.ca/ where you can search your location, and see who originally inhabited the land you are now on. You can also search by language as well! Whose lands are you on today? Let us know in the comments:

#listentolearn
#nativeamericans
#NODAPL
#indigenoushistory
#nativeamericanroots
#indigenousunited
#indigenouspeople
#SAGE
#SRST
#SAGESRST
#climatejustice
#Renewableenergy
#Windenergy
#SayYestoWind 
#indigenoussovereignty. ",1,1,TRUE,,,,,,,,,,
LACA,Sync,0-25,PublicLandExploitation,There are no laws punishing producers for oil and fracking related spills even when most are preventable.,0,1,FALSE,,1,,,,,,,,
LACA,Sync,0-25,BellbrookWokeRadicals,"Have you had to pay more for gas, groceries, or other essential goods and services due to inflation?",0,0,TRUE,,,,,,,,,,
LACA,Sync,0-25,BellbrookWokeRadicals,Dominion Energy wants to stop people from speaking about the company’s plan to impose extra fees on South Carolina residents who use solar power to save money.,0,0,TRUE,,,,,,,,,,
LACA,Sync,0-25,ClimateEmergency,Shorter winters and higher temperatures are making some activities more risky.,1,1,TRUE,,,,,,,,,,
LACA,Sync,0-25,ClimateEmergency,"DID YOU KNOW? Nearly 7 in 10 voters believe Congress should invest in thousands of good-paying clean energy jobs, tackle the climate crisis, and build a more fair and just economy by passing the Build Back Better Act. Sign on if you agree!",0,0,TRUE,,,,,,,,,,
LACA,Sync,0-25,GreenEnergyCreatesJobs,Existing CCUS technology can help us start producing net-negative oil now for clearer air tomorrow. Why wouldn’t we act now? Learn more:.,0,0,TRUE,,,,,,,,,,
LACA,Sync,0-25,GreenEnergyCreatesJobs,"The Keystone Pipeline is officially dead. 😢

Did you know pipelines are by far the safest, most efficient, AND most environmentally friendly way to transport the energy we need? This article explains:. ",0,0,TRUE,,,,,,,,,,
LACA,Sync,0-25,RestoreVirginia,Nuclear carbon-free energy is critical to achieving zero-carbon targets and economic growth across the Carolinas. Learn more about why we must continue supporting this reliable energy source to reach a clean energy future.,0,0,TRUE,,,,,,,,,,
LACA,Sync,0-25,RestoreVirginia,"During the second CEJA Lobby Day of 2019, Rev. Mike Atty said some powerful words that still ring true today.",0,0,TRUE,,,,,,,,,,
LACA,Sync,0-25,AbandonedWells,Juniper trees usually thrive in Arizona's arid climate. The drought is killing them.,0,0,TRUE,,,,,,,,,,
LACA,Sync,0-25,AntiFossilFuelInfrastructure,Dominion has overcharged Virginia customers by over $1 billion and now it has the audacity to demand a profit increase—an increase that could raise your energy bills. Dominion Energy faces NO competition; it should charge a fair price. Regulators are taking a hard look right now at what Dominion charges for electricity and they need to hear from you. Dominion has made enough money off of us.,0,0,TRUE,,,,,,,,,,
LACA,Sync,0-25,VirginiaConservatives,"Many Arizonans, can’t afford an abortion and struggle to access a clinic. Abortion bans and restrictions force people to continue pregnancies, often without access to maternal healthcare. We all deserve the power, resources, and support we need to thrive!  Learn more.",0,0,TRUE,,,,,,,,,,
LACA,Sync,0-25,CelebrateBuildBackBetter,Thank Senators Stabenow and Peters for fighting for farm families and a healthier environment for birds and people. The Growing Climate Solutions Act is the first step toward raising farmer income while reducing carbon emissions. Sign up today to show your support!,0,0,TRUE,,,,,,,,,,
LACA,Sync,0-25,GreenEnergyIsCostEffective,"This Earth Day, we recognize the importance of bringing sustainability in the built environment to the forefront. The cement and concrete industry is committed to reducing carbon emissions and building a sustainable future. 

Find out more about our carbon neutrality plan at shapedbyconcrete.com.",0,0,TRUE,,,,,,,,,,
LACA,Sync,0-25,TellRepToNotRaiseOilGasTaxes,"First, DC liberals spent trillions of our dollars. Now, Americans are facing record inflation and are paying more for gas and groceries. Their plan now: Nancy Pelosi and her liberal allies are pushing for new tax hikes and another socialist healthcare plan.
 
Click below and sign up to tell Ed Perlmutter enough is enough.",1,1,TRUE,,,,,,,,,,
LACA,Sync,0-25,GreenEnergyCapacity,What do farm animals and trash have in common? They are both sources of renewable natural gas.,1,0,FALSE,,1,,,,,,,,
LACA,Sync,0-25,CleanOilAndGas,"What is the Clean Energy Connection, and how can it help make your upcoming home improvement project go as smoothly as possible? Learn how to find a trusted contractor with the Clean Energy Connection.",0,0,TRUE,,,,,,,,,,
LACA,Sync,0-25,GreenEnergySupportsCommunities,"Birds need your help. Join Audubon as we fight to stop massive giveaway of public lands in Alaska that are home to three national parks and five wildlife refuges. We need to preserve traditional land uses and conserve wildlife habitat, not destroy it.",0,0,TRUE,,,,,,,,,,
LACA,Sync,0-25,CutMethane,"If we don’t make drastic changes nearly half of the world’s species could disappear by the end of the century. Donate now so we can take the fossil fuel industry to court and protect biodiversity before it’s too late.

Until midnight on June 30th, all gifts will be TRIPLED to help take on the critical environmental legal battles ahead.",0,0,TRUE,,,,,,,,,,
LACA,Sync,0-25,CommerceCityDemocrats,"PSCI 3002-001: Politics in the Black Community still has a few spots left for the Fall 2021 semester! Thursdays from 5:30-8:20pm. 

This course critically analyzes how social movements including Civil Rights, Black Power, #BlackLivesMatter, and others addressed the political and economic status of the Black Community.

For more: https://bit.ly/3xkDDJ9. ",0,0,TRUE,,,,,,,,,,
LACA,Sync,0-25,DonationMatchingForClimate,"⚠️GIFT MATCH ALERT⚠️

Save Bees and Our Food Supply! 🐝🍎

1 in every 3 bites of food we eat depends on bees and other pollinators!
But rampant toxic pesticide use, climate change, and habitat loss are killing bees, which could lead to food scarcity that would hit low-income communities and communities of color especially hard. NRDC is fighting to protect bee populations and secure the future of our food supply. We need your help before the year ends.

Make your tax-deductible gift before 12/31 and help save pollinators.",1,1,TRUE,,,,,,,,,,
LACA,Sync,0-25,OilAndGasSupportJobs,"On July 28, one of our drivers reported #oiltheft at Frank's Pizza & Restaurant in Sparta, NJ, where this Buffalo Biodiesel vat had been broken into and robbed by thieves, who left it in the condition shown here. Buffalo Biodiesel recycles the used cooking oil to make energy-efficient biofuel—instead, it’s being targeted by interstate organized crime groups for illegal profit. If you witness or have information about an oil theft at one of our vats, please call 911 and then report the theft to us at 1-800-721-1427.
Daily Voice Morris And Sussex County News 12 New Jersey  NorthJersey.com  The Star-Ledger  NJ.com  NJ Spotlight News  ABC7NY  CBS New York  Daily Record. ",0,0,TRUE,,,,,,,,,,
LACA,Sync,0-25,HazardsOfWells,"As we head outside this summer, understanding how electricity works can keep you and your loved ones safe. Learn more and remember to contact your local utility or PPD for more information.",0,0,TRUE,,,,,,,,,,
LACA,Sync,0-25,ThankRepForBuildBackBetter,"Huge news: The House just voted to pass the Build Back Better Act!

Thank you, Rep. Titus, for putting Nevada's working families first by voting to create clean energy jobs right here and take on climate change right now.",1,1,TRUE,,,,,,,,,,
LACA,Sync,0-25,NuclearEnergyProvidesTaxRevenue,"📺📺 WATCH: Join our interview with Bud Albright, CEO at the U.S. Nuclear Industry Council.

He is the former Under Secretary of the U.S. Department of Energy. In that role, as the third most senior official at DOE, he provided leadership for energy and environment programs, including: energy research and development; demonstration and deployment; environmental cleanup; legacy management and radioactive waste management, all with a total budget of nearly $15 billion. 

Albright was appointed by President Bush and was unanimously confirmed by the U.S. Senate.

To celebrate National Nuclear Science Week, we are interviewing 4 top experts in the field.

Tune in for this one and check out our schedule for the others!",0,0,TRUE,,,,,,,,,,
LACA,Sync,0-25,BellbrookTaxRevolt,"Average Gas Price Per Gallon:
-CA: $4.16 (highest in the country)
-National: $3.04

Another gas tax will take effect July 1...
#GasIsTooDamnHigh ⛽️. ",0,0,TRUE,,,,,,,,,,
LACA,Sync,0-25,NuclearRevenueSupportsJobs,"ICYMI - Even as premature closures loom, the nuclear plants in our state continue to break records.",0,0,TRUE,,,,,,,,,,
LACA,Sync,0-25,OilAndGasProvidesWages,"🇮🇱 Zion Oil & Gas on your TV *tomorrow night*

Zion Oil & Gas will be highlighted on ""Insights: Israel & The Middle East"" broadcast on TBN Thursday Night (June 24) at 9:30p ET / 8:30p CT / 7:30p MT / 6:30p PT.

Learn more: https://www.zionoil.com/updates/zion-oil-gas-on-your-tv-thursday-night-june-24/. ",0,0,TRUE,,,,,,,,,,
LACA,Sync,0-25,ClimateChangeMovements,"📣📣 Our voting rights are under attack! 📣📣

Join us for our community roundtable & training to discuss and learn about the voter suppression battles we are facing in Arizona & across the nation. 🗳

We have seen legislation that creates intentional barriers, such as discriminatory voter ID laws and even illegally purging voters from the rolls! We have had enough & we will continue to challenge oppressive forces that intend to silence us!👏🏿👏🏾👏🏽

In this first training, we will learn about voter purging and how it affects our communities, the fundamentals of registering to vote, and how to mobilize voters to protect their voting rights. 🗳 

Join us on April 23rd at 6 PM to learn, take action, and organize with us in this collective fight to protect the power of our vote. ✊🏽✊🏾✊🏿

RSVP: https://www.mobilize.us/ovovaz/event/383781/ 🌟. ",0,0,TRUE,,,,,,,,,,
LACA,Sync,0-25,BuildBackBetterActCampaign,"On July 20, our driver also reported #oiltheft at Kelley's Creamery in in Dover Plains, NY, where this Buffalo Biodiesel vat had been broken into and robbed—one of two #oilthefts in Dover Plains that same day. Buffalo Biodiesel recycles the used cooking oil to make environmentally sustainable biofuel, but organized crime groups are intentionally targeting our ""Ma and Pa"" suppliers across state lines. Please report any information to New York State Police  and help us stop this rising wave of rampant oil theft.
Poughkeepsie Journal  Poughkeepsie Journal Media Daily Freeman  News 12 Hudson Valley  Spectrum News 1 Hudson Valley  ABC7NY  CBS New York Organized Crime and Corruption Reporting Project The New York Times New York Post. ",0,0,TRUE,,,,,,,,,,
LACA,Sync,0-25,ClimateChangeDonations,"If you’ve ever considered making a monthly donation to Mercy Corps, now is the time to do it. When you become a monthly giver today, a generous donor will match your monthly commitment 12 times, up to $50,000!

Monthly donors help sustain the long-term work that is at the core of our mission. They allow us to go beyond quick-fixes and invest in programs that get to the heart of hunger, poverty, and instability due to climate change. Become a monthly donor today.",1,1,TRUE,,,,,,,,,,
LACA,Sync,0-25,OilAndGasTaxesBad,"CALL Susie Lee: 702-963-9336 and tell them to oppose Pelosi’s socialist spending spree.

❌ Largest tax increase in more than 50 years

❌ Higher taxes on millions of small businesses

❌ Decreased wages and household income

❌ Rising costs for household goods like gas & groceries. ",1,0,FALSE,,0,,,,,,,,
LACA,Sync,0-25,CallToActionAgainstOilAndGasIndustries,Why should Democrats support Emergency Powers Reform? For the same reason Republicans and everyone else should. What you need to know is in this quick video! #EmergencyPowers.,0,0,TRUE,,,,,,,,,,
LACA,Sync,0-25,RenewableEnergyPromotionAndGrowth,"America is recovering from this pandemic, but we can’t take our foot off the gas now. The American Jobs Plan will fix 2,260 miles of Georgia roads create millions of good-paying jobs, and expand access to clean drinking water. Brighter days are ahead -- for all of us.",0,0,TRUE,,,,,,,,,,
LACA,Sync,0-25,CarbonEmissionReduction,"The future of our community, our jobs, our environment, and more depend on the future of Line 5. Find out how and join us. Sign the petition - https://actionnetwork.org/petitions/enbridge-line-5?source=TRCSocial.",0,0,TRUE,,,,,,,,,,
LACA,Sync,0-25,CleanEnergyPromotion,"As part of our #ResponsibleEnergyPlan announced in January 2020, our clean energy transition also includes lowering our wholesale rates. Today, we announced an immediate 2% wholesale rate decrease for our utility members, with another 2% wholesale rate decrease in 2022. The wholesale rate decrease was included as part of our processes with our rate regulator, the Federal Energy Regulatory Commission, and requires its approval. Read more at https://tristate.coop/tri-state-reduce-wholesale-rates-ferc-settlement.",1,1,TRUE,,,,,,,,,,
LACA,Sync,0-25,OilAndGasBoostEconomy,"After postponing last year’s show – the first disruption since World War II – because of the COVID-19 pandemic, the Permian Basin International Oil Show will open its gates Oct. 19-21.

https://www.mrt.com/oilreport_specialedition/article/Oil-Show-organizers-ready-welcome-back-industry-16543654.php. ",0,0,TRUE,,,,,,,,,,
LACA,Sync,0-25,RenewableEnergyEconomicBenefits,"Heads up AZ!

Funding from the Bipartisan Infrastructure Law will help supply water to 200,000 AZ families every year.

Thanks, President Biden!",0,0,TRUE,,,,,,,,,,
LACA,Sync,0-25,BuildBackBetterActPassed,"Let's Make Sure No Democrat Has The Power To Mask Our Kids! 
 
Help Republican Governors Fight Back Right Now >>>. ",0,0,TRUE,,,,,,,,,,
LACA,Sync,0-25,PoliticalTraining,Critical Race Theory is brainwashing our kids into hating our country. Should it be taught in school?,0,0,TRUE,,,,,,,,,,
LACA,Sync,0-25,LawmakersAndOilAndGas,"The condition of Michigan’s roads is better than had been projected for 2021. They would be in even better shape roads if Gov. Gretchen Whitmer hadn’t cut road spending after the Legislature refused to enact a major gas tax hike she had proposed. The governor also authorized $800 million in road repair debt, repayment of which will reduce money available for future repairs.",0,1,FALSE,,1,,,,,,,,
LACA,Sync,0-25,NuclearPowerOtherBenefits,"Ever wonder what's it's like to work in nuclear power?

Dorothy Wallheimer, a content manager from Exelon Generation and former site manager of Byron Station, took over our Facebook page last week to share her experience.

Find out what she had to say:. ",1,1,TRUE,,,,,,,,,,
LACA,Sync,0-25,PropertyTaxCampaign,"As we head outside this summer, understanding how electricity works can keep you and your loved ones safe. For #NationalElectricalSafetyMonth here are some tips to learn more and remember to contact your local utility or PPD for more information.",0,0,TRUE,,,,,,,,,,
LACA,Sync,0-25,RightWingCampaigns,"Democrats raised the debt limit by another $2.5 trillion this week at a time when inflation is at a 40 year high.

Kansans are struggling to afford everyday goods this holiday season due to the Democrats’ failed economic policies.",1,1,TRUE,,,,,,,,,,
LACA,Sync,0-25,NuclearPowerEconomicBenefits,"""Greater love hath no man than this, that a man lay down his life for his friends.""    John 15:13

Oil & Gas Workers Association remembers and honors all who gave the ultimate sacrifice in service to our great nation. 

Enjoy a safe and happy Memorial Day Weekend.

God bless you! God bless America!

ogwaUSA.com. ",0,0,TRUE,,,,,,,,,,
LACA,Sync,25-50,GoBold,"""One way or another, our future will look very different from today: either we’ll be running our society on clean energy, or we’ll be enduring wave after wave of disasters."". ",0,0,TRUE,,,,,,,,,,
LACA,Sync,25-50,GoBold,"Senator Lisa Murkowski, climate change is impacting Alaskans. The time to act is now.

Alaskans want bold climate action. Visit bit.ly/AlaskaClimateAction to say so.

#TimeIsNow #AlaskaClimateAction #ClimateChange. ",0,0,TRUE,,,,,,,,,,
LACA,Sync,25-50,DemandClimateActionFromLeaders,"𝐏𝐫𝐞𝐬𝐢𝐝𝐞𝐧𝐭 𝐁𝐢𝐝𝐞𝐧: “𝐈𝐟 𝐲𝐨𝐮𝐫 #𝟏 𝐢𝐬𝐬𝐮𝐞 𝐢𝐬 𝐜𝐨𝐬𝐭 𝐨𝐟 𝐥𝐢𝐯𝐢𝐧𝐠, 𝐭𝐡𝐞 #𝟏 𝐩𝐫𝐢𝐨𝐫𝐢𝐭𝐲 𝐬𝐡𝐨𝐮𝐥𝐝 𝐛𝐞 𝐬𝐞𝐞𝐢𝐧𝐠 𝐂𝐨𝐧𝐠𝐫𝐞𝐬𝐬 𝐩𝐚𝐬𝐬 𝐭𝐡𝐞𝐬𝐞 𝐛𝐢𝐥𝐥𝐬.”

🚨🚨𝟏𝟎,𝟎𝟎𝟎 𝐫𝐞𝐬𝐩𝐨𝐧𝐬𝐞𝐬 𝐧𝐞𝐞𝐝𝐞𝐝 𝐛𝐲 𝐦𝐢𝐝𝐧𝐢𝐠𝐡𝐭!🚨🚨 

Congress passed the infrastructure bill, but they can't stop there. They must finish the job by passing the most significant climate bill in HISTORY: The Build Back Better Act. This is our last, best chance to tackle the climate crisis while creating millions of good-paying jobs and lowering costs for families. 

We can’t wait – we need 10,000 climate activists to join President Biden to demand climate action, but your vote is still missing and we’re still 1,742 votes short. Tell us now: 𝐃𝐨 𝐲𝐨𝐮 𝐬𝐮𝐩𝐩𝐨𝐫𝐭 𝐭𝐡𝐞 𝐦𝐨𝐬𝐭 𝐬𝐢𝐠𝐧𝐢𝐟𝐢𝐜𝐚𝐧𝐭 𝐜𝐥𝐢𝐦𝐚𝐭𝐞 𝐛𝐢𝐥𝐥 𝐢𝐧 𝐡𝐢𝐬𝐭𝐨𝐫𝐲?",1,1,TRUE,,,,,,,,,,
LACA,Sync,25-50,DemandClimateActionFromLeaders,"While the climate crisis is causing longer droughts in Texas, it's negatively impacting every part of our country. In Pennsylvania, we see more intense flooding. It's critical that we take action and invest in renewable energy sources before hazardous climate events get worse.",1,0,FALSE,,1,,,,,,,,
LACA,Sync,25-50,PublicLandExploitation,California's poor energy policy decisions are about to wreak havoc on other states in the West. A new ruling allows California to hijack power Arizona was already contracted to receive 😖.,0,0,TRUE,,,,,,,,,,
LACA,Sync,25-50,PublicLandExploitation,"Take the poll:  https://bit.ly/34w9wFZ
A handful of politicians in Augusta are planning to forcibly seize Maine’s power grid through eminent domain. How do you feel about the plan?",0,0,TRUE,,,,,,,,,,
LACA,Sync,25-50,BellbrookWokeRadicals,"click' is the scariest sound you will ever hear and running out of ammunition means you lose in both politics and gun fights.

The Anti-Gun Nuts must be stopped in November.

The Radical Far-Left Gun Grabbers make no bones about it...they want your guns.

And unless you act, the 2nd Amendment will be gutted in Virginia.

The Virginia Gun Rights Task Force is working hard to rip the Richmond Radicals from power, will you arm us for the fight?

We have many candidates lined up for the 2021 State Election, and with your ammunition we will win.

Will you donate $100, $50 or even $25 to help our election efforts?

If so please click here to stop the march of the gun grabbers.

https://donorbox.org/virginia-gun-rights. ",0,0,TRUE,,,,,,,,,,
LACA,Sync,25-50,BellbrookWokeRadicals,"The “infrastructure plan” coming from Washington D.C. includes funding for new commuter rail lines nationally. Some politicians in Concord and Washington plan to use these funds to build a new capital corridor line from Massachusetts to Concord. If built, this will cost Granite State taxpayers $11 million or more in annual operation and management costs.

To pay for these costs, the Department of Transportation suggests new taxes on Granite Staters, including:

-A new $5 vehicle registration fee,

-Increasing property taxes $15.7 million statewide,

-The diversion of 5% of state lottery revenue away from our schools, or

-Hiking gas taxes on those that can least afford the increase.

According to the NHDOT final report on the Nashua-Manchester commuter rail project, “[m]ost state transit  funding  comes  from  General  Fund  appropriations  or  through  traditional  taxes  and  fees, such  as  motor  fuel  taxes,  sales  taxes, and  vehicle  fees.”

We need your help to let lawmakers know that New Hampshire rejects this commuter rail subsidy boondoggle. Sign our petition to help protect Granite Staters from reckless tax increases and subsidies!",0,0,TRUE,,,,,,,,,,
LACA,Sync,25-50,ClimateEmergency,"Floods are happening more often, and they're getting worse. Climate change is already a factor in dangerous, extreme weather. In Florida, we're experiencing intensifying storms. Without a transition to a clean energy future, hazardous climate events may get worse.",1,1,TRUE,,,,,,,,,,
LACA,Sync,25-50,ClimateEmergency,These aren’t just wildfires — they’re a sign that our planet is heating up and becoming more dangerous.,1,1,TRUE,,,,,,,,,,
LACA,Sync,25-50,GreenEnergyCreatesJobs,"Welcome, welcome. Happy Meme Wednesday! 

On a more serious note, cyber security and our nation's energy independence is an important topic, read more:  https://on.wsj.com/3wyaBWx 

#memes #funnymemes 
#happyhungergames #hungergames #zoolander #oprah #humpday #wednesdaywisdom #greenenergy #resourcedevelopment #cybersecurity #energy. ",0,0,TRUE,,,,,,,,,,
LACA,Sync,25-50,GreenEnergyCreatesJobs,"America can compete with China if we invest in clean energy, but unless we change, we will fall behind.",0,0,TRUE,,,,,,,,,,
LACA,Sync,25-50,RestoreVirginia,"🚨BREAKING FROM CNN: HOPES FOR DC STATEHOOD RISE WITH DEMOCRATS BACK IN POWER 🚨

This is HUGE. If DC becomes our 51st state, we would add TWO Democrats to the U.S. Senate!

Our Democratic Majorities would be locked in for years to come!

𝐁𝐮𝐭 𝐰𝐞 𝐧𝐞𝐞𝐝 𝐚 𝐬𝐮𝐫𝐠𝐞 𝐨𝐟 𝟑𝟓,𝟎𝟎𝟎 𝐬𝐢𝐠𝐧𝐚𝐭𝐮𝐫𝐞𝐬 𝐛𝐲 𝟗𝐀𝐌 𝐭𝐨𝐦𝐨𝐫𝐫𝐨𝐰 𝐭𝐨 𝐦𝐚𝐤𝐞 𝐖𝐚𝐬𝐡𝐢𝐧𝐠𝐭𝐨𝐧, 𝐃.𝐂. 𝐚 𝐬𝐭𝐚𝐭𝐞.

This is Mitch McConnell’s worst nightmare! He’s working as hard as he can to BLOCK D.C. Statehood!

So we need your help right away: 𝐒𝐢𝐠𝐧 𝐭𝐡𝐞 𝐩𝐞𝐭𝐢𝐭𝐢𝐨𝐧 𝐭𝐨 𝐦𝐚𝐤𝐞 𝐖𝐚𝐬𝐡𝐢𝐧𝐠𝐭𝐨𝐧, 𝐃.𝐂. 𝐨𝐮𝐫 𝟓𝟏𝐬𝐭 𝐬𝐭𝐚𝐭𝐞 𝐧𝐨𝐰 >>. ",0,0,TRUE,,,,,,,,,,
LACA,Sync,25-50,RestoreVirginia,"We’re seeking Mercy Corps donors who are ready to commit a monthly gift to sustain our life-changing work in 2022. Start your monthly donation to help provide steady support for 5,400 team members who are making life safer, healthier, and more prosperous for millions of people worldwide.

Stephen, age 30, provides for his five children through farming, which is being made increasingly difficult in Uganda by climate-driven drought and flooding. After training with Mercy Corps to learn drought-resistant farming techniques, Stephen and his neighbors worked together to grow maize, increase their yields, and strengthen their ability to manage the impacts of climate change on their livelihoods.",0,0,TRUE,,,,,,,,,,
LACA,Sync,25-50,AbandonedWells,"President Biden urges OPEC to raise output, and the American oil industry is not pleased. ""You'd think the first place you would go would be American producers, rather than OPEC, which literally held this country hostage for decades because they were our top supplier,"" API President Mike Sommers told CNN Business.

https://www.cnn.com/2021/08/13/business/gas-prices-biden-opec/index.html. ",0,0,TRUE,,,,,,,,,,
LACA,Sync,25-50,AntiFossilFuelInfrastructure,"Ethanol was pitched as a pathway to energy independence and reduced greenhouse gases. But after billions in subsidies, the biofuels industry has little to show for it.

Time to stop funding false climate solutions.",1,0,FALSE,,1,,,,,,,,
LACA,Sync,25-50,VirginiaConservatives,"SB246 will help Coloradans upgrade to new appliances, furnaces, and water heaters that keep their bills low and air clean.

By helping customers who want to make this switch, Colorado can provide better service for lower costs to all customers and create new family-sustaining jobs.",0,0,TRUE,,,,,,,,,,
LACA,Sync,25-50,CelebrateBuildBackBetter,"Addressing the climate crisis means finding solutions for everyone: from care workers on the front lines to the working people who will rebuild our infrastructure. We can’t afford half measures. 

Join us in thanking Representative Underwood for championing the Build Back Better agenda.",1,1,TRUE,,,,,,,,,,
LACA,Sync,25-50,GreenEnergyIsCostEffective,"🏡 Home sizes may be increasing but residential emissions are dropping. Residential natural gas customers use half as much #energy today as they did in 1970, thanks to #natgas utilities’ commitment to investing in efficient energy. Learn more.",1,0,FALSE,,1,,,,,,,,
LACA,Sync,25-50,TellRepToNotRaiseOilGasTaxes,"CALL Jared Golden: (207) 249-7400 and tell them to oppose Pelosi’s socialist spending spree.

❌ Largest tax increase in more than 50 years

❌ Higher taxes on millions of small businesses

❌ Decreased wages and household income

❌ Rising costs for household goods like gas & groceries. ",1,1,TRUE,,,,,,,,,,
LACA,Sync,25-50,GreenEnergyCapacity,"This World Environment Day reminds us of the importance of building a sustainable future. The cement and concrete industry is committed to achieving carbon neutrality by 2050. 

Learn more about how we can achieve this goal at shapedbyconcrete.com. ",0,0,TRUE,,,,,,,,,,
LACA,Sync,25-50,CleanOilAndGas,Can motor oil help tackle climate change? See how collaboration helped make the world's top-selling truck more eco-friendly.,1,1,TRUE,,,,,,,,,,
LACA,Sync,25-50,GreenEnergySupportsCommunities,"Fall is here and cooler weather is around the corner. Check out how you can rely on natural gas, produced right here in Colorado, during cold-weather months, and every day: https://www.cred.org/natural-gas-oil-uses/.",0,0,TRUE,,,,,,,,,,
LACA,Sync,25-50,CutMethane,"Take action now! Colorado’s Air Quality Commission must strengthen standards to directly regulate pollution from oil and gas well sites near our homes, schools, and workplaces. Take action right away to urge AQCC to require regular leak detection, aerial pollution monitoring and other innovative technologies that are ready and verifiable now. This decision-making process is happening fast, so please take a minute right now to make your voice heard.",0,0,TRUE,,,,,,,,,,
LACA,Sync,25-50,CommerceCityDemocrats,"Colorado's energy industry is a model for the nation: Our state's strict oil and natural gas regulations are among the toughest 💪 in the country, while ensuring all Coloradans have the energy ⚡️ they need all year long. See how our regulations make it happen: https://www.cred.org/explore/is-fracking-regulated/.",0,0,TRUE,,,,,,,,,,
LACA,Sync,25-50,DonationMatchingForClimate,"⚠️GIFT MATCH ALERT⚠️

Save Bees and Our Food Supply! 🐝🍎

1 in every 3 bites of food we eat depends on bees and other pollinators!
But rampant toxic pesticide use, climate change, and habitat loss are killing bees, which could lead to food scarcity that would hit low-income communities and communities of color especially hard. NRDC is fighting to protect bee populations and secure the future of our food supply. We need your help before the year ends.

Make your tax-deductible gift before 12/31 and help save pollinators.",1,0,FALSE,,0,,,,,,,,
LACA,Sync,25-50,OilAndGasSupportJobs,"When our neighbors need us, #natgas utility workers are always ready to step in —24/7/365. #FuelingOurCommunities.",0,0,TRUE,,,,,,,,,,
LACA,Sync,25-50,HazardsOfWells,NIPSCO is storing coal ash on the shores of Lake Michigan. This toxic substance can cause cancer and other serious health problems.,0,0,TRUE,,,,,,,,,,
LACA,Sync,25-50,ThankRepForBuildBackBetter,"Thank Representative Delgado for putting our communities first.

When it comes to responding to the climate crisis, we can all be part of the solution. From protecting care workers to investing in climate change defenses, we are calling on our leaders in one voice to pass the Build Back Better agenda.",1,1,TRUE,,,,,,,,,,
LACA,Sync,25-50,NuclearEnergyProvidesTaxRevenue,"These mothers say it best: to reach net-zero, we need nuclear power working in tandem with renewables like wind, solar and hydro. Learn why Mothers for Nuclear thinks it’s necessary to keep nuclear energy in our nation’s power supply. https://bit.ly/2TGi9p4.",0,0,TRUE,,,,,,,,,,
LACA,Sync,25-50,BellbrookTaxRevolt,"Our children deserve the best possible future. To give them that, we must fight climate change. Sign up to take action today.",0,0,TRUE,,,,,,,,,,
LACA,Sync,25-50,NuclearRevenueSupportsJobs,Nuclear power plants in Montana would provide reliable power and thousands of clean energy jobs. Show your support by liking our page today.,1,1,TRUE,,,,,,,,,,
LACA,Sync,25-50,OilAndGasProvidesWages,Check out the Illinois Petroleum Resources Board's website to learn more about the importance of the Illinois oil production industry and how oil and natural gas are essential to our everyday lives.,0,1,FALSE,,1,,,,,,,,
LACA,Sync,25-50,ClimateChangeMovements,"Your legislator was a champion for Colorado’s rivers this legislative session! That means a stronger economy, better resiliency in the face of climate change, and restoring our rivers. Show your support for our rivers by signing our card today!",1,0,FALSE,,1,,,,,,,,
LACA,Sync,25-50,BuildBackBetterActCampaign,"Great news for Texas Public School accountability! 

The legislature makes it crystal clear that they are putting Texas students FIRST, by restoring the states A thru F school rating system by passing my SB 1365 in the Senate 20-11 with bipartisan majority overturning a horrible 3rd Court of Appeals ruling! SB 1365 strikes a balance between local control and state accountability by clarifying statutory requirements for low preforming and failing schools. Once again Texas Education Agency can investigate low performing school systems, and do interventions down to a campus level.

For HISD Board of Trustees it means that their decisions can be overruled by the existing district Conservator, and TEA will have the subpoena power to investigate waste, fraud, and abuse in the school system for the 1st time. (That was from another of my bills SB 215)

Thanks to Lt Gov Patrick, Chair's Taylor and Dutton, plus House sponsor Dan Huberty! What the legislature is doing is restoring all the reforms that have been made in the Public Education system for the last 4 years.

SB 1365 ensures students get a quality education and don’t have to stay at a school that is failing improvement requests, year after year with no accountability. It is a very important bill for students, parents and ISDs in Texas not just Houston ISD where issues have existed for nearly a decade..

The bill heads to Gov Abbotts desk for his signature.... Sen PB

See more in PR here: http://bit.ly/34vnmp2. ",0,0,TRUE,,,,,,,,,,
LACA,Sync,25-50,ClimateChangeDonations,"Instantly triple your impact to protect our planet. Thanks to a long-time EDF supporter, all donations will be matched $2-for-$1. Please give today.",1,1,TRUE,,,,,,,,,,
LACA,Sync,25-50,OilAndGasTaxesBad,"Did you know the United States imported a record 5.75 million barrels of Russian crude oil in May? In June, imports are expected to pass the 7 million mark. While American politicians take steps to curb U.S. oil production, we are being forced to rely on OPEC countries to supply the fuel to power our lives. Forsaking American energy for Russian crude oil is a recipe for economic disaster.",0,0,TRUE,,,,,,,,,,
LACA,Sync,25-50,CallToActionAgainstOilAndGasIndustries,"🔴 BREAKING ON CNN: House passes sweeping election bill (H.R. 1) that would counter GOP efforts to restrict voter access

Mitch McConnell is TERRIFIED of H.R. 1, the For the People Act! He knows it would END Republican cheating and send Democratic turnout SKY HIGH. Passing it is critical to SAVING our elections.

So we’re power-fundraising to hit 25,000 donations today to pressure the Senate to pass the For the People Act. If we fall short, McConnell will be THRILLED!  Do not delay, rush $10 NOW >>. ",0,0,TRUE,,,,,,,,,,
LACA,Sync,25-50,RenewableEnergyPromotionAndGrowth,"We have some new faces here - welcome! We are glad to have you here to support our efforts building Anpetu Wi Wind Farm.

The name of our wind farm is significant; Anpetu, literally means ""it is day"", Wi is the sun. Together, ""Anpetu Wi"" is the morning light of the sun, the beginning of a new day. 

This light helps us see the way things really are - we pray traditionally while facing east at this time of day asking Tunkasila (grandfather creator), Wakan Takan (great sacred mystery) for wisdom and understanding.

Thank you for joining us. Have any questions for us? 

#listentolearn #IndigenousSovereignty #nativeamericans #NODAPL #indigenoushistory #nativeamericanroots #indigenousunited #indigenouspeople #SAGE #SRST #SAGESRST #AnpetuWi #SayYesToWind #Renewables #WindEnergy. ",0,1,FALSE,,1,,,,,,,,
LACA,Sync,25-50,CarbonEmissionReduction,Rep. Axne wants to strengthen America's economy with millions of good-paying clean energy jobs - to recover now and build for the future.,0,0,TRUE,,,,,,,,,,
LACA,Sync,25-50,CleanEnergyPromotion,"To truly protect our planet, we need our leaders to make clean energy a priority. If every parent made this pledge 👇, we could help protect your kids' future.",1,1,TRUE,,,,,,,,,,
LACA,Sync,25-50,OilAndGasBoostEconomy,Did you know? A foundation made possible by royalty income generated by a major Fayette County oil discovery has provided more than $3 million in interest-free student loans for college-bound county residents since 2002. This is just one of many examples of how Illinois oil production has benefited local communities. Find out more in the following IPRB blog post.,1,1,TRUE,,,,,,,,,,
LACA,Sync,25-50,RenewableEnergyEconomicBenefits,"From landowners to students, all kinds of community members benefit when a solar project comes to town. Invenergy projects have helped farmers bring in money that can support the longevity of their farm, and they bring in new tax dollars that can provide additional funding for programs that support the whole community. Watch as farmers and neighbors alike describe how a solar project has changed their life for the better:.",1,1,TRUE,,,,,,,,,,
LACA,Sync,25-50,BuildBackBetterActPassed,"Delmarva Power today announced a major climate change commitment, launching a multi-faceted, action-oriented effort to help the state of Maryland achieve its clean energy and climate goals. Learn more at delmarva.com/MDClimate.",0,0,TRUE,,,,,,,,,,
LACA,Sync,25-50,PoliticalTraining,"Delegate Byron (R-22) has been elected since 1998, and it shows.  In fact in 2004 Byron, and the entire House of Delegates voted for House Bill 1483 that enhanced the Governor's shutdown and forced vaccination powers.

The exact powers Radical Ralph has been using to unconstitutionally destroy Virginia's economy and gut the 1st Amendment.

Have you had enough yet?

Byron has a primary opponent, Isaiah Knight, who has pledged to:

- Lead the fight to Restore the 2nd Amendment and pass Constitutional Carry
- Gut the illegal power the Governor claims to have to shut down business, close schools and churches and force you to submit to the Biden 'poke'

Had enough yet?

This is why primaries matter more than the General Election, for with 'republicans' like Byron, who needs Democrats?",0,1,FALSE,,1,,,,,,,,
LACA,Sync,25-50,LawmakersAndOilAndGas,"There’s a long list of issues we need our leaders to focus on: 
 
✅ Covid-19 pandemic 
✅ Climate change 
✅ Health care 
✅ Education 
 
So what are Harrisburg Republicans up to? Launching a “dangerous” Trump-inspired election review scam and trying to get your personal information, including your social security number. 
 
Tell them to keep their hands off your personal information. Add your name -->. ",0,0,TRUE,,,,,,,,,,
LACA,Sync,25-50,NuclearPowerOtherBenefits,Meet the innovative technology poised to play a critical role in Washington’s clean energy future: small modular reactors. A new report from Pacific Northwest National Laboratory and Massachusetts Institute of Technology (MIT) shares how the next generation of nuclear power can reliably and affordably fill the electricity generation void left as coal and natural gas are phased out in the coming years. Read about this new technology and the research that backs it up.,1,1,TRUE,,,,,,,,,,
LACA,Sync,25-50,PropertyTaxCampaign,"""The question is — what is going to be done to keep water out of our houses?""

Stormwater and sewage flooding in the basement of their home is unfortunately something Jocelyn and Stanley are used to, and cleanup has cost them more than just money. Enough is enough. It's time to take action to prevent flooding in Michigan homes.",0,0,TRUE,,,,,,,,,,
LACA,Sync,25-50,RightWingCampaigns,"Stephanie Bice is committed to the people of Oklahoma. She fights to help our veterans, end wasteful government spending, and for our oil & gas industry. Democrats want her out of Congress - she NEEDS your help right now to stop their attacks. Rush in a donation now before the monthly deadline to support Oklahoma’s proven conservative leader!",1,1,TRUE,,,,,,,,,,
LACA,Sync,25-50,NuclearPowerEconomicBenefits,"📺📺 WATCH: Join our interview with Bud Albright, CEO at the U.S. Nuclear Industry Council.

He is the former Under Secretary of the U.S. Department of Energy. In that role, as the third most senior official at DOE, he provided leadership for energy and environment programs, including: energy research and development; demonstration and deployment; environmental cleanup; legacy management and radioactive waste management, all with a total budget of nearly $15 billion. 

Albright was appointed by President Bush and was unanimously confirmed by the U.S. Senate.

To celebrate National Nuclear Science Week, we are interviewing 4 top experts in the field.

Tune in for this one and check out our schedule for the others!",0,0,TRUE,,,,,,,,,,
LACA,Sync,50-75,GoBold,"Don't believe the false attacks on Senator Cortez Masto. The Build Back Better Act will: 

1. Create clean energy jobs right here in Nevada 
2. Help lower energy costs for working families 
3. Take on climate change right now

Thank you, Sen. Cortez Masto, for keeping up the fight to pass the Build Back Better Act.",0,0,TRUE,,,,,,,,,,
LACA,Sync,50-75,GoBold,General Electric promised to “build a world that works.” It’s time to deliver on that promise. #GreenJobs.,0,0,TRUE,,,,,,,,,,
LACA,Sync,50-75,DemandClimateActionFromLeaders,"President Biden’s American Jobs Plan will fix our infrastructure, create millions of good-paying jobs, and ensure safe, lead-free drinking water for all. 

Congress needs to put that plan into action NOW. Call on Congress to invest in our communities, fight climate change, and usher in an equitable 100% clean energy future!",1,1,TRUE,,,,,,,,,,
LACA,Sync,50-75,DemandClimateActionFromLeaders,Thank Senators Klobuchar and Smith for fighting for farm families and a healthier environment for birds and people. The Growing Climate Solutions Act is the first step toward raising farmer income while reducing carbon emissions. Sign up today to show your support!,0,1,FALSE,,1,,,,,,,,
LACA,Sync,50-75,PublicLandExploitation,"Colorado towns and counties, including some in Rep. Lauren Boebert's district, are passing resolutions supporting President Joe Biden’s executive order to indefinitely pause new oil and gas leases on federal public lands.",1,1,TRUE,,,,,,,,,,
LACA,Sync,50-75,PublicLandExploitation,Not ever: No coal ash. No sewage sludge. No out-of-state waste. No hazardous industrial waste. Be an informed citizen. You can read details about our proposal for yourself on our website.,0,0,TRUE,,,,,,,,,,
LACA,Sync,50-75,BellbrookWokeRadicals,"Since the Paris Agreement, Citi has been the world's 2nd largest funder of dirty fossil fuels. Despite promises to change their ways, so far there's been little action. Will new CEO Jane Fraser make a break from the past and #DefundClimateChaos?

Join us in urging Jane Fraser to put an end to Citi’s dirty fossil fuel legacy: sc.org/citi. ",0,0,TRUE,,,,,,,,,,
LACA,Sync,50-75,BellbrookWokeRadicals,"First, DC liberals spent trillions of our dollars. Now, Americans are facing record inflation and are paying more for gas and groceries. Their plan now: Nancy Pelosi and her liberal allies are pushing for new tax hikes and another socialist healthcare plan.
 
Click below and sign up to tell Antonio Delgado enough is enough.",0,0,TRUE,,,,,,,,,,
LACA,Sync,50-75,ClimateEmergency,Protecting your kids from climate change.,0,1,FALSE,,1,,,,,,,,
LACA,Sync,50-75,ClimateEmergency,Climate change is the Ultimate Safety Test. That’s why we’re changing to all-electric. Starting today. #ForEveryonesSafety.,0,1,FALSE,,1,,,,,,,,
LACA,Sync,50-75,GreenEnergyCreatesJobs,"ENERGY ACTION ALERT: Sign the petition if you support affordable and reliable energy. Together, we can our voices heard and protect consumer choice.",0,0,TRUE,,,,,,,,,,
LACA,Sync,50-75,GreenEnergyCreatesJobs,Rep. Bourdeaux wants to strengthen America's economy with millions of good-paying clean energy jobs - to recover now and build for the future.,1,1,TRUE,,,,,,,,,,
LACA,Sync,50-75,RestoreVirginia,"Will you chip in $25 to support re:power alumni like, Baltimore City Council Member Kristerfer Burnett? re:power’s candidate development trainings helped Kristerfer develop skills needed when running for office.",0,0,TRUE,,,,,,,,,,
LACA,Sync,50-75,RestoreVirginia,"IS PORTSMOUTH READY FOR ITS FIRST WEEK OF 110-DEGREE DAYS?

We doubt it, but we should be. It’s just a question of when it will happen. We believe addressing climate change should be regarded as an emergency and be a top priority for the next and future councils. And there ARE things we can do as both individuals and a community.

Meanwhile:

This week, Councilors Cliff Lazenby and John Tabor for Portsmouth City Council spearheaded the creation of the Portsmouth Energy Advisory Committee. 

Our Sustainable Practices Blue Ribbon Committee is presenting Project Drawdown in the coming weeks to help citizens understand how they can get involved in what needs to be a community-wide effort.

Councilor Lazenby has spearheaded the city’s interest in https://www.cpcnh.org/, a very exciting new development for communities to increase their own production of renewable energy.

https://oneride.peopleforbikes.org/learn-more. ",0,0,TRUE,,,,,,,,,,
LACA,Sync,50-75,AbandonedWells,Canadian pipeline company Enbridge Energy has been cutting a 337-mile swath of devastation through Northern Minnesota. And for what? 💰🛢 Demand for oil is falling fast as we move toward renewable energy sources. Help us stop this needless and heartbreaking destruction.,0,0,TRUE,,,,,,,,,,
LACA,Sync,50-75,AntiFossilFuelInfrastructure,"⚠️Sorry to interrupt your scrolling, but we need you to take action now…

11:59 PM DEADLINE | CAST YOUR VOTE NOW. The impact of fossil fuels is becoming impossible to ignore. With more massive storms and punishing drought, we need real solutions to these extreme weather events, but not enough people are speaking out about the source of the problem. That’s why we need 31 more people to take our poll and set the record straight – but you still haven’t cast your vote. Please, tell us before midnight: 𝐀𝐫𝐞 𝐲𝐨𝐮 𝐜𝐨𝐧𝐜𝐞𝐫𝐧𝐞𝐝 𝐚𝐛𝐨𝐮𝐭 𝐞𝐱𝐭𝐫𝐞𝐦𝐞 𝐰𝐞𝐚𝐭𝐡𝐞𝐫 𝐜𝐚𝐮𝐬𝐞𝐝 𝐛𝐲 𝐜𝐥𝐢𝐦𝐚𝐭𝐞 𝐜𝐡𝐚𝐧𝐠𝐞?",0,1,FALSE,,1,,,,,,,,
LACA,Sync,50-75,VirginiaConservatives,"Tell us what you think: https://bit.ly/31N2eg2
The Democratic Socialists of America are pursuing a plan to take over Maine’s power grid through eminent domain. It’ll cost the state $13.5 billion. Are you with them?",0,0,TRUE,,,,,,,,,,
LACA,Sync,50-75,CelebrateBuildBackBetter,"Huge news: The House just voted to pass the Build Back Better Act!

Thank you, Rep. Yarmuth, for putting Kentucky's working families first by voting to create clean energy jobs right here and take on climate change right now.",1,1,TRUE,,,,,,,,,,
LACA,Sync,50-75,GreenEnergyIsCostEffective,"Solar and wind power are among the most cost-effective sources of electricity in the U.S., and utility-scale solar just reached its lowest levelized cost of energy yet: 2-4 cents-per-KWh. Read more:. ",1,1,TRUE,,,,,,,,,,
LACA,Sync,50-75,TellRepToNotRaiseOilGasTaxes,We can continue innovating to drive down emissions without making it harder to provide Pennsylvanians with the reliable and affordable energy they need. Tell your senators to say no to increased energy bills.,1,1,TRUE,,,,,,,,,,
LACA,Sync,50-75,GreenEnergyCapacity,"As the utility and power industries evolve and reach California’s green goals, the Golden State must also evolve and balance between risk and reliability.  Read more: https://bit.ly/3n3fxAZ. ",1,1,TRUE,,,,,,,,,,
LACA,Sync,50-75,CleanOilAndGas,Our environmental and economic challenges demand an all-hands-on-deck approach and the #natgas industry is all in. Learn about our commitment to a cleaner #energy future from our President and CEO Karen Harbert along with our Board Chair and NW Natural CEO David Anderson:.,1,1,TRUE,,,,,,,,,,
LACA,Sync,50-75,GreenEnergySupportsCommunities,"The US is working with 50+ year old power grid technology. It's time for New Mexico to upgrade and build back stronger! Check out how power line infrastructure is key to the #climatecrisis movement. Link in the bio.
 #renewableenergy #solar #solarpower #cleanenergy #greenenergy #energy #solarpanels #gogreen #renewables #gosolar #sustainability #renewable #solarpanel #climatechange #environment #solarpv #sustainableenergy #solarsystem #photovoltaic #ecofriendly #windenergy #solarpowered #electricity #sustainable #solarinstallation #windpower #savetheplanet #windturbine #renewmexico. ",0,0,TRUE,,,,,,,,,,
LACA,Sync,50-75,CutMethane,"Key takeaway from the U.N climate report: Cutting methane emissions is the fastest way to slow the rate of warming, water scarcity and more intense storms.",1,1,TRUE,,,,,,,,,,
LACA,Sync,50-75,CommerceCityDemocrats,"When you purchase a Friends of Coal license plate, you’re not just supporting coal. You’re supporting the Friends of Coal Scholarship recipients.",0,0,TRUE,,,,,,,,,,
LACA,Sync,50-75,DonationMatchingForClimate,"❗ 3X Match Ends At Midnight ❗
Now is the time to reshape our economy AND fight the climate crisis. We must stand together to reestablish American leadership on climate action. Triple your impact with a donation today, which will be matched $2-for-$1!",1,1,TRUE,,,,,,,,,,
LACA,Sync,50-75,OilAndGasSupportJobs,Coloradans rely on oil and natural gas everyday to travel across the state. Colorado oil and natural gas has been fueling Colorado’s freedom since 1860.,0,0,TRUE,,,,,,,,,,
LACA,Sync,50-75,HazardsOfWells,"Pennsylvania has the third-highest cancer rate in the U.S. Legal loopholes have allowed radioactive oil and gas waste to contaminate waterways used for drinking water, fishing, and swimming.",1,0,FALSE,,0,,,,,,,,
LACA,Sync,50-75,ThankRepForBuildBackBetter,"Thank Representative Delgado for putting our communities first.

When it comes to responding to the climate crisis, we can all be part of the solution. From protecting care workers to investing in climate change defenses, we are calling on our leaders in one voice to pass the Build Back Better agenda.",1,1,TRUE,,,,,,,,,,
LACA,Sync,50-75,NuclearEnergyProvidesTaxRevenue,"As Climate Week NYC, National Clean Energy Week and the United Nations General Debate take place this week, we have a unique opportunity to take meaningful steps towards innovative climate solutions. Find out why nuclear carbon-free energy must be part of the conversation: https://bit.ly/3pke7kt. ",0,0,TRUE,,,,,,,,,,
LACA,Sync,50-75,BellbrookTaxRevolt,"When you pay the highest gas taxes while driving over the deepest potholes, your government is broken. KileyForCalifornia.com. ",0,0,TRUE,,,,,,,,,,
LACA,Sync,50-75,NuclearRevenueSupportsJobs,Students across Illinois believe that nuclear power is essential. Click to watch the video and find out why. >>>.,0,0,TRUE,,,,,,,,,,
LACA,Sync,50-75,OilAndGasProvidesWages,"Every year, Colorado's oil and natural gas industry generates over $1 billion in tax revenue. This tax revenue supports roads, parks, and infrastructure across our state.",0,0,TRUE,,,,,,,,,,
LACA,Sync,50-75,ClimateChangeMovements,"Some PA state lawmakers are forcing an old debate that would keep the Keystone State stuck in the polluting past — not doing its part to protect its own residents, nor its fair share for the rest of the world. PA should join #RGGI and #ActOnClimate. Read more from Philadelphia Inquirer:. ",1,0,FALSE,,1,,,,,,,,
LACA,Sync,50-75,BuildBackBetterActCampaign,"California’s oil & gas industry provides family-wage careers for more than 150,000 women and men while also generating $21.6 billion in state and local tax revenues. 

Governor Newsom’s plan leaves out hundreds of thousands of Californians from a “just” energy transition. See how.",0,0,TRUE,,,,,,,,,,
LACA,Sync,50-75,ClimateChangeDonations,"Do you know how many cars worth of carbon emissions nuclear power avoids every single year in Illinois?

10 MILLION - twice as many cars as there are in the entire state!",0,0,TRUE,,,,,,,,,,
LACA,Sync,50-75,OilAndGasTaxesBad,"We need your help. China is investing billions in new refineries and petrochemical sites. In contrast, our elected officials are considering policies that will make it harder to manufacture in America and could shut our facilities down. 

Send your member of Congress an email urging them to say no to new taxes on American-refined energy and American-made plastics.

https://empower.afpm.org/dont-raise-gas-prices-say-no-new-taxes-american-refined-energy?utm_campaign=issues&utm_source=facebook&utm_medium=social. ",1,1,TRUE,,,,,,,,,,
LACA,Sync,50-75,CallToActionAgainstOilAndGasIndustries,Public lands can be part of the climate solution IF we take bold action. Tell Congress to fix the broken oil and gas leasing program that prioritizes polluters over New Mexicans.,1,1,TRUE,,,,,,,,,,
LACA,Sync,50-75,RenewableEnergyPromotionAndGrowth,"“The clean energy requirement they were considering and just rejected would have saved Arizona ratepayers $2 billion. It would have saved tens of billions of gallons of water. It would have allowed our state to be competitive in terms of attracting new corporations to Arizona.”
 
Kris Mayes breaks down what this loss means for power customers in a recent interview with Brahm Resnik. 

#SundaySquareOff #AZ #cleanenergy. ",1,1,TRUE,,,,,,,,,,
LACA,Sync,50-75,CarbonEmissionReduction,"This World Environment Day reminds us of the importance of building a sustainable future. The cement and concrete industry is committed to achieving carbon neutrality by 2050. 

Learn more about how we can achieve this goal at shapedbyconcrete.com. ",1,1,TRUE,,,,,,,,,,
LACA,Sync,50-75,CleanEnergyPromotion,"How many ways that Maine benefits from the Clean Energy Corridor can we cover in 60 seconds? Not all of them, but let's give it a shot anyway.",1,1,TRUE,,,,,,,,,,
LACA,Sync,50-75,OilAndGasBoostEconomy,"Sacramento elites are pushing drastic policies to shut down local oil and gas production. A local energy shutdown would hurt Central Valley communities by putting thousands of people out of work, at the worst possible time. We must protect these jobs.",1,1,TRUE,,,,,,,,,,
LACA,Sync,50-75,RenewableEnergyEconomicBenefits,It's the power source providing clean energy jobs to Maryland while supporting local communities with millions in tax revenue. Join us to support nuclear energy.,1,0,FALSE,,1,,,,,,,,
LACA,Sync,50-75,BuildBackBetterActPassed,"Huge news: The House just voted to pass the Build Back Better Act!

Thank you, Rep. Johnson, for putting Georgia's working families first by voting to create clean energy jobs right here and take on climate change right now.",1,1,TRUE,,,,,,,,,,
LACA,Sync,50-75,PoliticalTraining,"TPUSA LIVE is the unfiltered, grassroots alternative to mainstream media. Watch daily shows, live in-studio content from TPUSA HQ and weekly shows covering politics, pop-culture, sports and everything in-between. Tune in every week day starting at 5 PM ET / 2 PM PT.

Hour 1: Charlie Kirk, Poplitics with Alex Clark, Human Events with Jack Posobiec & Freedom Seeds with Isabel Brown  

Hour 2: Join us for our daily real-talk hour with Jon Root and special guests Will Witt, Morgan Zegers, Kendall Jones, Jordan Rachel, and more as they break down what’s happening across the movement.

Hour 3: Tune into The Spillover with Alex Clark as she dives into this week's juicy ConservaTEA.",0,1,FALSE,,1,,,,,,,,
LACA,Sync,50-75,LawmakersAndOilAndGas,A handful of politicians in Augusta are planning to forcibly seize Maine’s power grid through eminent domain. How do you feel about the plan?  Take our poll: https://bit.ly/31N2eg2.,0,0,TRUE,,,,,,,,,,
LACA,Sync,50-75,NuclearPowerOtherBenefits,Illinois needs its leaders to protect clean air and keep Illinoisans healthy by preserving nuclear power – a vital energy source.,1,1,TRUE,,,,,,,,,,
LACA,Sync,50-75,PropertyTaxCampaign,How much will the Energy Master Plan cost you? Learn more here: https://njaffordableenergy.com/trenton-energy-tax/.,0,0,TRUE,,,,,,,,,,
LACA,Sync,50-75,RightWingCampaigns,"The “Doug Cozad loyalists” are circling the wagons around their criminally charged leader. 

For the record: I was told by a current government official, who was on the selection committee, Doug Cozad was fourth or fifth down on the list of qualified candidates. 

There were three candidates far superior to Cozad, but it was then Superintendent St. Pierre, who forced Cozad selection through the committee process.

Doug Cozad was St. Pierre's man then and remains so to this day.

Doug Cozad is the leader, “the man behind the curtain,” who brought hate and Intolerance into our community as a way to 🛑 stop his political opponents. 

The genesis of Cozad’s plan of attack started in his Kables mill neighborhood. 

Cozad’s friend and neighbors, Mark and Heidi Schumacker, would but together the first hate group in our community. 

The Schumackers were to covertly run Cozad’s first attack group focusing on me, my family, and my business.

The Schumachers would rally fellow Kable mill neighbors, Charlotte Moore, Sara Williamson, Maggie Clark, and Jennifer Pugh, into forming a secret FB PAGE/ group, calling it the “pink diamond ladies.”
( more will be coming on this group) 

This was the genius of Cozad’s plan of dividing our community through hate and Intolerance, into the haves, and has not. 

Pitting neighbor, against neighbor.
Attacking our Senior citizens, all was part of their plan.

All in order to stop any and all opposition to the school's $3.2 million dollars, per year, property tax levy.

Pressnell’s, McCarthy, Brinegar, Williamson, all were candidates this past election, and all are supporters of Doug Cozad.

This is no coincidence.
It was a well-thought-out, long term plan of gaining power.

Thankfully it failed.
The Patriots of Bellbrook-Sugarcreek heeded the call to VOTE.

On November 2, the community united and stopped Cozad’s supporters from gaining political power. 

The final chapter which needs to happen for our community to finally start the healing processes, from Cozad’s two-year reign of hate and Intolerance, is to remove its leader from our school system.",0,0,TRUE,,,,,,,,,,
LACA,Sync,50-75,NuclearPowerEconomicBenefits,North Carolina's nuclear plants provide reliable power and thousands of clean energy jobs. Show your support by liking our page today.,1,1,TRUE,,,,,,,,,,
LACA,Sync,75-100,GoBold,"We can all do our part to slow climate change and give our kids the clean air, water they deserve. Check out @[100065014230744:Climate Power] to learn how we can take on climate change & create jobs.",0,0,TRUE,,,,,,,,,,
LACA,Sync,75-100,GoBold,The Pittsburgh Post-Gazette editorial board gets it! 👉   “The facts are that climate change cannot be denied; change is hard but necessary.” #RGGI is the sensible way forward.,0,0,TRUE,,,,,,,,,,
LACA,Sync,75-100,DemandClimateActionFromLeaders,"NEW VIDEO: We want to believe Gov. Walz when he says he shares our commitment to creating an equitable clean energy future. But midway through his term, the plain truth is that Gov. Walz is falling short. MN350 is part of a coalition of leading climate, environmental, community, and Indigenous groups that analyzed the governor’s action -- or lack of action -- on climate. Watch our new video and then call on Gov. Walz to get his grades up. ➡️ www.walzclimatereportcard.org.",1,1,TRUE,,,,,,,,,,
LACA,Sync,75-100,DemandClimateActionFromLeaders,"Powerful fossil fuel interests are lobbying aggressively and spending heavily to deny science and put profit ahead of our planet and people. 

But we have so much momentum and opportunity for bold climate action, and we're not going to waste it. This Earth Day, we are rallying millions of supporters around the country to fight for a livable planet for all -- and we're kicking things off with our FREE stickers. Get yours today: http://sc.org/3rMsdeL. ",0,0,TRUE,,,,,,,,,,
LACA,Sync,75-100,PublicLandExploitation,"Oil lobbyists are undermining California's efforts to address climate change. And we have receipts.

https://capitalandmain.com/how-oil-lobbyists-continue-to-exert-influence-on-california-regulators-and-lawmakers. ",0,0,TRUE,,,,,,,,,,
LACA,Sync,75-100,PublicLandExploitation,The fossil fuel industry is lobbying hard to derail progress on climate and to give the state’s largest polluter — the Prairie State coal plant — a free pass to keep polluting our air. We need your help to stop them now.,0,0,TRUE,,,,,,,,,,
LACA,Sync,75-100,BellbrookWokeRadicals,"Democratic leaders are assembling a transformative $3.5 trillion budget reconciliation package that, if passed, will be a detriment to our industry, state and nation. It's unfortunate our society is governed by one pro-hydrocarbon political party and one anti-hydrocarbon political party, but we hope and pray moderate Dems save our energy independence. 

Recently, seven Texas Democrats in the U.S. House and West Virginia’s Joe Manchin in the Senate expressed opposition to the strict oil and natural gas provisions. Join us in celebrating those willing to show courage, buck the trend and influence the final reconciliation package! 👏 

- U.S. Congressman Henry Cuellar 
- Rep. Vicente Gonzalez
- Congresswoman Lizzie Fletcher
- Rep. Sylvia Garcia
- Congressman Marc Veasey
- Congressman Filemon Vela
- Rep. Colin Allred
- Sen. Joe Manchin

Read more from Petroleum Alliance President Brook Simmons: https://bit.ly/3Asermy. ",0,0,TRUE,,,,,,,,,,
LACA,Sync,75-100,BellbrookWokeRadicals,"Fellow Patriots,

You need to mark your calendar for Tuesday, August 3, 2021 for the Special Meeting of the Virginia Constitutional Conservatives.

Held at the Hamilton Station Gastropub, 17416 Hamilton Station Rd in Hamilton Virginia, from 6:30pm till 9:30pm, we will be discussing-

Our 2021 State Election Cycle effort- Restore Virginia Now.
Our Defeat of the 'home-made' gun ban in the 2021 Session
Upcoming battles by the Virginia Gun Rights Task Force
And our Special Guest, Virginia for Educational Freedom, to discuss their efforts to pass school choice and end the government monopoly on education in Virginia. 
There are vital actions you must take to not only stop the far left radicals, but to rip them from power and restore your rights as citizens of the Commonwealth of Virginia.

I look forward to seeing all of you on August 3rd.",0,0,TRUE,,,,,,,,,,
LACA,Sync,75-100,ClimateEmergency,"Extreme weather events like floods, fires and droughts will only worsen until we transition away from fossil fuels.
 
That’s why a new global fossil fuel-free treaty is so critical.
 
Add your voice and we can stop fossil fuel expansion, phase out existing fossil fuels and ensure a just transition for all to clean energy that doesn’t destroy our planet.",1,1,TRUE,,,,,,,,,,
LACA,Sync,75-100,ClimateEmergency,"✅Stop scrolling. Now take our climate quiz!

𝐃𝐄𝐀𝐃𝐋𝐈𝐍𝐄: 𝟏𝟏:𝟓𝟗 𝐏𝐌 | 𝐓𝐄𝐒𝐓 𝐘𝐎𝐔𝐑 𝐊𝐍𝐎𝐖𝐋𝐄𝐃𝐆𝐄
Human-caused climate change is going to destroy our planet if we don’t take action NOW. It starts with educating ourselves and our communities about exactly what we’re facing, so we’re asking top climate activists to test their knowledge by taking our climate crisis quiz before 11:59 PM – but we’re still missing your score. 𝐓𝐚𝐤𝐞 𝐭𝐡𝐞 𝐪𝐮𝐢𝐳 𝐧𝐨𝐰.",1,1,TRUE,,,,,,,,,,
LACA,Sync,75-100,GreenEnergyCreatesJobs,Leave it to Michiganders to lead the way: three Michigan communities have already committed to carbon neutrality by 2050!,0,0,TRUE,,,,,,,,,,
LACA,Sync,75-100,GreenEnergyCreatesJobs,A new study shows that climate policy focused on investing in renewable energy will create thousands of jobs in Pennsylvania alone. Similar effects are expected in Georgia.,1,1,TRUE,,,,,,,,,,
LACA,Sync,75-100,RestoreVirginia,Heinrich says Los Cruces is way ahead of the curve when it comes to developing renewable projects. What’s your community doing to advance renewables? Drop a comment below.,0,0,TRUE,,,,,,,,,,
LACA,Sync,75-100,RestoreVirginia,"Your legislator, Representative Dylan Roberts, was a champion for Colorado’s rivers this legislative session! That means a stronger economy, better resiliency in the face of climate change, and restoring our rivers. Show your support for our rivers by signing our card today!",0,0,TRUE,,,,,,,,,,
LACA,Sync,75-100,AbandonedWells,"Thanks to the vision of Governor Mark Gordon and leadership of the Wyoming Business Council, the Energy Rebound Program put thousands of Wyoming’s hard-working men and women back to work in the natural gas and oil industry. This program will bring in more than $19m in revenue to state and local governments.",0,0,TRUE,,,,,,,,,,
LACA,Sync,75-100,AntiFossilFuelInfrastructure,Seattle’s natural gas ban will hurt Washington workers and their families.,0,0,TRUE,,,,,,,,,,
LACA,Sync,75-100,VirginiaConservatives,"An alarming new scientific report shows that climate change is only getting more severe, and more quickly than previously thought. 🌊💦🔥⚡🌪

The wildfires, megadroughts, flash floods, and extreme temperatures we’ve seen this past year have made it clearer than ever: We are not prepared for the worsening impacts of the climate crisis. 

We need Congress to take strong action now to help us withstand the effects of climate change and accelerate a just transition to a 100% clean energy economy. 

Add your name to demand that Congress pass strong budget legislation that slashes climate pollution, speeds up the transition to clean energy, safeguards our most vulnerable communities, and creates jobs.",0,0,TRUE,,,,,,,,,,
LACA,Sync,75-100,CelebrateBuildBackBetter,"Huge news: The House just voted to pass the Build Back Better Act!

Thank you, Rep. Khanna, for putting California's working families first by voting to create clean energy jobs right here and take on climate change right now.",1,1,TRUE,,,,,,,,,,
LACA,Sync,75-100,GreenEnergyIsCostEffective,We can continue innovating to drive down emissions without making it harder to provide Coloradans with the reliable and affordable energy they need. Tell your member of Congress to say no to increased energy bills.,0,1,FALSE,,1,,,,,,,,
LACA,Sync,75-100,TellRepToNotRaiseOilGasTaxes,"Americans are facing high gas prices, high home heating costs, inflation and shortages this winter. Yet, a House Oversight Committee asked American energy producers to cut back AT THE SAME TIME the State Department asked OPEC to pump more oil to send to America. This makes no sense. Congress does not need to make it harder for our own families.
Tell Congress this is the wrong time to penalize American families trying to heat their homes.  Oppose the natural gas tax!",1,1,TRUE,,,,,,,,,,
LACA,Sync,75-100,GreenEnergyCapacity,Want to follow Maryland’s progress toward 100% carbon-free power? Curious about the role of nuclear power in our clean energy transition? We’ve got you covered.,1,1,TRUE,,,,,,,,,,
LACA,Sync,75-100,CleanOilAndGas,"Providing more than half of our country's carbon-free electricity. Sign up today, and we'll make Montana carbon-free too.",0,0,TRUE,,,,,,,,,,
LACA,Sync,75-100,GreenEnergySupportsCommunities,The Sun-Times is right: The Gov.'s clean energy bill is a good start. Excited to work with him to make Illinois a national leader on climate action!,0,1,FALSE,,0,,,,,,,,
LACA,Sync,75-100,CutMethane,"What’s 8️⃣6️⃣ times more powerful than carbon dioxide at wrecking our climate? 

It’s methane gas. 

And the single, largest industrial source of methane pollution is the oil and gas industry. New EPA rules would rein in methane gas, but that proposal doesn’t go far enough. 

Take 1 minute to sign your name urging the EPA to strengthen its rules to better fight climate change!",1,1,TRUE,,,,,,,,,,
LACA,Sync,75-100,CommerceCityDemocrats,Protect New Jersey’s energy future. Sign the pledge in support of natural gas and consumer choice.,0,0,TRUE,,,,,,,,,,
LACA,Sync,75-100,DonationMatchingForClimate,"The climate crisis is here, and it’s impacting your community. And if you’re hoping that there’s something you can do right NOW to make a big difference, there is. Start a monthly gift of $5 or more today and the Robert W. Wilson Charitable Trust will match your first 12 donations.",1,1,TRUE,,,,,,,,,,
LACA,Sync,75-100,OilAndGasSupportJobs,"From arctic blasts to commodity prices, the men and women of oil and natural gas often face challenging uncertainties. Just like the Oklahoma farmers and ranchers who take their wheat and cattle to market, oil and gas producers have no say in the value of the product they produce — supply and demand still rule. 
 
But through every challenge, we focus on what we CAN control — producing the energy Oklahomans need and growing our economy together.",0,1,FALSE,,1,,,,,,,,
LACA,Sync,75-100,HazardsOfWells,"Millions of Californians live near a polluting oil or gas well. We need 10,000 Californians to speak up against the toxic oil industry before Dec. 21! Will you take URGENT action now?",1,1,TRUE,,,,,,,,,,
LACA,Sync,75-100,ThankRepForBuildBackBetter,"Thank Representative Delgado for putting our communities first.

When it comes to responding to the climate crisis, we can all be part of the solution. From protecting care workers to investing in climate change defenses, we are calling on our leaders in one voice to pass the Build Back Better agenda.",1,1,TRUE,,,,,,,,,,
LACA,Sync,75-100,NuclearEnergyProvidesTaxRevenue,"Nuclear power provides Illinois with affordable carbon-free energy. Without it, we would end up paying a whole lot more for our electricity. Here’s why.",0,0,TRUE,,,,,,,,,,
LACA,Sync,75-100,BellbrookTaxRevolt,"The “infrastructure plan” coming from Washington D.C. includes funding for new commuter rail lines nationally. Some politicians in Concord and Washington plan to use these funds to build a new capital corridor line from Massachusetts to Concord. If built, this will cost Granite State taxpayers $11 million or more in annual operation and management costs.

To pay for these costs, the Department of Transportation suggests new taxes on Granite Staters, including:

-A new $5 vehicle registration fee,

-Increasing property taxes $15.7 million statewide,

-The diversion of 5% of state lottery revenue away from our schools, or

-Hiking gas taxes on those that can least afford the increase.

According to the NHDOT final report on the Nashua-Manchester commuter rail project, “[m]ost state transit funding comes from General Fund appropriations or through traditional taxes and fees, such as motor fuel taxes, sales taxes, and vehicle fees.”

We need your help to let lawmakers know that New Hampshire rejects this commuter rail subsidy boondoggle. Sign our petition to help protect Granite Staters from reckless tax increases and subsidies!",0,0,TRUE,,,,,,,,,,
LACA,Sync,75-100,NuclearRevenueSupportsJobs,"As we follow the nations convening at COP26, it is clear that we must work together for an energy future that benefits all, while supporting safe, reliable nuclear energy generation. Learn more about nuclear power's irreplaceable role in our clean energy future: https://bit.ly/3m1YRJH.",0,0,TRUE,,,,,,,,,,
LACA,Sync,75-100,OilAndGasProvidesWages,"For over a decade, Colorado’s oil and natural gas industry has used state of the art, innovative technology to help reduce 95% of greenhouse gas emissions and reduce the risks of climate change while providing the energy Colorado needs. In fact, oil and natural gas have reduced emissions by 50% in the last ten years.",0,0,TRUE,,,,,,,,,,
LACA,Sync,75-100,ClimateChangeMovements,"We’re at a pivotal moment in our fight to tackle climate change - we can protect our towns, improve public health, and save our environment, but we need to #ACTNow. Read how we can do this!",1,1,TRUE,,,,,,,,,,
LACA,Sync,75-100,BuildBackBetterActCampaign,Businesses know climate change is an economic danger and that we need to pass the climate provisions in the #BuildBackBetter Act. https://bit.ly/3rbKTHO.,1,1,TRUE,,,,,,,,,,
LACA,Sync,75-100,ClimateChangeDonations,"Since one of the top 5 ways to fight climate change is to eliminate one long-distance flight, I’m taking the #InspireClimateAction challenge and canceling my flight to New York City to try to find a more environmentally-friendly way to get there.
___
But alas, as I soon discovered, getting there was going to be a little more challenging than I initially thought.
___
Thankfully a more practical way to fight climate change is by switching your energy supplier to Inspire Clean Energy. Just 3 weeks of Inspire is equivalent to taking one less cross-country flight. So while you still may have to fly, you can at least reduce your carbon emissions by accessing renewable energy for your home. Head over to @InspireCleanEnergy or click the link in my bio for more details. #InspirePartner. ",0,0,TRUE,,,,,,,,,,
LACA,Sync,75-100,OilAndGasTaxesBad,Raising taxes on the U.S. natural gas and oil industry could put our economic recovery at risk! Call Rep. Lauren Underwood at 630-549-2190 and tell them: new taxes on U.S. energy is a BAD idea!,1,1,TRUE,,,,,,,,,,
LACA,Sync,75-100,CallToActionAgainstOilAndGasIndustries,"Gov. Newsom’s bans and mandates will put tens of thousands of people out of work, threatening access to safe and reliable energy that millions of people and businesses depend on. 

California’s oil industry keeps California running. Join us to demand the experience and expertise of innovators in the oil industry not be squandered.",0,0,TRUE,,,,,,,,,,
LACA,Sync,75-100,RenewableEnergyPromotionAndGrowth,"This is our moment to strengthen our economy and protect America against climate change.

Plumbers, welders, electricians -- we are a part of this fight. Let's create millions of clean energy jobs to build our 100% clean energy future.",1,1,TRUE,,,,,,,,,,
LACA,Sync,75-100,CarbonEmissionReduction,"Did you know that wind energy in the US prevented 198 million metric tons of carbon emissions in 2019? Every year, renewable energy production becomes more commonplace, and our planet is better for it:.",1,1,TRUE,,,,,,,,,,
LACA,Sync,75-100,CleanEnergyPromotion,Read our Sustainability Report and learn how we’re fueling America’s clean energy future.,1,1,TRUE,,,,,,,,,,
LACA,Sync,75-100,OilAndGasBoostEconomy,Energy Citizens is here to help support our nation’s natural gas and oil workforce. Sign up today to stay up-to-date on issues that impact the natural gas and oil industry!,1,0,FALSE,,0,,,,,,,,
LACA,Sync,75-100,RenewableEnergyEconomicBenefits,Nuclear power supports thousands of jobs and continues to provide carbon-free electricity to millions of homes across the Carolinas. Learn more: https://bit.ly/3l0t63h.,1,0,FALSE,,1,,,,,,,,
LACA,Sync,75-100,BuildBackBetterActPassed,"Huge news: The House just voted to pass the Build Back Better Act!

Thank you, Rep. Underwood, for putting Illinois working families first by voting to create clean energy jobs right here and take on climate change right now.",1,1,TRUE,,,,,,,,,,
LACA,Sync,75-100,PoliticalTraining,"TPUSA LIVE is the unfiltered, grassroots alternative to mainstream media. Watch daily shows, live in-studio content from TPUSA HQ and weekly shows covering politics, pop-culture, sports and everything in-between. Tune in every weekday starting at 5 PM ET / 2 PM PT.

Check out today’s show! 

Human Events Daily host Jack Posobiec discusses NIH admitting to funding labs in Wuhan, more employees are standing up to tyrannical mandates and more!

The TPUSA LIVE team is joined by host, Jon Root, and special guests Alex Clark, Isabel Brown, Garrett Powell & CSU student Gabby Reichardt who will talk about The View, Colorado State University, play Real Deal or Fake News and more!

Watch Benny on the Block with Benny Johnson as he interviews Floridians about what their favorite President Biden moment is!

Stick around for POPlitics with Alex Clark as she dives into politician Paris Hilton, the 911 dispatch center disaster in Denver, a pop-culture rewind and more!

We will wrap up the show with Debate Night with 
Charlie Kirk as he squares off against self-proclaimed Democratic Socialist professor Ben Burgis to debate why Conservative populism, and limitations on governmental and corporate power, is key to protecting our freedoms.",0,1,FALSE,,1,,,,,,,,
LACA,Sync,75-100,LawmakersAndOilAndGas,"#frackJoeBiden

Unlike anything ""government-funded"", it's actually FREE to sign up to join Oil & Gas Workers Association.

WE NEED YOUR HELP!
Make a contribution to Support OGWA at
ogwaUSA.com/giving

Oil & Gas Workers Association is working to secure and advance AMERICAN #oilandgas jobs.

#ogwausa #RealAmericanJobsPlan #energy #drilling #offshoredrilling #pipelines #fracking. ",0,0,TRUE,,,,,,,,,,
LACA,Sync,75-100,NuclearPowerOtherBenefits,"Speaking up for the climate means sharing the truth surrounding America’s leading source of carbon-free energy – nuclear power – so progress can be driven by facts, not perception. Dr. Kerry Emanuel, renowned climate scientist and professor at MIT, shares the benefits of nuclear carbon-free energy.",1,1,TRUE,,,,,,,,,,
LACA,Sync,75-100,PropertyTaxCampaign,"BREAKING NEWS:
Today I had a long conversation with a major gubernatorial candidate who is considering implementing our ""VOTE NO"" position on Senior Citizens and property tax, into his platform for Governor.

We will be advocating for State law, which upon turning  65 years old, you will no longer pay ANY PROPERTY TAXES ON THE HOME YOU LIVE IN!

ZERO!

Those in political power in the State of Ohio are taking notice of what the VOTE NO Movement is doing in leading taxpayers to oppose these never-ending property taxes on our homes and to finally address the funding issues of our schools.

The WAR on our Seniors must end!

It is time to end the gentrification of our communities. We need to protect our Senior Citizens, who are the bedrock of our communities, and keep them living in their homes. We need to keep them living in OHIO!

Bellbrook-Sugarcreek is leading the way for all of Ohio! 

The VOTE NO Movement is doing what the naysayers thought was impossible. 

Please join the Bellbrook-Sugarcreek Property Tax Revolt of 2021 and protect our Senior citizens and families who are struggling.

Change is coming, VOTE NO on May 4th!",1,1,TRUE,,,,,,,,,,
LACA,Sync,75-100,RightWingCampaigns,"First, DC liberals spent trillions of our dollars. Now, Americans are facing record inflation and are paying more for gas and groceries. Their plan now: Nancy Pelosi and her liberal allies are pushing for new tax hikes and another socialist healthcare plan.
 
Click below and sign up to tell Susie Lee enough is enough.",1,1,TRUE,,,,,,,,,,
LACA,Sync,75-100,NuclearPowerEconomicBenefits,Nuclear energy can bring reliable power and new clean energy jobs to Alaska. Show your support by liking our page today.,1,1,TRUE,,,,,,,,,,
Pacheco,Async,0-25,AdvocateForGreenEnergy,"It’s @GlobalWindDay, the perfect time to explore the potential of wind power to create a cleaner, more robust economy for New Mexico!

Learn about the basics of wind energy with a family-friendly activity: building your own turbine! This craft may not be as large as the real thing, but it’s a great way to spark conversations and curiosity about renewable energy.

Download your project at the link in our bio. Happy crafting!

#PatternNewMexico #NMTrue #NewMexicoTrue #GlobalWindDay #Sustainability #WindEnergy. ",1,1,TRUE,,,,,,,,,,
Pacheco,Async,0-25,AdvocateForGreenEnergy,"Celebrating the opening of our new #renewablenaturalgas (RNG) fueling station in #Menifee. In CA, as #RNG usage continues to increase, it is important to provide drivers & fleet operators more locations to fuel up. RNG is an affordable way to eliminate air pollution and emissions linked to climate change - link in bio.",1,0,FALSE,,1,,,,,,,,
Pacheco,Async,0-25,GreenPowerExpensive,"Did you know, 30% of all power outages are caused by trees? That’s why we’ve doubled our investment on trimming trees near our power lines, making sure team members like Tonya can clear more of the lines that keep power flowing to your home.",0,0,TRUE,,,,,,,,,,
Pacheco,Async,0-25,GreenPowerExpensive,"Inflation is skyrocketing. Gas is soaring. Grocery Stores are struggling with supply. Joe Biden & Maggie Hassan are pushing an agenda that will make your Thanksgiving Dinner more expensive than ever before - are you outraged? 

Help us stop the Democrats' War on Thanksgiving - sign our petition today:

https://secure.winred.com/new-hampshire-gop/war-on-thanksgiving. ",0,0,TRUE,,,,,,,,,,
Pacheco,Async,0-25,ClimateActionDonation,"Abortion bans hold us back and harm our futures. Only you should hold the power to decide if and how to grow your family. Join us in the fight for a healthy, safe, and free future. Add your name.",0,0,TRUE,,,,,,,,,,
Pacheco,Async,0-25,ClimateActionDonation,"Birds need your help. Join Audubon as we fight to stop massive giveaway of public lands in Alaska that are home to three national parks and five wildlife refuges. We need to preserve traditional land uses and conserve wildlife habitat, not destroy it.",0,1,FALSE,,0,,,,,,,,
Pacheco,Async,0-25,GreenEnergyWorks,"The number of new hydraulic fracturing wells across the U.S. and Canada in March reached 1,064, a 12-month high, setting the stage for oil production to rise in the second quarter. 

https://www.houstonchronicle.com/business/article/Report-Fracking-nears-full-recovery-without-16090463.php. ",0,0,TRUE,,,,,,,,,,
Pacheco,Async,0-25,GreenEnergyWorks,"The Louisiana Land and Exploration Company LLC (LL&E), a subsidiary of ConocoPhillips, is dedicated to enhancing Louisiana wetlands and communities by supporting wetlands-focused research that drives innovative wetlands resiliency.",0,0,TRUE,,,,,,,,,,
Pacheco,Async,0-25,AdvocateForGreenEnergyPoliticalAction,"Find out why climate scientists agree that climate change causes more extreme droughts, bigger fires, and deadlier heat.",0,0,TRUE,,,,,,,,,,
Pacheco,Async,0-25,AdvocateForGreenEnergyPoliticalAction,"I am praying for Kansas families and businesses as they work to recover from the severe weather that ripped through our state this week.

Please don't hesitate to call my office at (785) 205-5253 if you need any assistance or information on the resources available to you.",0,0,TRUE,,,,,,,,,,
Pacheco,Async,0-25,AntiTax,"The right to vote is enshrined in the US Constitution, and it is a right and a privilege for all those who are citizens to exercise! So, it shouldn't come as a surprise to anyone that we need to screen our Texas voter roll against non-citizens voting in our elections, and in this front page story by Jeremy Wallace, “GOP plans a push for purge of voter rolls,” —- https://www.houstonchronicle.com/politics/texas/article/Here-comes-another-Texas-voter-purge-but-this-16464794.php —- explains what in SB 1 was changed to do this comparison correctly in the future, as maintaining a voter roll with integrity is paramount to having election results both the candidates and the public can trust!

Basically, the bill sets up guidelines on citizenship cross checks using DPS data of the type I advocated for 15 years ago as Harris County Voter Registrar to the Federal Congress. You see, the ""Feds"" could have provided a citizenship list for decades if they wanted to, but we are the largest nation on Earth without one...

Therefore, it's up to the Texas Secretary of State Elections Division to use the DPS data correctly, and yes, to begin a ""purge"" process of voter rolls with local election officials giving the voter a chance to respond to the letter. This happens every two years by federal law - a ""purge"" of those voters who have moved or died, etc... and is not some ""Draconian,"" ""Republican"" operation, but one that should happen in every state in the union by federal law, NVRA, HAVA, the Real ID Act, and now in Texas with the passage of SB 1!

When I first got the Voter Registrar job in 1998 in Harris County as Tax Assessor-Collector, there were 50k deceased and felon registrations on the voter roll - 1% of them were voting! If we hadn't cleaned up these registrations, 500 of them could have decided the presidential election in 2000 like they did in Florida. It's why I was Senator Hughes's 1st co-author on SB 1, as I knew how bad the voter rolls can be from actual experience! --- Sen. PB. ",0,0,TRUE,,,,,,,,,,
Pacheco,Async,0-25,AntiTax,"Meet Dagan Rash, a mining engineering student at UK! Thanks to people like you purchasing our license plate, he has been able to receive the Friends of Coal Scholarship. 

This scholarship has allowed him to not only receive financial support but also ensures that he will remain dedicated to his studies. After graduation, he is on track to go to grad school, where he will work on his Master's in Mining Engineering and then his MBA. This will allow him to pursue his passion of working as an engineer for a coal company and eventually working his way up to achieve a life-long dream of becoming a CEO.",0,0,TRUE,,,,,,,,,,
Pacheco,Async,0-25,GreenEnergySavesMoney,Georgia among fastest-growing states for solar energy jobs.,0,0,TRUE,,,,,,,,,,
Pacheco,Async,0-25,StopOilPollution,"Hydrogen fuel cell technology has the potential to significantly reduce greenhouse gas and air pollution emissions from recreational, fishing, fire, ferry, and other small commercial boats. #🚢 We’re embarking on an innovative project with Zero Emission Industries to test this technology – link in bio.
 
For more on our commitment to helping California reach its climate goals: socalgas.com/mission. ",1,1,TRUE,,,,,,,,,,
Pacheco,Async,0-25,DemocratOutreach,"Sign the petition to help Rep. Ranjeev Puri keep energy clean, reliable, and affordable for all Michigan families and business. ",1,1,TRUE,,,,,,,,,,
Pacheco,Async,0-25,OilCreatesJobs,Learn how the Oil and Gas industry has been gaslighting us for decades about the impacts of fossil fuels in this 8 minute video! Join us! www.corfc.org/gaslighting.,0,0,TRUE,,,,,,,,,,
Pacheco,Async,0-25,NuclearAdvocacy,"Being a feminist today means holding contempt for men, the nuclear family, motherhood, and femininity—going against everything the original women's movement stood for. In this special compilation episode, Candace Owens and her guests discuss why modern feminism is a departure from securing women’s rights to adopting leftist ideology.",0,0,TRUE,,,,,,,,,,
Pacheco,Async,0-25,AntiWoke,"Join the Front Line of Freedom in Virginia!

In 1775, the Minutemen were an organized force of Patriots which, at a moment’s notice, would mobilize to defend their communities and liberty.Today, Virginia is engaged in a political war to defend that same liberty and needs every single patriotic man and woman to join the Virginia Minutemen .

Will you answer the call to carry on this great tradition of ordinary citizens, in the midst of a great crisis, standing up to fight?

 I am going to speak frankly; this will not be an easy fight.  But it wasn’t in 1775 either.  As the new wave of radical anti-gun politicians take up the power of government, they do so with a vengeance. And, unless you act, they will destroy the Constitution, your right to keep and bear arms, and usher in a wave of totalitarian legislation that will be very hard to repeal.

 This is why it is vitally important that you sign up to join the Virginia Minutemen program today.

https://virginiaconservatives.net/virginia-minutemen-signup

 Being a Minuteman is not for everyone.  Some are not as dedicated to defending our great Virginian tradition of liberty and are not ready to commit to doing the work necessary.

I must tell you, it will be hard work.

Here at the Virginia Constitutional Conservatives, we are asking for volunteers to, in a moment’s notice, swing into action to defend their liberty, and the liberty of generations to come. In over a decade of grassroots political action, there are proven tactics and actions that will lead to victory; if you can mobilize enough patriots to act.

So that is what I am asking of you today.

Will you pledge to join the Virginia Minutemen?",1,0,FALSE,,1,,,,,,,,
Pacheco,Async,0-25,LegislatorsMustActAgainstClimateChange,They want to shut us out of solving the climate crisis? Nope. WE ARE the climate majority. And we’re writing our own story.,0,0,TRUE,,,,,,,,,,
Pacheco,Async,0-25,ClimateChangeDonations,Governor Inslee is putting climate ambition into action with a bold cap-and-invest law. How will Governor Lujan Grisham move from pledge to policy?,0,0,TRUE,,,,,,,,,,
Pacheco,Async,0-25,OilAndGasExtractionRisks,Report links Maine’s post-pandemic economic recovery to clean energy efforts.,0,0,TRUE,,,,,,,,,,
Pacheco,Async,0-25,NuclearEnergyBenefits,We’re going to be seeing a lot more heatwaves – and they’re going to be getting hotter and longer – so long as the world keeps burning fossil fuels. It’s that simple.,0,0,TRUE,,,,,,,,,,
Pacheco,Async,0-25,TackleClimateChange,"Union of Concerned Scientists just released a report titled “Too Hot to Work.” They project climate change will quadruple US outdoor workers’ exposure to hazardous heat conditions by mid-century, jeopardizing their health and placing up to $55.4 billion of their earnings at risk annually without rapid action to reduce global warming emissions. Outdoor worker exposure to hazardous extreme heat can be reduced if we take rapid action to reduce global warming emissions and implement enforceable measures at the national level. 
➡️ Access the report and tell Congress to protect outdoor workers here: https://ucsusa.org/resources/too-hot-to-work. ",1,1,TRUE,,,,,,,,,,
Pacheco,Async,0-25,ReduceEmissions,"“Air pollution is actually a big problem here in the U.S.”,  explains NRDC staff scientist Vijay Limaye, PhD. Millions of Americans are living in areas with unsafe levels of soot and smog.

Smog forms when emissions from combusting fossil fuels react with sunlight. 

Soot is made up of tiny particles of chemicals, soil, smoke, dust, or allergens that are carried in the air.

Those particles can penetrate the lungs, enter the bloodstream and worsen bronchitis, trigger heart attacks, and even cause premature death.

Learn more about air pollution and how to protect your health in the video below ⬇️.",1,1,TRUE,,,,,,,,,,
Pacheco,Async,0-25,VirginiaConservativeCampaign,"""My office is aware that voters’ private and sensitive information is also being requested. We will do everything within our power to protect Pennsylvanians’ personal data,” said Shapiro.  

https://www.northcentralpa.com/news/pa-attorney-general-says-his-office-will-protect-voters-private-information-amongst-a-subpoena-by/article_6e139bd2-1670-11ec-829f-172b513f9f08.html. ",0,0,TRUE,,,,,,,,,,
Pacheco,Async,0-25,OilAndGasJobs,"If you’ve ever considered making a monthly donation to Mercy Corps, now is the time to do it. When you become a monthly giver today, a generous donor will match your monthly commitment 12 times, up to $50,000!

Monthly donors help sustain the long-term work that is at the core of our mission. They allow us to go beyond quick-fixes and invest in programs that get to the heart of hunger, poverty, and instability due to climate change. Become a monthly donor today.",0,0,TRUE,,,,,,,,,,
Pacheco,Async,0-25,IncreasingShareOfRenewableEnergyAmongDifferentPowerSources,"New Jersey voters want offshore wind. In a new poll, strong majorities say #Offshorewind expansion in NJ will have a positive impact on:
💰 The state’s economy (66%)
👷🏽‍♀️ Good-paying jobs (64%)
🌎 Climate Change (57%). ",1,0,FALSE,,0,,,,,,,,
Pacheco,Async,0-25,SouthwestGasInvestment,"The US government refuses to forgive student debt—but have repeatedly bailed out oil and gas companies that directly contribute to the climate crisis.

We can elevate the future leaders of our country through federal student loan forgiveness, allowing young people to be unburdened by the cost of higher education. 

Sign our petition to President Biden & Congress to demand the US government forgive federal student debt and prioritize aiding the voices of the future rather than the negligent fossil fuel industry.",0,0,TRUE,,,,,,,,,,
Pacheco,Async,0-25,RenewableEnergyInfrastructureGrowth,"The cost of inaction in Springfield is too high. If these plants are allowed to close, energy prices will increase up to $483 million annually with a 70 percent increase in emissions from IL’s power sector.",0,1,FALSE,,1,,,,,,,,
Pacheco,Async,0-25,NuclearEnergyEducation,"Washington is one step closer to a decarbonized energy grid. Energy Northwest, Grant PUD and X-energy are partnering to evaluate, develop and build a first-of-its-kind commercial advanced nuclear reactor, the Xe-100. The project will be the safest design in history, capable of producing 320 megawatts of flexible, reliable, carbon-free power. https://bit.ly/3uaoGsb. ",1,1,TRUE,,,,,,,,,,
Pacheco,Async,0-25,OilAndGasTax,"When Oklahomans faced the most severe winter weather event in decades, natural gas that led the way in keeping the power on and homes heated. 

Learn more about how natural gas came through when it was needed most: https://bit.ly/3aU95pZ. ",0,0,TRUE,,,,,,,,,,
Pacheco,Async,0-25,BuildBetterAct,"Grassroots advocacy is essential to the advancement of nuclear carbon-free energy, says fmr. Asst. Sec. for the Office of Nuclear Energy Dr. Rita Baranwal. Watch her latest interview to learn more about the vital role advocates like you can play in ensuring that all carbon-free energy sources, including always-on nuclear power, are part of the clean energy conversation.",0,0,TRUE,,,,,,,,,,
Pacheco,Async,0-25,GarneringSupportForRestoreVirginia,"Halloween is just around the corner and we are celebrating with a spooktacular giveaway! 🎃 Enter for a chance to win a family gift pack including a $100 Texaco gas card & four Ama pizzas. The rules are simple:
 
👻 Follow us on Facebook
👻 Comment below with a photo of you (or your keiki) in a Halloween costume!
 
That’s it! 🎉 Winners will be contacted and announced on Monday, November 1. This giveaway is not sponsored, endorsed by, or associated with Facebook.",0,0,TRUE,,,,,,,,,,
Pacheco,Async,0-25,AgencyToStopClimateChange,"If we want to solve the climate crisis, women must have an equal seat at the table. This #InternationalWomensDay, we’re recognizing incredible activists around the world who are doing their part to fight for climate justice.",1,0,FALSE,,1,,,,,,,,
Pacheco,Async,0-25,CallsToInvestInRenewableEnergy,"We count on our affordable, reliable co-op power. Don’t let politics and special interests get in the way.",1,0,FALSE,,1,,,,,,,,
Pacheco,Async,0-25,NeedQuickResponseForClimateCrisis,These aren’t just wildfires — they’re a sign our planet is heating up and becoming more dangerous. Sign up to learn how you can help protect our kids’ futures.,1,1,TRUE,,,,,,,,,,
Pacheco,Async,0-25,PoliticalActivismForRenewableEnergy,"Don't just imagine, be like these drivers and organize for power with Mobile Workers Alliance!",0,0,TRUE,,,,,,,,,,
Pacheco,Async,0-25,DonateToSupportClimateChangeActivism,"Halloween is just around the corner and we are celebrating with a spooktacular giveaway! 🎃 Enter for a chance to win a family gift pack including a $100 Texaco gas card & four Ama pizzas. The rules are simple:

👻 Follow us on Instagram
👻 Comment below what you’re dressing up as this Halloween
👻 EXTRA ENTRY: Post a photo of you (or your keiki) in a costume on your stories or feed

That’s it! 🎉 Winners will be contacted and announced on Monday, November 1. This giveaway is not sponsored, endorsed by, or associated with Instagram.

#TexacoInHawaii #Halloween #SpookySeason. ",0,0,TRUE,,,,,,,,,,
Pacheco,Async,0-25,ChallengesFacingRenewableEnergy,"We are looking for few new Solar Advisors. 

Solar Advisor Position     

Solar Power of Oklahoma (SPO) is looking to add 4 more highly trained professional Solar Advisors.  These Solar Advisors will help to facilitate the tremendous growth of the Oklahoma solar industry as well as that of SPO.  Candidates for the position must be highly motivated, extremely organized, enjoy meeting with people and be able to learn all of the technical side of a solar energy generation system. 

The Solar Advisor position is a straight commission position with a fixed weekly minimum as well as a very attractive bonus structure.  Compensation will range from $2,000 to $16,000 per month, but the average Solar Advisor makes in the six-figures.  

SPO is looking for honest, hardworking individuals that want to join our Team and be a part of the quickly expanding solar industry.  At SPO we feel that it is not a question of if people go solar, but when people GO SOLAR! 

If interested, email your resume to jwpeters@solarpowerok.com. ",0,0,TRUE,,,,,,,,,,
Pacheco,Async,0-25,PoliticalActivismForOilAndGas,"“The writing is on the wall”
DeWine's daughter “Alice in Wonderland,” spent almost 1.5 million dollars of “dark money” trying to get elected Prosecutor. 

And FAILED!

No amount of political influence, power, or money could convince the Voters of Greene County to elect another DeWine to public office. 

The “DeWine brand” is now TOXIC IN Greene County. 

Alice's overwhelming defeat was a shock and embarrassment to the DeWine political machine. The “good old boy network” which DeWine relied on for his political power was shut down.

Even Gene Fisher was against her candidacy.

Greene County Voters have had enough of this Mediocre Career Politician. DeWine had betrayed the Patriots of our community with his far-left-Progressive policies and unwavering support of ""killing the unborn"" through abortion.

Greene County deserves better!
Ohio deserves better!

Your VOICE MATTERS!",0,0,TRUE,,,,,,,,,,
Pacheco,Async,0-25,SupportForRenewableEnergy,Will ExxonMobil shareholders rise to the occasion next week to create long-term value and address climate risk?,1,0,FALSE,,0,,,,,,,,
Pacheco,Async,0-25,ProtectFromHarmsCausedByFossilFuels,"Why does Sugarcreek Township employ a Police Chief who does not live in the community he serves? In fact, this Police Chief doesn’t even live in Greene county!

Run out of the Dayton Police Department for unethical behavior, yet this cast-off, bad penny, is our Police Chief.

It's like the Trustees are hiring from the ""island of misfit toys.""

Hiring those rejected by the City of Dayton, ignoring the glaring warning signs, and hard lessons learned, others discovered concerning the defects in their ethical nature.

The Trustees should start exploring the option of contracting out “Police services” with the Bellbrook City Department.

It will be financial cost savings to the Township and would bring in the well-run management team of Chief Doherty, who has the highest ethical standards when it comes to law enforcement.

With the current scandal involving Chief Brown, Detective Stayer, Sargent White, and officer Clark, it is time to clean house and shut down this biased and unethical police department.

The rot of this corruption starts at the top and goes to the bottom.

If you live in the township, call your Trustees, 937-848-8426 and demand action.

When the Sugarcreek Police Department is used as a political weapon by the politically powerful, against taxpayers they disagree with, it is time for the taxpayers to be afraid.

Corruption of those who patrol our streets, carrying a badge and a gun, with the power to imprison you, can never be allowed.

The Sugarcreek Police have tarnished the oath they were sworn to uphold and have lost the faith and trust of our community.",0,0,TRUE,,,,,,,,,,
Pacheco,Async,0-25,InroadsMadeByOilAndGas,How much with the Energy Master Plan cost the taxpayers of New Jersey? Learn more here: https://njaffordableenergy.com/trenton-energy-tax/.,0,0,TRUE,,,,,,,,,,
Pacheco,Async,0-25,InroadsMadeByRenewableEnergy,"Sen. Carper and Sen. Coons are champions for Delaware's economy and our climate, leading the push to create millions of clean energy jobs across America.",1,1,TRUE,,,,,,,,,,
Pacheco,Async,0-25,EconomicAdvantagesOfRenewableEnergy,"Attention Oahu customers: The City and County of Honolulu’s Rental & Utility Relief Program will be open for applications for a second round beginning Monday, May 3, 2021 at 2 p.m. 

For qualified households, the rent and utility program pays:
- Up to $2,500 a month in rent and utility arrears going back to March 2020.
- Up to $2,000 for future rent payments.
- Up to $500 a month for future electric, water and sewer, and gas bills.
- For future payments, a household must requalify every three months and funds must be available. A household will need income and tax documents to requalify. 
- Total length of rent and utility help is 12 months per household.

For more information and how to apply, visit: oneoahu.org/renthelp.",0,0,TRUE,,,,,,,,,,
Pacheco,Async,0-25,SupportForBuildBackBetterAct,Sign our emergency petition to fight back against Joe Biden's reckless power grab and FORCED Vaccine Mandates!,0,0,TRUE,,,,,,,,,,
Pacheco,Async,0-25,SupportForOilAndGas,"As in years past, preparation, conservation and patience after a storm will be key to weathering the hurricane season. And when the next storm rolls in, the Texas oil and natural gas industry will be ready. Read about the industry’s preparedness plans here: http://www.txoga100.com/readiness-response-relief #HurricaneReady. ",1,1,TRUE,,,,,,,,,,
Pacheco,Async,0-25,EconomicAdvantagesOfOilAndGas,"We're putting a spotlight on Oklahoma's oil and natural gas employees — meet Jess Tarrant, technical sales for J.P. Consultants.

Jess' favorite thing about working in the oil and natural gas industry is the pace of work! It might be chaotic and around the clock, but he powers through with an energy drink in hand and Blink-182 cranking through his headphones (at least, that was his favorite band in junior high!). Get this: Chuck Norris once taught him how to do a wheelie on a unicycle. 🤯  Is Jess the most interesting man in the world? 🤔 

Click here to learn more fun facts about Jess: https://bit.ly/3m0Bsrs. ",0,0,TRUE,,,,,,,,,,
Pacheco,Async,0-25,InroadsMadeByNuclearEnergy,"When the world was facing an existential threat from nuclear weapons - the global community came together to create the Nuclear Non-Proliferation Treaty to keep everyone safe. Today, fossil fuels pose an even greater threat to the safety of us all.
 
That’s why a new global fossil free treaty is so critical. Add your voice and we can stop fossil fuel expansion, fairly phase out existing fossil fuels and ensure a just transition for all.",0,0,TRUE,,,,,,,,,,
Pacheco,Async,0-25,EconomicAdvantagesOfNuclearEnergy,Your electric co-op powers your home. VCP empowers you.,0,0,TRUE,,,,,,,,,,
Pacheco,Async,25-50,AdvocateForGreenEnergy,They want to shut us out of solving the climate crisis? Nope. WE ARE the climate majority. And we’re writing our own story.,1,0,FALSE,,1,,,,,,,,
Pacheco,Async,25-50,AdvocateForGreenEnergy,Combating the climate crisis requires responsibly sourced metals. We can safely mine them in Minnesota.,1,0,FALSE,,0,,,,,,,,
Pacheco,Async,25-50,GreenPowerExpensive,"CALL Josh Harder: (209) 579-5458 and tell them to oppose Pelosi’s socialist spending spree.

❌ Largest tax increase in more than 50 years

❌ Higher taxes on millions of small businesses

❌ Decreased wages and household income

❌ Rising costs for household goods like gas & groceries. ",0,0,TRUE,,,,,,,,,,
Pacheco,Async,25-50,GreenPowerExpensive,Energy efficiency is the quickest and cheapest way to meet our energy needs while also helping Floridians save money on their power bills … But Florida’s outdated practices take true efficiency off the table. Urge state regulators to update Florida’s policies!,0,0,TRUE,,,,,,,,,,
Pacheco,Async,25-50,ClimateActionDonation,"🆘𝐒𝐭𝐨𝐩 𝐬𝐜𝐫𝐨𝐥𝐥𝐢𝐧𝐠. We’re quickly running out of time to address the climate crisis!

𝐌𝐀𝐓𝐂𝐇 𝐘𝐎𝐔𝐑 𝐆𝐈𝐅𝐓: 𝐃𝐨𝐧𝐚𝐭𝐞 𝐫𝐢𝐠𝐡𝐭 𝐧𝐨𝐰 𝐚𝐧𝐝 𝐃𝐎𝐔𝐁𝐋𝐄 𝐲𝐨𝐮𝐫 𝐠𝐢𝐟𝐭 𝐭𝐨 𝐬𝐚𝐯𝐞 𝐨𝐮𝐫 𝐩𝐥𝐚𝐧𝐞𝐭 𝐟𝐫𝐨𝐦 𝐜𝐥𝐢𝐦𝐚𝐭𝐞 𝐜𝐡𝐚𝐧𝐠𝐞!",1,1,TRUE,,,,,,,,,,
Pacheco,Async,25-50,ClimateActionDonation,"𝐀𝐂𝐓𝐈𝐎𝐍 𝐑𝐄𝐐𝐔𝐄𝐒𝐓𝐄𝐃: 𝐖𝐢𝐥𝐥 𝐲𝐨𝐮 𝐬𝐢𝐠𝐧 𝐨𝐮𝐫 𝐩𝐞𝐭𝐢𝐭𝐢𝐨𝐧 𝐭𝐨 𝐩𝐫𝐨𝐭𝐞𝐜𝐭 𝐰𝐡𝐚𝐥𝐞𝐬?
 
Plastic debris kills more than 100,000 marine mammals like whales each year — and 99% of plastic production is powered by the fossil fuel industry. We’re calling for immediate action to demand the plastic and fossil fuel industries stop putting profits before the health of our oceans and the wildlife and communities that rely on them, but we still need 2,160 more people to sign our petition before midnight. Please add your name >>. ",1,0,FALSE,,1,,,,,,,,
Pacheco,Async,25-50,GreenEnergyWorks,"The cement and concrete industry is releasing a roadmap to achieve carbon neutrality across the entire value chain by 2050. 

Sign up for updates at shapedbyconcrete.com.",0,0,TRUE,,,,,,,,,,
Pacheco,Async,25-50,GreenEnergyWorks,"A newly-released report found that wind installations have risen nearly three times in the United States over the last 10 years, and wind alone now generates enough electricity to power 31 million homes. See more highlights from the last decade of growth in the renewable energy industry:. ",1,1,TRUE,,,,,,,,,,
Pacheco,Async,25-50,AdvocateForGreenEnergyPoliticalAction,"After decades of inaction, we're running out of time to address climate change. But so far, Illinois legislators have refused to do anything about it. It's time to pass the Governor's climate and equity proposal.",1,1,TRUE,,,,,,,,,,
Pacheco,Async,25-50,AdvocateForGreenEnergyPoliticalAction,"Key takeaway from the U.N climate report: Cutting methane emissions is the fastest way to slow the rate of warming, water scarcity and more intense storms.",0,1,FALSE,,0,,,,,,,,
Pacheco,Async,25-50,AntiTax,"A Conversation about Renewable Energy with All Four of the Living Standing Rock Sioux Tribe Chairmen of the Last 40 Years.

Please join us on Thursday, April 15th at 2:00 pm (EST) for a historic, live conversation about renewable energy with ALL four of the living Standing Rock Sioux Tribe (SRST) Chairmen of the last 40 years.

SAGE Development Authority is honored to welcome four esteemed panelists for our next Anpetu Wi Dialogue:

Charles Murphy
Former SRST Chairman
1983-93, 1997-2005, 2009-2013

Ron His Horse is Thunder
Former SRST Chairman
2005-2009

Dave Archambault II
Former SRST Chairman
2013-2017

Mike Faith
SRST Chairman
2017-Present

The panelists will discuss renewable energy during their terms, the current effort to build the Anpetu Wi wind farm, and their individual viewpoints on development at Standing Rock.

SAGE Development Authority's General Manager, Joseph McNeil, Jr., will moderate.

The conversation is part of our monthly talk series titled For Generations to Come: Anpetu Wi Dialogues from Standing Rock. The talks in the series are devoted to raising awareness for Native American issues and our efforts to develop Anpetu Wi – a utility-scale wind farm - on our ancestral land at Standing Rock.",0,0,TRUE,,,,,,,,,,
Pacheco,Async,25-50,AntiTax,"Working families are fighting to have control over their lives and practice self-determination. Politicians and employers have worked together for generations to make sure businesses are not accountable for protecting workers. Now is the time for change! We are for good union jobs! Jobs that are good for our planet! For jobs that go to our families and neighbors! We are for the PRO Act!

Las familias trabajadoras luchan por tener el control de sus vidas y practicar la autodeterminación. Los políticos y los empleadores han trabajado juntos durante generaciones para asegurarse de que las empresas no sean responsables de proteger a los trabajadores. ¡Ahora es el momento para el cambio! ¡Estamos a favor de buenos trabajos sindicalizados! ¡Trabajos que beneficien a nuestro planeta! ¡Y trabajos que lleguen a nuestras familias y vecinos!

#Proworker #prounion #PROAct #unions #timetothrive #jobsandcare #securejobs #jobs #invest. ",0,0,TRUE,,,,,,,,,,
Pacheco,Async,25-50,GreenEnergySavesMoney,The Clean Energy Corridor isn’t just bringing renewable energy to Maine. It’ll also bring high-speed broadband to 40 rural communities in Maine at a time when we need it most.,0,0,TRUE,,,,,,,,,,
Pacheco,Async,25-50,StopOilPollution,"It was 10 years ago that Hilcorp made its entry into Alaska and what an impact it’s made. Hilcorp is now the largest field operator in the state, based on operated oil and gas volume. It operates more than 1,700 producing wells, with gross production of about 345,000 barrels of oil/day and 150 million cubic feet of gas/day.

“We’re here to grow for decades to come,” Jill Fisk, Hilcorp Alaska senior asset team leader for Prudhoe Bay west, told the Resource Development Council’s annual conference.

At Prudhoe Bay, Hilcorp has halted the massive field’s 4%/year production decline without any major projects or drilling any new wells. It has experienced world-class results from Milne Point’s viscous oil in Schrader Bluff and is taking its polymer flooding technology to Prudhoe Bay.

“Alaska has clearly been a big win for Hilcorp, but we also believe our success in Alaska is a big win for Alaska and the people that live here,” Fisk said. You can watch Fisk’s entire presentation here. https://vimeo.com/647472375. ",0,0,TRUE,,,,,,,,,,
Pacheco,Async,25-50,DemocratOutreach,"Thank you Congresswoman Lizzie Fletcher for working to create good jobs for Texans while cutting air, water and climate pollution from orphan oil and gas wells.",1,0,FALSE,,1,,,,,,,,
Pacheco,Async,25-50,OilCreatesJobs,"Natural gas plays a pivotal role in today's global economy and will continue to be a critical to the future of energy, according to a new study by IHS Markit. Read more at wmb.link/gx4. ",0,0,TRUE,,,,,,,,,,
Pacheco,Async,25-50,NuclearAdvocacy,"Over the next 10 years, nuclear power would help prevent 30,000 asthma attacks – leading to a healthier and safer Illinois.",1,1,TRUE,,,,,,,,,,
Pacheco,Async,25-50,AntiWoke,"**Happening TONIGHT!**

Join Local 223 members in Michigan along with an all-star line up of speakers including Congresswoman Debbie Dingell (MI-12), Millie Hall, CLUW president of Michigan, Valerie King, UWUA Women's Caucus chair and Local 223, Utility Workers Union of America president Juanita Ray to celebrate women in the workforce.

Register now by calling Precious Hough at 313-377-2679 or Paula Turner at 724-347-2200.",0,0,TRUE,,,,,,,,,,
Pacheco,Async,25-50,LegislatorsMustActAgainstClimateChange,This extreme weather is not normal. We need to raise our voices about climate change before it's too late.,0,1,FALSE,,0,,,,,,,,
Pacheco,Async,25-50,ClimateChangeDonations,"Great news from VA! 

A new report by @UVA is offering Virginia an achievable way of decarbonizing by 2050. This plan would greatly improve public health, reduce pollution, and save VA money. It would also make VA a national and global leader in climate action. #ClimateFriday. ",0,0,TRUE,,,,,,,,,,
Pacheco,Async,25-50,OilAndGasExtractionRisks,"Instead of wrongly blaming individuals for climate change, why not make them the solution? We can do it by creating millions of good-paying, clean energy jobs right now with the American Jobs Plan. 

Read more:. ",0,0,TRUE,,,,,,,,,,
Pacheco,Async,25-50,NuclearEnergyBenefits,Arizona is in the middle of a megadrought. It’s time to heed Senator Mark Kelly’s call to act now on climate. https://bit.ly/3m39xrp.,0,0,TRUE,,,,,,,,,,
Pacheco,Async,25-50,TackleClimateChange,"Advocates on all sides agree that HB 2730 both protects and improves private property rights AND ensures critical infrastructure such as roads, electric lines and pipelines can be built. Send an email to your State Rep. urging them to SUPPORT HB 2730: https://p2a.co/0EhkT0k. ",0,0,TRUE,,,,,,,,,,
Pacheco,Async,25-50,ReduceEmissions,Some oil companies now claim they have a First Amendment Right to spread dangerous climate misinformation.,0,0,TRUE,,,,,,,,,,
Pacheco,Async,25-50,VirginiaConservativeCampaign,"New York Republican Chairman Nick Langworthy continues his statewide “Just Say No” tour in Auburn. He is highlighting the Party’s opposition to November election ballot propositions related to election integrity.

Cayuga County Republican Committee. ",0,0,TRUE,,,,,,,,,,
Pacheco,Async,25-50,OilAndGasJobs,"🌎 Sierra Club's City Hike-A-Thon is a nationally powered and locally experienced event to raise money to protect our planet. Climate change is one of the most pressing issues of our time and through the power of collective action and the power of grassroots fundraising, we can make a difference. This fall, you can do your part. Raise funds for the Sierra Club by hiking our signature City Hike route and learn about our efforts to stop oil drilling and reduce emissions, protect wetlands, and welcome everyone into nature. #CityHikeLA. ",0,0,TRUE,,,,,,,,,,
Pacheco,Async,25-50,IncreasingShareOfRenewableEnergyAmongDifferentPowerSources,Infrastructure is more than roads and bridges. It’s electric vehicles that will save you money on fuel and maintenance.,0,0,TRUE,,,,,,,,,,
Pacheco,Async,25-50,SouthwestGasInvestment,Oil spills and leaks from the Line 5 pipeline are already happening. Don't let a catastrophic failure wreak havoc on Wisconsin.,0,0,TRUE,,,,,,,,,,
Pacheco,Async,25-50,RenewableEnergyInfrastructureGrowth,"Leasing land for a wind or solar project provides landowners with a source of income that’s consistent, drought-proof, and long term. An income like that can help landowners fund the rest of their farming operations and keep their property under family ownership for the next generation of farmers.",1,1,TRUE,,,,,,,,,,
Pacheco,Async,25-50,NuclearEnergyEducation,"A lightbulb moment 💡

That’s what you experience when you learn about the myriad benefits of nuclear energy. Learn more about the many ways nuclear energy can help address the climate crisis while supporting local communities: https://bit.ly/3mb4LZb. ",1,1,TRUE,,,,,,,,,,
Pacheco,Async,25-50,OilAndGasTax,"Thanks to the vision of Governor Mark Gordon and leadership of the Wyoming Business Council, the Energy Rebound Program put thousands of Wyoming’s hard-working men and women back to work in the natural gas and oil industry. This program will bring in more than $19m in revenue to state and local governments. ",0,0,TRUE,,,,,,,,,,
Pacheco,Async,25-50,BuildBetterAct,"While #COP26 brings together world leaders to discuss changes rapidly affecting our communities and environment, the reliability of nuclear carbon-free energy remains the same. Nuclear energy plays an invaluable role in maintaining a strong grid during the clean energy transition: https://bit.ly/3pke7kt. ",0,0,TRUE,,,,,,,,,,
Pacheco,Async,25-50,GarneringSupportForRestoreVirginia,"Bob Baird, for Sugarcreek Trustee? 
It is a solid yawn. Bring a pillow if he's talking, he'll put you to sleep.

The Sugarcreek voters have better choices. Way Better choices.

This will be part of a review of Bellbrook Former Mayor Bob Baird. 

He moved to the township and at the first opportunity is a candidate for trustee.

He warrants a special look, but not enthusiastically. 

This page has endorsed FRED CRAMER AND MARVIN MOELLER who bring actual knowledge to the Sugarcreek board of trustees.

This is the first round with Bob Baird.  

This is the only page to offer you the flip side to his quest for power. Voters are encouraged to think twice before going with him. Baird has deficiencies that should raise red flags for the township.

The details will follow on this page.
Election Watch 21

Photo by the Dayton Daily News. ",0,0,TRUE,,,,,,,,,,
Pacheco,Async,25-50,AgencyToStopClimateChange,Get paid to talk to your neighbors about climate change. Apply for our climate canvassing team now!,1,1,TRUE,,,,,,,,,,
Pacheco,Async,25-50,CallsToInvestInRenewableEnergy,"With less than a month left in the legislative session, we’re calling on natural gas companies to do the right thing – register as critical infrastructure and weatherize.",0,0,TRUE,,,,,,,,,,
Pacheco,Async,25-50,NeedQuickResponseForClimateCrisis,"Mayor Barrett committed to support the principles of the Paris Climate Accord, and now it’s time to make good on those promises. Tell Mayor Barrett to declare a climate emergency now!",1,1,TRUE,,,,,,,,,,
Pacheco,Async,25-50,PoliticalActivismForRenewableEnergy,"The Green New Deal would stop all of the progress Texas and the U.S. is making with investments in affordable, reliable energy for a cleaner future. Sign our petition to keep this dangerous proposal out of Texas.",1,0,FALSE,,1,,,,,,,,
Pacheco,Async,25-50,DonateToSupportClimateChangeActivism,"The Patriots of Bellbrook-Sugarcreek need to VOTE or the ""woke progressive socialists"" will get elected onto the Bellbrook City Council, as a Sugareek Trustee, and onto the Bellbrook school board.

These candidates will try and influence our community and indoctrinate our children, into their progressive worldview through the power of the office they are seeking.

Power, our community should never give them.

The battle for the values which has made Bellbrook-Sugarcreek great starts at the ballot box on October 5th.

Cast your vote for the Candidates who embraces the values you hold dear. 

God, Family, and County.

Election Watch 21

https://youtu.be/zkKb4Zt48x8. ",0,0,TRUE,,,,,,,,,,
Pacheco,Async,25-50,ChallengesFacingRenewableEnergy,New data shows renewable power is surging globally but remains off the pace with what's needed to meet the ambitious goals of the Paris climate agreement.,1,1,TRUE,,,,,,,,,,
Pacheco,Async,25-50,PoliticalActivismForOilAndGas,"First, DC liberals spent trillions of our dollars. Now, Americans are facing record inflation and are paying more for gas and groceries. Their plan now: Nancy Pelosi and her liberal allies are pushing for new tax hikes and another socialist healthcare plan.
 
Click below and sign up to tell Tom O’Halleran enough is enough.",0,0,TRUE,,,,,,,,,,
Pacheco,Async,25-50,SupportForRenewableEnergy,"Climate change directly impacts our health. Connecticut's air quality is ranked among the worst in the country. TCI can reduce air pollution, illness, and health costs.",0,0,TRUE,,,,,,,,,,
Pacheco,Async,25-50,ProtectFromHarmsCausedByFossilFuels,"BREAKING: Physicians for Social Responsibility study turned up evidence that highly toxic, cancer-causing chemicals called PFAS were used for fracking at 1,200+ oil and gas wells across the country.  psr.org. ",1,1,TRUE,,,,,,,,,,
Pacheco,Async,25-50,InroadsMadeByOilAndGas,"By partnering with XL Fleet to transition our fleet from gas to electric and hybrid vehicles, Apex takes an immediate and significant step toward reaching our carbon reduction goals.",0,0,TRUE,,,,,,,,,,
Pacheco,Async,25-50,InroadsMadeByRenewableEnergy,"750,000 Americans already work directly on generating clean power. ",1,1,TRUE,,,,,,,,,,
Pacheco,Async,25-50,EconomicAdvantagesOfRenewableEnergy,"Our goal at SAGE is to inspire all to live according to natural law, benefitting seven generations to come. But what does it mean to live according to natural law? It means to respect and observe the physical existence and spiritual existence of all aspects of the world as we do our own. The respect of individual, family, community and nations of beings and natural forces that we exist with and not dominate. 

#IndigenousVoices #RenewableEnergy #StandingRock #SAGESRST #CommunityDevelopment #AnpetuWi #SRST #FourWinds #IndigenousPeople. ",0,0,TRUE,,,,,,,,,,
Pacheco,Async,25-50,SupportForBuildBackBetterAct,"Rep. Spanberger, thank you for fighting for clean energy that can power our economy, create good-paying jobs, and tackle the climate crisis. This is our moment to get it done and pass the Build Back Better Act.",1,1,TRUE,,,,,,,,,,
Pacheco,Async,25-50,SupportForOilAndGas,Did you know the most powerful advocates for the natural gas and oil industry are employees like you? Join Energy Citizens today to access advocacy tools and resources!,1,1,TRUE,,,,,,,,,,
Pacheco,Async,25-50,EconomicAdvantagesOfOilAndGas,Oil and natural gas are creating new opportunities for Louisiana workers. Will you sign the pledge to support a strong economy?,1,1,TRUE,,,,,,,,,,
Pacheco,Async,25-50,InroadsMadeByNuclearEnergy,"Reliable, American-made energy that doesn't break the bank. Like our page to support nuclear carbon-free energy in Alaska.",0,1,FALSE,,1,,,,,,,,
Pacheco,Async,25-50,EconomicAdvantagesOfNuclearEnergy,"When Bob Buckley, senior engineering specialist at BGE, realized the fall-protection mast he and the team had been using were no longer made, he designed and prototyped his own. Now, it keeps employees safe while they perform their day-to-day tasks on top of transformers.

http://ow.ly/o4bP50HFVGt. ",0,0,TRUE,,,,,,,,,,
Pacheco,Async,50-75,AdvocateForGreenEnergy,We must rapidly end fossil fuel development on public lands while transitioning our communities to a more just and equitable economy. Tell Senators Heinrich and Luján to support reforms of the nation’s federal oil and gas leasing system.,1,0,FALSE,,1,,,,,,,,
Pacheco,Async,50-75,AdvocateForGreenEnergy,"Extreme weather has thrown America into a constant state of emergency.

We need to act now to fight climate change. Later will be too late.",0,1,FALSE,,1,,,,,,,,
Pacheco,Async,50-75,GreenPowerExpensive,A ban on natural gas could limit consumer choice and potentially increase energy costs across the state.,1,0,FALSE,,1,,,,,,,,
Pacheco,Async,50-75,GreenPowerExpensive,"CA politicians are putting already struggling families at risk by threatening their jobs and livelihoods with a statewide energy shutdown. This would further increase the price of gas and household utility costs for California families, and put our local economy at risk.",1,1,TRUE,,,,,,,,,,
Pacheco,Async,50-75,ClimateActionDonation,"At Earthjustice, we’re using the power of the law to protect the people and places we all love. Will you join us? 

The future of our planet is at risk. Climate change, an irreversible loss of biodiversity, a system that puts profits over people — these are all threats here and now. Answer the call and help us defend the Earth, before it’s too late.",1,0,FALSE,,1,,,,,,,,
Pacheco,Async,50-75,ClimateActionDonation,"Climate change is happening, and the best form of action is to talk about it. If every parent made this pledge 👇, we could help protect your kids' future.",1,0,FALSE,,1,,,,,,,,
Pacheco,Async,50-75,GreenEnergyWorks,"The American clean power industry’s added capacity from April to June of this year was up 13 percent from the same period last year, and Michigan was one of the leading states in terms of installations, adding 424 MW of renewable energy capacity, ranking behind just Texas and California.",1,1,TRUE,,,,,,,,,,
Pacheco,Async,50-75,GreenEnergyWorks,"With an innovative combination of #natgas and renewable energy, a Colorado Habitat for Humanity team is working to build its first zero-net energy demonstration home. This “all-of-the-above energy strategy” will help lower emissions and utility bills for low-income families. Learn more: https://bit.ly/3rkDt1x. ",1,1,TRUE,,,,,,,,,,
Pacheco,Async,50-75,AdvocateForGreenEnergyPoliticalAction,"Climate change has reached a crisis point, and Congressman Case has a chance right now to pass a plan that takes it on. This is our moment.

Text HISTORY to 434-266-8464 and ask they pass the Build Back Better Act.",1,0,FALSE,,1,,,,,,,,
Pacheco,Async,50-75,AdvocateForGreenEnergyPoliticalAction,It’s a critical week for the fight against climate change as executive decision makers and government representatives join forces to discuss how we continue to take action. We’re even more thrilled to see some of our own signatories participating in these important conversations @pepsico @siemens @unilever 👏 #ClimateWeekNYC.,0,1,FALSE,,1,,,,,,,,
Pacheco,Async,50-75,AntiTax,"The Citizens United decision allowed massive political spending by fossil fuel companies. In fact they've outspent environmental activists 10 to 1 in stopping climate change action. The For the People Act will stop this corruption. 

Without action, our democracy and our access to it is in serious jeopardy, which is why the Senate must ensure fair elections, protect the freedom to vote and pass the For the People Act! To take action, visit sc.org/4thepeople or text ""FTP"" to 69866 to call your Senators now.",0,0,TRUE,,,,,,,,,,
Pacheco,Async,50-75,AntiTax,"""The Sky is falling! Mayday...Mayday is FAKE!""
🛑 With many staff being paid $80,000.00, to almost $100,000.00 dollars, plus extravagant benefits that are no longer in the private sector, it has created a budget crisis. The crisis is brought about by the school administration that refuses to live within the budget given to them by the taxpayers. 

🛑 They only want more, more, more, having become entitled. Ohio property owners are overtaxed. Sugarcreek and Bellbrook property owners are feeling the squeeze.

🛑 To restore financial responsibility to schools VOTE NO. They are already saying once this tax is passed they will want more increases every few years, as soon as 2024!
 
It is an abuse of power and it needs to be stopped.  ⛔ 

S.O.S.....Save our Seniors....VOTE NO on May 4th!",0,1,FALSE,,1,,,,,,,,
Pacheco,Async,50-75,GreenEnergySavesMoney,"Did you know that regionalizing Arizona's energy grid is the CLEANEST, FASTEST, AND CHEAPEST way to decarbonize? Climate change is a reality - it's time to act quickly. Act Now! 
>>Link in bio<<. ",0,1,FALSE,,1,,,,,,,,
Pacheco,Async,50-75,StopOilPollution,"Imagine having a toxic oil well beside your house or the playground your kids play on. That’s the reality millions of Californians face. 

CA state leaders are considering a rule that would put an end to this practice for new wells and are accepting public input—but only until December 21. 𝐒𝐮𝐛𝐦𝐢𝐭 𝐲𝐨𝐮𝐫 𝐩𝐮𝐛𝐥𝐢𝐜 𝐜𝐨𝐦𝐦𝐞𝐧𝐭 𝐍𝐎𝐖 𝐚𝐧𝐝 𝐡𝐞𝐥𝐩 𝐠𝐞𝐭 𝐨𝐢𝐥 & 𝐠𝐚𝐬 𝐰𝐞𝐥𝐥𝐬 𝐨𝐮𝐭 𝐨𝐟 𝐨𝐮𝐫 𝐜𝐨𝐦𝐦𝐮𝐧𝐢𝐭𝐢𝐞𝐬!

𝑉𝑖𝑑𝑒𝑜: 𝑆𝑚𝑢𝑔 𝑀𝑜𝑟𝑒𝑛𝑖𝑡𝑎. ",1,1,TRUE,,,,,,,,,,
Pacheco,Async,50-75,DemocratOutreach,Thank Sen. Ossoff for working to build a clean energy economy and create thousands of jobs. It’s time for the Senate to pass the Build Back Better Act.,1,1,TRUE,,,,,,,,,,
Pacheco,Async,50-75,OilCreatesJobs,"Energy produced in Colorado directly benefits millions of Coloradans each day. In fact, seven out of every ten homes across the state rely on natural gas, according to the US Energy Information Administration. Learn more: https://www.cred.org/natural-gas-oil-uses/. ",0,0,TRUE,,,,,,,,,,
Pacheco,Async,50-75,NuclearAdvocacy,Nuclear power plants in Montana would provide reliable power and thousands of clean energy jobs. Show your support by liking our page today.,1,1,TRUE,,,,,,,,,,
Pacheco,Async,50-75,AntiWoke,"TPUSA LIVE is the unfiltered, grassroots alternative to mainstream media. Watch daily shows, live in-studio content from TPUSA HQ and weekly shows covering politics, pop-culture, sports and everything in-between. Tune in every weekday starting at 5 PM ET / 2 PM PT.

Check out today’s show! 

Human Events Daily host Jack Posobiec discusses everything you need to know about #FreedomFlu.

The TPUSA LIVE team is joined by host, Jon Root, and special guests Will Witt, Morgan Zegers, and Alex Clark who will talk about Southwest Airlines, bi-sexual superheros, and more!

RELOADED host Paige Roux dives into the mainstream media lying about mass shootings and watch Breakaway with Jon Root, as he sits down with former University of Arizona football player and law enforcement officer Brandon Tatum. 

We will wrap up the show with POPlitics with Alex Clark as she covers Adele's new single, the relationship status of ""KimYe,"" hot take Tuesday, and more!",0,1,FALSE,,1,,,,,,,,
Pacheco,Async,50-75,LegislatorsMustActAgainstClimateChange,"“Our climate cannot wait. Climate change is going to cost us more if we don’t act now. Climate change is costing homeowners right now because of the spike in insurance after every flood and every tornado in each of our districts,” Speaker Welch said.",0,1,FALSE,,1,,,,,,,,
Pacheco,Async,50-75,ClimateChangeDonations,"Senator Lisa Murkowski, climate change is impacting Alaskans. The time to act is now.

Alaskans want bold climate action. Visit bit.ly/AlaskaClimateAction to say so.

#TimeIsNow #AlaskaClimateAction #ClimateChange. ",0,0,TRUE,,,,,,,,,,
Pacheco,Async,50-75,OilAndGasExtractionRisks,Infrastructure enables wind power and creates jobs. Congress must take action now.,0,0,TRUE,,,,,,,,,,
Pacheco,Async,50-75,NuclearEnergyBenefits,"On March 23, 2021, SoCalGas announced our plan to achieve #NetZero greenhouse gas emissions by 2045. 

Today and every day, we continue to work towards that goal. 

Follow us on our mission to build the cleanest, safest, and most innovative energy company in America. 

https://www.socalgas.com/sustainability. ",0,0,TRUE,,,,,,,,,,
Pacheco,Async,50-75,TackleClimateChange,ENERGY ACTION ALERT: Protect America’s energy future. Sign the petition in support of natural gas and consumer choice.,0,0,TRUE,,,,,,,,,,
Pacheco,Async,50-75,ReduceEmissions,"🛢️💀💰 Top oil and gas companies have made $65 billion in just three months, while consumers struggle with the burden of rising gas prices. 

Ask yourself: what's the real reason that gas prices are rising?",0,0,TRUE,,,,,,,,,,
Pacheco,Async,50-75,VirginiaConservativeCampaign,"An online activist in Flat Rock who has been using Facebook to post commentary and links to news stories about a Ford Motor Co. gas leak claims he has been the target of a disinformation campaign paid for by city hall.

Sean Gillaspie started his Flat Rock Times page in 2014. On Tuesday, Gillaspie made public a memo from the public relations firm hired by the Wayne County city’s government at $210 per hour.

The memo was part of a Flat Rock city council packet he had obtained, and had been written by Bsharah Public Relations in Royal Oak. It stated, “Importantly, we will read and evaluate social media posts from residents and, particularly those of Shawn Gillespie [sic]. Mr. Gillespie [sic] appears to be an irresponsible gadfly intent on achieving recognition for personal political gain. His credibility must be eliminated while, of course, emphasizing the City’s positive response to the Crisis. ...”

Commenters criticized Flat Rock officials for being focused on one Facebook page during a crisis that saw 1,200 families evacuated in early September, with most still unable to return to their homes. Some residents are just now beginning to go home.

“WOW!!” one Facebook commenter posted. “So the Mayor’s major concern right now is to make sure his image looks good during this crisis in this city??!! Election coming soon Flat Rock.”

Gillaspie said the city government has blocked people from leaving comments on its Facebook page.

Before September, most of the posts on the Flat Rock Times website were of links to low-impact news stories about the community. The website sometimes went weeks without a post.

But then on Sept. 5, it was reported that Ford discovered the gas leak at its assembly plant in Flat Rock, which led to the evacuations.

Since then, the Flat Rock Times’ commentary has been receiving a lot more attention from residents who are angry and confused.

The Flat Rock Times now has 1,464 people who follow it, in a town with a population of 10,000.

Some of the posts on the site are critical of the mayor. For example, on Sept. 15, the Flat Rock Times posted a link to the Monroe News. That story reported Flat Rock Mayor Mark Hammond had retired from his position as the emergency management director for Monroe County.

“BREAKING: WE FINALLY HAVE A FULL TIME MAYOR,” The Flat Rock Times stated.

The Flat Rock Times also cautioned residents about cashing the $500 certified check Ford gave to those families who evacuated.

“I would consult a lawyer before cashing it. It may make it impossible to sue later. We will find out about that ASAP.”

“Stay tuned,” the Facebook page stated.

Flat Rock Mayor Mark Hammond and Bsharah Public Relations didn’t respond to emails seeking comment.",0,0,TRUE,,,,,,,,,,
Pacheco,Async,50-75,OilAndGasJobs,"❗ 3 Match Ends At Midnight ❗
Now is the time to reshape our economy AND fight the climate crisis. We must stand together to reestablish American leadership on climate action. Triple your impact with a donation today, which will be matched $2-for-$1!",0,0,TRUE,,,,,,,,,,
Pacheco,Async,50-75,IncreasingShareOfRenewableEnergyAmongDifferentPowerSources,"Renewable energy leads to more jobs for New Mexico’s residents and a stronger economy. Clean energy provides almost triple the amount of jobs that fossil fuel extraction and generation supplies. Check it out: Link in the Bio

 #renewableenergy #solarenergy #solar #solarpower #cleanenergy #greenenergy #energy #solarpanels #gogreen #renewables #gosolar #sustainability #renewable #solarpanel #climatechange #environment #solarpv #sustainableenergy #solarsystem #photovoltaic #ecofriendly #windenergy #solarpowered #electricity #sustainable #solarinstallation #windpower #savetheplanet #windturbine #renewmexico. ",0,1,FALSE,,0,,,,,,,,
Pacheco,Async,50-75,SouthwestGasInvestment,"Republican lawmakers gave credit to the oil and gas industry for a projected boost in revenue to New Mexico and called for legislators to support growth in fossil fuel development.

https://www.currentargus.com/story/news/local/2021/09/04/report-warns-volatility-republicans-credit-oil-and-gas-revenue/5684669001/. ",0,1,FALSE,,1,,,,,,,,
Pacheco,Async,50-75,RenewableEnergyInfrastructureGrowth,Utility company  Alliant Energy has announced plans for the largest solar and storage project in the state of Iowa. The project will create up to 200 new jobs and will have the potential to power tens of thousands of homes. https://bit.ly/3jYy13C.,1,1,TRUE,,,,,,,,,,
Pacheco,Async,50-75,NuclearEnergyEducation,"Our reasons might not look the same, but we all agree that nuclear power is essential in Illinois.",0,1,FALSE,,1,,,,,,,,
Pacheco,Async,50-75,OilAndGasTax,"Facts are facts — one out of every five workers in Oklahoma has a job tied to the oil and natural gas industry. ANY federal legislation that increases taxes on oil and natural gas producers or limits the capital needed to bring new resources online will put more Oklahomans in the unemployment line. President Biden has vowed to end our industry's ""subsidies"" to fund his infrastructure proposal. Raising taxes on the industry that powers our nation is the WRONG approach.",1,1,TRUE,,,,,,,,,,
Pacheco,Async,50-75,BuildBetterAct,Nuclear plants in Alaska would provide reliable power and thousands of clean energy jobs. Show your support by liking our page today.,0,0,TRUE,,,,,,,,,,
Pacheco,Async,50-75,GarneringSupportForRestoreVirginia,"Dear Mr. Stafford,
As an observant of how my property taxes have been wasted by the Local Government in the past, I'm of the opinion that I must buy with my knowledge. Therefore, I will be vote no on any levy increasing taxes.

When the school district’s finances are involved, there are no disinterested people, which is the reason if you’ve ever noticed how school employees backed by the Board of Education are always trying to push the need for a levy.  

When you get right down to it, our school district’s finances seem about as honest as the finances on Wall Street.

Not even St. Pete could expect the truth from the Board of Education under such conditions. 

If the owner of a gas station sells water as gasoline he can be taken to court and sued. But a School Official can stand up and sell to the public ITS OWN ASSETS AS LIABILITIES (ESTIMATED ENCUMBRANCES) to justify the need for additional funding and the BOE smile at them, pat them on the back, shake their hand, and call them their friend.

Most of the levy presentations are not intentional lies, they are only presentations by a group of people who benefit the most from the passage. It is the advice given by a school employee concerned with losing their job and not what is the best usage of our tax dollars.

The fact of the matter is, you can get an expert that just happens to be a school employee to recommend just about anything if it is in the school's own best interest or supports their existing bias. Expert advice is up for grabs and it doesn't always have to work in the school district's favor. The tragic truth here is experts can be terribly, terribly wrong.

It is important to note that with any levy presentation that is offered by the school employee the biggest gains will be worked up into the worst losses. 

Oh, and let’s not forget the leaflets they will be passing out soon, how they are almost always just as true as the tale of THE WIZARD OF OZ. There is generally a basis of the fact that is threaded in with an over-exaggerated imagination.

I want you, the property owner taxpayer to ask yourself this question. Is this an effort to get you, the property owner taxpayer, to buy in?

 I hope that you will only buy what you know.

 Do not make the mistake and buy with your ignorance, but buy with your knowledge. All ignorance is dangerous and the most dangerous is the ignorance of YOUR LOCAL GOVERNMENT! 

Become an involved citizen and an informed voter.

The art of getting other people’s money has been developed into a science by the Local Government. In regards to that subject, the science of government funding, their art of attack is more developed than your art of defense.

In the public finance field, there are always more clever people who can separate you from your hard-earned money without using force.

There is no doubt that Bernie Madoff, for instance, has taken more money from private Citizens than the TOP 10 word twisting levy presenters. They were swindled, and it is a very unpleasant fact that one man can swindle us for so many years without being caught. Madoff is locked up now but yet the Local Government is not put in jail and not likely to be. As they separate you from your money with as much ease and the use of no force as Bernie Madoff did with the people he gave his presentations to.

The government doesn’t earn money they transfer it. No law so it seems can prevent a man from being fooled. It is a fact that we have seen in the Madoff case, for a man to be showered with millions of poor people’s money. The only reason that you, as Citizen, should sign a check over to the Local Government is that you have received full value for your money.

The school district has come to us with a promise and an empty pocket, as our need for educating our children is now diluted with the school district’s need for increased revenue for employee benefits.

This is a fact and I do not say it to be mean. I support the Employees of the school district. But I support the greatest asset of Our Community more, the Citizens.

Buy with your knowledge, as Mr. Stafford has said, MATH NEVER LIES.

I support the Vote No movement.

Name withheld.",0,0,TRUE,,,,,,,,,,
Pacheco,Async,50-75,AgencyToStopClimateChange,"It’s safe to say that September is a month dedicated to fighting climate change. And, while we believe challenges facing the planet should be addressed every day it’s spinning, we’re still here for it!

As we reflect on Climate Week discussions, we thought we'd share a few fun facts about becoming an Inspire member (swipe ➡️). 

Click to learn how you can help fight climate change by accessing renewable energy for your home from sources like wind and solar 💡. ",1,1,TRUE,,,,,,,,,,
Pacheco,Async,50-75,CallsToInvestInRenewableEnergy,"To address the climate crisis, we need more solutions – not fewer. Support innovation like zero-carbon fuels to save our future.",1,1,TRUE,,,,,,,,,,
Pacheco,Async,50-75,NeedQuickResponseForClimateCrisis,"🔥Sorry to interrupt your scrolling, but weather events linked to climate change are getting WORSE:

POLL DEADLINE 11:59 PM | Between 1980 and 2020, there were an average of 7 climate-related weather disasters in the U.S. each year that each resulted in $1 billion+ in losses. But if you just look at the past five years, that figure skyrockets to an average of 16 disasters each year. 

Climate crisis-driven weather events are growing worse by the day, and we have to stop the damage while we can. But we still need 31 more poll responses, and we have to stop accepting votes at 11:59 PM tonight. Please, don’t be silent when the stakes are this high: 𝐀𝐫𝐞 𝐲𝐨𝐮 𝐜𝐨𝐧𝐜𝐞𝐫𝐧𝐞𝐝 𝐚𝐛𝐨𝐮𝐭 𝐞𝐱𝐭𝐫𝐞𝐦𝐞 𝐰𝐞𝐚𝐭𝐡𝐞𝐫 𝐜𝐚𝐮𝐬𝐞𝐝 𝐛𝐲 𝐜𝐥𝐢𝐦𝐚𝐭𝐞 𝐜𝐡𝐚𝐧𝐠𝐞?",1,1,TRUE,,,,,,,,,,
Pacheco,Async,50-75,PoliticalActivismForRenewableEnergy,Bring thousands of green jobs to the great state of Ohio by supporting the Energy Jobs & Justice Act!,1,0,FALSE,,1,,,,,,,,
Pacheco,Async,50-75,DonateToSupportClimateChangeActivism,"⚠️2X MATCH ALERT⚠️

Help us celebrate Earth Day 🌊🌎🌳 
We need to come together this Earth Day and push for climate action and a better future for our planet.

Your generous gift will be matched $1 for $1 — but only for a limited time. Donate now and help create the change we need in 2021. 👇. ",1,1,TRUE,,,,,,,,,,
Pacheco,Async,50-75,ChallengesFacingRenewableEnergy,"New technology allows waste from farms, water treatment plants and landfills to be turned into clean, renewable natural gas. ",0,0,TRUE,,,,,,,,,,
Pacheco,Async,50-75,PoliticalActivismForOilAndGas,"If Gov. Whitmer shuts down Line 5 it means less jobs, higher gas prices and no heat source for much of the UP. HELP US STOP HER!",1,1,TRUE,,,,,,,,,,
Pacheco,Async,50-75,SupportForRenewableEnergy,"“There’s a lot of talk about “jobs, jobs, jobs” but RGGI is a job creator.” State Rep Dianne Herrin lays out the facts on PCN’s Call-In show. The Regional Greenhouse Gas Initiative (RGGI) is expected to create 30,000 jobs across Pennsylvania, while cutting climate pollution.",1,1,TRUE,,,,,,,,,,
Pacheco,Async,50-75,ProtectFromHarmsCausedByFossilFuels,"Imagine having a toxic oil well beside your house or the playground your kids play on. That’s the reality millions of Californians face. 

CA state leaders are considering a rule that would put an end to this practice for new wells and are accepting public input—but only until December 21. 𝐒𝐮𝐛𝐦𝐢𝐭 𝐲𝐨𝐮𝐫 𝐩𝐮𝐛𝐥𝐢𝐜 𝐜𝐨𝐦𝐦𝐞𝐧𝐭 𝐍𝐎𝐖 𝐚𝐧𝐝 𝐡𝐞𝐥𝐩 𝐠𝐞𝐭 𝐨𝐢𝐥 & 𝐠𝐚𝐬 𝐰𝐞𝐥𝐥𝐬 𝐨𝐮𝐭 𝐨𝐟 𝐨𝐮𝐫 𝐜𝐨𝐦𝐦𝐮𝐧𝐢𝐭𝐢𝐞𝐬!

𝑉𝑖𝑑𝑒𝑜: 𝑆𝑚𝑢𝑔 𝑀𝑜𝑟𝑒𝑛𝑖𝑡𝑎. ",1,1,TRUE,,,,,,,,,,
Pacheco,Async,50-75,InroadsMadeByOilAndGas,We’re proud to be part of HyDeal Los Angeles w/ the Green Hydrogen Coalition – a green hydrogen supply effort aiming to help the city reach its climate goals while reducing emissions & creating jobs. This initiative aligns w/ our Net Zero 2045 climate commitment. Info: https://bit.ly/3wbNukz.,0,0,TRUE,,,,,,,,,,
Pacheco,Async,50-75,InroadsMadeByRenewableEnergy,You can’t talk about the future of the American workforce without talking about jobs in wind power:.,0,1,FALSE,,1,,,,,,,,
Pacheco,Async,50-75,EconomicAdvantagesOfRenewableEnergy,"October is a special month for us because we get to celebrate what it means to be a cooperative. Our video shows how our Tri-State employees, members and the communities they serve, all play an important role in providing reliable, affordable and responsible electricity. #CooperativeMonth #BetterTogether #CoopFamily #CoopMonth #PowerOn. ",0,1,FALSE,,1,,,,,,,,
Pacheco,Async,50-75,SupportForBuildBackBetterAct,"Huge news: The House just voted to pass the Build Back Better Act!

Thank you, Rep. Casten, for putting Illinois's working families first by voting to create clean energy jobs right here and take on climate change right now.",1,1,TRUE,,,,,,,,,,
Pacheco,Async,50-75,SupportForOilAndGas,Now more than ever energy security is critical to our nation. Join thousands of other natural gas and oil workers and stay informed through Energy Citizens!,1,1,TRUE,,,,,,,,,,
Pacheco,Async,50-75,EconomicAdvantagesOfOilAndGas,Did you know oil and natural gas jobs provided more than $40.4 billion in wages across Pennsylvania in 2019? Learn how energy can help accelerate economic recovery.,1,1,TRUE,,,,,,,,,,
Pacheco,Async,50-75,InroadsMadeByNuclearEnergy,Nuclear carbon-free energy keeps North Carolina strong and our air clean. Like our page to learn more.,1,1,TRUE,,,,,,,,,,
Pacheco,Async,50-75,EconomicAdvantagesOfNuclearEnergy,Your electric co-op powers your home. VCP empowers you.,0,0,TRUE,,,,,,,,,,
Pacheco,Async,75-100,AdvocateForGreenEnergy,"Climate change is water change. This year alone we've seen the dreadful impacts of hurricanes, droughts, fires, and sewage overflows across the country and in many places around the world. This is only the beginning, but it doesn't have to be this way. That's why the Massachusetts Clean Water team is launching an #ActOnClimate challenge -- what can each of us do this fall to fight for a better future and reaffirm our commitment to climate justice? We choose action, not despair! What about you?",1,0,FALSE,,1,,,,,,,,
Pacheco,Async,75-100,AdvocateForGreenEnergy,Climate change is deepening inequality. Learn how you can make a difference.,0,0,TRUE,,,,,,,,,,
Pacheco,Async,75-100,GreenPowerExpensive,"We've said it once, we'll say it a million times — the far left (and climate-obsessed legislators) cannot seem to grasp how essential oil & natural gas is to powering human progress. Instead of punishing our industry, American politicians should be promoting it. ➡️ Click the link in our bio to read more!",0,0,TRUE,,,,,,,,,,
Pacheco,Async,75-100,GreenPowerExpensive,"Even while adding a new customer every minute and more than 780,000 miles of natural gas pipeline, the natural gas industry has a proven track record of reducing emissions. 

Tell your senators that the energy tax will put more burden on the 180 million Americans who rely on natural gas to fuel their homes.",1,0,FALSE,,0,,,,,,,,
Pacheco,Async,75-100,ClimateActionDonation,"⚠️2X MATCH ALERT⚠️

The headlines make it clear: We need to do more to solve the climate crisis before it’s too late. Help us fight for President Biden’s pro-environment agenda:

☑️ Act immediately to combat climate change
☑️ Permanently protect the Arctic from drilling
☑️ Defend vulnerable communities
☑️ Stand up for nature, wildlife, and ecosystems

Donate now and your gift will be matched!",1,1,TRUE,,,,,,,,,,
Pacheco,Async,75-100,ClimateActionDonation,"𝐒𝐨𝐫𝐫𝐲 𝐭𝐨 𝐢𝐧𝐭𝐞𝐫𝐫𝐮𝐩𝐭 𝐲𝐨𝐮𝐫 𝐬𝐜𝐫𝐨𝐥𝐥𝐢𝐧𝐠, but Earth Day is quickly approaching. With experts saying we only have nine years to stop irreversible damage from climate change, we must mobilize to urge action from the Biden administration NOW. We’re fighting to protect our planet and communities — but we can’t do it without supporters like you. Please, rush a donation before midnight and have your gift TRIPLE-MATCHED up to our $15,000 Earth Day goal!",1,1,TRUE,,,,,,,,,,
Pacheco,Async,75-100,GreenEnergyWorks,The U.S. leads the world in energy production while continuing to help reduce greenhouse gas emissions. Like our page to learn some of the ways we’re innovating.,0,0,TRUE,,,,,,,,,,
Pacheco,Async,75-100,GreenEnergyWorks,"Energy efficiency is critical to a clean, secure future for all Michiganders!",0,1,FALSE,,0,,,,,,,,
Pacheco,Async,75-100,AdvocateForGreenEnergyPoliticalAction,"We need to make swift changes to our environmental infrastructure to curb the rapid threat of climate change. We moved backward in the last four years and we need to make progress NOW!

🚨Add your name before time runs out🚨 Push Congress and the Biden Administration to make these critical changes >>. ",1,1,TRUE,,,,,,,,,,
Pacheco,Async,75-100,AdvocateForGreenEnergyPoliticalAction,"𝟏𝟎,𝟎𝟎𝟎 𝐑𝐄𝐒𝐏𝐎𝐍𝐒𝐄𝐒 𝐍𝐄𝐄𝐃𝐄𝐃 | 𝟏𝟏:𝟓𝟗 𝐏.𝐌. 𝐃𝐄𝐀𝐃𝐋𝐈𝐍𝐄

From the wildfires scorching California to Hurricane Ida causing flooding and destruction, it is clear that devastating extreme weather events will become more common and destructive if we don’t act now to prevent climate catastrophe. Stacey Abrams is demanding Congress take bold climate action by passing the Build Back Better Act NOW.

We need 10,000 climate activists to make their voice heard before MIDNIGHT, and your vote is missing. Do you support bold climate action?",1,1,TRUE,,,,,,,,,,
Pacheco,Async,75-100,AntiTax,"Gov. Tom Wolf did his best to confuse voters and obfuscate the language of two proposed amendments that would check his power during an emergency declaration. Fight for lives, livelihoods, and liberty by voting ""YES"" on May 18.",0,0,TRUE,,,,,,,,,,
Pacheco,Async,75-100,AntiTax,"TennConn BIG 7 Weekend Update 🎉 More TN Senators Sign On In Support Of Special Session 🧐 Governor Lee Asks For Greater Transparency In Afghan Resettlement 🚓 Republicans Call On Biden To Fix Border Crisis In Del Rio

🚨Click Support Conservative Journalism in the FIGHT for FREEDOM! https://www.tennesseeconservativenews.com/support

*3rd Arrest From TN Illegal Immigration Center For Sexual Battery Of Minor
 
*V@X Mandates Are Driving Tennesseans Out Of The Workforce

*Get Our FREE Daily E-Newsletter: https://www.TennesseeConservativeNews.com

*U.S. Supreme Court To Reconsider Roe V. Wade

*Putnam County Football Players Take A Knee To Pray After Complaint From National Watchdog Group

Tired of local, liberal main-stream media? Then stop consuming it and come to the Tennessee Conservative! If you like what we do, please go to https://www.TennesseeConservativeNews.com and subscribe for our email and occasional text updates.

Also, if you firmly believe TN needs a true conservative news alternative, help us reach other conservatives just like you by supporting our publication. Simply go to https://www.TennesseeConservativeNews.com/support or navigate to the home page and click the red support button at the top.

For every dollar you give, we can reach one more conservative Tennessean like you – and when you give any amount you’ll get two “Proud Tennessee Conservative” bumper stickers and a directory of state officials so you can voice your support of conservative policies in Tennessee.",0,0,TRUE,,,,,,,,,,
Pacheco,Async,75-100,GreenEnergySavesMoney,We can continue innovating to drive down emissions without making it harder to provide Arizonans with the reliable and affordable energy they need. Tell your member of Congress to say no to increased energy bills.,0,0,TRUE,,,,,,,,,,
Pacheco,Async,75-100,StopOilPollution,The Arctic National Wildlife Refuge will always be threatened with oil and gas development until Congress permanently protects this vital wildlife habitat. But first they must repeal drilling in the Arctic Refuge! Send a note to your representative to support the Arctic Refuge Protection Act.,1,1,TRUE,,,,,,,,,,
Pacheco,Async,75-100,DemocratOutreach,"Huge news: The House just voted to pass the Build Back Better Act!

Thank you, Rep. Gomez, for putting California's working families first by voting to create clean energy jobs right here and take on climate change right now.",1,1,TRUE,,,,,,,,,,
Pacheco,Async,75-100,OilCreatesJobs,Did you know oil and natural gas supports thousands of jobs in Louisiana? Learn more here.,1,1,TRUE,,,,,,,,,,
Pacheco,Async,75-100,NuclearAdvocacy,"To meet decarbonization goals and effectively mitigate the effects of the climate crisis, we need safe, reliable clean energy generation – and this means nuclear power. Learn more: https://bit.ly/3pke7kt. ",1,1,TRUE,,,,,,,,,,
Pacheco,Async,75-100,AntiWoke,"TPUSA LIVE is the unfiltered, grassroots alternative to mainstream media. Watch daily shows, live in-studio content from TPUSA HQ and weekly shows covering politics, pop-culture, sports and everything in-between. Tune in every weekday starting at 5 PM ET / 2 PM PT.

Check out today’s show! 

Human Events Daily host Jack Posobiec discusses a Facebook whistleblower, China's economy, & more!

The TPUSA LIVE team is joined by host, Jon Root, and special guests Colton Duncan and Morgan Zegers as they talk about bridging the divide in our country, 'What in the World Wednesday' and more!

On The Frontlines host Isabel Brown sits down with Avery Severson about her story starting a TPUSA chapter on campus and watch SMASH with MAGA Hulk, Stephen Davis as he breaks down mainstream music and how it's corroding our minds. 

We will wrap up the show with POPlitics with Alex Clark as she dives into the Squid Game, the couch guy from TikTok, Jojo Siwa & more!",0,1,FALSE,,1,,,,,,,,
Pacheco,Async,75-100,LegislatorsMustActAgainstClimateChange,"@aoc nails it: We don't have a second more to waste when it comes to the climate crisis. Our future is on the line right now. 🌎

Climate change is the single-greatest threat to humanity and the existential battle of our time. Only by standing together and demanding change can we win this fight. ✊

#AOC #ClimateCrisis #ClimateChange #Climate #ClimateEmergency #GlobalWarming #BuildBackBetter #BuildBackBetterAct #PlanetEarth #Environment #COP26 #LCV #Quotes. ",1,1,TRUE,,,,,,,,,,
Pacheco,Async,75-100,ClimateChangeDonations,"The record-breaking heat wave in the West isn’t just unbearable, it’s deadly. And it could have severe economic consequences. We need bold action that will curb extreme weather fueled by climate change and help our economy — and we need Congress to act NOW >> clmtpwr.us/Extreme-Weather-AJP. ",0,0,TRUE,,,,,,,,,,
Pacheco,Async,75-100,OilAndGasExtractionRisks,"Huge news: The House just voted to pass the Build Back Better Act!

Thank you, Rep. Wild, for putting Pennsylvania's working families first by voting to create clean energy jobs right here and take on climate change right now.",0,0,TRUE,,,,,,,,,,
Pacheco,Async,75-100,NuclearEnergyBenefits,"As the world’s largest oil and gas producer, the United States has both opportunity and responsibility to lead the way on reducing methane emissions.",0,0,TRUE,,,,,,,,,,
Pacheco,Async,75-100,TackleClimateChange,"As the nation faces wildfires, droughts and storms made worse by climate change, the need to #cutmethane has never been more urgent. 

Thank you to Senator John Hickenlooper & Senator Michael Bennet for urging strong federal EPA pollution rules that follow CO's lead. https://bit.ly/2ZNFYBw. ",1,1,TRUE,,,,,,,,,,
Pacheco,Async,75-100,ReduceEmissions,"""...Wyden previously proposed repealing the deduction in his bill to overhaul energy tax incentives to boost clean energy development. President Biden also proposed eliminating the tax provision in his budget plan and the American Jobs Plan. 

""That’s alarmed oil and gas lobbyists, who are rounding up support from moderate Democrats from fracking-heavy states such as Texas, Pennsylvania and Ohio to ensure the deduction survives.  

“'Democrats, particularly those with oil and gas operations in their districts, understand the importance of this industry, that it provides high-paying jobs and the benefits that come with domestic production,' said Anne Bradbury, president of the American Exploration and Production Council (AXPC), which represents independent oil and gas producers.

""The AXPC said that removing the deduction would reduce the number of wells drilled by 25 percent. That would raise gas prices and increase U.S. dependence on oil from Russia and the Middle East, the lobbying group stressed in meetings with lawmakers.""

https://thehill.com/business-a-lobbying/business-a-lobbying/569583-oil-producers-push-democrats-to-preserve-key-drilling. ",0,1,FALSE,,0,,,,,,,,
Pacheco,Async,75-100,VirginiaConservativeCampaign,"My opening speech for the First Republican Town Hall of 2022

It is my belief, that the greatest strength we have as Americans it's our ability to take action when we think something is wrong with our country,
 And tonight is an example of just that!!  
My name is Jeffrey Sossa Paquette, and I am excited to kick off the first town hall of 2022, representing republican candidates ranging from the governor U.S. House of representatives, state senators Secretary of State, and school board candidates, Welcome
This town hall MARKS a special occasion, 
the fact that it was not put ON by candidates, --but rather the parents of these communities.
Parents who find themselves concerned about our rights, as mothers and fathers concerned about our children's education in our schools-- with all the lockdowns-- and mandatory masks, CRT that is confusing our children causing depression anxiety and rising suicide rates, -- To sex education that would make an adult blush. 
all of these issues that we have come together to DISCUSS 
Revolve around One IDEA: That the government thinks they know better than us--when it comes to raising our families. 
I've spent the last few decades challenging the government on this very idea. 
As a young homosexual man, starting a family was OUT of reach, both in adopting a child and marrying my spouse. 
However, I held a firm belief that God had a plan for me, 
21 years ago, I received a message on my answering machine--a woman about to give birth with no plan other than to leave the baby at the hospital--pleaded for me to reach out if I was interested in adopting--and despite the lawyers the Government telling me I could not adopt her, simply because I was a gay man. 
I took on the law-- I am proud to say that through winning that Fight, I'm the father of an amazing young lady while paving the pathway for countless others.
in marrying my husband, I again face challenges with the government-- and again we managed to challenge the laws and win.

Was it easy? --Certainly not 
but when I see my two beautiful children and my husband, there is no doubt in my mind that I know they were worth fighting for, FAMILY ALWAYS IS. 
we made it because we did not let the government tell us how to build or raise a family. 
With that, -- I tell you this story not as a candidate for Congress, but as a concerned parent, and together as parents we will stand up and take our children futures back, 
There is no excuse that as parents we don't stand up and fight for our families as I've demonstrated-- I'm living proof we can WIN.
Right now, our children are entering the world where the American dream--that our kids will be better off than us parents--is slowly dying. higher education and housing costs are skyrocketing, starting a family is out of reach for too many-- and while this is happening, our leaders in Washington not only ignore these problems but think THEY no better when it comes to running our lives.
Ladies and gentlemen, before we continue on with the first town hall of 2022, 
I want to leave you all with a vision for our country, one that we can all embrace heading into this election year. it is time that we take back the power that the federal government has taken from US, --not only as Americans-- or citizens of Massachusetts, -- but as parents. by rolling back federal regulations and returning the power to local and state levels, we can begin to have our voices be heard--and not drowned out in the divisiveness that consumes much of our politics today. 
As I'm sure my fellow republican candidates here with me will agree, November’s election is not about parties, but rather our rights and freedoms as parents.
Thank you
Republican candidate for U.S House of Representatives
MA-2. ",0,0,TRUE,,,,,,,,,,
Pacheco,Async,75-100,OilAndGasJobs,"🚨Sorry to stop your scrolling, but this is urgent...

𝟏𝟏:𝟓𝟗 𝐏𝐌 𝐃𝐄𝐀𝐃𝐋𝐈𝐍𝐄 | 𝐃𝐄𝐌𝐀𝐍𝐃 𝐂𝐎𝐍𝐆𝐑𝐄𝐒𝐒 𝐀𝐂𝐓 𝐀𝐆𝐀𝐈𝐍𝐒𝐓 𝐁𝐈𝐆 𝐏𝐎𝐋𝐋𝐔𝐓𝐄𝐑𝐒
While the climate crisis and the coronavirus pandemic both grew worse, corporate polluters cashed in. They’ve taken billions in COVID-19 relief funds and used them to keep pumping our atmosphere full of fossil fuels, endangering our waterways, and skirting accountability. With every passing day, we are running out of time to end the climate crisis. We need to speak out and demand change, but with just hours until our 11:59 PM petition deadline, we’re still missing 39 signatures from your area! Please act now: Sign the petition to demand Congress hold Big Polluters accountable.",0,0,TRUE,,,,,,,,,,
Pacheco,Async,75-100,IncreasingShareOfRenewableEnergyAmongDifferentPowerSources,Let’s go bold on clean energy jobs.,0,1,FALSE,,0,,,,,,,,
Pacheco,Async,75-100,SouthwestGasInvestment,Sign this petition asking for oil & gas to clean up & pay up.,0,0,TRUE,,,,,,,,,,
Pacheco,Async,75-100,RenewableEnergyInfrastructureGrowth,"As the sunniest state in the country, Arizona is on the brink of becoming a national leader in renewable energy. Not only is renewable energy now cheaper than all other conventional energy forms, it’s also a marketable incentive to attract industries who are looking to power their own businesses with renewable power. #Arizona #Power #RenewableEnergy #WindEnergy #SolarEnergy #Industry. ",1,1,TRUE,,,,,,,,,,
Pacheco,Async,75-100,NuclearEnergyEducation,"Losing a nuclear power plant can cripple the local community, now and for years to come.

That’s why so many Illinoisans are fighting to keep the nuclear plants in our state open.",1,1,TRUE,,,,,,,,,,
Pacheco,Async,75-100,OilAndGasTax,Oil and natural gas contribute billions to American manufacturing – supporting jobs across the country. Learn more here!,0,0,TRUE,,,,,,,,,,
Pacheco,Async,75-100,BuildBetterAct,"As global leaders gather in New York City for the 2021 United Nations General Debate, it’s important to remind them that nuclear energy can provide benefits across industries and nations. Hear what these climate experts have to say about our nation’s largest source of carbon-free energy. https://bit.ly/3mb4LZb. ",0,0,TRUE,,,,,,,,,,
Pacheco,Async,75-100,GarneringSupportForRestoreVirginia,"The BIG LIE!
Price is now alluding to bring back bussing, a promise that will be broken, saying anything to try and pass this $22,540,000.00 million dollar property tax levy.

With the levy defeat looming, desperation is apparent, board members are saying anything to try and change the tide of the coming PROPERTY TAX REVOLT.

Price is using EXTORTION. 
Give us the $22,540,000.00 million dollars and we will bring back SOME BUSING!

This is a false promise, a bald-faced lie, bait, and switch, believing the taxpayers will fall for his BS.

Price is now alluding to bring back bussing, a promise that will be broken, saying anything to try and pass this $22,540,000.00 million dollar property tax levy!

Again Kiven Price is droning on again, giving a self-serving, he's so great speech. It is so inappropriate. He just runs over David Carpenter, who can not control this board meeting, and does whatever he wants.

When Price talks bring a pillow, it's a snooze fest.

Come November, it will be time to get rid of the appointed government bureaucrat.

A monumental change is coming in the power structure of this property tax-loving school board.

Kevin Price can not be trusted.

Please join the Bellbrook-Sugarcreek Property Tax Revolt!

NO MEANS NO!",0,0,TRUE,,,,,,,,,,
Pacheco,Async,75-100,AgencyToStopClimateChange,"It’s the climate crisis. And it’s here. This must be our moment to wake up and take action! 

Learn more here 👉 bit.ly/its-the-climate-crisis.",1,1,TRUE,,,,,,,,,,
Pacheco,Async,75-100,CallsToInvestInRenewableEnergy,Businesses are heading toward a clean energy future. Now lawmakers have an opportunity to supercharge this growth.,1,1,TRUE,,,,,,,,,,
Pacheco,Async,75-100,NeedQuickResponseForClimateCrisis,"This is climate change. It's not a distant threat—it's here, it's now and it's deadly. Tell Congress to act!",1,1,TRUE,,,,,,,,,,
Pacheco,Async,75-100,PoliticalActivismForRenewableEnergy,Keep clean energy jobs in Ohio. Email your legislators TODAY and tell them to OPPOSE Senate Bill 52.,1,1,TRUE,,,,,,,,,,
Pacheco,Async,75-100,DonateToSupportClimateChangeActivism,"Your donation will directly impact the progress of climate justice and creating more sustainable, renewable energy for the people of Standing Rock. Please donate today!",0,1,FALSE,,1,,,,,,,,
Pacheco,Async,75-100,ChallengesFacingRenewableEnergy,"The industrial revolution and exploitation of natural resources and Indigenous Peoples to enrich nations has led to an imbalance of the world and we are feeling the effects.

We can't always depend on one source of energy, and there are issues with any technology to provide power. The climate benefit from eliminating carbon emissions is the number one goal for our children's future or they'll live in the dark both figuratively and literally. We believe we are taking a step in the right direction with our wind farm. #AnpetuWi #SayYesToWind. ",0,0,TRUE,,,,,,,,,,
Pacheco,Async,75-100,PoliticalActivismForOilAndGas,Raising taxes on the U.S. natural gas and oil industry could put our economic recovery at risk! Call Rep. Susan Wild at 570-807-0333 and tell them: new taxes on U.S. energy is a BAD idea!,1,1,TRUE,,,,,,,,,,
Pacheco,Async,75-100,SupportForRenewableEnergy,"The Clean Energy Jobs Act would transition Illinois’ power sector completely away from dirty fossil fuels by 2030.

Illinois can be a leader in the clean energy economy.

Tell your state legislator: Pass the Clean Energy Jobs Act now!",1,1,TRUE,,,,,,,,,,
Pacheco,Async,75-100,ProtectFromHarmsCausedByFossilFuels,Oil and gas companies have left toxic pollution in countless communities across the country. Call on Congress to support the Biden administration’s efforts to clean up the 2.1 million abandoned oil and gas wells in the US while creating good-paying jobs!,1,1,TRUE,,,,,,,,,,
Pacheco,Async,75-100,InroadsMadeByOilAndGas,"America’s refiners are decarbonizing heavy transportation by investing in renewable diesel and sustainable aviation fuel, which can reduce carbon emissions by as much as 80 percent. Learn more:. ",0,1,FALSE,,1,,,,,,,,
Pacheco,Async,75-100,InroadsMadeByRenewableEnergy,Let’s go bold on clean energy jobs.,0,0,TRUE,,,,,,,,,,
Pacheco,Async,75-100,EconomicAdvantagesOfRenewableEnergy,"These three recent environmental wins are worth celebrating!⁣
⁣
✒️ The U.S. officially rejoined the Paris Agreement. ⁣
⁣
✉️ 12 leading environmental organizations (including EDF!) wrote an open letter to America’s CEOs calling for more action on climate. ⁣
⁣
📦 @fedex announced ambitious plans to go all-electric by 2040. ⁣
⁣
⚡ The Empire State Building will power its entire commercial real estate portfolio with renewable wind electricity. This is roughly the equivalent of every New York State household turning off all of their lights for an entire month. ⁣
⁣
👩‍⚖️ Under the Trump administration, the EPA’s ability to use the best available science was at stake — until EDF lawyers stepped in and blocked the dangerous attack.⁣
⁣
This momentum for climate action is unprecedented. Join our community of more than 2.5 million members and activists who help make this progress possible. We’re just getting started.⁣
⁣
#GoodNews #Climate #ClimateChange #GlobalWarming #Environment #Environmental #Environmentalist #CleanAir #CleanEnergy #PublicHealth  #ElectricVehicles⁣. ",0,0,TRUE,,,,,,,,,,
Pacheco,Async,75-100,SupportForBuildBackBetterAct,"Huge news: The House just voted to pass the Build Back Better Act!

Thank you, Rep. Beatty, for putting Ohio's working families first by voting to create clean energy jobs right here and take on climate change right now.",1,1,TRUE,,,,,,,,,,
Pacheco,Async,75-100,SupportForOilAndGas,"Colorado’s oil and natural gas industry is committed to being the leader in responsible energy development. From investing in new, innovative technologies, to lowering emissions, to supporting local communities, Colorado is a model for the nation. See how: https://www.cred.org/energy-leadership/. ",1,1,TRUE,,,,,,,,,,
Pacheco,Async,75-100,EconomicAdvantagesOfOilAndGas,"Colorado is our home. Since 2009, the oil and natural gas industry has generated over $1.3 billion dollars in tax revenue that supports parks, roads, and infrastructure for Colorado.",1,1,TRUE,,,,,,,,,,
Pacheco,Async,75-100,InroadsMadeByNuclearEnergy,"Braidwood, Byron, Dresden, and LaSalle nuclear plants provide 2/3 of Illinois’ clean energy. Two of the plants—and 1,500 direct jobs—will be lost this year if Springfield doesn't act now.",0,1,FALSE,,1,,,,,,,,
Pacheco,Async,75-100,EconomicAdvantagesOfNuclearEnergy,Your electric co-op powers your home. VCP empowers you.,0,0,TRUE,,,,,,,,,,
Pacheco,Sync,0-25,DonationMatchingForClimate,It's actually pretty simple: climate change = more extreme weather. Find out why 99% of climate scientists agree.,0,0,TRUE,,,,,,,,,,
Pacheco,Sync,0-25,DonationMatchingForClimate,"𝐓𝐚𝐜𝐤𝐥𝐢𝐧𝐠 𝐜𝐥𝐢𝐦𝐚𝐭𝐞 𝐜𝐡𝐚𝐧𝐠𝐞 𝐬𝐡𝐨𝐮𝐥𝐝 𝐛𝐞 𝐚 𝐭𝐨𝐩 𝐩𝐫𝐢𝐨𝐫𝐢𝐭𝐲.

It’s critical that Governor Polis continues to lead Colorado forward and act on climate if we are going to meet the scale of the crisis we face.

🚨Sign your name ASAP to urge him to speak up in support of climate action >>. ",0,0,TRUE,,,,,,,,,,
Pacheco,Sync,0-25,AbandonedWells,The Iowa public school system has MANDATED Critical Race Theory and Dennis reviews a shocking document that the state’s teachers are forced to use.,0,0,TRUE,,,,,,,,,,
Pacheco,Sync,0-25,AbandonedWells,Final Day - March 17 - Learn about Zion's latest Unit Program (Stock + Warrants) to invest toward Israel's Energy Independence - https://www.zionoil.com/dspp/unit-program.,0,0,TRUE,,,,,,,,,,
Pacheco,Sync,0-25,GreenEnergyIsCostEffective,Prices at the pump aren’t as straightforward as they often seem. The biggest determining factor of gas prices is the price of crude oil – which isn’t set by American refiners. Learn more about how gas price is determined:.,0,0,TRUE,,,,,,,,,,
Pacheco,Sync,0-25,GreenEnergyIsCostEffective,Major Flex. #BigGovSucks #SocialismSucks #Gas #Luxury #USA #Conservative #TPUSA.,0,0,TRUE,,,,,,,,,,
Pacheco,Sync,0-25,ClimateEmergency,Gas just isn’t what we thought it was. Wind can bring the energy that we’ve been looking for.,0,0,TRUE,,,,,,,,,,
Pacheco,Sync,0-25,ClimateEmergency,"To help fight climate change, we’ll need every tool in the toolkit and the sooner we start, the better. Learn more how net-negative oil can help clear the air on the ground and in the sky!",1,0,FALSE,,1,,,,,,,,
Pacheco,Sync,0-25,NuclearRevenueSupportsJobs,"The term “natural infrastructure” refers to naturally occurring landscape features and/or nature-based solutions that promote, use, restore or emulate natural ecological processes.",0,0,TRUE,,,,,,,,,,
Pacheco,Sync,0-25,NuclearRevenueSupportsJobs,"AXPC supports innovative, collaborative solutions that lower greenhouse gas (GHG) emissions while meeting the world’s growing need for abundant, low cost, reliable energy. Like our page to learn more about our solutions ⬇️. ",0,0,TRUE,,,,,,,,,,
Pacheco,Sync,0-25,HazardsOfWells,"CALL Abigail Spangerger: 540-321-6130 and tell them to oppose Pelosi’s socialist spending spree.

❌ Largest tax increase in more than 50 years

❌ Higher taxes on millions of small businesses

❌ Decreased wages and household income

❌ Rising costs for household goods like gas & groceries. ",0,0,TRUE,,,,,,,,,,
Pacheco,Sync,0-25,HazardsOfWells,Question 1 gives politicians power to impose laws and restrictions retroactively — making it harder to create jobs and bring investments to Maine.,0,0,TRUE,,,,,,,,,,
Pacheco,Sync,0-25,VirginiaConservatives,"Part 3️⃣ of our endangered species series with @vientoxsol and @wiisaakodewinini celebrates grizzly bears! 🐻 Learn more about these important animals and how they fit into the complex web of cultural and natural biodiversity. 

Although considered sacred by many tribes, Grizzly Bears continue to face threats from humans and climate change. ⤵️

“Within this struggle to protect the grizzly, and thus the land the grizzly, in turn, protects with the water, we find many of our struggles: the struggle to defend our sovereignty; the struggle to defend our treaty rights; the struggle to preserve and enforce consultation mandates; the struggle to defend and strengthen our spiritual and religious freedoms.” — Chief Stanley Grier, Chief at Piikani Nation, Brocket, Alberta, Canada 

Read more and take action now through the 🔗 in our bio. 

[Image description: This image is a photo collage. In the center of the image, a grizzly bear rests with paws perched on mountains in the foreground sprinkled with colorful followers in red, orange and white. A yellow circle enshrines the head of the bear. Behind, the sky is dark blue and speckled with wispy white clouds. Seven monarch butterflies also populate the frame.] 

#ESA #BiodiversityCrisis #Nature #Wildlife #ClimateChange #PeopleOverProfit #ActOnClimate #ClimateAction #EndangeredSpeciesAct #GrizzlyBear. ",0,0,TRUE,,,,,,,,,,
Pacheco,Sync,0-25,VirginiaConservatives,"Clean Wisconsin is giving away some special swag this Giving Tuesday! Donate just $5 or more before midnight on Giving Tuesday, and you will receive a special Wisconsin landmarks Clean Wisconsin sticker - designed just for us by artist Katie Cooney. Donate $35 or more and receive a celebratory 50th anniversary Clean Wisconsin tote bag and the Wisconsin landmarks sticker!

DONATE HERE: https://donatenow.networkforgood.org/cleanwisconsin?code=website

Your gift will help us do the important work of protecting our water, tackling climate change, and advocating for a clean, healthy, and safe environment for everyone in Wisconsin.",0,0,TRUE,,,,,,,,,,
Pacheco,Sync,0-25,DemandClimateActionFromLeaders,"We appreciate Senate President Leroy Garcia's leadership for Pueblo consumers and hope he supports continued efforts to combat climate change.

Pueblo needs to seize these coming opportunities. Our community will be stronger for it.",1,0,FALSE,,1,,,,,,,,
Pacheco,Sync,0-25,DemandClimateActionFromLeaders,"🔧 Replace old pipes? He can do that. 
🚘 Build an electric car? She can do that. 
🇺🇸 Rebuild the country and protect America against climate change? 

WE can do that.",0,0,TRUE,,,,,,,,,,
Pacheco,Sync,0-25,PublicLandExploitation,"The Orange County oil spill has already threatened:
🐦 Birds
🐟 Fish
🌴 Ecosystems
😟 Communities
💵 Businesses

Every day, our coastal communities and natural world are threatened by Big Oil. Donate to sustain our fight for a 100% clean energy economy, and help prevent future fossil fuel disasters.",0,0,TRUE,,,,,,,,,,
Pacheco,Sync,0-25,PublicLandExploitation,"Ordinance No. 5782 doesn’t just target pipelines. Because of the way it’s written, the ordinance could hurt everything from neighborhood gas stations to local businesses to the airport.

Tell city council to vote NO on Ordinance 5782: https://bit.ly/2QL5gfc. ",0,0,TRUE,,,,,,,,,,
Pacheco,Sync,0-25,GreenEnergyCreatesJobs,Georgia among fastest-growing states for solar energy jobs.,1,1,TRUE,,,,,,,,,,
Pacheco,Sync,0-25,OilAndGasSupportJobs,"The recent suspension of oil and gas leases for the Arctic National Wildlife Refuge is a step in the right direction, but only a temporary solution. Together, we will fight to secure permanent protection for important bird habitats. Help give birds a brighter future by starting your monthly donation today.",0,0,TRUE,,,,,,,,,,
Pacheco,Sync,0-25,AntiFossilFuelInfrastructure,"It's the problem that won't go away. Over the last 10 years, the lesser prairie chicken has been the subject of controversy and litigation. The oil and natural gas industry has willingly enrolled in conservation measures to minimize the impact of exploration and development on the land lesser prairie chickens call home. $60 million later... those efforts STILL aren't good enough for far-left environmental activists who are actively trying to stop production of oil and gas. We remain willing to work with the U.S. Fish and Wildlife Service to minimize negative impacts on oil and natural gas developments while still protecting the efforts to increase prairie chicken populations.",0,0,TRUE,,,,,,,,,,
Pacheco,Sync,0-25,CleanOilAndGas,Removing fossil fuels from our energy portfolio could result in increased energy costs of $2000 for a family of four.,0,0,TRUE,,,,,,,,,,
Pacheco,Sync,0-25,GreenEnergyCapacity,"Go solar for no money down, and interest rates as low as 0.99%. ☀️ #GoSolar. ",0,0,TRUE,,,,,,,,,,
Pacheco,Sync,0-25,CutMethane,"Sometimes you don't want to be #1. For three consecutive months, California has had the highest-priced gasoline in the U.S. https://bit.ly/3ozmyZc. ",0,0,TRUE,,,,,,,,,,
Pacheco,Sync,0-25,CommerceCityDemocrats,"For 15 years, the 100 Women Strong giving circle has funded initiatives that empower  women and children across Central Florida. We give with our hearts and our heads, making strategic investments to tackle the biggest challenges that affect women and children. Our efforts address the root cause of these challenges. That’s how change really happens. We’re looking for a few more great women to join us in making a difference.",0,0,TRUE,,,,,,,,,,
Pacheco,Sync,0-25,RestoreVirginia,"What is the #BidenChallenge? Well, it’s based on Joe Biden not being able to successfully walk up THREE steps onto Air Force One.

Today, Benny Johnson took to the stairs to see if average Americans were brave and strong enough to complete this INCREDIBLY DIFFICULT #BidenChallenge...walking up three steps.

This episode is 🤣🤣🤣. ",0,0,TRUE,,,,,,,,,,
Pacheco,Sync,0-25,ThankRepForBuildBackBetter,"Dear Mr. President, keep your promise on carbon reduction and support clean, low carbon biofuels.",1,0,FALSE,,1,,,,,,,,
Pacheco,Sync,0-25,BellbrookTaxRevolt,"“I was in the refinery’s central control room during Hurricane Delta when a call came in over the radio from the Sheriff’s Department. They called us at the refinery to ask if anyone there could help rescue a woman and her two dogs trapped in a flooded car on Old Spanish Trail not far from the refinery. The Sheriff’s Department and Westlake Fire Department couldn’t reach the individual and they asked us for help.” ~Sean Smith, Operations Manager, Phillips 66 Lake Charles Refinery

“Without hesitation, the three of us jumped into the refinery’s high-clearance fire truck and drove to the scene. Driving at night with high winds and severe flooding, there were several road hazards. We even had to swerve to avoid a trampoline that was in the middle of the road. We quickly spotted the car that was submerged in about four feet of water.” ~Chris Dailey, Safety and Emergency Response Team Lead, Phillips 66 Lake Charles Refinery

“We were able to pull the woman and her two dogs from the car, and then transport her to the local Westlake Fire Station. Even though the Fire Station was less than two miles from the refinery, our trip there was anything but easy, we had to maneuver through 45-mph winds and downed power lines. Ironically, on the way back to the Fire Station, the dogs were calm - albeit wetter than normal.” ~Zach Evans, HSE Specialist, Phillips 66 Lake Charles Refinery

Sean, Chris, and Zach's stories are  part of our ""Humans of the Industry"" series.",0,0,TRUE,,,,,,,,,,
Pacheco,Sync,0-25,BellbrookWokeRadicals,"Joe Biden promised he had a plan to “shut down the virus.” He lied and he failed. Now he wants to shut down businesses. 

Biden’s coercive tactics are un-American, unconstitutional, and won’t work to actually get people vaccinated. Biden and his administration conceded as much.The reason vaccination rates have stalled is because of Joe Biden.
*    He sowed doubt about the vaccine during the campaign – he never apologized.
*    He lied about who developed the vaccine as president.
*    He insulted Americans with questions about the vaccine.

Now, after he has been exposed as a failure and a liar, he has embraced coercive authoritarian tactics. Here are just a few of the lines from his draconian speech:

*    He came out against “freedom or personal choice.”
*    He threatened to get elected state leaders ""out of the way” if they don’t cooperate.
*    He hurried from questions, refusing to answer if his orders are constitutional.

You can be pro-vaccine but anti-coercion. This is America. We believe in freedom and personal choice, and we reject hypocritical wannabe tyrants drunk on power and desperately trying to distract from their own failures.",0,0,TRUE,,,,,,,,,,
Pacheco,Sync,0-25,GreenEnergySupportsCommunities,Clean Water Action works on some of the most important environmental initiatives that will make the biggest impact in Massachusetts.,1,0,FALSE,,0,,,,,,,,
Pacheco,Sync,0-25,NuclearEnergyProvidesTaxRevenue,"Do you think the electricity we use should come from carbon-free sources? We do, too.",0,0,TRUE,,,,,,,,,,
Pacheco,Sync,0-25,TellRepToNotRaiseOilGasTaxes,"It was 10 years ago that Hilcorp made its entry into Alaska and what an impact it’s made. Hilcorp is now the largest field operator in the state, based on operated oil and gas volume. It operates more than 1,700 producing wells, with gross production of about 345,000 barrels of oil/day and 150 million cubic feet of gas/day.

“We’re here to grow for decades to come,” Jill Fisk, Hilcorp Alaska senior asset team leader for Prudhoe Bay west, told the Resource Development Council’s annual conference.

At Prudhoe Bay, Hilcorp has halted the massive field’s 4%/year production decline without any major projects or drilling any new wells. It has experienced world-class results from Milne Point’s viscous oil in Schrader Bluff and is taking its polymer flooding technology to Prudhoe Bay.

“Alaska has clearly been a big win for Hilcorp, but we also believe our success in Alaska is a big win for Alaska and the people that live here,” Fisk said. You can watch Fisk’s entire presentation here. https://vimeo.com/647472375. ",0,0,TRUE,,,,,,,,,,
Pacheco,Sync,0-25,OilAndGasProvidesWages,Did you know America’s oil and gas industry helps develop the plastics in your vehicle that save you money? Find out how today!,0,0,TRUE,,,,,,,,,,
Pacheco,Sync,0-25,CelebrateBuildBackBetter,"💵 $4.4B - $10B in air pollution costs
👷 57,000 lost work days
😷 13,000 more asthma attacks

According to a new report from Clean Air Task Force, that’s what losing the Byron and Dresden nuclear power plants could cost Illinois over the next decade.",0,0,TRUE,,,,,,,,,,
Pacheco,Sync,0-25,ClimateChangeMovements,"World leaders meeting at the United Nations climate summit in Scotland are sending a powerful message that time is running out to avoid a global climate catastrophe.
It is against this backdrop that we announced a climate change action plan to cut carbon emissions from power generation 70% by 2030, compared with 2005. By 2045, if not sooner, our vision is to generate electricity with zero or very little carbon. And if there is any carbon emitted, we’ll capture or offset it.

In this commentary from Scott Seu, our president and CEO, and Shelee Kimura, our senior vice president of customer service, we share how we’re committed to helping Hawaii achieve its net zero carbon emission goal by 2045 or sooner: http://hwnelec.co/B7eP50GJzct.",1,0,FALSE,,0,,,,,,,,
Pacheco,Sync,0-25,ClimateChangeDonations,"Part 3️⃣ of our endangered species series with @vientoxsol and @wiisaakodewinini celebrates grizzly bears! 🐻 Learn more about these important animals and how they fit into the complex web of cultural and natural biodiversity. 

Although considered sacred by many tribes, Grizzly Bears continue to face threats from humans and climate change. ⤵️

“Within this struggle to protect the grizzly, and thus the land the grizzly, in turn, protects with the water, we find many of our struggles: the struggle to defend our sovereignty; the struggle to defend our treaty rights; the struggle to preserve and enforce consultation mandates; the struggle to defend and strengthen our spiritual and religious freedoms.” — Chief Stanley Grier, Chief at Piikani Nation, Brocket, Alberta, Canada 

Read more and take action now through the 🔗 in our bio. 

[Image description: This image is a photo collage. In the center of the image, a grizzly bear rests with paws perched on mountains in the foreground sprinkled with colorful followers in red, orange and white. A yellow circle enshrines the head of the bear. Behind, the sky is dark blue and speckled with wispy white clouds. Seven monarch butterflies also populate the frame.] 

#ESA #BiodiversityCrisis #Nature #Wildlife #ClimateChange #PeopleOverProfit #ActOnClimate #ClimateAction #EndangeredSpeciesAct #GrizzlyBear. ",0,0,TRUE,,,,,,,,,,
Pacheco,Sync,0-25,OilAndGasTaxesBad,"Congress is deliberately sidestepping the legislative process, abusing procedural gimmicks to force the radical climate agenda down the American people’s throats through the budget reconciliation package. 😢

Many of these provisions seem intentionally designed to increase our dependence on foreign oil, destabilize the grid, cripple the economy, and increase the cost of living, especially for the poorest Americans.",0,1,FALSE,,0,,,,,,,,
Pacheco,Sync,0-25,LawmakersAndOilAndGas,The Gulf oil spill devastated millions of birds and their habitat. But the Florida Trustee Implementation Group wants to use Gulf Restoration funding to build parking lots on top of federal land that threatened birds need. Speak up now to stop this blatant destruction of essential bird habitat.,0,0,TRUE,,,,,,,,,,
Pacheco,Sync,0-25,RenewableEnergyPromotionAndGrowth,"Eligible DC residents can save hundreds of dollars on electricity, gas, and water bills through an assistance program.",0,0,TRUE,,,,,,,,,,
Pacheco,Sync,0-25,CleanEnergyPromotion,"Millions of jobs.

A clean energy future. 

And 99% of Americans won't pay a penny more in taxes.",1,1,TRUE,,,,,,,,,,
Pacheco,Sync,0-25,RenewableEnergyEconomicBenefits,"“Ann Arbor 2030 will be materially different from Ann Arbor 2020. It’ll be a denser community, a more electrified community, a community that emphasizes renewable energy.”

Read how one initiative is prioritizing solar as part of Ann Arbor’s future-. ",0,0,TRUE,,,,,,,,,,
Pacheco,Sync,0-25,PoliticalTraining,"Join Us for Freedom Square, feat. Charlie Kirk, powered by Turning Point USA—LIVE from Dream City Church in Phoenix, Arizona— empowering American Christian leaders and faithful with the resources, training, and knowledge they need to engage in civics to strengthen families, communities, and our nation!

Tune in the first Tuesday at this same time every month for Freedom Square.

Learn more: TPUSA.com/FreedomSquare. ",1,1,TRUE,,,,,,,,,,
Pacheco,Sync,0-25,CallToActionAgainstOilAndGasIndustries,"Coal-fired power plants pollute our air and our water, causing and worsening respiratory illnesses like asthma, emphysema and bronchitis. To save our health and the health of our planet, we have to stop burning coal.",0,1,FALSE,,1,,,,,,,,
Pacheco,Sync,0-25,CarbonEmissionReduction,SunZia Transmission will bring clean wind energy to the ranchers. Farmers across Arizona can turn wind into a steady and reliable income while combating climate change.  Find out more >>https://sunzia.net/impact/.,0,0,TRUE,,,,,,,,,,
Pacheco,Sync,0-25,OilAndGasBoostEconomy,We need to lean into affordable and reliable natural gas until we've completely replaced coal. https://www.spglobal.com/platts/en/market-insights/latest-news/electric-power/080520-coal-fired-power-generation-in-pjm-could-see-brief-2021-comeback.,0,0,TRUE,,,,,,,,,,
Pacheco,Sync,0-25,PropertyTaxCampaign,"As a parent of two young children, I cannot help but focus on their future, and the looming issue that their generation will be worse off compared to mine and my parents’ generations.

 Our education system is in shambles, creating an environment that leaves our children confused, anxious, and depressed. Suicide rates among our youth are skyrocketing, all while schools’ scores are plummeting – we can all agree that when it comes to our children’s education, something is severely wrong. 

Young Americans are saddled by debt, unable to find a decent job, save to start a family, or purchase a house – they simply cannot get ahead in today’s world. Many are choosing between medical treatment or bankruptcy, food or rent, surviving today, or building a future. Dealing with this current reality, when just a few decades ago we were able to raise a family on one income – again, we can all agree that something is severely wrong.

These are the issues we should be focused on. 

Those who have spent their lives in Washington D.C. are not focused on these issues.

Deciding to run for office was not easy – yet neither is standing by and watching the fabric of our great nation be torn, by destructive and divisive career politicians down in Washington. 

Like most Americans, I found myself politically abandoned by both parties – as a result of their focus on cultural division and polarization, and not one of unity and the belief in American values.

I embrace the moderate road, one based on building up our nation, starting with our families and young generations, those who have faced the grim reality of being worse off than their parents.

 I am not guided by party line, but rather the principles outlined in our founding documents --
                        responsibility, hope, and liberty.
If you are one of the many Americans who are fed up with the career politicians who have led our nation astray, 

I ask that you join me, not as a Democrat nor a Republican – but rather, an outsider

-JSP. ",0,0,TRUE,,,,,,,,,,
Pacheco,Sync,0-25,BuildBackBetterActCampaign,Sen. Shaheen wants to strengthen America's economy with millions of good-paying clean energy jobs - to recover now and build for the future.,0,0,TRUE,,,,,,,,,,
Pacheco,Sync,0-25,RightWingCampaigns,"Despite what its supporters contend, Critical Race Theory is not about the civil rights movement.  They have decided to call it anti-racist. But that's just vocabulary perversion.  Because CRT is the opposite of Martin Luther King's Dream. This poisonous ideology wants us to judge everyone by the color of their skin.  The content of their character is not important to CRT proponents. 

Critical Race theory uses neo-racism, race-blaming and race shaming in our classrooms and workplaces. But we should never fight racism with more racism.  We would never permit a black child to be shamed because of their skin color; neither should we allow race-shaming to be used against white children. 

The tactics of CRT proponents have been deployed to silence common sense critics.  Fear of being called a white supremacist or a racist silences too many. Fear of being ostracized at work or worse losing their job keeps others quiet and compliant.  And as we saw with the mother in South Kingstown last night,  refusing to provide information and explanations allows them to keep parents and concerned community members in the dark.

BUT WHEN WE BAND TOGETHER, WE HAVE THE POWER TO ACT!THERE IS STRENGTH AND SAFETY IN NUMBERS. JOIN US AT OUR NEW WEBSITE:  StopSchoolIndoctrinationNow.com  

This is a statewide website devoted to providing information and tools to help parents and community members combat the spread of Critical Race Theory in our schools.  To stop it and eliminate it!

When you provide your contact information. we will connect you to others in your community, so you can begin your own group. We will provide best practices, templates for action and advice and assistance. 

Critical Race Theory will be stopped by parents and the community taking control of the curricula and book selection in their schools. It will be stopped by exposing it to public scrutiny and rebuke.  It can be stopped and for our children and country, it must be done. 

Visit our website: StopSchoolIndoctrinationNow.com. Let's get to work!",1,1,TRUE,,,,,,,,,,
Pacheco,Sync,0-25,NuclearPowerOtherBenefits,"Reactor engineer Taylor Copeland at Byron Station is proud to be part of an industry that supports so many Illinois jobs.  

She knows these jobs and nuclear power is a vital energy resource in Illinois.",1,1,TRUE,,,,,,,,,,
Pacheco,Sync,0-25,NuclearPowerEconomicBenefits,"ENERGY FACT: Wind turbines shut down in storms, right when we need them the most. That's why we need reliable baseload energy from nuclear and natural gas.
SOURCE: https://www.energy.gov/eere/articles/wind-turbines-extreme-weather-solutions-hurricane-resiliency. ",0,1,FALSE,,1,,,,,,,,
Pacheco,Sync,25-50,DonationMatchingForClimate,"The changes to our planet due to climate change are accelerating, unprecedented, and irreversible, according to a bombshell report issued by the UN's Intergovernmental Panel on Climate Change (IPCC). Scientists warn that the planet is warming even faster than previously thought. That means we are even closer to devastating impacts of extreme weather, including heatwaves, wildfires, and hurricanes.",0,0,TRUE,,,,,,,,,,
Pacheco,Sync,25-50,DonationMatchingForClimate,"#StopLine3 Big banks have promised to act on climate -- yet they continue to finance some of the worst fossil fuel projects. Line 3, the massive tar sands pipeline, will contribute as much pollution as 50 coal-fired power plants. This corporate greenwashing is unacceptable. Tell Wall Street to stop funding the climate crisis and walk away from Line 3!

📷: CC2.0/Fibonacci Blue.",0,0,TRUE,,,,,,,,,,
Pacheco,Sync,25-50,AbandonedWells,Responsible mining is critical to our low-carbon future and fighting the climate crisis. We can safely mine in Minnesota.,0,0,TRUE,,,,,,,,,,
Pacheco,Sync,25-50,AbandonedWells,A new kind of natural gas power plant is beginning to catch on across the globe — one that makes it possible to generate electricity from fossil fuels while capturing the CO2 produced during the process.,0,0,TRUE,,,,,,,,,,
Pacheco,Sync,25-50,GreenEnergyIsCostEffective,"Homeowners need a reliable #energy source 24/7, 365 days a year. Learn more about why #natgas is the most reliable energy option on the market. #NationalHomeownershipMonth. ",0,0,TRUE,,,,,,,,,,
Pacheco,Sync,25-50,GreenEnergyIsCostEffective,"The Midwest’s solar industry is growing even brighter: Midwest utilities are embracing solar power, over 50 GW of solar capacity are in the MISO pipeline, tens of thousands of Midwesterners work in the solar industry.",0,0,TRUE,,,,,,,,,,
Pacheco,Sync,25-50,ClimateEmergency,This FREE virtual climate change debate is YP's biggest event of the spring!,0,0,TRUE,,,,,,,,,,
Pacheco,Sync,25-50,ClimateEmergency,Walmart needs to stand for climate legislation. Tell Walmart their customers want them to publicly support climate legislation and lobby for climate!,0,1,FALSE,,1,,,,,,,,
Pacheco,Sync,25-50,NuclearRevenueSupportsJobs,"The @internationalenergyagency believes we can hit net-zero emissions by 2050 — simply put, their 222-page report is absurd. By stopping oil and natural gas exploration and more than doubling investments for alternative (see: unreliable) energy development, average Americans and our nation's economy will be met with economic ruin.",0,0,TRUE,,,,,,,,,,
Pacheco,Sync,25-50,NuclearRevenueSupportsJobs,"The future of technology and innovation starts in Colorado’s classrooms. Over the last 15 years, our state’s oil and natural gas industry has generated more than $1.2 billion to support the education of future engineers, scientists, and millions of Colorado public school students. Learn more: https://cred.org/tomorrow. ",0,0,TRUE,,,,,,,,,,
Pacheco,Sync,25-50,HazardsOfWells,"This effort is especially important because children riding school buses can be exposed to levels of diesel pollution inside the bus cabin several times higher than levels outside the bus.

Please tell your Member of Congress to support the Clean School Bus Act.",0,0,TRUE,,,,,,,,,,
Pacheco,Sync,25-50,HazardsOfWells,"Big Oil has known since the 1960s that burning fossil fuels damages our environment. But they've lied and ducked responsibility. So when the bill for the climate crisis comes due, who should pay?",0,0,TRUE,,,,,,,,,,
Pacheco,Sync,25-50,VirginiaConservatives,"Zero Emissions. Zero Compromise. That’s what our latest partnership with Hyzon Motors is all about.

This partnership represents an additional potential solution to help us accelerate our transition to a zero emissions fleet by 2035.

“By partnering with Hyzon Motors on this initial hydrogen-powered fuel cell electric utility truck, SoCalGas is showing their commitment to decarbonize their over-the-road fleet. These efforts will go a long way in helping California meet its climate goals.” - Senator Bob Archuleta.

Read more about this exciting partnership: newsroom.socalgas.com/press-release/socalgas-takes-step-to-decarbonize-fleet-through-partnership-with-hyzon-motors. ",0,0,TRUE,,,,,,,,,,
Pacheco,Sync,25-50,VirginiaConservatives,"We are beyond proud to share that Floris White Bull will be joining us as a SAGE environmental scientist. She will be participating in an internship study of avian species for our clean energy program. Floris is not only an environmental scientist, but she is a graduate student, a screenwriter (Awake, 2017) and instrumental in the 2016 Standing Rock protests against the Dakota Access Pipeline. We can't wait to share her findings and are delighted in this partnership. Welcome Floris!

#StandingRock #RenewableEnergy #WindPower. ",0,0,TRUE,,,,,,,,,,
Pacheco,Sync,25-50,DemandClimateActionFromLeaders,Let President Biden know that New Hampshire supports his vision to fight climate change and invest in clean energy with the Build Back Better Act!,1,0,FALSE,,1,,,,,,,,
Pacheco,Sync,25-50,DemandClimateActionFromLeaders,"Siya Goel, a West Lafayette student, knows young people deserve a liveable climate future. As a leader of Confront the Climate Crisis and partner with the Sierra Club, Siya is fighting for that future. 

There’s room for everyone to join the fight and no time to waste! The fastest way to lower carbon emissions is to stop utilities from burning coal for electricity, so we need your help to move Duke Energy Indiana beyond coal. Are you ready to use your unique skills to change the game?",0,0,TRUE,,,,,,,,,,
Pacheco,Sync,25-50,PublicLandExploitation,"Powerful fossil fuel interests are lobbying aggressively and spending heavily to deny science and put profit ahead of our planet and people. 

But we have so much momentum and opportunity for bold climate action, and we're not going to waste it. This Earth Day, we are rallying millions of supporters around the country to fight for a livable planet for all -- and we're kicking things off with our FREE stickers. Get yours today: http://sc.org/3rNrwll. ",0,0,TRUE,,,,,,,,,,
Pacheco,Sync,25-50,PublicLandExploitation,Protecting public lands is a critical part of the fight against climate change. Sign our petition asking Arizona Senators Kelly and Sinema to keep up the fight to protect the Grand Canyon.,1,1,TRUE,,,,,,,,,,
Pacheco,Sync,25-50,GreenEnergyCreatesJobs,"Fact check: Mainers WILL receive clean electricity from the Clean Energy Corridor, and at a discounted rate.",0,0,TRUE,,,,,,,,,,
Pacheco,Sync,25-50,OilAndGasSupportJobs,"Thanks to a generous family foundation, all donations will be matched and will support the efforts of EDF. With your help, we can work to create a healthier, more sustainable future. Donate now to join us and be part of a movement for transformational change.",0,0,TRUE,,,,,,,,,,
Pacheco,Sync,25-50,AntiFossilFuelInfrastructure,Big oil and gas companies are forcing American families to choose between groceries or their energy bill this winter while they line their pockets.,0,0,TRUE,,,,,,,,,,
Pacheco,Sync,25-50,CleanOilAndGas,"CA already imports 70% of the oil & gas we use, and now some Sacramento politicians want to get rid of local production entirely— that means even more foreign oil imports and higher gas prices for all Californians. SB-467 is a costly bill that would kill thousands of local blue-collar jobs.",0,0,TRUE,,,,,,,,,,
Pacheco,Sync,25-50,GreenEnergyCapacity,"""Racial justice is Climate justice. Environmental justice. Economic justice. These are all elements of the same thing – a healthy, hospitable, and sustainable future that includes us all. While we work for justice in the courts, our community is taking action toward a renewable energy future for Standing Rock. That future begins with SAGE Development Authority and its inaugural project: a 235MW wind farm named Anpetu Wi."" - Joseph McNeil, Jr

Read Joe's recent guest blog post on Renewable Energy Buyers Alliance's website: 

#renewableenergy #renewable #greenenergy #environmentaljustice

https://rebuyers.org/blog/reba-member-highlight-standing-rock-sioux-tribe/. ",1,0,FALSE,,0,,,,,,,,
Pacheco,Sync,25-50,CutMethane,"Data from the latest Oklahoma Energy Index proves our industry is officially in recovery mode! As oil and natural gas prices improve, rig count is on the rise and industry employment is holding steady. 

Learn more insights 👉 https://bit.ly/2Uen7MV. ",0,0,TRUE,,,,,,,,,,
Pacheco,Sync,25-50,CommerceCityDemocrats,"""Political persecution: In political conflict, this strongly increases the likelihood of state repression. 

States so often engage in repressive behaviors in times of civil conflict that the relationship between these two phenomena has been termed the ""Law of Coercive Responsiveness"". 

When their authority or legitimacy is threatened, regimes respond by overtly or covertly suppressing dissidents to eliminate the behavioral threat. State repression subsequently affects dissident mobilization, though the direction of this effect is still an open question. 

Replace ""States"" with ""School Boards"" and you will understand how a biased Police Chief ginned up charges, for political purposes, in order to arrest the school district's most vocal and successful opposition leader. 

Click on this link: Https://Stafford.ohiostandyourground.com

Watch the videos and listen to the truth, in their own words of how this ""conspiracy to arrest"" was manufactured by the Police officers and Detective involved, including the Police Chief.

It is the opinion of some, that this ""political prosecution,"" coming from this Police Chief, is all about keeping me from running for school board in November. There is talk he is doing the dirty work of those within the power structure of our school district.

The BIG question: Is this the ""FOP member"" the School Board Attorney, Tabitha Justice, threatened to use in her letter to me? 

Does this explain why the Sugarcreek Police Department and the Greene County Prosecutors have refused to do anything about the actual assault, attempted assaults, threats of violence, harassment, and targeted cyberattacks against me, my family, and my business by the Vote yes Pac members?",0,0,TRUE,,,,,,,,,,
Pacheco,Sync,25-50,RestoreVirginia,"Some PA state lawmakers are forcing an old debate that would keep the Keystone State stuck in the polluting past — not doing its part to protect its own residents, nor its fair share for the rest of the world. PA should join #RGGI and #ActOnClimate. Read more from Philadelphia Inquirer:. ",0,0,TRUE,,,,,,,,,,
Pacheco,Sync,25-50,ThankRepForBuildBackBetter,"Rep. McBath, thanks for fighting for clean energy that can power our economy, create good-paying jobs, and tackle the climate crisis. Now is our time to get it done.",1,0,FALSE,,1,,,,,,,,
Pacheco,Sync,25-50,BellbrookTaxRevolt,"The Rhode Island Republican Party has filed a complaint against Gov. Dan McKee’s chief of staff, Tony Silva, claiming Silva violated the state’s ethics code when he failed to disclose his financial interest in a controversial wetlands property in Cumberland.

The state GOP is filing the complaint with the R.I. Ethics Commission, accusing the governor’s top aide of not disclosing his financial ties to the 45 Canning St. property between 2017 and 2020. The complaint comes one day after Target 12 first reported Silva directly intervened with the Cumberland mayor earlier this year in an effort to get the controversial wetlands property developed, long after he claimed he no longer had a financial interest in the lot.

“Although Mr. Silva admits he had a financial interest in the 45 Canning Street [lot] from 2017 through 2020, in financial disclosure reports for that time period, Mr. Silva never disclosed he had a financial interest in 45 Canning Street property,” Republican leaders wrote in a news release.

The group pointed to a state law that requires certain public officials to regularly disclose their financial activities, including “a listing of all real property in which a financial interest was held.”

Silva had been trying to develop the property since 2017 when he received an option to buy it if regulatory permits for development were obtained. The R.I. Department of Environmental Management initially rejected permit requests in 2019, but reversed that decision this year. Development of the wetlands property has been opposed by neighbors and the town for years.

Silva claims he transferred his financial interest in the property to his son, Ross Silva, in April 2020, saying has documentation to prove it, although he hasn’t yet provided it.

As the top aide to McKee since the start of 2015, Silva is required to annually disclose his financial interests in various properties and business ventures. A Target 12 review of Silva’s disclosure forms between 2017 and 2020 shows no mention of the property at 45 Canning St. (In 2019, he did list a financial interest in a property on the same road, at 114 Canning St.)

In addition to the ethics complaint, the GOP is calling on R.I. Attorney General Peter Neronha to investigate Silva’s decision to try and influence development of the property. New documents released under an Access to Public Records Act request show Silva asked to meet with with Cumberland officials regarding the development last September, months after he supposedly gave up any financial interest in the project.

This past March, the month Silva became chief of staff in the governor’s office, he asked Cumberland Mayor Jeff Mutter for an unscheduled meeting, and the mayor claims Silva asked him not to oppose the Canning Street development.

In a text to the mayor afterward, Silva indicated he had spoken to his wife and they were “going to allow my son Ross” to buy the lot.

“Therefore I won’t be connected to it at all at the time of sale,” Silva wrote. “Hopefully this will make it easier for you at Town Hall.”

Silva’s son bought the property in July, which he has since said he will donate to the town. The governor’s chief of staff nonetheless has denied he tried to influence the deal in any way.

“I want to emphasize that at no time did I intervene on my behalf or anyone else regarding the property,” Silva wrote Monday to Target 12. “NEVER EVER.”

Silva did not respond to multiple questions about whether he thought it was appropriate to be discussing the deal with local decisionmakers given his position of power with the state. The state’s GOP said the whole issue is reason enough for an outside review.

“We have no confidence that weak Governor McKee, who himself was previously fined by the Ethics Commission, would undertake a thorough investigation of his chief staff’s dubious activities,” the party wrote. “Therefore, we ask the Attorney General to investigate the Cumberland land deal orchestrated by Mr. Silva.”

Beyond the Republican Party, the Canning Street controversy has also drawn criticism from McKee’s political opponents within his own party. R.I. Secretary of State Nellie Gorbea, a Democrat who has announced she’s running against McKee in next year’s primary, took to Twitter to question McKee’s involvement.

“What did Governor McKee know about this and when did he know it?” she wrote. “It is unacceptable for local government to be pressured by those in power for private gain.”

Mutter said this week he reached out to McKee following a Target 12 report on the Canning Street controversy earlier this month, telling the governor about Silva’s meetings. Mutter claims the governor wasn’t aware of the ongoing discussions prior. McKee has not yet commented on the latest developments. 

https://www.wpri.com/target-12/ri-gop-files-ethics-complaint-against-mckee-chief-of-staff-calls-for-investigation/. ",0,0,TRUE,,,,,,,,,,
Pacheco,Sync,25-50,BellbrookWokeRadicals,"“Growing up, I thought that this was just all normal—but getting used to that oil and gas smell isn’t normal. Having headaches, nosebleeds, very dry skin, high rates of asthma, all of that is not normal.” - Jesus Alonso, Clean Water Action Organizer 

Jesus advocates for the protections & safety of communities impacted by gas/oil extraction in California such as his own community of Lamont. He's a powerful advocate & leader in this movement.",0,0,TRUE,,,,,,,,,,
Pacheco,Sync,25-50,GreenEnergySupportsCommunities,Tell Congress to support America’s renewable energy workers and communities.,0,1,FALSE,,0,,,,,,,,
Pacheco,Sync,25-50,NuclearEnergyProvidesTaxRevenue,"A strong nuclear energy sector allows our nation to set international rules for using nuclear technology. To learn how nuclear power is helping to maintain our national security, sign up for emails today.",0,0,TRUE,,,,,,,,,,
Pacheco,Sync,25-50,TellRepToNotRaiseOilGasTaxes,How big of an impact does oil and natural gas have on Ohio economy? Take the quiz today!,0,0,TRUE,,,,,,,,,,
Pacheco,Sync,25-50,OilAndGasProvidesWages,"Still interested in all things natural gas, ESG and sustainability? Sign up for our Newsletter and be the first to know about these emerging technologies.",0,0,TRUE,,,,,,,,,,
Pacheco,Sync,25-50,CelebrateBuildBackBetter,This 5th grader thinks nuclear power is essential in Illinois for one BIG reason. Click to find out what it is!,0,0,TRUE,,,,,,,,,,
Pacheco,Sync,25-50,ClimateChangeMovements,"Since one of the top 5 ways to fight climate change is to eliminate one long-distance flight, I’m taking the #InspireClimateAction challenge and canceling my flight to New York City to try to find a more environmentally-friendly way to get there.
___
But alas, as I soon discovered, getting there was going to be a little more challenging than I initially thought.
___
Thankfully a more practical way to fight climate change is by switching your energy supplier to Inspire Clean Energy. Just 3 weeks of Inspire is equivalent to taking one less cross-country flight. So while you still may have to fly, you can at least reduce your carbon emissions by accessing renewable energy for your home. Head over to @InspireCleanEnergy or click the link in my bio for more details. #InspirePartner. ",0,1,FALSE,,1,,,,,,,,
Pacheco,Sync,25-50,ClimateChangeDonations,"𝐴 𝑑𝑒𝑎𝑑 𝑤ℎ𝑎𝑙𝑒 𝑤𝑎𝑠ℎ𝑒𝑠 𝑢𝑝 𝑜𝑛 𝑠ℎ𝑜𝑟𝑒 𝑤𝑖𝑡ℎ 𝑖𝑡𝑠 𝑠𝑡𝑜𝑚𝑎𝑐ℎ 𝑓𝑢𝑙𝑙 𝑜𝑓 𝑝𝑙𝑎𝑠𝑡𝑖𝑐.

Unfortunately, this scenario happens to a SHOCKING number of marine animals each day. That’s because Big Oil & Gas is responsible for over 99% of plastics AND remains the dominant cause of climate change, leading to pollution, loss of marine habitats and the collapse of food systems. 

We’re calling for immediate action, but we still need 2,160 more people to stand with us. Will you sign our petition before midnight to protect whales from plastics produced by Big Oil & Gas?",0,0,TRUE,,,,,,,,,,
Pacheco,Sync,25-50,OilAndGasTaxesBad,Contact the administration today.  Ask regulators to keep gas prices affordable.  Tell them to keep Line 5 open.,0,0,TRUE,,,,,,,,,,
Pacheco,Sync,25-50,LawmakersAndOilAndGas,"Biden faced his first test on the Dakota Access Pipeline. He flunked. The administration is allowing DAPL to continue pumping crude oil through the Standing Rock Sioux’s ancestral lands and drinking water, putting our climate at further risk. 

It's clear we must do more to hold our leaders accountable. Tell Biden: reverse course and shut down DAPL! http://sc.org/2OpNlcL. ",1,1,TRUE,,,,,,,,,,
Pacheco,Sync,25-50,RenewableEnergyPromotionAndGrowth,"Edgefield County will be a leader in clean energy and energy independence with Caddis Solar, a proposed solar farm that would supply enough power to serve more than 10,000 homes!",1,1,TRUE,,,,,,,,,,
Pacheco,Sync,25-50,CleanEnergyPromotion,"Energy independence must be a priority, not just for the environment, but for our national security. Waging wars across the globe because we are held hostage to oil supplies must be a thing of the past. Policies that simply shift energy production from the U.S. to other, less responsible, nations do nothing to slow climate change — or to improve the quality of life for our own people.

-JSP. ",1,0,FALSE,,1,,,,,,,,
Pacheco,Sync,25-50,RenewableEnergyEconomicBenefits,"Clean energy means high-paying, stable jobs. Offshore wind build can help build a future for your family and your community.",1,1,TRUE,,,,,,,,,,
Pacheco,Sync,25-50,PoliticalTraining,"#KYGA21: Override Gov. Beshear's Veto on #HB563!
 
Parents across the state like Akia McNeary, Desirae Caudill and Maria Korte are counting on Kentucky legislators to stand up for Kentucky students and do everything in their power to provide more options in education than ever before! #ParentVoiceforSchoolChoice #SchoolChoice. ",0,0,TRUE,,,,,,,,,,
Pacheco,Sync,25-50,CallToActionAgainstOilAndGasIndustries,"The Gulf oil spill devastated as many as a million birds and their habitat. But a new project, the single-largest ecosystem restoration projection in U.S. history, can help repair the damage done. Speak up now to move this restoration forward and be a voice for birds!",0,0,TRUE,,,,,,,,,,
Pacheco,Sync,25-50,CarbonEmissionReduction,"Builders can reduce CO2 by incorporating life cycle-based standards into their design and construction. 

Learn more about the industry’s plan to reduce emissions at shapedbyconcrete.com.",1,1,TRUE,,,,,,,,,,
Pacheco,Sync,25-50,OilAndGasBoostEconomy,Oil and natural gas are creating new opportunities for Louisiana workers. Will you sign the pledge to support a strong economy?,1,1,TRUE,,,,,,,,,,
Pacheco,Sync,25-50,PropertyTaxCampaign,"PUBLIC NOTICE: ( This is a long post) Kevin Price, school board member criticizes the Yes Pac and Josh and Diana Pressnell for power grab. 

This page agrees that the Pressnells are out -of-control, working hand-in-hand with Kim McCarthy and Meredith Brinegar.

This alinement of radical progressive socialists is no accident. It is a well laid out campaign plan to get WOKE candidate’s into office in the Bellbrook City Council,Sugarcreek Township Trustee and to take over the Bellbrook school board. 

This elaborate plan has been months in the making and supported by Doug Cozad, School superintendent, and the Bellbrook Teachers Union.

**In his own words Kevin Price wrote the following.  It is worth a read. McCarthy, Pressnells, Brinegar are all tied in together. 

""The Citizens for Sugarcreek Schools PAC page, created to unite the community behind passing a much needed levy, continues to depart from its original purpose and even its newly stated purpose of providing school related information.  

Since the levy passed in May It has been used to promote controversial ideology and most recently to cast things in a more favorable light for 3 candidates. 

The page is run by candidate Josh Pressnell and edited by his wife Diana Pressnell. 

Today I made a comment to a post made by the PAC page editor (Diana Pressnell) about candidate information in which I provided a link to the League of Women Voters’ interview that took place in August.  

My comment was deleted on the PAC page by Diana Pressnell. Interestingly a comment praising Josh Pressnell (likely from a fake FB account) remains. Below is a screen capture of these contrasting posts before mine was deleted. 

Intentionally suppressing information about other candidates by that “neutral” page is unacceptable.

End of Kevin’s Post

************************

Election Watch 21 Editorial comments:
These are the Progressive leaders who have brought hate and Intolerance into our communities and divided our citizens into “haves and has nots.”

This group is a toxic poison of radical ideas which they intent to force their WOKE VALUES upon our families, through the power of the offices they seek.

Do not give them the power and control they desperately seek, not not vote for them.

They are not like you and me.

They are radicals.

They are a threat to all you cherish and hold dear.

God, Family, and Country.",0,0,TRUE,,,,,,,,,,
Pacheco,Sync,25-50,BuildBackBetterActCampaign,"Rep. McBath, thanks for fighting for clean energy that can power our economy and create good jobs, right here. Now is our time to get it done.",1,0,FALSE,,1,,,,,,,,
Pacheco,Sync,25-50,RightWingCampaigns,"The same people who helped Biden, Harris, the Squad and other leftists get into power are trying to put Beto🤡  in power here in Texas! 

They're sending money from Los Angeles, New York City, and Washington DC - the far-left elite across the country are trying to take OUR state from us.  Will you help us fight back?",1,1,TRUE,,,,,,,,,,
Pacheco,Sync,25-50,NuclearPowerOtherBenefits,"It’s clean, affordable, AND it supports lots of good jobs. Those are just a few of the reasons this 8th grader is all-in for nuclear power.",1,1,TRUE,,,,,,,,,,
Pacheco,Sync,25-50,NuclearPowerEconomicBenefits,"Myth: “Government subsidies for renewable energy are expensive and a waste of money!”

Fact: Historically, government subsidies for nuclear and coal energy have been significantly higher than subsidies for renewable energy. Did you know that in 2007, the United States spent over 2.1 billion dollars on subsidies for fossil fuels and nuclear energy, compared to 912 million dollars for a variety of renewable energy? 
https://science.howstuffworks.com/environmental/green-science/5-myths-renewable-energy.htm#pt4. ",0,0,TRUE,,,,,,,,,,
Pacheco,Sync,50-75,DonationMatchingForClimate,We can tackle climate change and meet essential energy needs by working together.,0,0,TRUE,,,,,,,,,,
Pacheco,Sync,50-75,DonationMatchingForClimate,"Our economy is struggling. Our climate is at risk. But investing in natural climate solutions for farmers, ranchers, and foresters could turn things around. Act now to call on leaders to support programs that protect birds, restore habitat, and address the threat of climate change.",0,0,TRUE,,,,,,,,,,
Pacheco,Sync,50-75,AbandonedWells,"Our champions in Congress aren’t afraid to Go Bold. They recognize the challenges we face, address them head on, and work tirelessly to combat climate change, create American jobs, and support a truly electric infrastructure.
 
Thank you, Senator Cortez Masto, for your ongoing support and your work to bolster electric heavy and medium duty vehicles. Now, it's time to finish the job!",0,0,TRUE,,,,,,,,,,
Pacheco,Sync,50-75,AbandonedWells,"Your legislator, Representative Alec Garnett, was a champion for Colorado’s rivers this legislative session! That means a stronger economy, better resiliency in the face of climate change, and restoring our rivers. Show your support for our rivers by signing our card today!",0,0,TRUE,,,,,,,,,,
Pacheco,Sync,50-75,GreenEnergyIsCostEffective,"🏡 Home sizes may be increasing but residential emissions are dropping. Residential natural gas customers use half as much #energy today as they did in 1970, thanks to #natgas utilities’ commitment to investing in efficient energy. Learn more.",0,0,TRUE,,,,,,,,,,
Pacheco,Sync,50-75,GreenEnergyIsCostEffective,"FACT: The Clean Energy Corridor is good for Maine’s environment - Removing more than 3 million metric tons of GHG emissions from the region every year. That’s the equivalent of removing 700,000 cars worth of carbon emissions out of our air.",0,0,TRUE,,,,,,,,,,
Pacheco,Sync,50-75,ClimateEmergency,"Together, moms across the country are banding together and tackling the issue that most threatens their children’s future: climate change. Join them today.",1,1,TRUE,,,,,,,,,,
Pacheco,Sync,50-75,ClimateEmergency,Talking about climate change is HARD. This toolkit can help you have the much-needed conversations with your kids and teens.,0,1,FALSE,,0,,,,,,,,
Pacheco,Sync,50-75,NuclearRevenueSupportsJobs,Increased use of natural gas is the No. 1 reason U.S. power sector CO2 emissions decreased 8% in 2019 and have fallen 33% since peaking in 2007.,0,0,TRUE,,,,,,,,,,
Pacheco,Sync,50-75,NuclearRevenueSupportsJobs,"Always proactively innovating, Texas oil and gas producers are committed to working collaboratively to develop our state’s natural resources while improving environmental performance.",0,0,TRUE,,,,,,,,,,
Pacheco,Sync,50-75,HazardsOfWells,"Urge the LA City Council to reject any actions that would increase energy prices, increase our reliability on imported foreign oil and eliminate local living wage jobs.",0,0,TRUE,,,,,,,,,,
Pacheco,Sync,50-75,HazardsOfWells,"ALERT: Texas power demand is hitting highs for the year. Just another reason we need more energy sources, not fewer. That will help keep your bills affordable! Sign the petition if you agree.",0,0,TRUE,,,,,,,,,,
Pacheco,Sync,50-75,VirginiaConservatives,"“Every year, I am struck by changes we’ve made or enabled,” writes Peter Rosegg, our senior corporate relations specialist.

""Only a few years ago, most generation resources were owned by our company, with a few large independent power producers, mostly fossil fuel plants on Oahu. There were very few renewable energy generators, mostly on Maui and the Big Island.""

Read more about this year’s power facts and learn why we are proud of the changes we’ve been making in our latest Medium blog at: http://hwnelec.co/Dn5a50EOHdO.",0,0,TRUE,,,,,,,,,,
Pacheco,Sync,50-75,VirginiaConservatives,"With so little days left in the session, we need to keep the momentum rolling! SB 83 Local Choice Energy Act, is scheduled in Senate Tax, Business, and Transportation Committee TOMORROW, Tuesday 3/9 starting around 1:30pm. Local Choice Energy opens up New Mexico's electricity markets to competition and puts local communities in control of who supplies their energy. It would allow any local community to pool their electricity demand and create a local utility, who works with the investor owned utility in the service area to transmit and distribute that electricity. NM has two investor-owned (IOU) monopolies and a majority of residents in NM are forced to use PNM and El Paso electric even though we'd rather not pay for their gas, coal, or nuclear energy portfolios. The bill would make it legal for communities and Tribal Nations to create utilities and decide where our energy comes from, produce our own energy, and keep energy dollars circulating in our local and state economies instead of shipping energy profits off to Wall Street.

Check out this great op-ed by Noah - our fearless YUCCA Intern about why energy democracy is so important as we face things like the climate change induced blackouts in TX:
https://www.abqjournal.com/2366568/texas-blackouts-prove-the-need-for-local-choice-energy.html

We need your help to pass this bill by calling and emailing committee members on Senate Tax, Business, and Transportation and tell them to vote YES on SB 83. Below is the contact information for everyone in that committee and we need to ramp up our people power to make sure that we get some of the most important things passed this session and that bills like SB 83 don’t get stuck unscheduled or tabled in committees!

Benny Shendo, Jr. (Chair)
(505) 397-8849
benny.shendo@nmlegis.gov

Michael Padilla (Vice Chair)
(505) 397-8840
michael.padilla@nmlegis.gov

Gay G. Kernan
(505) 986-4274
gay.kernan@nmlegis.gov

Craig W. Brandt
(505) 986-4385
craig.brandt@nmlegis.gov

Ron Griggs
(505) 986-4391
ron.griggs@nmlegis.gov

Carrie Hamblen
(505) 397-8827
carrie.hamblen@nmlegis.gov

Martin Hickey
(505) 397-8828
martin.hickey@nmlegis.gov

Leo Jaramillo
(505) 397-8831
leo.jaramillo@nmlegis.gov

Joshua A. Sanchez
(505) 986-4375
jas4nm@gmail.com

Bill Tallman
(505) 397-8854
bill.tallman@nmlegis.gov

Peter Wirth
(505) 397-8855
peter.wirth@nmlegis.gov. ",0,0,TRUE,,,,,,,,,,
Pacheco,Sync,50-75,DemandClimateActionFromLeaders,Cleveland needs a bold climate leader. Tell Mayor Bibb to declare a climate emergency now!,1,1,TRUE,,,,,,,,,,24531907
Pacheco,Sync,50-75,DemandClimateActionFromLeaders,"Mayor Dyer, it’s time to declare a climate emergency. We need bold climate leaders to protect Orlando.",1,1,TRUE,,,,,,,,,,
Pacheco,Sync,50-75,PublicLandExploitation,"NEW REPORT: Crude oil pipelines are a key enabler of the climate crisis and must be addressed as a collective threat. President Biden rightly canceled the Keystone XL pipeline on his first day in office. ❌🛢️❌ But three other equally destructive pipelines still have a green light from the government even though they sidestepped environmental protection laws and put our waterways at risk. Read more about why these pipelines, with all of their similarities, must all be stopped by the Biden administration. ➡️ https://bit.ly/2OlPer0 350.org. ",0,0,TRUE,,,,,,,,,,
Pacheco,Sync,50-75,PublicLandExploitation,“Coloradans have been at the forefront of curbing methane waste and pollution from oil and gas operations and their impact on public health and climate change. So it should come as no surprise the Senator Michael Bennet and Senator John Hickenlooper and Congresswoman Diana DeGette are playing lead roles in advancing federal methane policy.” #CutMethane #copol https://bit.ly/3hxQt2M.,0,0,TRUE,,,,,,,,,,
Pacheco,Sync,50-75,GreenEnergyCreatesJobs,"Jennifer is a clean energy worker at the largest solar panel factory in the Western Hemisphere—located in her hometown of Dalton, Georgia. She knows first-hand how investments in clean energy jobs can transform a small town. That's why she wants Congress to invest in millions more. Small communities across the country need the American Jobs Plan.",1,1,TRUE,,,,,,,,,,
Pacheco,Sync,50-75,OilAndGasSupportJobs,"⚠️ Stop! We’re running out of time to tackle the climate crisis … and our poll expires in only HOURS!

𝐎𝐍𝐄-𝐐𝐔𝐄𝐒𝐓𝐈𝐎𝐍 𝐒𝐔𝐑𝐕𝐄𝐘: 𝐀𝐫𝐞 𝐲𝐨𝐮 𝐜𝐨𝐧𝐜𝐞𝐫𝐧𝐞𝐝 𝐚𝐛𝐨𝐮𝐭 𝐭𝐡𝐞 𝐜𝐥𝐢𝐦𝐚𝐭𝐞 𝐜𝐫𝐢𝐬𝐢𝐬? As we see more and more of the impacts of fossil fuels on our environment – worsening hurricanes, wildfires, flooding, and drought – it’s clear we need concrete solutions. But with only hours until our one-question survey closes, we still haven’t heard from you. The planet is on the line, and we all need to be part of saving it. So please, be one of the 27 voices we still need to hear from before midnight and tell us: 𝐀𝐫𝐞 𝐲𝐨𝐮 𝐜𝐨𝐧𝐜𝐞𝐫𝐧𝐞𝐝 𝐚𝐛𝐨𝐮𝐭 𝐭𝐡𝐞 𝐜𝐥𝐢𝐦𝐚𝐭𝐞 𝐜𝐫𝐢𝐬𝐢𝐬?",0,0,TRUE,,,,,,,,,,
Pacheco,Sync,50-75,AntiFossilFuelInfrastructure,"“To ensure we have a stable and affordable supply of energy here in the United States, the Biden Administration should support the domestic production of oil and natural gas, ensure the continued production on federal land, work with the industry on sensible and smart methane regulations, and stop calling for higher taxes on the American oil and gas industry."" - Anne Bradbury, CEO, American Exploration & Production Council. ",0,0,TRUE,,,,,,,,,,
Pacheco,Sync,50-75,CleanOilAndGas,"Under a natural gas and oil leasing and development ban, U.S. GDP would decline by a cumulative $700 billion through 2030 and nearly 1 million industry jobs would be lost by 2022. #EnergyConversations. ",0,0,TRUE,,,,,,,,,,
Pacheco,Sync,50-75,GreenEnergyCapacity,Still skeptical about nuclear energy’s role in America’s clean energy future? We’d love to share the facts with you about our nation’s largest source of carbon-free energy. Sign up to learn more. https://bit.ly/NuclearWA.,0,0,TRUE,,,,,,,,,,
Pacheco,Sync,50-75,CutMethane,"The warming climate is leading to wetter weather and stronger storms, leading to mounting costs for North Carolina families and businesses. North Carolina communities can’t afford to delay climate action. https://bit.ly/3l3bXok. ",0,0,TRUE,,,,,,,,,,
Pacheco,Sync,50-75,CommerceCityDemocrats,"TPUSA LIVE is the unfiltered, grassroots alternative to mainstream media. Watch daily shows, live in-studio content from TPUSA HQ and weekly shows covering politics, pop-culture, sports and everything in-between. Tune in every weekday starting at 5 PM ET / 2 PM PT.

Check out today’s show! 

Human Events Daily host Jack Posobiec discusses the Jussie Smollett's guilty verdict, President Biden pressuring Ukraine, what Tulsi Gabbard said about the MSM, and more!

The TPUSA LIVE team is joined by host, Jon Root, and special guests Alex Clark and Ellie Byrd who will talk about the true meaning of Christmas, 'Tweets of the Week,' Christmas Inflation, dating polls, and more!

The Spillover host Alex Clark sits down with Hostage Negotiator Sergeant Ericka Stropka to discuss the countless lives she has saved!

We will wrap up the show with POPlitics with Alex Clark as she dives into Hillary Clinton's victory speech, David Dobrick, Bill Gates, and more!",0,0,TRUE,,,,,,,,,,
Pacheco,Sync,50-75,RestoreVirginia,"Crisis at the Border: Immigration Policy Failures

As conditions at the southern U.S. border continue to deteriorate, the Biden administration is making excuses instead of acting decisively. What can be done to stem the tide of illegal immigration? We’ll discuss real solutions—including building more border wall using stimulus funds.

Speakers

Kevin Roberts, Ph.D. (Moderator) – Executive Director, Texas Public Policy Foundation
John Zadrozny (Panelist) – Senior Fellow, Rule of Law Defense Fund
Alfonso Aguilar (Panelist) – Executive Director, Latino Partnership for Conservative Principles
The Honorable John Hostettler (Panelist) – Vice President of Federal Affairs, States Trust, Texas Public Policy Foundation. ",0,0,TRUE,,,,,,,,,,
Pacheco,Sync,50-75,ThankRepForBuildBackBetter,"Huge news: The House just voted to pass the Build Back Better Act!

Thank you, Speaker Pelosi, for putting California's working families first by voting to create clean energy jobs right here and take on climate change right now.",1,1,TRUE,,,,,,,,,,
Pacheco,Sync,50-75,BellbrookTaxRevolt,"The “infrastructure plan” coming from Washington D.C. includes funding for new commuter rail lines nationally. Some politicians in Concord and Washington plan to use these funds to build a new capital corridor line from Massachusetts to Concord. If built, this will cost Granite State taxpayers $11 million or more in annual operation and management costs.

To pay for these costs, the Department of Transportation suggests new taxes on Granite Staters, including:

-A new $5 vehicle registration fee,

-Increasing property taxes $15.7 million statewide,

-The diversion of 5% of state lottery revenue away from our schools, or

-Hiking gas taxes on those that can least afford the increase.

According to the NHDOT final report on the Nashua-Manchester commuter rail project, “[m]ost state transit funding comes from General Fund appropriations or through traditional taxes and fees, such as motor fuel taxes, sales taxes, and vehicle fees.”

We need your help to let lawmakers know that New Hampshire rejects this commuter rail subsidy boondoggle. Sign our petition to help protect Granite Staters from reckless tax increases and subsidies!",0,0,TRUE,,,,,,,,,,
Pacheco,Sync,50-75,BellbrookWokeRadicals,"Now that Hilcorp has managed to stem the production decline at Prudhoe Bay, what’s next? Forbes sat down with Hilcorp founder Jeffery Hilderbrand and asked him how much more oil can the Hilcorp model wring out of Prudhoe Bay? The answer is very good news.

“The limit to most good oilfields comes when someone runs out of good ideas, not when the field runs out of oil,” Jeffery Hildebrand said. “It won’t be one big thing: It won’t be all of a sudden we’ve had this one great idea that’s made Prudhoe Bay different than what it was before. It will be the accumulation of lots and lots of little things driven both at the field level and at the office level that will really make that difference.

“I think there’s a lifetime’s worth of them.” You can read more of the interview here.",0,0,TRUE,,,,,,,,,,
Pacheco,Sync,50-75,GreenEnergySupportsCommunities,Tell Congress to support clean energy tax credits to combat climate change and create clean energy jobs.,1,0,FALSE,,1,,,,,,,,
Pacheco,Sync,50-75,NuclearEnergyProvidesTaxRevenue,Illinois needs its leaders to protect clean air and keep Illinoisans healthy by preserving nuclear power – a vital energy source.,1,0,FALSE,,0,,,,,,,,
Pacheco,Sync,50-75,TellRepToNotRaiseOilGasTaxes,Oil and natural gas can help accelerate Illinois’ economic recovery. Take our quiz to find out how!,0,0,TRUE,,,,,,,,,,
Pacheco,Sync,50-75,OilAndGasProvidesWages,Oil and natural gas play a vital role in our community growth. Now is the time – pledge your support!,0,1,FALSE,,1,,,,,,,,
Pacheco,Sync,50-75,CelebrateBuildBackBetter,"On the path to net zero, we need advocates who are ready to speak up against pollution – and for innovative solutions. Join us to support nuclear power’s pivotal role in combating the climate crisis.",0,0,TRUE,,,,,,,,,,
Pacheco,Sync,50-75,ClimateChangeMovements,"𝟏𝟎,𝟎𝟎𝟎 𝐒𝐈𝐆𝐍𝐀𝐓𝐔𝐑𝐄𝐒 𝐍𝐄𝐄𝐃𝐄𝐃 | 𝟏𝟏:𝟓𝟗 𝐏.𝐌. 𝐃𝐄𝐀𝐃𝐋𝐈𝐍𝐄

The climate crisis is a CODE RED for humanity. This is our best, last chance to tackle it. We need 10,000 climate activists to join Bernie Sanders, Alexandria Ocasio-Cortez and Stacey Abrams by 11:59 p.m. tonight – sign the petition now to demand Congress take bold climate action!",1,1,TRUE,,,,,,,,,,
Pacheco,Sync,50-75,ClimateChangeDonations,"Sorry to stop your scrolling, but the climate crisis needs your attention right now!

𝟏𝟏:𝟓𝟗 𝐏𝐌 𝐃𝐄𝐀𝐃𝐋𝐈𝐍𝐄 | 𝐘𝐎𝐔𝐑 𝐀𝐍𝐒𝐖𝐄𝐑 𝐌𝐈𝐒𝐒𝐈𝐍𝐆. More than 97% of actively publishing climate scientists agree that humans are causing climate change. We need to take action to stop it. But we were alarmed to see that with only hours until our 11:59 PM poll deadline, we’re still 27 responses short! We need to hear from you now: 𝐀𝐫𝐞 𝐲𝐨𝐮 𝐜𝐨𝐧𝐜𝐞𝐫𝐧𝐞𝐝 𝐚𝐛𝐨𝐮𝐭 𝐭𝐡𝐞 𝐜𝐥𝐢𝐦𝐚𝐭𝐞 𝐜𝐫𝐢𝐬𝐢𝐬?",0,0,TRUE,,,,,,,,,,
Pacheco,Sync,50-75,OilAndGasTaxesBad,Natural gas is methane — a potent and environmentally dangerous greenhouse gas. There’s no room for natural gas in our clean energy future.,0,0,TRUE,,,,,,,,,,
Pacheco,Sync,50-75,LawmakersAndOilAndGas,"Stricter transportation standards at the local level reduces pollution that harms our communities, all while cutting fuel prices and driving innovation for zero-emission vehicles.

Tell the EPA to restore state leadership on vehicle pollution regulation.",0,0,TRUE,,,,,,,,,,
Pacheco,Sync,50-75,RenewableEnergyPromotionAndGrowth,Michigan needs clean energy that works for everyone. Smart energy policies will keep electricity affordable and reliable. Learn more and sign up to be a Michigan energy advocate.,1,1,TRUE,,,,,,,,,,
Pacheco,Sync,50-75,CleanEnergyPromotion,"Wildfires. Flooding. Heatwaves. Hurricanes. The urgency of going bigger and taking bold action to address climate change is clear -- and the current Senate infrastructure package doesn’t nearly come close to what we need. 

Add your name to demand Congress to go bigger and deliver a bold infrastructure package through reconciliation that fully prioritizes clean energy standards!",1,0,FALSE,,1,,,,,,,,
Pacheco,Sync,50-75,RenewableEnergyEconomicBenefits,We can work together to reduce our carbon footprint through renewable energy. Learn how you can help TODAY! Link in Bio #renewableenergy #solarenergy #solar #solarpower #cleanenergy #greenenergy #energy #solarpanels #gogreen #renewables #gosolar #solarpanel #climatechange #environment #solarpv #sustainableenergy #solarsystem #photovoltaic #ecofriendly #windenergy #solarpowered #electricity #sustainable #windpower #savetheplanet #windturbine #renewarizona #arizona.,0,0,TRUE,,,,,,,,,,
Pacheco,Sync,50-75,PoliticalTraining,"San Diego County Democratic Party and California Young Democrats are SCARED of CCR. Both groups attacked CCR on Twitter last night for backing the recall of La Mesa-Spring Valley Schools school board member Chardá Bell-Fontenot. Chardá called the idea of reopening our schools a “white supremacist” ideology that was akin to “slavery.” These Democrat groups told CCR to “sit down an[d] shut up” and to keep Chardá’s “good name out of [our] mouths.”

We say: “HELL NO!”

Chardá Bell-Fontenot has no good name after her disgusting comments that trivialize true racism. Chardá is getting recalled. And the Dems know it. They’re scared. 

They attack when they know we’re winning. CCR, Reform California, and Carl DeMaio threaten their power. And we’re not backing down.

Recall Chardá Bell-Fontenot. SchoolBoardRecall.org. ",0,0,TRUE,,,,,,,,,,
Pacheco,Sync,50-75,CallToActionAgainstOilAndGasIndustries,Thank Senators Hoeven and Cramer for fighting for farm families and a healthier environment for birds and people. The Growing Climate Solutions Act is the first step toward raising farmer income while reducing carbon emissions. Sign up today to show your support!,0,0,TRUE,,,,,,,,,,
Pacheco,Sync,50-75,CarbonEmissionReduction,"“Transportation is one of the largest sectors for greenhouse gas emissions,” Phoenix Electric Vehicle Program Manager Karen Apple said. “By getting more electric vehicles adopted in the city by our residents, it will further decrease the greenhouse gas emissions.” 

This is good for the economy, the environment and the air quality.",1,1,TRUE,,,,,,,,,,
Pacheco,Sync,50-75,OilAndGasBoostEconomy,The oil & gas industry needs our support now more than ever. It’s up to us to fight back.,0,0,TRUE,,,,,,,,,,
Pacheco,Sync,50-75,PropertyTaxCampaign,"""9-point financial plan for recovery""
My 9-point plan for recovery is to end the need for an ""emergency levy"" and solve our school district's financial crisis once and for all. 

Here is a starting point for discussion to retore sound conservative principles to restore frugal financial management to our schools.

The schools are our most expensive property tax burden. It is time that someone starts looking at the money. Much of this analysis comes from past audits, which board members ignored. 

1. The school board has a little known, but costly perk. The school board not only pays the employer's share of the benefits, but the bonus is, they will also pay the employee share. It's called a ""pickup."" 

Employees love it as the ""pickups"" benefits themselves are very rich, and the cost is zero to the employee. 

The state auditor said this was short term thinking that leads to a severe financial taxpayer burden. In short, it is a ""hidden taxpayer rip-off"" and needs to end.

2. Benefit plans should be in line with the private sector. Total cost per employee should including account for wages and benefits combined to arrive at a correct taxpayer cost. 

No matter the position, every hired employee should have a total cost sheet so school board members can make well informed financial decisions. Total cost per employee should also state any projected bonuses.

3. Unlimited sick days sound great, but sick day banking days become abusive and wreak havoc on liability obligations. By putting limits on sick days like the private sector is a far more financially responsible path.

4. All bonus payments need to end until a complete forensic audit evaluates the bonuses from a business-oriented perspective. Perks paid out as a method of inflating wages is an indirect manner to hide the real cost from taxpayers and needs to cease. 

5. All additional educational compensation reimbursements need to be approved and have to be ""State required"" to perform the position currently held. If the current job does not require other educational benefits, the employee should pick that expense up, not the employer.

6. End the practice of double-dipping during hiring. It is ultimately more expensive to the taxpayers and is a bad deal. Once retired, never rehired.

7. Reform salary schedules and step systems to reflect the communities willing to tax themselves. Overly aggressive payroll schedules need to be reviewed and adjusted to reflect the economy and private sector. Right now, the current system is a bad deal for taxpayers. We need a fair deal, not a bad deal. A ""top out"" wage rate requires implementation.  

8. Stop paying bonuses to employees as a reward for retiring.

9. Produce benefit summary sheets for the taxpayer to examine average retirement savings and cost of employees. Such reports are standard in the private sector for management. This practice would allow taxpayers and board members to become more aware of the actual costs.

Using my business background, I have gained many insights over the last 45-years into running successful multi-million dollar operations. The Bellbrook school fiances have received detailed attention by myself and outside financial experts, including auditors. 

The goal is to streamline expenses, reduce cost, maintain quality and introduce the same spirit of efficiency that cutting-edge companies use to excel.
 . 
Understanding how we got here means the current crisis was put into place by past poor decision making—built upon a never-ending property tax levies model, which has led the school district to an over-reliance on property taxes. 

Even the Ohio Supreme Court agrees with that. To tax less, we need to spend smarter. We need to be thrifty like a Farmer.

The reward is simple. 

With proper management of tax dollars, a high-quality education for our children is attainable. Smaller class sizes are possible. By following this 9-point road map, the district can bring back many of the programs cut to cover wages, benefits, and Pickups. Such as bussing and educational programs can be brought back.

The whole idea of agreeing to contracts of any kind without examining the long term financial impact needs to end immediately. Demanding new tax increases every 4-5 years on your homes, for the last 47-years, needs to stop. 

Once we balance our school district's balance sheet and stop the financial bleeding, I will be going after the State of Ohio for the money our community has been unfairly and illegally denied.  I will do what the naysayers and yes supporters think is impossible. I will get the money which is rightfully ours.

Bellbrook-Sugarcreek needs a person who is not afraid of those in power. Our community needs a fighter. I am that person. 

I will get the money that has been denied. I will do what every school board has failed to do.  I will fight those in power in Columbus and correct this injustice. 

One only needs to look at what I have accomplished so far in taking on the establishment. I have won and they have lost.

All taxpayers deserve to be told the truth and treated with respect by the school board. 

It is time to elect board members with actual business experience to serve on the school board and stop waste. 

A wise farmer once said, If you watch the pennies, the dollars take care of themselves!  Please join the Bellbrook-Sugarcreek Property Tax Revolt of 2021.

Change is coming in 2021.
NO MEANS NO!

"". ",1,1,TRUE,,,,,,,,,,
Pacheco,Sync,50-75,BuildBackBetterActCampaign,"Huge news: The House just voted to pass the Build Back Better Act!

Thank you, Speaker Pelosi, for putting California's working families first by voting to create clean energy jobs right here and take on climate change right now.",1,1,TRUE,,,,,,,,,,
Pacheco,Sync,50-75,RightWingCampaigns,"Fellow Virginia Patriots,

The most important election date in 2021 is coming up on June 8th, and we need your help.

Yes, the Convention to nominate Governor, Lt Governor and Attorney General already occurred. But if you understand politics, you know that the  legislative branch is the most powerful branch of government.

And on June 8th, there are countless primaries for seats in the House.

If you listen to the political establishment they will tell you that the November General Election should be your focus, but whenever a member of the political class tells you something, you have to stop and ask-
 
""How will this benefit them if I believe them?""

The plain truth is that the most important elections are the Republican Primaries that are coming up in a few short weeks.

Why?  Quite simple really.

Unless you have true patriots on the November ballot, conservatives will just sit home because they will not care.

And this is why we need your help today.

In over 15 years of grassroots activism, nothing is more true than the fact that wishy-washy candidates change voters from caring to not caring.  And if they don't care, they won't show up and vote.  And if they don't, the continued destruction of Virginia will continue.

This is why it is vitally important that real conservatives are on the ballot this coming November, and we need your help to make that happen.

All across the Commonwealth there are true patriots running in the June Primary, but the establishment is doing its best to be sure you have the same old, compromising candidates come November.  Over a year ago we launched Restore Virginia Now.  This program was created not only to rip the power away from the gun grabbers and Richmond Radicals, but to do so with lovers of liberty.

The response has been overwhelming.  I mean, how could it not be when the Republican establishment is pushing candidates that voted for Red Flag Gun Confiscation, Obamacare Expansion, Funding Planned Parenthood and expanding Northam's lockdown and forced vaccination powers?

If we let the Republican Establishment win in June, that is the sure path for the far left radicals to win in November.  It is that simple.

 Because voters will not care and I don't blame them one bit.  Is 'republican' anti-gun legislation better than 'democrat' anti-gun legislation?  Of course not!  But the 'lesser of two evils' argument is primed and ready to go unless you act today.

This is why I am asking you to fund our efforts to get real conservatives on the November Ballot.  And the only way to do that is to have them win in the June Primary.  Will you contribute to our efforts to do so?  If so please click here and donate to Restore Virginia Now, so that over the next couple of weeks we continue to shine a hard light on the fake conservatives.

https://donorbox.org/restore-virginia-now

If you hope to save Virginia we simply cannot allow backstabbing politicians on the ballot in November. I don't know about you, but I am sick and tired of hearing there is no difference between the two major political parties.  It is time you and I do something about it!  We need to be sure there is a clear difference between Candidate D and R in November...to make conservatives care again and the give them a reason to show up and vote!

Because if all they are offered are evil R and evil D, they will not.

 This is exactly why we created our 2021 State Candidate Survey.  There was one simple goal, to get politicians on record on hard issues that make voters care.  To show which candidates will stand and fight, and which are content with just playing loyal opposition. 

Here at the Virginia Constitutional Conservatives we realize how important this upcoming Primary Election is.

That is why we sent out our 2021 State Candidate Survey to all candidates, asking where they stand on such issues as-

Defending and restoring the 2nd Amendment by not only repealing Red Flag Gun Confiscation and  Universal Gun Registration, but also supporting Constitutional Carry to prevent you from begging the government's permission and paying a tax to bear arms.

Eliminating the Governor's Shutdown orders and forced vaccination

Parental Choice in Education

Ending the expansion of socialized medicine, and so much more

Many candidates answered these vital questions on our survey, but many others refused to.  If they refuse to answer these simple questions, it makes you wonder what they are trying to hide from the voters.

You can click here and to see the results of our 2021 Restore Virginia Now Candidate Survey.

https://virginiaconservatives.net/2021-rvn-candidate-survey

We have all seen these fake conservatives vote time and again to destroy the 2nd Amendment, grant more power to the Governor to shut down our schools, churches and businesses, and support the government monopoly on education in Virginia.  And the voters see it as well.  And if that is the only choice they have in November, well, they will sit at home.

And if we hope to take back our Virginia, we simply cannot have run-of-the mill-politicians running to represent us anymore.  Virginia is home to James Madison, Patrick Henry, George Washington and Thomas Jefferson.  These brave statesmen risked their lives, their fortunes and their sacred honor to create and defend your liberty.

And we need the same champions today.

It is time the people no longer have to choose between Evil A and Evil B.  For the lesser of two evils is nothing more than the establishment's effort to destroy the Constitution with your election day votes.

And with your help, between now and June 8th, we will continue to work in key districts, shining the hard light of truth on primary candidates, and spreading the light of liberty across the Commonwealth. Will you help us do so?  If so, please click here to donate whatever you can afford to help us lay the groundwork to win in November.

https://donorbox.org/restore-virginia-now

Whether it is $50 or $5000, we will use every dime to be sure we have November Candidates that can win.

 
 

In Liberty,

S. Chris Anders
Director
Virginia Constitutional Conservatives. ",1,1,TRUE,,,,,,,,,,
Pacheco,Sync,50-75,NuclearPowerOtherBenefits,Advanced nuclear reactors will provide reliable power for Wyoming and create new clean energy jobs. Show your support by liking our page today.,1,1,TRUE,,,,,,,,,,
Pacheco,Sync,50-75,NuclearPowerEconomicBenefits,"📺📺 WATCH: Join our interview with Bud Albright, CEO at the U.S. Nuclear Industry Council.

He is the former Under Secretary of the U.S. Department of Energy. In that role, as the third most senior official at DOE, he provided leadership for energy and environment programs, including: energy research and development; demonstration and deployment; environmental cleanup; legacy management and radioactive waste management, all with a total budget of nearly $15 billion. 

Albright was appointed by President Bush and was unanimously confirmed by the U.S. Senate.

To celebrate National Nuclear Science Week, we are interviewing 4 top experts in the field.

Tune in for this one and check out our schedule for the others!",0,1,FALSE,,0,,,,,,,,
Pacheco,Sync,75-100,DonationMatchingForClimate,"💯💯💯
“President Joe Biden recently called climate change the existential crisis of our time. He’s right. Now let’s act like it.”

Please join MCV in calling on Maine's federal delegation to invest in bold climate solutions, grow clean energy jobs, and make sure communities are not left behind in this transition. TAKE ACTION HERE >>  bit.ly/3hrLJd3. ",0,0,TRUE,,,,,,,,,,
Pacheco,Sync,75-100,DonationMatchingForClimate,"Climate policy is health policy. Supporting a Clean Electricity Standard like the one being considered by Congress can save an estimated 317,500 lives and prevent 12 million asthma attacks over the next three decades. Health professionals know that we need bold climate action now to prevent a climate health emergency. 

Watch, share Virginia Clinicians for Climate Action's new video and take action today at https://www.virginiaclinicians.org/call-to-action.",0,0,TRUE,,,,,,,,,,
Pacheco,Sync,75-100,AbandonedWells,"The transportation sector is the largest contributor of greenhouse gas emissions in the U.S. We MUST invest in electric vehicles to tackle the climate crisis. 

Luckily, Rep. Dingell is fighting for strong provisions to advance electric vehicles while supporting union jobs in the budget reconciliation package. Let’s get this done!",0,0,TRUE,,,,,,,,,,
Pacheco,Sync,75-100,AbandonedWells,Out-of-state solar developers want to profit at the expense of Michigan's clean energy goals - SPEAK OUT!,0,0,TRUE,,,,,,,,,,
Pacheco,Sync,75-100,GreenEnergyIsCostEffective,"Rocky Mountain Power isn’t switching from dirty fossil fuels​ to clean energy fast enough. It’s worsening the climate crisis, and costing us our planet. 

Expose the cost of its dirty power at https://sc.org/Dirty-Truth. ",0,0,TRUE,,,,,,,,,,
Pacheco,Sync,75-100,GreenEnergyIsCostEffective,"""California’s ambitious emissions reduction plans are driving the state towards a more expensive and less reliable energy system because this vision of their future is based on a 100% renewables, rather than focusing on reducing emissions."". ",0,0,TRUE,,,,,,,,,,
Pacheco,Sync,75-100,ClimateEmergency,The climate emergency is here. Are you ready to take action? Join ACE and make a difference. It’s #NowOrNever.,1,1,TRUE,,,,,,,,,,
Pacheco,Sync,75-100,ClimateEmergency,"Right now, we have the opportunity, power, and technology to address the climate crisis head on. With the #BuildBackBetterAct we can invest in future generations by taking bold climate action. https://bit.ly/3phzq79. ",1,0,FALSE,,0,,,,,,,,
Pacheco,Sync,75-100,NuclearRevenueSupportsJobs,"For over a decade, Colorado’s oil and natural gas industry has used state of the art, innovative technology to help reduce 95% of greenhouse gas emissions and reduce the risks of climate change while providing the energy Colorado needs. In fact, oil and natural gas have reduced emissions by 50% in the last ten years.

Learn more: https://www.cred.org/tomorrow. ",0,0,TRUE,,,,,,,,,,
Pacheco,Sync,75-100,NuclearRevenueSupportsJobs,The Texas oil and natural gas industry is committed to delivering solutions that reduce the environmental impact of operations while simultaneously meeting society’s growing energy needs.,0,0,TRUE,,,,,,,,,,
Pacheco,Sync,75-100,HazardsOfWells,"Illinois is on the verge of passing a climate bill that will create thousands of jobs, hold utilities like ComEd accountable, and invest in communities like Waukegan impacted by coal plant closures. Tell your legislators to vote YES this week!",0,0,TRUE,,,,,,,,,,
Pacheco,Sync,75-100,HazardsOfWells,Carbon pollution is building in our atmosphere scary fast. We have to act now. Later is too late.,0,0,TRUE,,,,,,,,,,
Pacheco,Sync,75-100,VirginiaConservatives,"SUPPORT CANDIDATES WHO TAKE CLIMATE CHANGE SERIOUSLY

We support Council candidates who take climate change and its related challenges seriously. When it comes to action, Byron Matto --Byron Matto Portsmouth City Council -- doesn't just talk the talk. He's installed solar arrays on his roof that generate an amazing 120% of his households electricity consumption. He's trying to figure out what to do with the energy credits that are piling up. 

A vote for Byron on November 2 is a vote for forward-looking environmental and sustainability policies for Portsmouth.

Meanwhile, at last night's council meeting Councilors Cliff Lazenby and John Tabor for Portsmouth City Council successfully led the Council to create the Portsmouth Energy Advisory Committee. That's exactly the kind of initiative we want to see.",0,1,FALSE,,1,,,,,,,,
Pacheco,Sync,75-100,VirginiaConservatives,"It’s not always easy to do the right thing, but State Representative Isabella Fitzgerald stood up to the fossil fuel industry and voted to support clean energy and clean air in Pennsylvania. Help thank Rep. Isabella Fitzgerald by adding your name here.

The Regional Greenhouse Gas Initiative (RGGI) is Pennsylvania’s best shot to cut power plant pollution and grow a clean energy future.

Rep. Isabella Fitzgerald put Pennsylvania first. She stood up to the dirty fossil fuel industry and voted to support Pennsylvania's entry into RGGI. Rep. Isabella Fitzgerald chose to defend our state’s future and invest in Pennsylvania families. Add your name here to say thank you to Rep. Isabella Fitzgerald, and urge them to hold the line!",0,0,TRUE,,,,,,,,,,
Pacheco,Sync,75-100,DemandClimateActionFromLeaders,"Mayor Johnson, it’s time to declare a climate emergency. We need bold climate leaders to protect Milwaukee.",1,1,TRUE,,,,,,,,,,
Pacheco,Sync,75-100,DemandClimateActionFromLeaders,Pittsburgh needs a bold climate leader. Tell Mayor Gainey to declare a climate emergency now!,1,1,TRUE,,,,,,,,,,
Pacheco,Sync,75-100,PublicLandExploitation,"TAKE ACTION: Southwest Gas dumps millions of customer dollars into new fossil fuel infrastructure without accounting for the future: future financial responsibility, future climate impacts, future public health problems. 

We have a chance to protect our communities from corporate polluters this Legislative Session.  Learn more here:--------> sc.org/responsiblenevada. ",0,0,TRUE,,,,,,,,,,
Pacheco,Sync,75-100,PublicLandExploitation,"Colorado’s Air Quality Control Commission must strengthen standards to directly regulate pollution from oil and gas well sites near our homes, schools, and workplaces. Take action right away to urge AQCC to require regular leak detection, aerial pollution monitoring and other innovative technologies that are ready and verifiable now. This decision-making process is happening fast, so please take a minute right now to make your voice heard.",0,0,TRUE,,,,,,,,,,
Pacheco,Sync,75-100,GreenEnergyCreatesJobs,For too long our jobs have been exported abroad. Clean energy jobs aren’t going anywhere.,1,1,TRUE,,,,,,,,,,
Pacheco,Sync,75-100,OilAndGasSupportJobs,"𝒀𝑶𝑼𝑹 𝑪𝑳𝑰𝑴𝑨𝑻𝑬 𝑺𝑼𝑷𝑷𝑶𝑹𝑻𝑬𝑹 𝑹𝑬𝑪𝑶𝑹𝑫
𝐌𝐚𝐭𝐜𝐡 𝐆𝐨𝐚𝐥: $25,000
𝐘𝐨𝐮𝐫 𝐃𝐨𝐧𝐚𝐭𝐢𝐨𝐧 𝐓𝐨𝐝𝐚𝐲: PENDING!

Right now, a generous donor is MATCHING every single donation we receive up to our $25,000 goal! That means if you care about protecting our planet and solving the climate crisis, there has NEVER been a better time for you to donate than right now. We’re still falling short of our match goal, so please click below and give now to help us continue our critical work protecting our planet’s future!",0,0,TRUE,,,,,,,,,,
Pacheco,Sync,75-100,AntiFossilFuelInfrastructure,Fracking has never benefitted anyone’s health. The Permian and Gulf Coasts have become sacrifice zones to the fossil fuel industry’s financial greed. Tell the Biden Administration to prioritize community health.,1,1,TRUE,,,,,,,,,,
Pacheco,Sync,75-100,CleanOilAndGas,"“At a time when energy prices are soaring and some families are forced to choose between fuel or food, our lawmakers are making energy more expensive by supporting increased fees and taxes on natural gas –  price increases that will be passed on to consumers as higher costs for home heating, cooking, and goods and services.”. ",0,0,TRUE,,,,,,,,,,
Pacheco,Sync,75-100,GreenEnergyCapacity,"Solar power has been heating up in Michigan in recent years, with Michigan-based businesses and industries partnering with local energy providers to help advance this renewable resource. These projects include everything from private installations that help businesses reach their own net zero energy goals to universal solar projects that connect entire communities to renewable energy. Learn more: https://bit.ly/2LAHsoe. ",1,1,TRUE,,,,,,,,,,
Pacheco,Sync,75-100,CutMethane,"It's time for climate action. Please share and help make a statewide call for action by legislative, government, business, agricultural, and community leaders to lower Pennsylvania's greenhouse gas emissions and protect Pennsylvanians from worsening climate change impacts.
➡️ https://bit.ly/37wTlHb. ",1,0,FALSE,,1,,,,,,,,
Pacheco,Sync,75-100,CommerceCityDemocrats,"📣 This week is a busy one! We have two live upcoming events, and we want you to join us! 

🌎 First, we have our Beyond #NoDAPLE: Women of the Movement conversation between Rep. Ruth Buffalo (Mandan, Hidatsa, and Arikara Nation), Tara Houska (Couchiching First Nation), Tokata (Future) Iron Eyes (Standing Rock Sioux Tribe), and Fawn Wasin Zi (Standing Rock Sioux Tribe). As activists, advocates, politicians, and teachers, these Women of the Movement will discuss their leadership, activism, current roles, and future plans. 

⌚️Thursday, May 20TH, 2 PM PDT: https://fb.me/e/RXMLppau

🔥Then on Friday our General Manager, Joseph McNeil Jr., will join Jane Fonda, Colette Pichone Battle, and Tim Donaghy for Fire Drill Fridays where they will discuss the ways in which fossil fuel companies harm BIPOC communities, and how Biden and Congress can take historic action to end fossil fuel racism.

⌚️Friday, May 21st, 11 am PDT: https://fb.me/e/2aEUDX5wk. ",0,0,TRUE,,,,,,,,,,
Pacheco,Sync,75-100,RestoreVirginia,"It was House Minority Leader Blake Filippi’s turn to address the Warwick Rotary Club Thursday, and he didn’t waste time tearing into what House Speaker K. Joseph Shekarchi listed as major legislative achievements.

It wasn’t all negative, either. As positive accomplishments, Filippi cited greater controls on the governor’s emergency powers, additional funding for the Department of Children, Youth and Families, and a provision enabling those who were granted a PPP loan of $250,000 or more to file the loan as a grant in next year’s return rather than amending the return at an added accounting expense.

Brandishing a copy of the speaker’s news release, Filippi said, “what concerns me is what’s missing. There’s some things on here I like there’s some things on here. I’m absolutely opposed to that are wrong for Rhode Island. But there’s a lot of missing things. And I’ll start with that. What’s missing in this past legislative session is any help for small businesses.”

He said nothing was done for small businesses, “And we didn’t focus on them. And they’re the ones who needed our help this the past six months.”

Filippi said there are ample bad things to come out of the session but, “I’m just going to focus on the biggest bad thing. We passed this thing called the 2021 Act on climate.”

Filippi said the measure “massively changes the way our government operates”

He said the act gives a coordinating council the power to advise the governor on how to reduce greenhouse gas emissions. He said it takes a purely advisory body and gives them added responsibilities.

“It commanded them to come up with a plan, even if it were economically ruinous for the state…it doesn’t matter, they have no discretion. They must adopt a plan to reduce our greenhouse gas emissions by 45%, below 1990 levels by 2030; 80%, below 1990 levels by 2040.”

“So they have to adopt this plan. Once that plan is adopted, every organ of state government is mandated no discretion to adopt regulations to carry that plan forward, essentially, to require all of us … businesses, municipalities, offices, individuals, to pass regulations which govern our lives. “

Filippi said a state report calls these goals unachievable unless Rhode Islanders decarbonized homes and businesses with the elimination of oil, propane, natural gas, heat, and going to all electric cars.

“This is something that a regulatory body should not be imposing on the citizens of this state.”

He said such regulations should be the purview of legislators elected by the people. He said the act would “massively, massively drive up costs.” The result, he said, will be to drive businesses out of the state.

https://cranstononline.com/stories/climate-bill-is-biggest-bad-thing-of-legislative-session-says-gop-leader,164326?fbclid=IwAR3iKpjAfGdRd_ci0MZF5mznjtar9kRXWK9tBiCrKcIuRelE9wATuROEH7A. ",0,0,TRUE,,,,,,,,,,
Pacheco,Sync,75-100,ThankRepForBuildBackBetter,"Huge news: The House just voted to pass the Build Back Better Act!

Thank you, Rep. O'Halleran, for putting Arizona's working families first by voting to create clean energy jobs right here and take on climate change right now.",1,1,TRUE,,,,,,,,,,
Pacheco,Sync,75-100,BellbrookTaxRevolt,"The BIG LIE!
Price is now alluding to bring back bussing, a promise that will be broken, saying anything to try and pass this $22,540,000.00 million dollar property tax levy.

With the levy defeat looming, desperation is apparent, board members are saying anything to try and change the tide of the coming PROPERTY TAX REVOLT.

Price is using EXTORTION. 
Give us the $22,540,000.00 million dollars and we will bring back SOME BUSING!

This is a false promise, a bald-faced lie, bait, and switch, believing the taxpayers will fall for his BS.

Price is now alluding to bring back bussing, a promise that will be broken, saying anything to try and pass this $22,540,000.00 million dollar property tax levy!

Again Kiven Price is droning on again, giving a self-serving, he's so great speech. It is so inappropriate. He just runs over David Carpenter, who can not control this board meeting, and does whatever he wants.

When Price talks bring a pillow, it's a snooze fest.

Come November, it will be time to get rid of the appointed government bureaucrat.

A monumental change is coming in the power structure of this property tax-loving school board.

Kevin Price can not be trusted.

Please join the Bellbrook-Sugarcreek Property Tax Revolt!

NO MEANS NO!",1,1,TRUE,,,,,,,,,,
Pacheco,Sync,75-100,BellbrookWokeRadicals,"Now that Hilcorp has managed to stem the production decline at Prudhoe Bay, what’s next? Forbes sat down with Hilcorp founder Jeffery Hilderbrand and asked him how much more oil can the Hilcorp model wring out of Prudhoe Bay? The answer is very good news.

“The limit to most good oilfields comes when someone runs out of good ideas, not when the field runs out of oil,” Jeffery Hildebrand said. “It won’t be one big thing: It won’t be all of a sudden we’ve had this one great idea that’s made Prudhoe Bay different than what it was before. It will be the accumulation of lots and lots of little things driven both at the field level and at the office level that will really make that difference.

“I think there’s a lifetime’s worth of them.” You can read more of the interview here.",0,0,TRUE,,,,,,,,,,
Pacheco,Sync,75-100,GreenEnergySupportsCommunities,"Tell Congress to support the clean energy industry, which provides high-quality jobs for people in Arizona like John Liebau.",1,1,TRUE,,,,,,,,,,
Pacheco,Sync,75-100,NuclearEnergyProvidesTaxRevenue,Illinois' nuclear plants provide reliable power and thousands of clean energy jobs. Show your support by liking our page today.,1,0,FALSE,,0,,,,,,,,
Pacheco,Sync,75-100,TellRepToNotRaiseOilGasTaxes,"The key to our state's economic success is a stable and strengthening oil and natural gas industry. More than 300,000 Oklahoma jobs are tied to our industry, which accounts for $32.7 billion in wages and more than $57 billion to the state's economy. Petroleum Alliance President Brook Simmons believes there's reason to be optimistic about a brighter future — click the link in our bio to learn why!",0,0,TRUE,,,,,,,,,,
Pacheco,Sync,75-100,OilAndGasProvidesWages,"We are here to provide resources, news, and policy updates to America’s natural gas and oil workforce. Join us today.",1,0,FALSE,,0,,,,,,,,
Pacheco,Sync,75-100,CelebrateBuildBackBetter,"Mothers for Nuclear knows when working in tandem with renewables like wind, solar and hydro, nuclear energy can power our national and global community toward a clean energy future. Read up on why nuclear energy must be included in COP26 conversations: https://bit.ly/3mb4LZb. ",0,0,TRUE,,,,,,,,,,
Pacheco,Sync,75-100,ClimateChangeMovements,"This morning, President Biden announced that the U.S. will cut its climate emissions in half. The momentum is clear. This is our greatest opportunity to make real progress on climate change. Help us make it happen – donate today.",1,1,TRUE,,,,,,,,,,
Pacheco,Sync,75-100,ClimateChangeDonations,"𝐄𝐌𝐄𝐑𝐆𝐄𝐍𝐂𝐘 | 𝐏𝐋𝐄𝐀𝐒𝐄 𝐒𝐓𝐎𝐏 𝐒𝐂𝐑𝐎𝐋𝐋𝐈𝐍𝐆:
We’re leading the fight to make sure people have safe food, clean water and a livable climate, but 2022 will be our toughest year yet. With time running out, we’re still falling short of our $500,000 year-end goal. 𝗪𝗶𝗹𝗹 𝘆𝗼𝘂 𝗿𝘂𝘀𝗵 𝗮 𝘁𝗮𝘅-𝗱𝗲𝗱𝘂𝗰𝘁𝗶𝗯𝗹𝗲 𝗱𝗼𝗻𝗮𝘁𝗶𝗼𝗻 𝗯𝗲𝗳𝗼𝗿𝗲 𝗼𝘂𝗿 𝘆𝗲𝗮𝗿-𝗲𝗻𝗱 𝗱𝗲𝗮𝗱𝗹𝗶𝗻𝗲? 𝗬𝗼𝘂𝗿 𝗴𝗶𝗳𝘁 𝗿𝗶𝗴𝗵𝘁 𝗻𝗼𝘄 𝘄𝗶𝗹𝗹 𝗴𝗼 𝗙𝗜𝗩𝗘 𝗧𝗜𝗠𝗘𝗦 𝗮𝘀 𝗳𝗮𝗿 towards funding our efforts in the year ahead.",1,1,TRUE,,,,,,,,,,
Pacheco,Sync,75-100,OilAndGasTaxesBad,"Do you have an extra $26,132 laying around? That’s how much it would cost YOU if the General Assembly banned natural gas. Stop it before it can happen. Support HB-1257!",0,1,FALSE,,0,,,,,,,,
Pacheco,Sync,75-100,LawmakersAndOilAndGas,"Orphaned and abandoned oil and gas wells sit idle in our communities, leaking oil, gas, and toxic chemicals into our air and water. This must stop now. Add your name.",0,0,TRUE,,,,,,,,,,
Pacheco,Sync,75-100,RenewableEnergyPromotionAndGrowth,Protect affordable energy and consumer choice in New Jersey. Sign the pledge today!,0,0,TRUE,,,,,,,,,,
Pacheco,Sync,75-100,CleanEnergyPromotion,Tell Congress to act! Now is our time to invest in a clean energy future.,1,1,TRUE,,,,,,,,,,
Pacheco,Sync,75-100,RenewableEnergyEconomicBenefits,Read our Sustainability Report and learn how we’re fueling America’s clean energy future.,0,1,FALSE,,1,,,,,,,,
Pacheco,Sync,75-100,PoliticalTraining,"Andrea and Orlando welcome Bobby Eberle, Conservative Political Strategist, talk show host (13 minute News Hour), commentator, LeadershipLATINO instructor, and owner of GOPUSA.com and Julio Rojas-Aguilar, Manager of Donor Relations for the Institue of Humane Studies. Bobby brings us up to date on his work and travels around the state and country. Julio, a native of Peru, discusses his introduction to the ideas and benefits of free markets and free societies by his high school history teacher and the influence this has had on his life and career.

More about Bobby Eberle:
https://bobbyeberle.com/
https://bobbyeberle.com/13-minute-news-hour/
https://www.gopusa.com/

More about Julio Rojas-Aguilar:
https://theihs.org/people/julio-rojas-aguilar/
https://www.facebook.com/InstituteforHumaneStudies

Watch TLC Live! On Facebook (https://www.facebook.com/TLCforTexas) or on YouTube (https://www.youtube.com/channel/UCTi1LGIYZDNRyEL08eYm90Q), and Comment Live on Facebook Every Wednesday at 11 AM!",0,1,FALSE,,1,,,,,,,,
Pacheco,Sync,75-100,CallToActionAgainstOilAndGasIndustries,"Thank Senator Boozman for supporting smart, practical, bipartisan policies that promote conservation by helping reduce carbon emissions. The Growing Climate Solutions Act is the first step toward rewarding farmers, ranchers, and foresters for protecting birds and all wildlife for future generations. Sign up today to show your support!",0,0,TRUE,,,,,,,,,,
Pacheco,Sync,75-100,CarbonEmissionReduction,"Did you know? Thanks primarily to increased natural gas use, the United States leads the world in carbon dioxide emissions reductions this century. In fact, the U.S. has reduced CO2 emissions more than the next four leading emission reduction nations combined. Check out IPRB's recent video to learn more.",1,1,TRUE,,,,,,,,,,
Pacheco,Sync,75-100,OilAndGasBoostEconomy,"America’s oil and natural gas industry creates thousands of jobs in our communities, powers our economy, while embracing a more sustainable future. Join us today.",1,1,TRUE,,,,,,,,,,
Pacheco,Sync,75-100,PropertyTaxCampaign,"School board members Carpenter, Price, and Dorn are now actively working in conjunction with the yes Pac, through their personal FB pages, using their positions and power on the school board to push the passage of the levy.

We have a quorum of 3-board members actively campaigning and crossing the line of what is acceptable and allowed.
This is a violation of Election law.

The silly, matching disclaimers posted on Prices and Carpenters pages, which one has to assume was written by school board attorney, Jackass Justice, who has given nothing but bad legal advice to this board, will not protect them from the complaints which will be filed after this $22,540,000.00 million dollar property tax levy is defeated.

Not to mention this:
Davison v. Randall, 912 F.3d 666 (4th Cir. 2019), in which the Fourth Circuit ruled that an elected official’s social media page can constitute a public forum.  There is also an opinion from the Second Circuit that reached a similar conclusion with respect to then-President Trump’s nominally “personal” social media accounts, Knight First Amendment Inst. at Columbia Univ. v. Trump, 928 F.3d 226 (2d Cir. 2019). 

Most taxpayers are not aware there was also a lawsuit in 2019 filed by a citizen of Clermont County against State Sen. Joe Uecker who alleged that he had been illegally blocked from Uecker’s Facebook page.  The case was filed in federal court in Cincinnati, and captioned Robert Fambry v. Joseph Uecker, Case 1:19-cv-00056-MRB.
The Cincinnati Enquirer reported that it quickly settled for $20,000 and an agreement to unblock the citizen: https://www.cincinnati.com/story/news/politics/2019/02/13/ohio-lawmaker-settles-lawsuit-over-blocking-constituent-facebook/2862724002/

These board members have no fear of punishment, foolishly believing that they are somehow above the law of the land.
When they are caught, they use the school's insurance company to protect them and pay for their ligation costs.

This is why these arrogant board members, Carpenter, Price, and Dorn could care less about breaking Ohio laws. They believe the crime is with the punishment because the insurance company is picking up the tab!

In NOVEMBER, it will be time to VOTE OUT, these appointed board members Price and Dorn who believe that they are smarter and better than the “small people” of our community.

These lifelong government employees who have zero clues how to balance a budget, run a business, or understand what it is like to struggle to pay bills, or put food 🍱 on the table need to be VOTED OUT OF OFFICE. 

It is time to get rid of these bumbling government bureaucrats and replace them with candidates who understand how to live within the budget the taxpayers have given them.

Until then, VOTE NO and refuse to give this hateful and intolerant board member the $22,540,000.00 million dollars in property taxes on our home 🏡 they are demand you pass.

NO MEANS NO. ",1,1,TRUE,,,,,,,,,,
Pacheco,Sync,75-100,BuildBackBetterActCampaign,"Huge news: The House just voted to pass the Build Back Better Act!

Thank you, Rep. Schrier, for putting Washington's working families first by voting to create clean energy jobs right here and take on climate change right now.",1,1,TRUE,,,,,,,,,,
Pacheco,Sync,75-100,RightWingCampaigns,"We need all Patriots to help us Restore Virginia.

Unless you are politically feared, you will not be politically respected.

Learn WHY this works…. Learn HOW YOU can be feared AND respected by politicians in the fight for liberty.

This is practical, no-nonsense training built around cutting-edge political strategies and tactics.

If you are tired of crony-capitalism, corporate handouts and politicians only looking out for their next re-election, this class might be for you.

If you are ready to DO something to take back power from the politicians and elites for “We The People,” you NEED to attend this class on Saturday, July 17th, 2021 in Lexington , VA.

This intense one-day training covers:

The Real Nature of Politics - why just ""educating"" people alone won't result in change;
The Biggest Lie in Politics - and how the political class uses your convictions against you;
How to work effectively at the Capitol - getting a bill sponsor and a roll call vote despite the leadership; and
How to put pressure on legislators.
All of our instructors have years of experience putting these principles to work in multiple states.

Many have worked on federal, state and local campaigns, including major presidential campaigns, and successful campaigns for U.S. Senate and Congress. They know what works, and also what has been proven not to work in getting politicians to vote right.

This class will teach you how to turn your passion into effective action to advance liberty.

If you’re ready to learn how to be effective AND feared by politicians, click here to register for this class on Saturday, July 17th, 2021 in Lexington , VA. We’ll even throw in lunch.",1,1,TRUE,,,,,,,,,,
Pacheco,Sync,75-100,NuclearPowerOtherBenefits,"Mothers for Nuclear knows when working in tandem with renewables like wind, solar and hydro, nuclear energy can power our national and global community toward a clean energy future. Read up on why nuclear energy must be included in COP26 conversations: https://bit.ly/3mb4LZb. ",1,1,TRUE,,,,,,,,,,
Pacheco,Sync,75-100,NuclearPowerEconomicBenefits,"Last week Energy Northwest, Grant PUD and X-energy signed a memorandum of understanding to partner together in the development and demonstration of the country’s first advanced nuclear reactor: the Xe-100. Scalable and capable of producing around-the-clock energy, the project could bring 320 megawatts of reliable, carbon-free energy to the region. By providing a foundation for new wind and solar, advanced nuclear will help deliver our carbon-free future: https://bit.ly/3uaoGsb. ",0,1,FALSE,,0,,,,,,,,